{
    "0": {
        "estimate": Infinity,
        "std": NaN
    },
    "1": {
        "estimate": 23.839017534738044,
        "std": 7.557439790888069
    },
    "2": {
        "estimate": 24.22901833489283,
        "std": 7.444113041181588
    },
    "3": {
        "estimate": 24.709745616587643,
        "std": 6.654870434238013
    },
    "4": {
        "estimate": 27.986989958121615,
        "std": 8.171279934560367
    },
    "5": {
        "estimate": 28.045768707720782,
        "std": 8.142832581871602
    },
    "6": {
        "estimate": 27.318607480836324,
        "std": 7.766883544808268
    },
    "7": {
        "estimate": 27.74206414974961,
        "std": 7.868888339654109
    },
    "8": {
        "estimate": 28.751092438461296,
        "std": 8.165489186599912
    },
    "9": {
        "estimate": 30.78352769717705,
        "std": 8.494413545550053
    },
    "10": {
        "estimate": 30.47327149577414,
        "std": 8.345809061040013
    },
    "11": {
        "estimate": 31.512783364149666,
        "std": 8.700175048041768
    },
    "12": {
        "estimate": 31.57414597572491,
        "std": 8.792925127246
    },
    "13": {
        "estimate": 30.63132424300092,
        "std": 8.479182821096545
    },
    "14": {
        "estimate": 30.846961430453185,
        "std": 8.60733487618733
    },
    "15": {
        "estimate": 28.287496232819045,
        "std": 8.340376159170322
    },
    "16": {
        "estimate": 27.23194112729175,
        "std": 8.143849071239096
    },
    "17": {
        "estimate": 26.81584006150788,
        "std": 7.710410612669064
    },
    "18": {
        "estimate": 26.392932843238015,
        "std": 7.434972192252516
    },
    "19": {
        "estimate": 25.17818279555568,
        "std": 7.561077769181512
    },
    "20": {
        "estimate": 24.718598639763428,
        "std": 7.529768893164149
    },
    "21": {
        "estimate": 24.332022934885128,
        "std": 7.595455575636136
    },
    "22": {
        "estimate": 24.317917125402168,
        "std": 7.686265366613094
    },
    "23": {
        "estimate": 24.112450821916433,
        "std": 7.617462916441879
    },
    "24": {
        "estimate": 23.99988689334878,
        "std": 7.594403747978215
    },
    "25": {
        "estimate": 25.034895584469773,
        "std": 8.203947152289526
    },
    "26": {
        "estimate": 24.8817953472151,
        "std": 8.41407549387454
    },
    "27": {
        "estimate": 25.14829011795933,
        "std": 8.60443243961514
    },
    "28": {
        "estimate": 25.229750445585626,
        "std": 8.683374820871094
    },
    "29": {
        "estimate": 25.991674053113865,
        "std": 9.022223907830902
    },
    "30": {
        "estimate": 28.259813348948292,
        "std": 10.035268047964701
    },
    "31": {
        "estimate": 28.184774836084753,
        "std": 10.33654704067815
    },
    "32": {
        "estimate": 27.925974872619054,
        "std": 10.287201191421248
    }
}