{
    "0": {
        "estimate": Infinity,
        "std": NaN
    },
    "1": {
        "estimate": 24.58400740822819,
        "std": 9.713827262081306
    },
    "2": {
        "estimate": 25.279079478783054,
        "std": 9.77543417488292
    },
    "3": {
        "estimate": 25.737789205475245,
        "std": 8.902576893162587
    },
    "4": {
        "estimate": 28.99177737398716,
        "std": 10.762839207175636
    },
    "5": {
        "estimate": 29.359473177283608,
        "std": 10.830512342880283
    },
    "6": {
        "estimate": 28.70452851287157,
        "std": 10.2311938442609
    },
    "7": {
        "estimate": 28.97743742481786,
        "std": 10.53303313285508
    },
    "8": {
        "estimate": 29.766851696797087,
        "std": 10.63230676990716
    },
    "9": {
        "estimate": 32.10275564276218,
        "std": 11.322551774377333
    },
    "10": {
        "estimate": 31.926602166411822,
        "std": 11.138374983828113
    },
    "11": {
        "estimate": 33.039640309148936,
        "std": 11.51115257588932
    },
    "12": {
        "estimate": 32.86536857990577,
        "std": 11.422716824464695
    },
    "13": {
        "estimate": 31.710479543846834,
        "std": 11.098114372843938
    },
    "14": {
        "estimate": 32.01846810133023,
        "std": 11.393959521869874
    },
    "15": {
        "estimate": 28.679831443311308,
        "std": 10.93100239956896
    },
    "16": {
        "estimate": 27.42998132797156,
        "std": 10.739167001305322
    },
    "17": {
        "estimate": 27.283407320866456,
        "std": 10.385830365825655
    },
    "18": {
        "estimate": 26.995837515303535,
        "std": 9.693314053734337
    },
    "19": {
        "estimate": 25.621879880674534,
        "std": 9.673320613692143
    },
    "20": {
        "estimate": 25.380917107975428,
        "std": 9.670848897928176
    },
    "21": {
        "estimate": 24.948268333037163,
        "std": 9.621385828868442
    },
    "22": {
        "estimate": 24.985752276766597,
        "std": 9.700557414669731
    },
    "23": {
        "estimate": 24.75345259012404,
        "std": 9.764636023385666
    },
    "24": {
        "estimate": 24.607890628964213,
        "std": 9.56229226030532
    },
    "25": {
        "estimate": 25.64765289747216,
        "std": 10.307958806894543
    },
    "26": {
        "estimate": 25.4754935823568,
        "std": 10.511580887680601
    },
    "27": {
        "estimate": 25.532619403472737,
        "std": 10.635266840822245
    },
    "28": {
        "estimate": 25.631802487048944,
        "std": 10.711140360464327
    },
    "29": {
        "estimate": 26.296526983164018,
        "std": 11.255704057332048
    },
    "30": {
        "estimate": 28.40018359697942,
        "std": 12.19633127819497
    },
    "31": {
        "estimate": 28.02907511184041,
        "std": 12.381570001573207
    },
    "32": {
        "estimate": 28.120883356460872,
        "std": 12.395260707310918
    }
}