{
    "0": {
        "estimate": Infinity,
        "std": NaN
    },
    "1": {
        "estimate": 22.750859325971547,
        "std": 5.792168474207543
    },
    "2": {
        "estimate": 22.841481374541555,
        "std": 5.665635125727102
    },
    "3": {
        "estimate": 23.15064872079983,
        "std": 4.708262185643026
    },
    "4": {
        "estimate": 26.638038059522817,
        "std": 5.944952164390948
    },
    "5": {
        "estimate": 26.48288072769775,
        "std": 6.069755245965912
    },
    "6": {
        "estimate": 25.735501455852518,
        "std": 5.671531891969757
    },
    "7": {
        "estimate": 26.314407773884444,
        "std": 5.797642806499784
    },
    "8": {
        "estimate": 27.3172960902937,
        "std": 6.014335630093588
    },
    "9": {
        "estimate": 29.314742688355025,
        "std": 6.361061028556214
    },
    "10": {
        "estimate": 28.747511631252536,
        "std": 6.133725239022662
    },
    "11": {
        "estimate": 29.701766637138167,
        "std": 6.452099410870407
    },
    "12": {
        "estimate": 30.074881965244266,
        "std": 6.5843691136017926
    },
    "13": {
        "estimate": 29.155186558558,
        "std": 6.276453139106503
    },
    "14": {
        "estimate": 29.32961609296924,
        "std": 6.385352587673965
    },
    "15": {
        "estimate": 27.562708612281842,
        "std": 6.066325644809398
    },
    "16": {
        "estimate": 26.59795030480998,
        "std": 5.77966902520892
    },
    "17": {
        "estimate": 26.049360860570545,
        "std": 5.744936692703269
    },
    "18": {
        "estimate": 25.43980191043924,
        "std": 5.609982617172812
    },
    "19": {
        "estimate": 24.42922644344705,
        "std": 5.722558507481386
    },
    "20": {
        "estimate": 23.851880976864077,
        "std": 5.654404189354306
    },
    "21": {
        "estimate": 23.414565825452637,
        "std": 5.804577055040274
    },
    "22": {
        "estimate": 23.443509279600065,
        "std": 6.055304533965536
    },
    "23": {
        "estimate": 23.188779181006325,
        "std": 6.0013077488432245
    },
    "24": {
        "estimate": 23.08442125719476,
        "std": 6.058235438721652
    },
    "25": {
        "estimate": 24.061764371799057,
        "std": 6.587898535142102
    },
    "26": {
        "estimate": 24.010507882275125,
        "std": 6.796657381132434
    },
    "27": {
        "estimate": 24.295830895775794,
        "std": 6.963237198456341
    },
    "28": {
        "estimate": 24.417179404906644,
        "std": 7.067366139740916
    },
    "29": {
        "estimate": 25.20516178912358,
        "std": 7.406478019417893
    },
    "30": {
        "estimate": 27.79187507551205,
        "std": 8.355370354339632
    },
    "31": {
        "estimate": 27.94158914299185,
        "std": 8.772462360953408
    },
    "32": {
        "estimate": 27.475171402784042,
        "std": 8.462195850910568
    }
}