{
    "0": {
        "estimate": Infinity,
        "std": NaN
    },
    "1": {
        "estimate": 22.028541579473643,
        "std": 5.170114155907209
    },
    "2": {
        "estimate": 21.95356686415879,
        "std": 4.971799403357705
    },
    "3": {
        "estimate": 22.221401409078272,
        "std": 3.997153012608195
    },
    "4": {
        "estimate": 25.740542412652424,
        "std": 5.1053130229563966
    },
    "5": {
        "estimate": 25.475758059113073,
        "std": 5.221105506691535
    },
    "6": {
        "estimate": 24.720936729443405,
        "std": 4.842737241218244
    },
    "7": {
        "estimate": 25.40073061758953,
        "std": 5.057598885180473
    },
    "8": {
        "estimate": 26.51297349164508,
        "std": 5.297775202582347
    },
    "9": {
        "estimate": 28.38530400600629,
        "std": 5.500679078437174
    },
    "10": {
        "estimate": 27.65194920466122,
        "std": 5.369028748346428
    },
    "11": {
        "estimate": 28.574058707720845,
        "std": 5.668292979947128
    },
    "12": {
        "estimate": 29.00851932603226,
        "std": 5.785016696483881
    },
    "13": {
        "estimate": 28.147160483995837,
        "std": 5.457733813801243
    },
    "14": {
        "estimate": 28.390196577807806,
        "std": 5.538374452538715
    },
    "15": {
        "estimate": 26.789487004461744,
        "std": 5.163105528698368
    },
    "16": {
        "estimate": 25.94004244642735,
        "std": 4.916344780437709
    },
    "17": {
        "estimate": 25.370244894555352,
        "std": 4.971272475851151
    },
    "18": {
        "estimate": 24.62259928262773,
        "std": 4.836569968603024
    },
    "19": {
        "estimate": 23.74239402989064,
        "std": 5.031947367300536
    },
    "20": {
        "estimate": 23.158783799785258,
        "std": 5.080518357475801
    },
    "21": {
        "estimate": 22.72110584735843,
        "std": 5.168941811422541
    },
    "22": {
        "estimate": 22.730804485511676,
        "std": 5.3943327110337576
    },
    "23": {
        "estimate": 22.507714194461897,
        "std": 5.386774465229751
    },
    "24": {
        "estimate": 22.344435891317797,
        "std": 5.400709978647932
    },
    "25": {
        "estimate": 23.27895255206442,
        "std": 5.9824728284435436
    },
    "26": {
        "estimate": 23.269132984848625,
        "std": 6.1491210049671015
    },
    "27": {
        "estimate": 23.62215587326712,
        "std": 6.477191977337495
    },
    "28": {
        "estimate": 23.743542683326623,
        "std": 6.546162773106729
    },
    "29": {
        "estimate": 24.47743080231562,
        "std": 6.773386032715799
    },
    "30": {
        "estimate": 27.10615490891602,
        "std": 7.72163201325219
    },
    "31": {
        "estimate": 27.433433309338753,
        "std": 8.157969949168214
    },
    "32": {
        "estimate": 26.964709543207345,
        "std": 7.928074488965456
    }
}