{
    "0": {
        "estimate": Infinity,
        "std": NaN
    },
    "1": {
        "estimate": 21.47369091966755,
        "std": 4.816851497258945
    },
    "2": {
        "estimate": 21.234984279901628,
        "std": 4.562662798258968
    },
    "3": {
        "estimate": 21.4647509096879,
        "std": 3.6290070727867043
    },
    "4": {
        "estimate": 25.00414398753554,
        "std": 4.6452179400439775
    },
    "5": {
        "estimate": 24.706020932177175,
        "std": 4.754864890741457
    },
    "6": {
        "estimate": 23.92323099456747,
        "std": 4.396277951287549
    },
    "7": {
        "estimate": 24.683267818573782,
        "std": 4.658479960185658
    },
    "8": {
        "estimate": 25.80420435421549,
        "std": 4.876306283393229
    },
    "9": {
        "estimate": 27.640234139878512,
        "std": 5.061864257031179
    },
    "10": {
        "estimate": 26.836210636345633,
        "std": 4.97372434305852
    },
    "11": {
        "estimate": 27.74575285011062,
        "std": 5.224788331281199
    },
    "12": {
        "estimate": 28.149522674933507,
        "std": 5.319017634262823
    },
    "13": {
        "estimate": 27.35571719538935,
        "std": 5.028316640619543
    },
    "14": {
        "estimate": 27.575598977925324,
        "std": 5.0784538865714355
    },
    "15": {
        "estimate": 26.0621489386789,
        "std": 4.674653502329739
    },
    "16": {
        "estimate": 25.3134352401806,
        "std": 4.434587210875952
    },
    "17": {
        "estimate": 24.718528853333183,
        "std": 4.607244454050848
    },
    "18": {
        "estimate": 23.9663343650593,
        "std": 4.419449230529367
    },
    "19": {
        "estimate": 23.118707379648832,
        "std": 4.593335860837266
    },
    "20": {
        "estimate": 22.531573438705554,
        "std": 4.65763122113697
    },
    "21": {
        "estimate": 22.109410044002924,
        "std": 4.780667561504549
    },
    "22": {
        "estimate": 22.097637950668112,
        "std": 5.0188087901679985
    },
    "23": {
        "estimate": 21.88012562957511,
        "std": 5.00264308906933
    },
    "24": {
        "estimate": 21.752944665698237,
        "std": 5.07058158439158
    },
    "25": {
        "estimate": 22.64861400298368,
        "std": 5.640155253350611
    },
    "26": {
        "estimate": 22.620531186481326,
        "std": 5.842100384245568
    },
    "27": {
        "estimate": 22.975243989320425,
        "std": 6.14153121364415
    },
    "28": {
        "estimate": 23.110762375962885,
        "std": 6.237252651272586
    },
    "29": {
        "estimate": 23.847144317240357,
        "std": 6.481072089011585
    },
    "30": {
        "estimate": 26.464957696460967,
        "std": 7.445489788526508
    },
    "31": {
        "estimate": 26.832494399549304,
        "std": 7.871563646600652
    },
    "32": {
        "estimate": 26.406455687939562,
        "std": 7.659880260035691
    }
}