{
    "0": {
        "estimate": NaN,
        "std": NaN
    },
    "1": {
        "estimate": 17.880969305783918,
        "std": 7.366611696554626
    },
    "2": {
        "estimate": 19.287764468295443,
        "std": 8.003705448304212
    },
    "3": {
        "estimate": 20.602312036473478,
        "std": 8.513059530952274
    },
    "4": {
        "estimate": 21.675723913195597,
        "std": 9.510427665988907
    },
    "5": {
        "estimate": 22.1980237617701,
        "std": 9.646567516046725
    },
    "6": {
        "estimate": 21.752997376137063,
        "std": 9.710051353046866
    },
    "7": {
        "estimate": 21.347400881406234,
        "std": 9.123808614692447
    },
    "8": {
        "estimate": 21.380251284407244,
        "std": 9.059297725578372
    },
    "9": {
        "estimate": 21.718245876843287,
        "std": 9.524771849160722
    },
    "10": {
        "estimate": 21.631692325645894,
        "std": 9.392006444831049
    },
    "11": {
        "estimate": 21.605783393944,
        "std": 9.188154303699735
    },
    "12": {
        "estimate": 21.204239989429606,
        "std": 8.883815814871827
    },
    "13": {
        "estimate": 21.02843527252316,
        "std": 8.906831664266258
    },
    "14": {
        "estimate": 20.88702410235958,
        "std": 8.8975403052725
    },
    "15": {
        "estimate": 21.838734331770738,
        "std": 9.109476506409772
    },
    "16": {
        "estimate": 21.233366470695277,
        "std": 8.829525014444204
    },
    "17": {
        "estimate": 22.72063454585269,
        "std": 9.706027299456013
    },
    "18": {
        "estimate": 22.804702402150102,
        "std": 9.463967174545852
    },
    "19": {
        "estimate": 21.821237186762136,
        "std": 8.600323858434766
    },
    "20": {
        "estimate": 22.74796827702698,
        "std": 9.408566099648091
    },
    "21": {
        "estimate": 23.14759049268994,
        "std": 9.962113210114296
    },
    "22": {
        "estimate": 23.602729102581716,
        "std": 10.622258933221751
    },
    "23": {
        "estimate": 23.959620740039473,
        "std": 11.37545940095103
    },
    "24": {
        "estimate": 24.11161654306826,
        "std": 11.869144135503554
    },
    "25": {
        "estimate": 24.18806981368082,
        "std": 12.373964943772803
    },
    "26": {
        "estimate": 24.12347635637055,
        "std": 12.26999964684571
    },
    "27": {
        "estimate": 24.06531523048958,
        "std": 12.279654869112404
    },
    "28": {
        "estimate": 23.891902831409958,
        "std": 11.814014429662802
    },
    "29": {
        "estimate": 23.326349565753603,
        "std": 11.351817958527793
    },
    "30": {
        "estimate": 23.487527322805697,
        "std": 11.576769611276651
    },
    "31": {
        "estimate": 23.329718318558147,
        "std": 11.35768966727347
    },
    "32": {
        "estimate": 22.605686268136825,
        "std": 10.71195766351844
    }
}