{
    "0": {
        "estimate": Infinity,
        "std": NaN
    },
    "1": {
        "estimate": 16.694607533974036,
        "std": 4.448573877436167
    },
    "2": {
        "estimate": 3.940476506800302,
        "std": 0.9545624032822108
    },
    "3": {
        "estimate": 5.517944212549392,
        "std": 1.5059174393053452
    },
    "4": {
        "estimate": 7.416535654868063,
        "std": 2.331440541180936
    },
    "5": {
        "estimate": 9.725006793394991,
        "std": 3.2603744423629526
    },
    "6": {
        "estimate": 11.540917186988773,
        "std": 4.00429331252453
    },
    "7": {
        "estimate": 12.879642420493003,
        "std": 4.450623810767927
    },
    "8": {
        "estimate": 13.620386024310184,
        "std": 4.758351672425976
    },
    "9": {
        "estimate": 14.243284220470954,
        "std": 4.904811894427907
    },
    "10": {
        "estimate": 14.984209918035264,
        "std": 5.217538710393291
    },
    "11": {
        "estimate": 15.226749593791945,
        "std": 5.33586770270289
    },
    "12": {
        "estimate": 15.62592157169711,
        "std": 5.5178797189714075
    },
    "13": {
        "estimate": 15.905913332489362,
        "std": 5.614708622824575
    },
    "14": {
        "estimate": 16.271361283120346,
        "std": 5.792151516339698
    },
    "15": {
        "estimate": 16.762947269762208,
        "std": 6.034128444071155
    },
    "16": {
        "estimate": 17.81087435403794,
        "std": 6.552085261432505
    },
    "17": {
        "estimate": 18.124811169503953,
        "std": 6.776363313901152
    },
    "18": {
        "estimate": 18.323040322495913,
        "std": 6.7695874068176325
    },
    "19": {
        "estimate": 18.4037550109228,
        "std": 6.7346920705988165
    },
    "20": {
        "estimate": 18.49896250668114,
        "std": 6.760380703065606
    },
    "21": {
        "estimate": 18.71215201174001,
        "std": 6.84119813294416
    },
    "22": {
        "estimate": 18.929624251141913,
        "std": 6.955504566953854
    },
    "23": {
        "estimate": 19.131065149862373,
        "std": 7.0097204866197815
    },
    "24": {
        "estimate": 19.285243776236747,
        "std": 7.078232656418002
    },
    "25": {
        "estimate": 19.428266895299352,
        "std": 7.264654046013779
    },
    "26": {
        "estimate": 19.256319597180408,
        "std": 7.311723171650369
    },
    "27": {
        "estimate": 19.58055496761455,
        "std": 7.514985842228213
    },
    "28": {
        "estimate": 19.68134249576411,
        "std": 7.541704016573753
    },
    "29": {
        "estimate": 19.460306917374663,
        "std": 7.291092437080823
    },
    "30": {
        "estimate": 18.730037027753827,
        "std": 6.3964322238285165
    },
    "31": {
        "estimate": 19.892839972514224,
        "std": 6.619243389495458
    },
    "32": {
        "estimate": 22.44855831333175,
        "std": 7.277392050216431
    }
}