{
    "0": {
        "estimate": Infinity,
        "std": NaN
    },
    "1": {
        "estimate": 17.894631315889196,
        "std": 5.86494254261424
    },
    "2": {
        "estimate": 4.478493056877247,
        "std": 1.2268039686786423
    },
    "3": {
        "estimate": 6.86603072319102,
        "std": 2.1516809717879077
    },
    "4": {
        "estimate": 9.37927245385043,
        "std": 3.2419384031430636
    },
    "5": {
        "estimate": 12.03597422739373,
        "std": 4.39347322865974
    },
    "6": {
        "estimate": 13.996235715751594,
        "std": 5.2362202279359815
    },
    "7": {
        "estimate": 15.290707831789678,
        "std": 5.751292086385097
    },
    "8": {
        "estimate": 15.938230178178609,
        "std": 6.1104208111416485
    },
    "9": {
        "estimate": 16.438841413830332,
        "std": 6.223081025021253
    },
    "10": {
        "estimate": 17.052728964544094,
        "std": 6.567147269298001
    },
    "11": {
        "estimate": 17.231915223203636,
        "std": 6.677908412637817
    },
    "12": {
        "estimate": 17.614102160241,
        "std": 6.960417688835963
    },
    "13": {
        "estimate": 17.83159818273458,
        "std": 7.077112976944534
    },
    "14": {
        "estimate": 18.154424866835633,
        "std": 7.226820240014718
    },
    "15": {
        "estimate": 18.705191794195166,
        "std": 7.572821591246058
    },
    "16": {
        "estimate": 19.77411121500234,
        "std": 8.241843546475675
    },
    "17": {
        "estimate": 19.9854169613958,
        "std": 8.415466186974456
    },
    "18": {
        "estimate": 20.123650223837497,
        "std": 8.441819062152124
    },
    "19": {
        "estimate": 20.003009860185873,
        "std": 8.271453236126959
    },
    "20": {
        "estimate": 20.110855749040102,
        "std": 8.349436145640013
    },
    "21": {
        "estimate": 20.28010910281465,
        "std": 8.454273832560176
    },
    "22": {
        "estimate": 20.49652992616134,
        "std": 8.581000518298417
    },
    "23": {
        "estimate": 20.74231198516597,
        "std": 8.746229047335351
    },
    "24": {
        "estimate": 20.88020597362987,
        "std": 8.842870377560157
    },
    "25": {
        "estimate": 21.03651742439327,
        "std": 9.001304232579404
    },
    "26": {
        "estimate": 20.999932474606076,
        "std": 9.04173178771235
    },
    "27": {
        "estimate": 21.385080939398875,
        "std": 9.261431921806428
    },
    "28": {
        "estimate": 21.580040652900447,
        "std": 9.33722288090161
    },
    "29": {
        "estimate": 21.75581969699514,
        "std": 9.17036855610595
    },
    "30": {
        "estimate": 21.29895053845547,
        "std": 8.317933883342471
    },
    "31": {
        "estimate": 22.48846508326343,
        "std": 8.709886336887923
    },
    "32": {
        "estimate": 24.815125141109423,
        "std": 9.40240813354348
    }
}