{
    "0": {
        "estimate": Infinity,
        "std": NaN
    },
    "1": {
        "estimate": 16.00237108437252,
        "std": 3.9361808224962864
    },
    "2": {
        "estimate": 3.637001384178997,
        "std": 0.8430697353433374
    },
    "3": {
        "estimate": 4.852313512486072,
        "std": 1.2464829406540479
    },
    "4": {
        "estimate": 6.382861741631622,
        "std": 1.9200799784359952
    },
    "5": {
        "estimate": 8.412470846593063,
        "std": 2.7861569621490383
    },
    "6": {
        "estimate": 10.09018506494667,
        "std": 3.506378841221837
    },
    "7": {
        "estimate": 11.420967188032467,
        "std": 3.9459511390966457
    },
    "8": {
        "estimate": 12.167053259611752,
        "std": 4.229751234326326
    },
    "9": {
        "estimate": 12.927136313743267,
        "std": 4.4560206829188385
    },
    "10": {
        "estimate": 13.676435678023553,
        "std": 4.727278494670044
    },
    "11": {
        "estimate": 13.894942509534951,
        "std": 4.786684746241559
    },
    "12": {
        "estimate": 14.318514981389825,
        "std": 4.992221312448371
    },
    "13": {
        "estimate": 14.656864658347313,
        "std": 5.083469015304789
    },
    "14": {
        "estimate": 15.046066519450399,
        "std": 5.247443778164317
    },
    "15": {
        "estimate": 15.544315538223332,
        "std": 5.481377720376263
    },
    "16": {
        "estimate": 16.595735348200208,
        "std": 5.949827018261883
    },
    "17": {
        "estimate": 16.92631881046607,
        "std": 6.0996290700507565
    },
    "18": {
        "estimate": 17.135145284204203,
        "std": 6.1190554556437675
    },
    "19": {
        "estimate": 17.285830656889853,
        "std": 6.073879662684632
    },
    "20": {
        "estimate": 17.375265632756683,
        "std": 6.1005838510468
    },
    "21": {
        "estimate": 17.62896201872426,
        "std": 6.201984142239008
    },
    "22": {
        "estimate": 17.864453089104337,
        "std": 6.319359838864085
    },
    "23": {
        "estimate": 18.105713590307825,
        "std": 6.4216688319889235
    },
    "24": {
        "estimate": 18.257186312375183,
        "std": 6.457528611801173
    },
    "25": {
        "estimate": 18.38027942942558,
        "std": 6.511807413416561
    },
    "26": {
        "estimate": 18.140672554005995,
        "std": 6.598856770235916
    },
    "27": {
        "estimate": 18.406646545378422,
        "std": 6.764438268396094
    },
    "28": {
        "estimate": 18.486654857698163,
        "std": 6.799967475928892
    },
    "29": {
        "estimate": 18.00266369874085,
        "std": 6.545791375974291
    },
    "30": {
        "estimate": 17.142300705013284,
        "std": 5.615503672573472
    },
    "31": {
        "estimate": 18.293554156046845,
        "std": 5.800076695490971
    },
    "32": {
        "estimate": 21.081754697978013,
        "std": 6.347053050004702
    }
}