{
    "0": NaN,
    "1": 17.39381217956543,
    "2": 5.705573558807373,
    "3": 10.901400566101074,
    "4": 14.463544845581055,
    "5": 16.44048309326172,
    "6": 17.342960357666016,
    "7": 17.54001235961914,
    "8": 17.65839385986328,
    "9": 17.467668533325195,
    "10": 17.316551208496094,
    "11": 17.226099014282227,
    "12": 17.299720764160156,
    "13": 17.196231842041016,
    "14": 17.282684326171875,
    "15": 17.585203170776367,
    "16": 18.045276641845703,
    "17": 17.698659896850586,
    "18": 17.591110229492188,
    "19": 17.05933380126953,
    "20": 17.040332794189453,
    "21": 16.90447998046875,
    "22": 16.875974655151367,
    "23": 17.011369705200195,
    "24": 16.999303817749023,
    "25": 17.217208862304688,
    "26": 17.643325805664062,
    "27": 17.970096588134766,
    "28": 18.56663703918457,
    "29": 19.976490020751953,
    "30": 20.9456729888916,
    "31": 22.217660903930664,
    "32": 23.356773376464844
}