{
    "0": {
        "estimate": NaN,
        "std": NaN
    },
    "1": {
        "estimate": 12.725041440016579,
        "std": 5.860070253987953
    },
    "2": {
        "estimate": 13.749407634630025,
        "std": 6.754089743558811
    },
    "3": {
        "estimate": 15.087050693365093,
        "std": 7.639261495146651
    },
    "4": {
        "estimate": 15.8217461964438,
        "std": 8.321994642802082
    },
    "5": {
        "estimate": 15.754057439337103,
        "std": 8.324777679037549
    },
    "6": {
        "estimate": 16.15240922299918,
        "std": 8.482055745617657
    },
    "7": {
        "estimate": 17.030304976758387,
        "std": 9.19416222738548
    },
    "8": {
        "estimate": 17.845502565780954,
        "std": 9.60108665219206
    },
    "9": {
        "estimate": 17.788133013477463,
        "std": 9.240588760204895
    },
    "10": {
        "estimate": 18.472461998717634,
        "std": 9.207330194863237
    },
    "11": {
        "estimate": 19.013008213421358,
        "std": 9.127433284122917
    },
    "12": {
        "estimate": 18.94570290590685,
        "std": 8.971963150203033
    },
    "13": {
        "estimate": 18.975598045140714,
        "std": 8.959408972459446
    },
    "14": {
        "estimate": 19.684273594209202,
        "std": 9.313379248721304
    },
    "15": {
        "estimate": 19.340073055648524,
        "std": 8.939526643344799
    },
    "16": {
        "estimate": 19.040310718478903,
        "std": 8.77508339825113
    },
    "17": {
        "estimate": 18.715692575394648,
        "std": 8.406136614038303
    },
    "18": {
        "estimate": 18.547481859931025,
        "std": 8.266171046151324
    },
    "19": {
        "estimate": 18.383201265719276,
        "std": 8.066790662798812
    },
    "20": {
        "estimate": 18.33826588133511,
        "std": 7.999523739535467
    },
    "21": {
        "estimate": 18.327150680226204,
        "std": 8.195417494400006
    },
    "22": {
        "estimate": 18.310180638600343,
        "std": 8.299200433893883
    },
    "23": {
        "estimate": 18.375191000537736,
        "std": 8.277998290866979
    },
    "24": {
        "estimate": 18.416271316945263,
        "std": 8.29792895361112
    },
    "25": {
        "estimate": 18.429703617962954,
        "std": 8.229216984709161
    },
    "26": {
        "estimate": 18.699784620276503,
        "std": 8.47116426794472
    },
    "27": {
        "estimate": 18.948385077018337,
        "std": 8.655504815737277
    },
    "28": {
        "estimate": 19.044275435491418,
        "std": 8.661088942332
    },
    "29": {
        "estimate": 19.092039652387186,
        "std": 8.655987914473416
    },
    "30": {
        "estimate": 19.168109174971363,
        "std": 8.70767451004999
    },
    "31": {
        "estimate": 19.17469118173476,
        "std": 8.648379314210867
    },
    "32": {
        "estimate": 19.193465509151935,
        "std": 8.620746070097114
    },
    "33": {
        "estimate": 19.52554136049579,
        "std": 8.917219137526605
    },
    "34": {
        "estimate": 19.63949971995591,
        "std": 9.06310127478386
    },
    "35": {
        "estimate": 19.748595632780262,
        "std": 9.205540261460571
    },
    "36": {
        "estimate": 19.883246000507672,
        "std": 9.287120972847184
    },
    "37": {
        "estimate": 20.152945138617415,
        "std": 9.581272747463265
    },
    "38": {
        "estimate": 20.23220378723935,
        "std": 9.883065858078332
    },
    "39": {
        "estimate": 20.756457711848054,
        "std": 10.689137216461143
    },
    "40": {
        "estimate": 20.663751067736897,
        "std": 10.857402533009008
    }
}