{
    "0": NaN,
    "1": 4.4455156326293945,
    "2": 4.522412300109863,
    "3": 4.3701982498168945,
    "4": 4.3973541259765625,
    "5": 4.699873924255371,
    "6": 4.8602800369262695,
    "7": 5.033845901489258,
    "8": 5.34716272354126,
    "9": 5.601016998291016,
    "10": 6.142282962799072,
    "11": 6.832400798797607,
    "12": 7.027841567993164,
    "13": 7.331462860107422,
    "14": 7.731511116027832,
    "15": 7.885624885559082,
    "16": 7.773048400878906,
    "17": 7.818634986877441,
    "18": 7.875279426574707,
    "19": 7.881908416748047,
    "20": 7.932362079620361,
    "21": 7.716101169586182,
    "22": 7.574707508087158,
    "23": 7.559872150421143,
    "24": 7.549407005310059,
    "25": 7.474327087402344,
    "26": 7.354708194732666,
    "27": 7.267146110534668,
    "28": 7.276697635650635,
    "29": 7.261101722717285,
    "30": 7.209875583648682,
    "31": 7.216447353363037,
    "32": 7.26104736328125,
    "33": 7.127617835998535,
    "34": 7.103271484375,
    "35": 7.1093668937683105,
    "36": 7.036543846130371,
    "37": 6.948331356048584,
    "38": 6.789443492889404,
    "39": 6.435623645782471,
    "40": 6.031026363372803
}