{
    "0": {
        "estimate": NaN,
        "std": NaN
    },
    "1": {
        "estimate": 20.836421531561992,
        "std": 7.323394866839039
    },
    "2": {
        "estimate": 23.554133256529365,
        "std": 8.181986397981857
    },
    "3": {
        "estimate": 25.170456372741054,
        "std": 8.902682308816333
    },
    "4": {
        "estimate": 20.685894687316033,
        "std": 6.9371057706084
    },
    "5": {
        "estimate": 25.108530171689498,
        "std": 8.79141999075815
    },
    "6": {
        "estimate": 26.221095554006233,
        "std": 9.225527746515736
    },
    "7": {
        "estimate": 25.73289941014288,
        "std": 9.126159042322831
    },
    "8": {
        "estimate": 25.20110182478123,
        "std": 8.48527268643861
    },
    "9": {
        "estimate": 26.572861834151066,
        "std": 8.819252048763184
    },
    "10": {
        "estimate": 25.802610948162492,
        "std": 8.391126877350027
    },
    "11": {
        "estimate": 25.662313359744306,
        "std": 8.36027963765028
    },
    "12": {
        "estimate": 27.160976202869417,
        "std": 8.84601912479721
    },
    "13": {
        "estimate": 27.72871905053422,
        "std": 8.980076737983069
    },
    "14": {
        "estimate": 28.280879500937758,
        "std": 9.101072716150446
    },
    "15": {
        "estimate": 28.295686148657087,
        "std": 9.13103803960744
    },
    "16": {
        "estimate": 28.11335523154157,
        "std": 9.249057788997826
    },
    "17": {
        "estimate": 27.666746863129053,
        "std": 9.05245001963172
    },
    "18": {
        "estimate": 27.23014203739727,
        "std": 8.912810670210998
    },
    "19": {
        "estimate": 26.523806172037386,
        "std": 8.550241341690066
    },
    "20": {
        "estimate": 26.608068181854975,
        "std": 8.717810735573966
    },
    "21": {
        "estimate": 26.479790042030903,
        "std": 8.404096148702465
    },
    "22": {
        "estimate": 27.698889411923748,
        "std": 8.997129202148917
    },
    "23": {
        "estimate": 28.06577440608627,
        "std": 9.267111246092169
    },
    "24": {
        "estimate": 28.205134979425814,
        "std": 9.438613428251902
    },
    "25": {
        "estimate": 29.648502109686774,
        "std": 10.213376465592708
    },
    "26": {
        "estimate": 30.13636075370668,
        "std": 10.527086372475324
    },
    "27": {
        "estimate": 31.209064846146525,
        "std": 11.11272003908823
    },
    "28": {
        "estimate": 31.157634504493057,
        "std": 11.151042892919675
    },
    "29": {
        "estimate": 31.54743702229519,
        "std": 11.40540870744166
    },
    "30": {
        "estimate": 32.42901329865621,
        "std": 12.07882003722714
    },
    "31": {
        "estimate": 32.262416609625184,
        "std": 11.920179573045635
    },
    "32": {
        "estimate": 30.309861577563122,
        "std": 11.321014345518794
    }
}