{
    "0": {
        "estimate": NaN,
        "std": NaN
    },
    "1": {
        "estimate": 16.170338254142713,
        "std": 3.566532450637554
    },
    "2": {
        "estimate": 17.815953607643053,
        "std": 4.227259316915906
    },
    "3": {
        "estimate": 20.016101077387635,
        "std": 4.461623044261301
    },
    "4": {
        "estimate": 15.476544801710904,
        "std": 3.3280683827296
    },
    "5": {
        "estimate": 19.65252252735714,
        "std": 4.520729641222527
    },
    "6": {
        "estimate": 20.6298486576328,
        "std": 4.794754294777674
    },
    "7": {
        "estimate": 19.8038031492612,
        "std": 4.590274446037496
    },
    "8": {
        "estimate": 19.391502126200916,
        "std": 4.304309770074279
    },
    "9": {
        "estimate": 20.253574228572855,
        "std": 4.366428745335274
    },
    "10": {
        "estimate": 20.188269715455988,
        "std": 3.9862440337269947
    },
    "11": {
        "estimate": 20.22245214050732,
        "std": 3.8640152900067783
    },
    "12": {
        "estimate": 21.31766647435069,
        "std": 4.079203330917585
    },
    "13": {
        "estimate": 21.868349287133817,
        "std": 4.179353610492257
    },
    "14": {
        "estimate": 22.334558013074883,
        "std": 4.236575342575929
    },
    "15": {
        "estimate": 22.523657612889114,
        "std": 4.295350098738746
    },
    "16": {
        "estimate": 22.315523494274192,
        "std": 4.260927773364685
    },
    "17": {
        "estimate": 22.025700115876912,
        "std": 4.1066295582195735
    },
    "18": {
        "estimate": 21.466934752710046,
        "std": 4.002279134688623
    },
    "19": {
        "estimate": 20.76286873936014,
        "std": 3.837810106918573
    },
    "20": {
        "estimate": 20.82514607763173,
        "std": 3.8830923085490148
    },
    "21": {
        "estimate": 20.821768069166403,
        "std": 3.937064849495092
    },
    "22": {
        "estimate": 21.693304795306876,
        "std": 4.379674858254873
    },
    "23": {
        "estimate": 21.939780111132734,
        "std": 4.506183360864367
    },
    "24": {
        "estimate": 21.922404260023946,
        "std": 4.619537516545708
    },
    "25": {
        "estimate": 23.079665404153527,
        "std": 5.294823000410853
    },
    "26": {
        "estimate": 23.38374884168724,
        "std": 5.445673529612085
    },
    "27": {
        "estimate": 24.3403793666013,
        "std": 5.9307785160367485
    },
    "28": {
        "estimate": 24.283865597979908,
        "std": 5.917269899701368
    },
    "29": {
        "estimate": 24.86700898892175,
        "std": 6.104147939083523
    },
    "30": {
        "estimate": 25.78938440453513,
        "std": 6.466957384377756
    },
    "31": {
        "estimate": 25.664300798243126,
        "std": 6.533608652212566
    },
    "32": {
        "estimate": 23.409444801632034,
        "std": 6.081713900833592
    }
}