{
    "0": 0.0,
    "1": 0.8908602928222771,
    "2": 1.1183501271396987,
    "3": 1.364293111767259,
    "4": 1.6271548560552924,
    "5": 1.9242491232130983,
    "6": 2.0970007792899112,
    "7": 2.6200738404244817,
    "8": 2.710322449416776,
    "9": 2.794409224335902,
    "10": 3.105769075990089,
    "11": 3.3218543663164053,
    "12": 3.4871589365187585,
    "13": 3.8891929585356766,
    "14": 3.910178834070121,
    "15": 3.789956328081949,
    "16": 3.933390765773949,
    "17": 3.817701225250064,
    "18": 3.746213245492966,
    "19": 3.5278308296651812,
    "20": 3.447326117647898,
    "21": 3.266800263034723,
    "22": 3.25398223993021,
    "23": 3.197561006989606,
    "24": 3.138595375838842,
    "25": 3.1910371094280645,
    "26": 3.134889352903129,
    "27": 3.1629616920974923,
    "28": 3.1773167466140415,
    "29": 3.1776747324264583,
    "30": 3.181487814794569,
    "31": 3.2379644093935593,
    "32": 3.217106865300769,
    "33": 3.2257660996506434,
    "34": 3.3418353001954113,
    "35": 3.342832356785008,
    "36": 3.4241258181464427,
    "37": 3.4438107527220874,
    "38": 3.5852449295340647,
    "39": 3.777716089788594,
    "40": 3.84617947520293
}