{
    "0": NaN,
    "1": 2.5991744914411865,
    "2": 3.082114871422434,
    "3": 2.814133303692694,
    "4": 3.26906337060199,
    "5": 4.270249640779349,
    "6": 4.607708039087216,
    "7": 5.127286151016121,
    "8": 5.442371002388641,
    "9": 5.733191263223203,
    "10": 5.981467132001687,
    "11": 6.193936411848417,
    "12": 6.094961712123673,
    "13": 5.624375711082766,
    "14": 6.012408696294005,
    "15": 5.4408589105090535,
    "16": 5.476745714209265,
    "17": 5.279393990418848,
    "18": 4.988880617329042,
    "19": 4.333282909291687,
    "20": 4.229348350100592,
    "21": 3.855584577213413,
    "22": 3.750916775286856,
    "23": 3.592139950757429,
    "24": 3.526925434381746,
    "25": 3.559984792752195,
    "26": 3.540961806768035,
    "27": 3.59289444899828,
    "28": 3.5451043661843715,
    "29": 3.575385146778509,
    "30": 3.619726405523585,
    "31": 3.8324486914077593,
    "32": 2.349145514658869
}