{
    "0": NaN,
    "1": 2.755781409120432,
    "2": 3.9551906345202967,
    "3": 3.7825546898568874,
    "4": 4.007624427204799,
    "5": 4.547039134072271,
    "6": 4.167072856284912,
    "7": 3.643530213977197,
    "8": 3.3061071105807054,
    "9": 3.4796416092125786,
    "10": 3.4081567071937138,
    "11": 3.9590827998153744,
    "12": 3.7231005517840137,
    "13": 4.537305556132551,
    "14": 5.211803137974646,
    "15": 5.490692844381086,
    "16": 5.632873626655877,
    "17": 5.5125492306301656,
    "18": 5.233585812204688,
    "19": 4.832357381522201,
    "20": 4.643535053714394,
    "21": 4.395619339986193,
    "22": 4.318361145173232,
    "23": 4.203319437427357,
    "24": 4.066438867044717,
    "25": 4.10177455957619,
    "26": 3.9902770632372997,
    "27": 3.8706065659005953,
    "28": 3.8612818900820374,
    "29": 3.9301444824610563,
    "30": 3.772269411475985,
    "31": 3.637105921756719,
    "32": NaN
}