{
    "0": NaN,
    "1": 2.8003243622881193,
    "2": 3.9151727112768424,
    "3": 3.864515131788984,
    "4": 4.061750355498666,
    "5": 4.48367578015453,
    "6": 4.037008908796724,
    "7": 3.574845156953916,
    "8": 3.2759269225504903,
    "9": 3.464192909278169,
    "10": 3.3696442460612426,
    "11": 4.070463828847451,
    "12": 3.728474422042018,
    "13": 4.4575244427148455,
    "14": 5.113663070026073,
    "15": 5.509319099074312,
    "16": 5.684434596587126,
    "17": 5.4067201546102215,
    "18": 5.204347902029957,
    "19": 4.749809961897813,
    "20": 4.716500074703331,
    "21": 4.400812442024285,
    "22": 4.260717419287276,
    "23": 4.1928364099803614,
    "24": 4.1460492071136805,
    "25": 4.020218326926753,
    "26": 4.045565075002843,
    "27": 3.9570650521267483,
    "28": 3.9830059394558206,
    "29": 3.922018837668316,
    "30": 3.8410634189930444,
    "31": 3.7519217360535264,
    "32": NaN
}