{
    "0": 0.0,
    "1": 0.9589754457487875,
    "2": 1.1028494962331998,
    "3": 1.2813471843012707,
    "4": 1.3543876163017095,
    "5": 1.5657477468286694,
    "6": 1.7651960680325376,
    "7": 1.8957232662317527,
    "8": 1.9287277608837834,
    "9": 1.966853303558494,
    "10": 2.1060325510805296,
    "11": 2.1131759973159836,
    "12": 2.0467565225367603,
    "13": 2.075964899085475,
    "14": 2.082892696020175,
    "15": 2.069510667695897,
    "16": 2.010581133313803,
    "17": 2.0341870280195447,
    "18": 1.996179575664247,
    "19": 2.0147149765298114,
    "20": 1.9337710029909265,
    "21": 1.9157516076268684,
    "22": 1.938578357658173,
    "23": 1.970008808407798,
    "24": 2.025623157990703,
    "25": 2.1666423821556244,
    "26": 2.2370749043246674,
    "27": 2.4279655700652847,
    "28": 2.4609046667212326,
    "29": 2.5163380989486828,
    "30": 2.6424615058225127,
    "31": 2.701685951856519,
    "32": 2.75534559802752
}