{
    "0": 0.0,
    "1": 0.7987585330835347,
    "2": 1.0996070640705309,
    "3": 1.2307293429182145,
    "4": 1.372777498122036,
    "5": 1.8902865379294964,
    "6": 1.996049620355463,
    "7": 2.2542607656173757,
    "8": 2.263235082475443,
    "9": 2.390304762234769,
    "10": 2.626669002678184,
    "11": 2.755168101569279,
    "12": 2.722568571328478,
    "13": 3.191507985427395,
    "14": 3.294090885162017,
    "15": 3.491003507753364,
    "16": 3.7600861819736946,
    "17": 3.7396995081370474,
    "18": 3.6278258272847492,
    "19": 3.368462568234504,
    "20": 3.162033426812748,
    "21": 3.005225021037463,
    "22": 2.875874160848828,
    "23": 2.8805949368454407,
    "24": 2.800176969718737,
    "25": 2.729428710097389,
    "26": 2.746841358229885,
    "27": 2.732646356084894,
    "28": 2.7327063733868795,
    "29": 2.744846527013568,
    "30": 2.7411841449852425,
    "31": 2.6627652551950707,
    "32": 2.671105393411856,
    "33": 2.674254515252667,
    "34": 2.699886794270012,
    "35": 2.737310887567478,
    "36": 2.7937645764434484,
    "37": 2.8557935465088127,
    "38": 2.935701271656267,
    "39": 3.0335664736430887,
    "40": 3.0343678010236785
}