{
    "0": NaN,
    "1": 1.7613990706501592,
    "2": 2.5814155337384608,
    "3": 2.6427471399637703,
    "4": 2.7412501828829816,
    "5": 2.781269803450566,
    "6": 2.7645722436462803,
    "7": 2.829190796537405,
    "8": 2.7233489480688493,
    "9": 2.7159701173243422,
    "10": 2.7739348188811572,
    "11": 2.7967458821200033,
    "12": 2.853231699503054,
    "13": 3.023000234149046,
    "14": 3.126015683064912,
    "15": 3.1066287309996943,
    "16": 2.885931295582864,
    "17": 2.7799732278857943,
    "18": 2.8207528558490615,
    "19": 2.345182475985527,
    "20": 2.378881501071336,
    "21": 2.2856873430869986,
    "22": 2.3271830096773667,
    "23": 2.389682650835985,
    "24": 2.3287955926140236,
    "25": 2.3877129242701467,
    "26": 2.5426388002847506,
    "27": 2.652852070762576,
    "28": 2.6367138757562394,
    "29": 2.6838527682570676,
    "30": 2.9725338590899226,
    "31": 3.1475743176102933,
    "32": 1.6080281987773464
}