{
    "0": 0.0,
    "1": 1.0919970158946317,
    "2": 1.3126925177661855,
    "3": 1.5952922446603095,
    "4": 1.7593676467344912,
    "5": 2.00032924697689,
    "6": 2.1310217922422647,
    "7": 2.3283554716300547,
    "8": 2.525196465664166,
    "9": 2.7728432473058318,
    "10": 3.0961451742427197,
    "11": 3.4027355074881944,
    "12": 3.557030535308298,
    "13": 3.474027557145496,
    "14": 3.5070075688325284,
    "15": 3.2459473487247874,
    "16": 2.9002465000490254,
    "17": 2.845954488833888,
    "18": 2.6608540651722463,
    "19": 2.4754226923834333,
    "20": 2.4178789889330456,
    "21": 2.3124366254676256,
    "22": 2.2491648901698675,
    "23": 2.18039684720254,
    "24": 2.187711611150012,
    "25": 2.180126481943811,
    "26": 2.252233214860193,
    "27": 2.265213576730572,
    "28": 2.3138603047562616,
    "29": 2.3829607342943615,
    "30": 2.42035219130792,
    "31": 2.515496183687449,
    "32": 2.5753589051789785
}