{
    "0": 0.0,
    "1": 0.8731967334678272,
    "2": 1.076775617883529,
    "3": 1.237535007074121,
    "4": 1.6819627095382186,
    "5": 1.6990613350751942,
    "6": 1.744805073556027,
    "7": 1.7915993870527296,
    "8": 1.8335253706758918,
    "9": 1.907130272106463,
    "10": 1.990054019673365,
    "11": 1.898101528843676,
    "12": 1.90647150998586,
    "13": 1.911218094982942,
    "14": 1.9820434298723706,
    "15": 2.0197652056246684,
    "16": 2.1127424652672797,
    "17": 2.074638877005913,
    "18": 2.0995095133362622,
    "19": 2.156665163903993,
    "20": 2.2501530910359806,
    "21": 2.282733814007368,
    "22": 2.373690709973658,
    "23": 2.3601508138106664,
    "24": 2.3782195960108865,
    "25": 2.35523643977822,
    "26": 2.449920664853899,
    "27": 2.4011207096614906,
    "28": 2.3423775558786155,
    "29": 2.363299287169804,
    "30": 2.343002077745056,
    "31": 2.3374374510463793,
    "32": 2.3110496881972287,
    "33": 2.315720059391773,
    "34": 2.3690151795943324,
    "35": 2.32809837281061,
    "36": 2.3448959955992663,
    "37": 2.312140369419317,
    "38": 2.302214135949694,
    "39": 2.2441930466779305,
    "40": 2.2236936814611665,
    "41": 2.1622506457867825,
    "42": 2.1946634517120702,
    "43": 2.2076415535923797,
    "44": 2.1110635785673466,
    "45": 2.1964574583176475,
    "46": 2.2247590289501753,
    "47": 2.204188748150307,
    "48": 2.2237170051146684,
    "49": 2.2520422721221065,
    "50": 2.2938878974947916,
    "51": 2.3377352068580675,
    "52": 2.2957275815012417,
    "53": 2.4298775115978732,
    "54": 2.4435377605059325,
    "55": 2.5365715741455883,
    "56": 2.493641195901479,
    "57": 2.5153146475529735,
    "58": 2.500766419725083,
    "59": 2.5197859877275604,
    "60": 2.5535192363320918,
    "61": 2.5199928569903873,
    "62": 2.5286410687244825,
    "63": 2.526795251197749,
    "64": 2.562119740645725,
    "65": 2.5797692166757638,
    "66": 2.5371198465230185,
    "67": 2.558464056645583,
    "68": 2.56681745011611,
    "69": 2.531827345970461,
    "70": 2.642535675395238,
    "71": 2.565433781032691,
    "72": 2.5828031161956773,
    "73": 2.574258855156807,
    "74": 2.6283472764604503,
    "75": 2.651644241025969,
    "76": 2.845238847975279,
    "77": 3.0798515576946155,
    "78": 3.209560628359146,
    "79": 3.256444107658161,
    "80": 2.955458186668102
}