{
    "0": 0.0,
    "1": 1.0120689497823527,
    "2": 1.2141674917063714,
    "3": 1.3866683176973684,
    "4": 1.9018709753097776,
    "5": 2.3053518112027076,
    "6": 2.473412974458297,
    "7": 2.827807761618225,
    "8": 3.161298994199694,
    "9": 3.592379135819784,
    "10": 3.705051014648605,
    "11": 3.6495805066342766,
    "12": 3.612828877050709,
    "13": 3.652568696474274,
    "14": 3.7795994060283418,
    "15": 3.957584951473464,
    "16": 4.124177921332449,
    "17": 4.102054126463664,
    "18": 4.154023183978087,
    "19": 4.155269168951646,
    "20": 4.261152773700628,
    "21": 4.284122525509079,
    "22": 4.223971569373729,
    "23": 4.227632670234033,
    "24": 4.305794644209951,
    "25": 4.255353221751286,
    "26": 4.022365088021324,
    "27": 4.086656743502332,
    "28": 4.019374968124723,
    "29": 4.0474517312411935,
    "30": 4.002789546533227,
    "31": 4.053005592388073,
    "32": 4.148684932276953,
    "33": 4.179646099405348,
    "34": 4.241100683965354,
    "35": 4.156609165353046,
    "36": 4.138563451479408,
    "37": 4.1606792340175875,
    "38": 4.13652401979945,
    "39": 4.182846546055808,
    "40": 4.0804612497008135,
    "41": 4.106121946356941,
    "42": 4.078344792119096,
    "43": 4.046023694042936,
    "44": 3.993475472585379,
    "45": 3.9542475181713077,
    "46": 3.964641281197413,
    "47": 4.030955047521847,
    "48": 3.8643590809987196,
    "49": 3.8182137640922034,
    "50": 3.797347731441626,
    "51": 3.778626704103034,
    "52": 3.7243883057422518,
    "53": 3.736722675414187,
    "54": 3.6828479986898057,
    "55": 3.709680950290374,
    "56": 3.7190254808394725,
    "57": 3.775876714302593,
    "58": 3.6923869046458524,
    "59": 3.705341769787403,
    "60": 3.684647612704821,
    "61": 3.664766359489966,
    "62": 3.70301978512505,
    "63": 3.635201339741515,
    "64": 3.6459702455494214,
    "65": 3.7171732960053996,
    "66": 3.7097688575212158,
    "67": 3.6980963698906484,
    "68": 3.766836350259473,
    "69": 3.8250134214436704,
    "70": 3.7961132152652155,
    "71": 3.7692977724325374,
    "72": 3.8618405777498888,
    "73": 3.885800656076007,
    "74": 3.892272085047436,
    "75": 3.9677100972016097,
    "76": 4.033156011486713,
    "77": 4.164858863284847,
    "78": 4.219673466083072,
    "79": 4.224214250587797,
    "80": 3.596548266788657
}