{
    "0": NaN,
    "1": 2.9241438049944812,
    "2": 3.424866324325704,
    "3": 4.201557582975002,
    "4": 3.8477979016443853,
    "5": 3.7522112940123593,
    "6": 3.979385523270671,
    "7": 4.69598190410316,
    "8": 4.336097025945161,
    "9": 4.125864154164708,
    "10": 4.2652738163348785,
    "11": 4.403884096288931,
    "12": 4.433707826692628,
    "13": 4.314761973324125,
    "14": 3.613654789761204,
    "15": 4.280185250615734,
    "16": 4.559597325569953,
    "17": 4.628898189712514,
    "18": 3.74557048470604,
    "19": 3.4879112539623804,
    "20": 3.3058626137010325,
    "21": 3.2985343518175236,
    "22": 3.294079076372027,
    "23": 3.2986963931105158,
    "24": 3.3413925385319327,
    "25": 3.3199908556761,
    "26": 3.388873223509784,
    "27": 3.488171148292705,
    "28": 3.222240299709124,
    "29": 3.2860620409958132,
    "30": 3.340165750553969,
    "31": 3.3194507105041087,
    "32": 3.4597968980158766,
    "33": 3.5369432678394825,
    "34": 3.535797746873218,
    "35": 3.667707044010294,
    "36": 3.6848101453327424,
    "37": 3.8806901014099355,
    "38": 3.865822213964936,
    "39": 4.199898151674765,
    "40": 4.378166220395063
}