{
    "0": NaN,
    "1": 3.076404566084331,
    "2": 3.958442932795777,
    "3": 4.018018365252858,
    "4": 4.408205514234435,
    "5": 4.251985065168092,
    "6": 4.649640176667995,
    "7": 5.14318669940754,
    "8": 5.0900780135327715,
    "9": 4.9921735977101465,
    "10": 5.465844423742077,
    "11": 5.706443177935042,
    "12": 5.242478272635779,
    "13": 5.513672564445116,
    "14": 6.04407310589772,
    "15": 6.034921458350275,
    "16": 5.823584687715409,
    "17": 5.392184629283119,
    "18": 4.58230167238758,
    "19": 4.149309846277986,
    "20": 4.6076241232307575,
    "21": 4.4581761836008305,
    "22": 4.058110559034633,
    "23": 4.006521341708228,
    "24": 3.8835444194091844,
    "25": 3.816208360806947,
    "26": 3.8789386836702766,
    "27": 3.904278310756327,
    "28": 4.123867583205573,
    "29": 4.187044713798859,
    "30": 4.344465395794312,
    "31": 4.683925215640337,
    "32": 4.0221150330850595
}