{
    "0": 0.0,
    "1": 0.7577132182148788,
    "2": 1.0478427517443083,
    "3": 1.2256291624300535,
    "4": 1.575216400043812,
    "5": 2.2649729721753604,
    "6": 2.3723230442624996,
    "7": 2.524886346537756,
    "8": 2.720327332346379,
    "9": 3.167585114539875,
    "10": 3.24189760758426,
    "11": 3.317840955006398,
    "12": 3.4390003283193775,
    "13": 3.4440438898463688,
    "14": 3.5193582869756472,
    "15": 3.855239868337022,
    "16": 3.9186714908178732,
    "17": 3.9542983484027245,
    "18": 4.106620307957555,
    "19": 4.144359146648324,
    "20": 4.118005570684654,
    "21": 4.328831651710865,
    "22": 4.532599612883569,
    "23": 4.322448876793019,
    "24": 4.384632726108066,
    "25": 4.368519293093328,
    "26": 4.462011134806847,
    "27": 4.557460082241187,
    "28": 4.581155574911332,
    "29": 4.649298394350032,
    "30": 4.705839341007704,
    "31": 4.703802369022469,
    "32": 4.793201599223198,
    "33": 4.984521421526928,
    "34": 4.977359373688142,
    "35": 4.798466696547389,
    "36": 4.6960103622328715,
    "37": 4.572456650623031,
    "38": 4.579843674922334,
    "39": 4.57541932222804,
    "40": 4.36277385559181,
    "41": 4.375918294402624,
    "42": 3.8057822151738794,
    "43": 3.74323905876323,
    "44": 3.474897873748373,
    "45": 3.4613452567350063,
    "46": 3.4151717327445805,
    "47": 3.2863957175399436,
    "48": 3.218795276085351,
    "49": 3.227049862482467,
    "50": 3.215541423854305,
    "51": 3.228313857677249,
    "52": 3.0625497956938124,
    "53": 3.067786293222106,
    "54": 3.071778609739725,
    "55": 3.0571881227281663,
    "56": 3.0808743661083855,
    "57": 3.0581807876553757,
    "58": 3.07436634077617,
    "59": 3.0642881104805624,
    "60": 3.0294589425505283,
    "61": 3.035538514735302,
    "62": 3.039739281482304,
    "63": 3.0714834934221598,
    "64": 3.0507065125713746,
    "65": 3.082369389597166,
    "66": 3.013683984979075,
    "67": 3.0394999534984506,
    "68": 3.052119261992362,
    "69": 3.05915641545816,
    "70": 3.1146293534145557,
    "71": 3.13413811254146,
    "72": 3.083409765151824,
    "73": 3.1453349310283154,
    "74": 3.0895659881538853,
    "75": 3.10289892282282,
    "76": 3.116634281871544,
    "77": 3.2022268063259,
    "78": 3.213948779591399,
    "79": 3.201384044748579,
    "80": 2.934049244175855
}