{
    "0": 0.0,
    "1": 0.9512019521475036,
    "2": 1.0647020982497193,
    "3": 1.2709325537195104,
    "4": 1.3319231225190131,
    "5": 1.577580580947219,
    "6": 1.7642272235615877,
    "7": 1.9336705708469342,
    "8": 1.90087187853073,
    "9": 1.9795867221921397,
    "10": 2.070241232052783,
    "11": 2.1116494353322137,
    "12": 2.0352175040668374,
    "13": 2.0255297218351758,
    "14": 2.0517497075403632,
    "15": 2.0275620833310932,
    "16": 2.0039094405777083,
    "17": 2.0461280281764065,
    "18": 1.9897977965195366,
    "19": 1.9967236448216132,
    "20": 1.9008616790302573,
    "21": 1.9364797277056034,
    "22": 1.937161832133652,
    "23": 1.96910115317622,
    "24": 1.9884536247973525,
    "25": 2.1772045607584563,
    "26": 2.226108823749948,
    "27": 2.3817460308679457,
    "28": 2.4232794190243814,
    "29": 2.478501429799777,
    "30": 2.608627677260121,
    "31": 2.7156841450655667,
    "32": 2.727228114697794
}