{
    "0": NaN,
    "1": 2.220194576447532,
    "2": 2.6184284518086716,
    "3": 3.0359747593533157,
    "4": 3.2719932527405367,
    "5": 3.2477947141338546,
    "6": 4.0210019537514174,
    "7": 4.541729229482025,
    "8": 4.690290199778937,
    "9": 4.689673047451763,
    "10": 4.856367513106573,
    "11": 4.625936807731068,
    "12": 4.371212186803716,
    "13": 4.249441784677994,
    "14": 4.08727374337209,
    "15": 4.046843910700995,
    "16": 3.940910429224799,
    "17": 4.027558851096137,
    "18": 3.7620291243274444,
    "19": 3.759973155385349,
    "20": 3.787021607939931,
    "21": 3.780725232160234,
    "22": 3.9404671264057294,
    "23": 3.916462513974716,
    "24": 3.9021064462082338,
    "25": 3.9007410205414215,
    "26": 4.028426898603694,
    "27": 4.066546161242784,
    "28": 4.147855754113797,
    "29": 4.28901540195602,
    "30": 4.32704983125292,
    "31": 4.212288784108798,
    "32": 4.357952017538832,
    "33": 4.505392521035575,
    "34": 4.565101714681061,
    "35": 4.671443926931048,
    "36": 4.849014097163695,
    "37": 5.116174464183913,
    "38": 5.444728127561347,
    "39": 6.083497326477608,
    "40": 5.7140392973589025
}