{
    "0": 0.0,
    "1": 0.9679985173320798,
    "2": 1.1871854924595042,
    "3": 1.4533400821015063,
    "4": 2.0129376834687083,
    "5": 2.2512327320967698,
    "6": 2.61587249934478,
    "7": 2.9464007100132394,
    "8": 3.0827503208298794,
    "9": 3.0968442627000976,
    "10": 3.258242891308838,
    "11": 3.4041403446563687,
    "12": 3.3293438331439704,
    "13": 3.5875521621164976,
    "14": 3.740320690796378,
    "15": 3.825360550861283,
    "16": 3.8490130304246715,
    "17": 4.083535623486055,
    "18": 3.9898076061162793,
    "19": 3.9273700496527892,
    "20": 4.070105818633627,
    "21": 3.7203915461166988,
    "22": 3.774747318893424,
    "23": 3.7064151155373577,
    "24": 3.5982904381442253,
    "25": 3.6011037582284224,
    "26": 3.5846941996942565,
    "27": 3.6255577718400382,
    "28": 3.5857725273621743,
    "29": 3.5934388695441917,
    "30": 3.570699672419112,
    "31": 3.5554173070286677,
    "32": 3.5942016244485044,
    "33": 3.5442687782790463,
    "34": 3.5876146007949763,
    "35": 3.651630358436029,
    "36": 3.693452169639529,
    "37": 3.76491311531131,
    "38": 3.896558300348045,
    "39": 4.06813431995059,
    "40": 4.54890638800974
}