{
    "0": 0.0,
    "1": 0.9951543693605868,
    "2": 1.2323753924303853,
    "3": 1.5075085727542548,
    "4": 1.6032231611499823,
    "5": 1.8293228504547938,
    "6": 1.935048956221723,
    "7": 2.198916795858882,
    "8": 2.479138829854197,
    "9": 2.681477735163979,
    "10": 3.027166474844663,
    "11": 3.3501613416122553,
    "12": 3.2661804091877547,
    "13": 3.255241656546869,
    "14": 3.2945780088508014,
    "15": 3.0844641364414263,
    "16": 2.8171447137771475,
    "17": 2.77884178950071,
    "18": 2.597329522943925,
    "19": 2.4556707563689577,
    "20": 2.410667321832918,
    "21": 2.3048821775619848,
    "22": 2.2650653158995597,
    "23": 2.18840407077432,
    "24": 2.2098033526035525,
    "25": 2.1746019647639616,
    "26": 2.1779047261880518,
    "27": 2.227095904064273,
    "28": 2.256413235494043,
    "29": 2.278829072918647,
    "30": 2.304751277569762,
    "31": 2.335955768985093,
    "32": 2.389197476480971
}