{
    "0": NaN,
    "1": 2.1729178613990228,
    "2": 2.8296010580071274,
    "3": 3.5765280776155697,
    "4": 2.826950510025637,
    "5": 3.1676732006541717,
    "6": 3.32814558380686,
    "7": 3.715315331185029,
    "8": 3.488596719944498,
    "9": 3.381369209749544,
    "10": 3.837836045754495,
    "11": 4.234449455204608,
    "12": 4.509594726611557,
    "13": 4.642961734047178,
    "14": 4.716529346594708,
    "15": 5.396322219528955,
    "16": 5.975839914390864,
    "17": 6.088304639922436,
    "18": 5.475940744309801,
    "19": 5.204142570529522,
    "20": 4.9266821929380695,
    "21": 4.753037344284537,
    "22": 4.606324540810962,
    "23": 4.587214539593956,
    "24": 4.604969804196545,
    "25": 4.4574442545116595,
    "26": 4.393434365648066,
    "27": 4.309289501082501,
    "28": 4.258969894093546,
    "29": 4.275376909823404,
    "30": 4.314179858032953,
    "31": 4.299536527326747,
    "32": 4.431252981240783,
    "33": 4.394136834366798,
    "34": 4.406889743939911,
    "35": 4.4051094767072705,
    "36": 4.351257591260436,
    "37": 4.431966637241349,
    "38": 4.359574881622533,
    "39": 4.453463249776755,
    "40": 4.339545964996395
}