{
    "0": 0.0,
    "1": 0.7623543119454687,
    "2": 1.0212049098294236,
    "3": 1.1984631170720121,
    "4": 1.4514912304535839,
    "5": 2.076286163009632,
    "6": 2.284993786716523,
    "7": 2.5053585788306845,
    "8": 2.7141581732653552,
    "9": 3.1761822736502214,
    "10": 3.2692958899284092,
    "11": 3.318400461408943,
    "12": 3.4447667228747125,
    "13": 3.352197515863007,
    "14": 3.3330090253903917,
    "15": 3.680596638508552,
    "16": 3.818144472482699,
    "17": 3.6970273158439557,
    "18": 3.837892074415696,
    "19": 3.8611775665869463,
    "20": 3.54057596361329,
    "21": 3.7685384146496013,
    "22": 4.017628973936675,
    "23": 3.8494704055808007,
    "24": 3.877576464521712,
    "25": 3.873678542896076,
    "26": 3.8118781385730105,
    "27": 3.933154480302793,
    "28": 3.896054519338176,
    "29": 4.063109817078793,
    "30": 4.059794079435149,
    "31": 4.271345023275428,
    "32": 4.341925133205598,
    "33": 4.390393660247457,
    "34": 4.466278981682175,
    "35": 4.4468819332802205,
    "36": 4.315305921566463,
    "37": 4.181028266198337,
    "38": 4.432226635407984,
    "39": 4.385769958770477,
    "40": 4.224278807124847,
    "41": 4.211828754535639,
    "42": 3.79055339781073,
    "43": 3.6789722786066026,
    "44": 3.523436482944457,
    "45": 3.4570347357453253,
    "46": 3.3668326568394944,
    "47": 3.352376326380671,
    "48": 3.296305606752654,
    "49": 3.1930797550802583,
    "50": 3.2081813497032043,
    "51": 3.259769214929385,
    "52": 3.1443428802747437,
    "53": 3.2039438178001305,
    "54": 3.2088339854187193,
    "55": 3.2393359983033125,
    "56": 3.1838627156729458,
    "57": 3.1925332954424404,
    "58": 3.198488384460592,
    "59": 3.2151040702312925,
    "60": 3.276667923732539,
    "61": 3.210753292221502,
    "62": 3.2339375425882846,
    "63": 3.2809163118187223,
    "64": 3.2374766700487716,
    "65": 3.2544905143804184,
    "66": 3.271200310162738,
    "67": 3.243047429948818,
    "68": 3.213536217312101,
    "69": 3.267408086368527,
    "70": 3.285626777175736,
    "71": 3.3047146208968696,
    "72": 3.334909483655306,
    "73": 3.360206534860067,
    "74": 3.2942119969888757,
    "75": 3.3732413933981626,
    "76": 3.3686080105065317,
    "77": 3.4479008872796046,
    "78": 3.4665730630894944,
    "79": 3.2847654064585643,
    "80": 2.6651833636268245
}