{
    "0": NaN,
    "1": 2.803688989053354,
    "2": 3.2442162831989143,
    "3": 3.735350491778996,
    "4": 3.579253651263263,
    "5": 3.547641364246047,
    "6": 3.475763134943361,
    "7": 3.7010354143810487,
    "8": 3.6542542002997327,
    "9": 3.4907388988340124,
    "10": 3.8436728466945485,
    "11": 4.008294425132497,
    "12": 3.2945535056124013,
    "13": 4.008790842352998,
    "14": 4.051766249489737,
    "15": 3.7915077846014738,
    "16": 3.836952813193097,
    "17": 3.7551646390187425,
    "18": 3.4660780852648547,
    "19": 3.3959772194539073,
    "20": 3.079790848268586,
    "21": 2.91377159312527,
    "22": 2.7622004911169533,
    "23": 2.7998614004754283,
    "24": 2.7876672728110616,
    "25": 2.797092444748826,
    "26": 2.7188659342249233,
    "27": 2.796393721459098,
    "28": 2.759881738809128,
    "29": 2.807353140753905,
    "30": 2.735906020406694,
    "31": 2.7877285389703705,
    "32": 2.766612682889186,
    "33": 2.726154023926814,
    "34": 2.843157096118783,
    "35": 2.8037485019135646,
    "36": 2.763139873682506,
    "37": 2.8336809352252836,
    "38": 2.85726014423625,
    "39": 3.1418498274955664,
    "40": 2.893358514532453
}