{
    "0": NaN,
    "1": 1.6195873805190055,
    "2": 2.0017852082088936,
    "3": 2.5819882057313515,
    "4": 3.2441605477274655,
    "5": 3.2786580717616447,
    "6": 2.7791193019271465,
    "7": 2.5194996880606024,
    "8": 2.4970532748068583,
    "9": 2.601591492355043,
    "10": 2.8614153483058318,
    "11": 2.8014131380300262,
    "12": 2.775013322622402,
    "13": 2.6895527230628296,
    "14": 2.720976554894174,
    "15": 2.77476330396814,
    "16": 2.7879232585820186,
    "17": 2.811490726190222,
    "18": 2.8463520131842235,
    "19": 3.072601985755302,
    "20": 3.051702271317974,
    "21": 3.1451987954886174,
    "22": 3.200466692293791,
    "23": 3.3538481510898763,
    "24": 3.473310216592642,
    "25": 3.4299209240631323,
    "26": 3.4382775186504935,
    "27": 3.496651604258767,
    "28": 3.625107884402966,
    "29": 3.7807951001088296,
    "30": 4.034541346643952,
    "31": 4.043195692017717,
    "32": 4.06688388197967,
    "33": 4.190988178326208,
    "34": 4.078788609463952,
    "35": 4.147564959273456,
    "36": 4.154696557687248,
    "37": 4.041059794296592,
    "38": 4.094548695008818,
    "39": 4.063831471709227,
    "40": 3.9936369766388946,
    "41": 3.9604547694779133,
    "42": 4.008298921216296,
    "43": 4.017124976043459,
    "44": 4.048017758045251,
    "45": 4.189784684850861,
    "46": 4.110524053690756,
    "47": 4.07648041006162,
    "48": 4.238674921804178,
    "49": 4.297296856703108,
    "50": 4.1666919361878385,
    "51": 4.283840722764938,
    "52": 4.267205056883051,
    "53": 4.616435240868748,
    "54": 4.704118553577842,
    "55": 4.744831041018265,
    "56": 4.703434195495348,
    "57": 4.859956369964703,
    "58": 4.777800670123162,
    "59": 4.726132845736961,
    "60": 4.85382896929134,
    "61": 4.590087212567599,
    "62": 4.632693838202919,
    "63": 4.605395527418671,
    "64": 4.464793577731818,
    "65": 4.593947918778348,
    "66": 4.552018563723724,
    "67": 4.588199787101604,
    "68": 4.696998037652523,
    "69": 4.70446096399652,
    "70": 4.729685546885122,
    "71": 4.869887446048313,
    "72": 4.762420897684541,
    "73": 4.818572734151067,
    "74": 5.071560983901242,
    "75": 5.055771572535938,
    "76": 5.338484320756488,
    "77": 5.499082298142343,
    "78": 5.705926175226404,
    "79": 5.732298255141748,
    "80": 3.780463478500778
}