{
    "0": 0.0,
    "1": 0.9108086039631356,
    "2": 1.0905818403678562,
    "3": 1.188791408675819,
    "4": 1.4052923960195802,
    "5": 1.4633266280447745,
    "6": 1.4559902989289881,
    "7": 1.5461942565990086,
    "8": 1.701210582803216,
    "9": 1.7968429933880474,
    "10": 1.797904845024608,
    "11": 1.9031746419868598,
    "12": 1.913009148548781,
    "13": 2.010708163630778,
    "14": 2.0800377724864076,
    "15": 2.129290590705353,
    "16": 2.0953012879006234,
    "17": 2.064028100717502,
    "18": 2.0467235566342685,
    "19": 2.0282031623161125,
    "20": 1.9305677797977765,
    "21": 1.9766483734751392,
    "22": 2.0339844033437586,
    "23": 2.0609065830295363,
    "24": 2.004662128197278,
    "25": 1.9922829462588778,
    "26": 2.043559334651606,
    "27": 2.136541155977369,
    "28": 2.1262888507448316,
    "29": 2.1509016334665927,
    "30": 2.17170899081781,
    "31": 2.121761600895847,
    "32": 2.161901450125473,
    "33": 2.253369957082183,
    "34": 2.2343953592140426,
    "35": 2.2603516959114556,
    "36": 2.3008992552870557,
    "37": 2.367848215639326,
    "38": 2.4988163505639096,
    "39": 2.7457871464758705,
    "40": 2.882532319397757
}