{
    "0": 0.0,
    "1": 1.086533699593514,
    "2": 1.4004403897866002,
    "3": 1.608544940870915,
    "4": 1.8187950372537596,
    "5": 1.9866527544532937,
    "6": 2.1254814254526417,
    "7": 2.3863306046518473,
    "8": 2.489082106743883,
    "9": 2.610044070950284,
    "10": 2.8060748436023903,
    "11": 2.9203153018649277,
    "12": 2.844201486097314,
    "13": 2.9939311080099955,
    "14": 3.2327777798647044,
    "15": 3.0594298216858347,
    "16": 3.0653649075512113,
    "17": 2.986572438475467,
    "18": 2.9654930367417793,
    "19": 2.8717775608254037,
    "20": 2.864067040752841,
    "21": 2.7297947513406235,
    "22": 2.7814316850662686,
    "23": 2.7902294632169102,
    "24": 2.830490409447271,
    "25": 2.836799561087625,
    "26": 2.84481191337402,
    "27": 2.9095332439373314,
    "28": 2.9402449236812704,
    "29": 2.9926256544348004,
    "30": 2.9978732227625287,
    "31": 3.0622464395267253,
    "32": 3.076054802743017,
    "33": 3.175537459713432,
    "34": 3.2490068829978846,
    "35": 3.3672653335555096,
    "36": 3.441801896313514,
    "37": 3.609843907256228,
    "38": 3.9424852766517477,
    "39": 4.445771745411854,
    "40": 4.5557495115335644
}