{
    "0": 0.0,
    "1": 0.9639205773448186,
    "2": 1.1264301331673836,
    "3": 1.3644950354254162,
    "4": 1.5606858965118053,
    "5": 1.7958963128026624,
    "6": 1.9658964249985198,
    "7": 2.134920398964438,
    "8": 2.308703745958571,
    "9": 2.612571352542925,
    "10": 2.781086684532972,
    "11": 3.114332819108515,
    "12": 3.2438772880569666,
    "13": 3.2867911274808512,
    "14": 3.6828741534582017,
    "15": 3.3402513115337493,
    "16": 3.2603972196645032,
    "17": 3.2072215860418285,
    "18": 3.009063407720684,
    "19": 2.786656933062527,
    "20": 2.6898240197531487,
    "21": 2.5756324638189705,
    "22": 2.4604979797716116,
    "23": 2.4398714960169814,
    "24": 2.4600190324376348,
    "25": 2.498786351320263,
    "26": 2.47914583240195,
    "27": 2.4809480925959506,
    "28": 2.529572082201053,
    "29": 2.6032288372722348,
    "30": 2.658655142966168,
    "31": 2.7358283444560985,
    "32": 2.574473040576229
}