{
    "0": NaN,
    "1": 2.494724740995163,
    "2": 2.7986606517633867,
    "3": 3.012652225561575,
    "4": 3.409094633787312,
    "5": 3.3096815073419195,
    "6": 3.139933780341229,
    "7": 3.4998088087460046,
    "8": 3.7460214249890855,
    "9": 3.8268186893890834,
    "10": 3.918562652319031,
    "11": 3.7628752319413046,
    "12": 3.6913452819271457,
    "13": 3.312427238877449,
    "14": 3.498779170211478,
    "15": 3.577761479556081,
    "16": 3.5865366698921664,
    "17": 3.618699056857972,
    "18": 3.710244805343433,
    "19": 3.8189938155529903,
    "20": 3.921644781581179,
    "21": 3.8409732583711,
    "22": 3.9555125596494363,
    "23": 3.984010857154108,
    "24": 3.9149704340274876,
    "25": 3.9464595163947047,
    "26": 4.071689219421537,
    "27": 3.784219771438108,
    "28": 3.6456146519840473,
    "29": 3.6389624531374922,
    "30": 3.6030015448032735,
    "31": 3.4936048318503876,
    "32": 3.5424209499035086,
    "33": 3.4586858681878887,
    "34": 3.4397177324332513,
    "35": 3.4285104627446805,
    "36": 3.58828097539824,
    "37": 3.4625954466620756,
    "38": 3.406010491467422,
    "39": 3.45090278163557,
    "40": 3.410956627992696,
    "41": 3.2495376755557603,
    "42": 3.2771762640868856,
    "43": 3.211275842017604,
    "44": 3.1907256761522613,
    "45": 3.411559383453396,
    "46": 3.250300693072885,
    "47": 3.2099967135153444,
    "48": 3.1551319744720088,
    "49": 3.080535750506731,
    "50": 3.034649460978731,
    "51": 3.073236129049767,
    "52": 3.067303241482692,
    "53": 3.1369502527604043,
    "54": 3.183052811027476,
    "55": 3.1866672755861596,
    "56": 3.175660222268993,
    "57": 3.1557199907639397,
    "58": 3.16574030993826,
    "59": 3.1758952611121978,
    "60": 3.0806628197807737,
    "61": 3.1304388192564714,
    "62": 3.129731396287902,
    "63": 3.0561097322268775,
    "64": 3.063052654254256,
    "65": 3.129591867376343,
    "66": 3.0714829833682056,
    "67": 3.0865346220261367,
    "68": 3.055146761560805,
    "69": 3.0327138050887554,
    "70": 3.1011742530709365,
    "71": 3.1010548049282143,
    "72": 3.0404113238995545,
    "73": 3.0940521137152133,
    "74": 3.1005602341567826,
    "75": 3.109049634811269,
    "76": 3.266834149451682,
    "77": 3.4427632306556606,
    "78": 3.627076542206736,
    "79": 3.7873488481013684,
    "80": 3.1461517884304535
}