{
    "0": NaN,
    "1": 1.641727374588596,
    "2": 2.1467312674856043,
    "3": 2.6669754181051273,
    "4": 2.8627053413104386,
    "5": 3.484277924429831,
    "6": 3.7413252154654733,
    "7": 4.403378705536256,
    "8": 4.463268380928484,
    "9": 4.233677757144319,
    "10": 4.118154330457795,
    "11": 4.097655597115283,
    "12": 3.873738130449932,
    "13": 3.929162716683501,
    "14": 4.155151081590964,
    "15": 4.1122689850888134,
    "16": 3.967405917729847,
    "17": 3.859704784343842,
    "18": 3.680080917567439,
    "19": 3.5022010053166754,
    "20": 3.4949798977202673,
    "21": 3.473301065398603,
    "22": 3.4736151154157806,
    "23": 3.4747671515126894,
    "24": 3.4520633760201553,
    "25": 3.4947143999546517,
    "26": 3.5393338049441914,
    "27": 3.579578891481958,
    "28": 3.5789698426261833,
    "29": 3.7642540361619212,
    "30": 3.740472945978353,
    "31": 3.877496212942874,
    "32": 3.790234164777094
}