{
    "0": NaN,
    "1": 1.9467112554389734,
    "2": 2.2566829571725293,
    "3": 2.5326958272501083,
    "4": 2.6035778724438305,
    "5": 2.6115604133342303,
    "6": 2.4284771424461655,
    "7": 2.7782371588965615,
    "8": 2.8158451851515136,
    "9": 2.891851598923329,
    "10": 2.9011400483567003,
    "11": 2.643025364140381,
    "12": 2.6293551962808865,
    "13": 2.574698891570003,
    "14": 2.587161077317553,
    "15": 2.662383300567133,
    "16": 2.6906289276800845,
    "17": 2.688747412781757,
    "18": 2.6414441527962174,
    "19": 2.7758070663060614,
    "20": 2.868924827249258,
    "21": 2.9389881223745538,
    "22": 3.0484911191067265,
    "23": 3.0884467611809447,
    "24": 3.1936381856955602,
    "25": 3.093069882091081,
    "26": 3.0516387028679492,
    "27": 3.1226038894860637,
    "28": 3.1089918835227683,
    "29": 3.2917554650446865,
    "30": 3.3085375500821304,
    "31": 3.1673744802838883,
    "32": 3.170599250484621,
    "33": 3.1896246118623965,
    "34": 3.2496579760265014,
    "35": 3.2741473823291813,
    "36": 3.3195441055771404,
    "37": 3.3036820641129006,
    "38": 3.3312415564413027,
    "39": 3.2970823689589746,
    "40": 3.23171852123238,
    "41": 2.974813358143808,
    "42": 3.016491127229075,
    "43": 2.9873869979375813,
    "44": 2.9984234020401668,
    "45": 2.907402090932453,
    "46": 2.9656736315157106,
    "47": 2.991293215941394,
    "48": 3.05801653320598,
    "49": 3.0587526772219333,
    "50": 3.1188265918348597,
    "51": 3.144611730326886,
    "52": 3.1938719959235997,
    "53": 3.296437849064779,
    "54": 3.2395797772694537,
    "55": 3.321644695945738,
    "56": 3.327696357454319,
    "57": 3.3600212289581997,
    "58": 3.2814179961493783,
    "59": 3.3135129727972776,
    "60": 3.388410532740308,
    "61": 3.3993538298814245,
    "62": 3.3993046626418404,
    "63": 3.399941818200566,
    "64": 3.4021070082876665,
    "65": 3.4487954579673605,
    "66": 3.4801447625030493,
    "67": 3.4860342180933435,
    "68": 3.4563416567111487,
    "69": 3.492993134447697,
    "70": 3.569379880906836,
    "71": 3.5649945356816444,
    "72": 3.5630396144392558,
    "73": 3.575470962407244,
    "74": 3.487548328703867,
    "75": 3.619766765808829,
    "76": 3.6963991785483286,
    "77": 3.8887588180007726,
    "78": 3.9789391213232066,
    "79": 3.7188540589024224,
    "80": 2.3478011885153522
}