{
    "0": 0.0,
    "1": 0.973198673367747,
    "2": 1.1882390186942118,
    "3": 1.4274224333856336,
    "4": 1.6349869049929149,
    "5": 1.9222851317495149,
    "6": 2.147991645255364,
    "7": 2.274784053104095,
    "8": 2.515243328726952,
    "9": 2.889392992081721,
    "10": 3.090393056866887,
    "11": 3.3503359526404246,
    "12": 3.3694722539225457,
    "13": 3.523608910346856,
    "14": 3.777683207239428,
    "15": 3.565999774807972,
    "16": 3.387582217937898,
    "17": 3.3650740163685295,
    "18": 3.145880735943177,
    "19": 2.960537891446681,
    "20": 2.9003066041019063,
    "21": 2.819650571810043,
    "22": 2.722965612744091,
    "23": 2.679177091129257,
    "24": 2.693364434204871,
    "25": 2.7819547166807634,
    "26": 2.7452232240213887,
    "27": 2.858920562466912,
    "28": 2.8969066847887595,
    "29": 2.9602055443303454,
    "30": 3.0459343134179644,
    "31": 3.1237398474352784,
    "32": 2.914739919043964
}