{
    "0": NaN,
    "1": 2.772804862622667,
    "2": 2.9588260151863763,
    "3": 3.516421086260522,
    "4": 3.750435840674024,
    "5": 3.8936680526095704,
    "6": 4.819743038836686,
    "7": 5.405786663803233,
    "8": 5.392309743589736,
    "9": 5.777564337970949,
    "10": 6.20444391903742,
    "11": 6.451151937718634,
    "12": 5.939820185375703,
    "13": 6.288713778612883,
    "14": 5.775908980107548,
    "15": 5.725574605526202,
    "16": 5.598116221679947,
    "17": 5.754840971635112,
    "18": 5.23340034249739,
    "19": 5.0678587311691095,
    "20": 4.802091748854471,
    "21": 4.417936805129135,
    "22": 4.1702368906637615,
    "23": 3.989210742689769,
    "24": 3.802062014006097,
    "25": 3.781120197743445,
    "26": 3.642413353371187,
    "27": 3.7230836700661807,
    "28": 3.6194901613120325,
    "29": 3.5079527508299444,
    "30": 3.489881775693837,
    "31": 3.48299681317349,
    "32": 3.466311085000382,
    "33": 3.520790909145009,
    "34": 3.428762382546991,
    "35": 3.5833091830951607,
    "36": 3.5251130696757054,
    "37": 3.5960747573832017,
    "38": 3.648775939824996,
    "39": 3.7262375570484796,
    "40": 3.792303283565167
}