{
    "0": 0.0,
    "1": 0.8411415243521964,
    "2": 1.0741105779023299,
    "3": 1.2316639174497608,
    "4": 1.6612196367387184,
    "5": 1.9993121412066743,
    "6": 2.2855760572251174,
    "7": 2.55282246269591,
    "8": 2.8769317427037207,
    "9": 3.324774073974753,
    "10": 3.477978375683938,
    "11": 3.635219221473222,
    "12": 3.756944798342543,
    "13": 3.873144925817402,
    "14": 4.290823153872943,
    "15": 4.420443967577603,
    "16": 4.648166728757258,
    "17": 4.645902381667371,
    "18": 4.6965568613674655,
    "19": 4.725100442671636,
    "20": 4.9137192265266885,
    "21": 5.1470964127080805,
    "22": 5.23562859982848,
    "23": 5.106241595498244,
    "24": 5.2022853855363955,
    "25": 5.127820452227364,
    "26": 5.127649546773535,
    "27": 5.229491792155868,
    "28": 5.181774304349548,
    "29": 5.1453667600113375,
    "30": 5.271618243154312,
    "31": 5.209740940525728,
    "32": 5.4183095308862645,
    "33": 5.383825983705898,
    "34": 5.488445560878261,
    "35": 5.265141466292134,
    "36": 5.145135244009156,
    "37": 5.143068358964839,
    "38": 5.074907210487921,
    "39": 5.069021364634503,
    "40": 4.732024629327634,
    "41": 4.8401808833388875,
    "42": 4.567466222433646,
    "43": 4.383660303561342,
    "44": 4.097111756253647,
    "45": 4.197250984154598,
    "46": 4.110198080822959,
    "47": 4.035223103465652,
    "48": 3.92679512611037,
    "49": 3.8363527465480023,
    "50": 3.873502674476662,
    "51": 3.847957352839166,
    "52": 3.804275713546164,
    "53": 3.9697701037064435,
    "54": 4.049925917283413,
    "55": 4.021074230537212,
    "56": 4.038265556660207,
    "57": 4.113730871518445,
    "58": 4.07284695993744,
    "59": 4.102794235531847,
    "60": 4.171965004982866,
    "61": 4.173873976364285,
    "62": 4.117692850181428,
    "63": 4.141696112637331,
    "64": 4.244805743696494,
    "65": 4.212428082462664,
    "66": 4.220162673569247,
    "67": 4.188130629958656,
    "68": 4.264101690160362,
    "69": 4.20769552262838,
    "70": 4.299931298888947,
    "71": 4.279645180591873,
    "72": 4.279013129759522,
    "73": 4.347661935883395,
    "74": 4.401855297405777,
    "75": 4.382783092293874,
    "76": 4.483340753435455,
    "77": 4.501710948216925,
    "78": 4.314086111825343,
    "79": 4.2268424398210565,
    "80": 3.1669643287852396
}