{
    "0": NaN,
    "1": 2.052058325908261,
    "2": 2.5825042836903767,
    "3": 3.282627864337053,
    "4": 3.5144051399230563,
    "5": 3.838435449151562,
    "6": 4.237475111333243,
    "7": 4.587720987572294,
    "8": 4.721467543780881,
    "9": 4.398438261506145,
    "10": 4.23671727567342,
    "11": 3.986570978872568,
    "12": 3.6028550212272243,
    "13": 3.529115837830319,
    "14": 3.2920620759888073,
    "15": 3.360251351660637,
    "16": 3.032285573511032,
    "17": 3.255071697126769,
    "18": 3.2135301720296705,
    "19": 3.2136365183188276,
    "20": 3.5254108389723124,
    "21": 3.7400623021426953,
    "22": 4.298551480248637,
    "23": 4.196374548171016,
    "24": 4.511123984673769,
    "25": 4.5829665832421815,
    "26": 4.9353760184316435,
    "27": 4.996605769201118,
    "28": 5.185884608807004,
    "29": 5.425581208667689,
    "30": 5.300304927182392,
    "31": 5.210383944350065,
    "32": 5.302268941579615,
    "33": 5.548238167466593,
    "34": 5.824680607248595,
    "35": 5.797369871830681,
    "36": 6.02243880261261,
    "37": 6.3860823797119215,
    "38": 6.808348125455839,
    "39": 6.631648158891087,
    "40": 6.487346206716838
}