{
    "0": NaN,
    "1": 2.5319358033335972,
    "2": 3.0604238700161503,
    "3": 2.9501355082301357,
    "4": 3.3436520695795147,
    "5": 4.267673536402914,
    "6": 4.519516653127955,
    "7": 4.980810822862354,
    "8": 5.159933028560553,
    "9": 5.482161429635944,
    "10": 5.735245836918514,
    "11": 6.255453961427567,
    "12": 6.225109893520936,
    "13": 6.098546245783457,
    "14": 6.208995946846445,
    "15": 5.5852398495346325,
    "16": 5.3652425939946005,
    "17": 4.902657732269976,
    "18": 4.502437980578726,
    "19": 3.981153718429514,
    "20": 3.8340659945474176,
    "21": 3.438971350615603,
    "22": 3.374352738961841,
    "23": 3.2574677341331304,
    "24": 3.2436041272324547,
    "25": 3.216538077528538,
    "26": 3.169103287503782,
    "27": 3.199643158301781,
    "28": 3.170511270944435,
    "29": 3.240695273761921,
    "30": 3.3634817340931322,
    "31": 3.443635493118505,
    "32": 1.9642897525292944
}