{
    "0": NaN,
    "1": 2.0760188180040844,
    "2": 2.995051369573823,
    "3": 2.784075689072766,
    "4": 2.943120706444638,
    "5": 2.945892767451945,
    "6": 2.5040709213729517,
    "7": 2.523172603239095,
    "8": 2.4106982034818105,
    "9": 2.354115577515705,
    "10": 2.2508283630143606,
    "11": 2.3476575412234344,
    "12": 2.4601352491058717,
    "13": 2.5481548966171763,
    "14": 2.5555433645363896,
    "15": 2.5474540652205366,
    "16": 2.6253923777946975,
    "17": 2.4321586380402653,
    "18": 2.2311849758704585,
    "19": 2.052814708441868,
    "20": 2.0069135501359128,
    "21": 1.8829000824443816,
    "22": 1.79974327466335,
    "23": 1.8006568698024894,
    "24": 1.849038803585529,
    "25": 1.8458525964274375,
    "26": 1.781699981243978,
    "27": 1.7846613823339366,
    "28": 1.8068992433852524,
    "29": 1.8422127647553628,
    "30": 1.9066447631726984,
    "31": 1.956824533647181,
    "32": 2.0930261967161514
}