{
    "0": NaN,
    "1": 2.38932605246042,
    "2": 3.3504998257108665,
    "3": 3.5089260801190734,
    "4": 3.7675316964004204,
    "5": 3.672823363344839,
    "6": 3.6560821960910737,
    "7": 3.5258154265457637,
    "8": 3.6043010140208613,
    "9": 3.465611557762936,
    "10": 3.2807138325491354,
    "11": 3.4900991161751316,
    "12": 3.8997726213891712,
    "13": 4.098131352741435,
    "14": 4.270846698925188,
    "15": 4.395251960558446,
    "16": 4.420079847382902,
    "17": 4.461277795780045,
    "18": 4.204390067210361,
    "19": 4.058342892256526,
    "20": 4.2070199646571425,
    "21": 4.066387806795921,
    "22": 4.065902455376018,
    "23": 4.071638892885972,
    "24": 4.203412399370231,
    "25": 4.4237060836024735,
    "26": 4.6200016602440765,
    "27": 4.963757719288465,
    "28": 5.015839701642835,
    "29": 5.21757534169309,
    "30": 5.471098121081141,
    "31": 5.520997558280901,
    "32": 4.825365804260882
}