{
    "0": 0.0,
    "1": 0.9977868960959054,
    "2": 1.2643025175214198,
    "3": 1.514811466841736,
    "4": 1.7694548811613742,
    "5": 2.213632547287361,
    "6": 2.4546925613594035,
    "7": 2.7921305620482495,
    "8": 2.7644973413183567,
    "9": 2.8499711028698114,
    "10": 2.9532766027331836,
    "11": 3.0892485696557332,
    "12": 3.1427898132278225,
    "13": 3.3157077410011704,
    "14": 3.4890131050263578,
    "15": 3.3740927347728045,
    "16": 3.3390571753078944,
    "17": 3.4563197848220435,
    "18": 3.3241194480482394,
    "19": 3.2098991215242885,
    "20": 3.1171563946944616,
    "21": 3.0427707792026175,
    "22": 3.016794165477997,
    "23": 2.9499810734943988,
    "24": 3.000256325187932,
    "25": 3.1555065115052194,
    "26": 3.230407490996941,
    "27": 3.431604620940283,
    "28": 3.486155423449244,
    "29": 3.658955127823683,
    "30": 3.802577713634114,
    "31": 4.005427004293384,
    "32": 3.6827166672382003
}