{
    "0": 0.0,
    "1": 0.8497230310527859,
    "2": 1.1058669486005226,
    "3": 1.3215350179299759,
    "4": 1.900446468453202,
    "5": 2.289972402323602,
    "6": 2.5132644949996292,
    "7": 2.6080656946242753,
    "8": 2.7928616812327505,
    "9": 3.1904000574732434,
    "10": 3.247798938710271,
    "11": 3.1562297666400827,
    "12": 3.2127495686818603,
    "13": 3.0862918411413474,
    "14": 3.3272465735951373,
    "15": 3.572479218965293,
    "16": 3.83298006330751,
    "17": 3.7361256917770103,
    "18": 3.9304125237212517,
    "19": 3.893109263642559,
    "20": 4.035102728064736,
    "21": 4.036349735375144,
    "22": 3.990819377494187,
    "23": 3.851520117931194,
    "24": 3.8308946111191067,
    "25": 3.8537190711461444,
    "26": 3.8550932058374356,
    "27": 3.8684613885454313,
    "28": 3.735686405864942,
    "29": 3.8643686974197085,
    "30": 3.7744633218105026,
    "31": 3.7918918619053565,
    "32": 3.7930031670541196,
    "33": 3.85585056173688,
    "34": 3.9261717319221714,
    "35": 3.7820927676460174,
    "36": 3.8395079950942077,
    "37": 3.799439854252977,
    "38": 3.6987288230235866,
    "39": 3.6090780176233426,
    "40": 3.5632433906907424,
    "41": 3.568341245375269,
    "42": 3.350422417641328,
    "43": 3.290028553372441,
    "44": 3.2306909584068015,
    "45": 3.2593886033104553,
    "46": 3.2373017890655897,
    "47": 3.1898229242818683,
    "48": 3.2076294100593565,
    "49": 3.1886381102586774,
    "50": 3.178829415256968,
    "51": 3.1837369055436815,
    "52": 3.1483317342671935,
    "53": 3.1868734430414873,
    "54": 3.1480351695684012,
    "55": 3.1478705544378003,
    "56": 3.27017369521383,
    "57": 3.1532262184244013,
    "58": 3.167648907424673,
    "59": 3.1799540090739358,
    "60": 3.1526813925431383,
    "61": 3.1572037733033507,
    "62": 3.1510297772328877,
    "63": 3.1403743467337115,
    "64": 3.136294476457562,
    "65": 3.139144869330379,
    "66": 3.1017364960050413,
    "67": 3.118547083536932,
    "68": 3.143548758097857,
    "69": 3.1584973079779504,
    "70": 3.1790961514315494,
    "71": 3.1840881335250564,
    "72": 3.187446201965749,
    "73": 3.222273666776681,
    "74": 3.2093159511661247,
    "75": 3.222407909888267,
    "76": 3.326068017225688,
    "77": 3.509225532127681,
    "78": 3.686548749353498,
    "79": 3.5948335174147505,
    "80": 2.7164970179183388
}