{
    "0": NaN,
    "1": 2.4102607217481604,
    "2": 2.721842612825807,
    "3": 2.7251364051652396,
    "4": 3.339589124583819,
    "5": 3.6384900319351967,
    "6": 3.923209240027122,
    "7": 5.009926019539706,
    "8": 5.504301114704463,
    "9": 5.346936134797437,
    "10": 5.5528243542849545,
    "11": 5.549613374304023,
    "12": 5.562101979941065,
    "13": 5.485341035315023,
    "14": 5.924833320229094,
    "15": 6.071891046650921,
    "16": 5.893032478663078,
    "17": 5.748246920650222,
    "18": 5.677465477396755,
    "19": 5.495822546494099,
    "20": 5.412436280955346,
    "21": 5.363269813031873,
    "22": 5.303749630085765,
    "23": 5.393712029437535,
    "24": 5.501159351652303,
    "25": 5.352113150161242,
    "26": 5.461640677492151,
    "27": 5.339758998768524,
    "28": 5.325761595182022,
    "29": 5.576230988848466,
    "30": 5.621388407174989,
    "31": 5.54300259251112,
    "32": 5.623796299831822,
    "33": 5.777147692121945,
    "34": 5.713171361467948,
    "35": 5.722146381346464,
    "36": 5.933424583706855,
    "37": 5.848482590417994,
    "38": 5.8109093717001725,
    "39": 5.717733235240619,
    "40": 5.716542833869058,
    "41": 5.433669703548086,
    "42": 5.502042497257429,
    "43": 5.547395620107278,
    "44": 5.567941252224425,
    "45": 5.375205518418834,
    "46": 5.269670308341878,
    "47": 5.180370063854978,
    "48": 5.139210865844042,
    "49": 4.967102096665138,
    "50": 4.9700404166952294,
    "51": 4.979221287914265,
    "52": 4.816871597001666,
    "53": 4.782093603196125,
    "54": 4.746821175250483,
    "55": 4.776641475037029,
    "56": 4.703889461915642,
    "57": 4.622809636143051,
    "58": 4.660209158707793,
    "59": 4.570606844631144,
    "60": 4.523420911889818,
    "61": 4.457228706593451,
    "62": 4.585896384313442,
    "63": 4.447146469305649,
    "64": 4.420165368446304,
    "65": 4.437418267685102,
    "66": 4.475192598832004,
    "67": 4.488290387078234,
    "68": 4.394175638298617,
    "69": 4.467436983178643,
    "70": 4.44431977979664,
    "71": 4.501686409047794,
    "72": 4.509581280714442,
    "73": 4.5048459737180355,
    "74": 4.5192372374562435,
    "75": 4.5269507600241745,
    "76": 4.790295607359672,
    "77": 4.778939455365867,
    "78": 4.781850806269713,
    "79": 4.496515984147333,
    "80": 2.1768381541449457
}