{
    "0": NaN,
    "1": 2.374958068551228,
    "2": 3.0810897890646767,
    "3": 2.9751674289674375,
    "4": 3.4316065666505677,
    "5": 4.29631263214108,
    "6": 4.387356765660635,
    "7": 4.977721999995254,
    "8": 5.364030391813837,
    "9": 5.429043924927436,
    "10": 5.602175022486755,
    "11": 5.276580442156302,
    "12": 5.609272433740289,
    "13": 5.824397102193338,
    "14": 5.974491890503719,
    "15": 5.5980701375464506,
    "16": 5.521584223108753,
    "17": 5.15790210003841,
    "18": 4.94514069322824,
    "19": 4.526133928601049,
    "20": 4.3589229289263764,
    "21": 4.177019593015469,
    "22": 4.083486244438406,
    "23": 3.8789330429544395,
    "24": 3.8117672317971274,
    "25": 3.8227437308309726,
    "26": 3.786342776769189,
    "27": 3.917444308733685,
    "28": 3.8753144799254553,
    "29": 3.8770265949518286,
    "30": 3.978052758270418,
    "31": 3.9894964398014,
    "32": 3.4841700949117773
}