{
    "0": 0.0,
    "1": 0.8888751369582623,
    "2": 1.295879684013544,
    "3": 1.5368555712293699,
    "4": 1.8903018261499787,
    "5": 2.2228849182565953,
    "6": 2.384600310006626,
    "7": 2.658141632395536,
    "8": 3.3263933141432984,
    "9": 3.488073761143131,
    "10": 3.4536424832624397,
    "11": 3.7519082018741186,
    "12": 3.839281021999542,
    "13": 4.14466685543595,
    "14": 4.176481672422655,
    "15": 4.246561678356339,
    "16": 3.759316224959356,
    "17": 3.792995165222517,
    "18": 3.6503467832468717,
    "19": 3.5115406609919613,
    "20": 3.3979323738528446,
    "21": 3.4457144521709306,
    "22": 3.3974993808438074,
    "23": 3.5079102285845414,
    "24": 3.534851533846072,
    "25": 3.613450151439812,
    "26": 3.6962801167276673,
    "27": 3.8022703346260003,
    "28": 3.8662687643499654,
    "29": 4.0482459880870865,
    "30": 4.149145093286733,
    "31": 4.232434894328184,
    "32": 4.316624989547813
}