{
    "0": 4.220268775908958,
    "1": 5.420569231106217,
    "2": 6.493515277051142,
    "3": 6.5098982016497775,
    "4": 6.859974307730067,
    "5": 8.348643336939045,
    "6": 9.698836918864208,
    "7": 9.98853012473213,
    "8": 9.706360709906141,
    "9": 9.333830459520078,
    "10": 9.477473427016852,
    "11": 8.792823012498063,
    "12": 9.062032456092112,
    "13": 9.720636981921544,
    "14": 9.579339692364123,
    "15": 9.987219379635784,
    "16": 10.109429556316647,
    "17": 10.799780662625997,
    "18": 10.818669719206536,
    "19": 10.235915494659398,
    "20": 9.729199275766693,
    "21": 9.416748850497465,
    "22": 8.899235347005016,
    "23": 7.877858782133565,
    "24": 7.533660950211649,
    "25": 7.180392540310771,
    "26": 7.21532192372213,
    "27": 7.333613434241861,
    "28": 7.693494693653452,
    "29": 8.191159236393224,
    "30": 8.513266787717665,
    "31": 8.847073346857263,
    "32": 6.778209633997346
}