{
    "0": NaN,
    "1": 2.8273207579441166,
    "2": 3.391952803804005,
    "3": 4.418585913082341,
    "4": 4.335060259071294,
    "5": 3.971501605850197,
    "6": 3.7884723873683908,
    "7": 4.390646187896894,
    "8": 4.1381177218014304,
    "9": 4.2915577302953105,
    "10": 4.435722259409843,
    "11": 4.109703845230773,
    "12": 4.21626303141555,
    "13": 4.714882289680655,
    "14": 4.760743968545016,
    "15": 5.2980824216803075,
    "16": 5.489349012479078,
    "17": 5.748254684829706,
    "18": 5.585950177455142,
    "19": 5.049341417582204,
    "20": 4.856210971183542,
    "21": 4.594809881772169,
    "22": 4.435010515962168,
    "23": 4.009377772039527,
    "24": 3.9779608340090697,
    "25": 3.787920382935858,
    "26": 3.7534048548047223,
    "27": 3.7243351287038937,
    "28": 3.7247139598635384,
    "29": 3.627441161597362,
    "30": 3.691728581669547,
    "31": 3.5745152641188955,
    "32": 3.551904528270246,
    "33": 3.572315297684947,
    "34": 3.5264244467450725,
    "35": 3.504878611655201,
    "36": 3.4684551969668016,
    "37": 3.640005268033746,
    "38": 3.530895742717293,
    "39": 3.53908943477775,
    "40": 3.4798894696931817
}