{
    "0": 0.0,
    "1": 0.8750064451050408,
    "2": 1.2817101551267114,
    "3": 1.431691587387616,
    "4": 1.5133650200042934,
    "5": 1.7552197620093264,
    "6": 1.8150528084269533,
    "7": 1.943150592851916,
    "8": 1.8924241284061656,
    "9": 1.9016232059010902,
    "10": 1.99833946609899,
    "11": 1.9320207430427208,
    "12": 1.9289652577431393,
    "13": 2.029910217932552,
    "14": 2.0845280730782023,
    "15": 2.0359624960878064,
    "16": 2.027640933721016,
    "17": 2.002988530380385,
    "18": 2.027687403152628,
    "19": 1.9682188764838102,
    "20": 1.9111612375045262,
    "21": 1.8774151231363427,
    "22": 1.875873786846664,
    "23": 1.9535853307558333,
    "24": 1.923196667151459,
    "25": 1.952311771754169,
    "26": 1.9590058862259216,
    "27": 1.9840943700929148,
    "28": 1.9981310876028462,
    "29": 2.0400852726908614,
    "30": 2.0229413235744116,
    "31": 1.9850252580971566,
    "32": 2.0247611869322,
    "33": 2.0586963092370834,
    "34": 2.0805899374127823,
    "35": 2.16146812108639,
    "36": 2.1639899111068313,
    "37": 2.2552696282803257,
    "38": 2.3404273981762516,
    "39": 2.499712933740534,
    "40": 2.534877317899629
}