{
    "0": 0.0,
    "1": 0.6929107132541781,
    "2": 0.9710900988806253,
    "3": 1.188179138790029,
    "4": 1.4378018577850749,
    "5": 1.8811731710072546,
    "6": 2.1035381125172465,
    "7": 2.2573318266636733,
    "8": 2.387726066429306,
    "9": 2.765385025216391,
    "10": 2.9242802388467743,
    "11": 2.9702989042873,
    "12": 3.1572537250783888,
    "13": 3.1045774714488,
    "14": 3.1662390117092296,
    "15": 3.4131074611473204,
    "16": 3.434766241649077,
    "17": 3.43007398716535,
    "18": 3.678373302334022,
    "19": 3.88446238174214,
    "20": 3.833300016049661,
    "21": 4.208323231878699,
    "22": 4.325423319676813,
    "23": 4.1523405430240246,
    "24": 4.02612354873006,
    "25": 4.015199756006269,
    "26": 4.00880557716889,
    "27": 4.022932654521986,
    "28": 3.9679136490160483,
    "29": 4.142313897084333,
    "30": 4.1643937101157915,
    "31": 4.338260658311473,
    "32": 4.418013104099352,
    "33": 4.544861461515878,
    "34": 4.653275716712679,
    "35": 4.488531310823341,
    "36": 4.453109824592735,
    "37": 4.305999564784681,
    "38": 4.435236966223784,
    "39": 4.306453063327325,
    "40": 4.127564189796745,
    "41": 4.1671250721119515,
    "42": 3.6282351535361923,
    "43": 3.5455919361847963,
    "44": 3.3845619904815543,
    "45": 3.27122104407144,
    "46": 3.243904238745617,
    "47": 3.1356906546341947,
    "48": 3.131565382238585,
    "49": 3.065778552846963,
    "50": 3.012012886541312,
    "51": 3.010407954757961,
    "52": 2.9426901529196363,
    "53": 2.8941173116092846,
    "54": 2.8923161390273755,
    "55": 2.9058961716134606,
    "56": 2.896061712742264,
    "57": 2.8536435600266516,
    "58": 2.91163699099928,
    "59": 2.9572017645510824,
    "60": 2.944394451306737,
    "61": 2.9143107320061117,
    "62": 2.861722194489134,
    "63": 2.8824981944949952,
    "64": 2.9106696687817255,
    "65": 2.9218997586923607,
    "66": 2.956573749124266,
    "67": 2.923137975977618,
    "68": 2.933280423413189,
    "69": 2.973242659041165,
    "70": 2.9560350711964296,
    "71": 2.9816254425509396,
    "72": 3.0104424862107657,
    "73": 2.990183266330915,
    "74": 2.9833033559110147,
    "75": 2.9752667704052107,
    "76": 3.004837686579325,
    "77": 3.096133746016256,
    "78": 3.140527135595375,
    "79": 3.116352802945951,
    "80": 2.9907487057397044
}