{
    "0": 0.0,
    "1": 0.890071624111928,
    "2": 1.1700708235343877,
    "3": 1.3639677355522666,
    "4": 1.591906117409049,
    "5": 2.05104978648244,
    "6": 2.1765338667735,
    "7": 2.5833292717103986,
    "8": 2.561817702612843,
    "9": 2.7500543734448613,
    "10": 3.150050230042026,
    "11": 3.211458432981855,
    "12": 3.1585843266147293,
    "13": 3.698411768018717,
    "14": 3.6621102622498407,
    "15": 3.7521349878048462,
    "16": 3.9757139137052393,
    "17": 3.8657109962458285,
    "18": 3.6842106441105322,
    "19": 3.341731675123951,
    "20": 3.129304765127327,
    "21": 3.0705664865735223,
    "22": 2.914882011642958,
    "23": 2.865698665103017,
    "24": 2.7577245757495907,
    "25": 2.721525370964403,
    "26": 2.724114400074744,
    "27": 2.7255088777420022,
    "28": 2.700546447943747,
    "29": 2.7122643470983614,
    "30": 2.6655326465060782,
    "31": 2.6027618570759263,
    "32": 2.6386633805689588,
    "33": 2.630663402774596,
    "34": 2.6703547343589085,
    "35": 2.6570972942914652,
    "36": 2.745400005105837,
    "37": 2.7438582121617006,
    "38": 2.855850821718039,
    "39": 2.9668839473243795,
    "40": 2.923742139831907
}