{
    "0": 0.0,
    "1": 1.098200739014308,
    "2": 1.382556676130834,
    "3": 1.678766002115486,
    "4": 1.9217506201750498,
    "5": 2.160118308193216,
    "6": 2.4004251157177388,
    "7": 2.7285343180079336,
    "8": 2.959047456691111,
    "9": 2.9606004943032374,
    "10": 3.1147258456304203,
    "11": 3.398931708838178,
    "12": 3.6030341956212673,
    "13": 3.7888241679837673,
    "14": 3.9783562184468306,
    "15": 3.8307012189481555,
    "16": 3.785387130660741,
    "17": 3.627841402496346,
    "18": 3.56778098208758,
    "19": 3.4451227210951765,
    "20": 3.2865794277082534,
    "21": 3.0801935161538316,
    "22": 3.0691441688328798,
    "23": 3.0010850411767542,
    "24": 2.9515019907253865,
    "25": 2.9818854328196527,
    "26": 2.968992388083477,
    "27": 2.9812539710360415,
    "28": 2.9996021045247745,
    "29": 3.0159647867548047,
    "30": 3.0468335091112784,
    "31": 3.0269112471765673,
    "32": 3.0666272637638032,
    "33": 3.1961092821726096,
    "34": 3.2379630102156,
    "35": 3.296254909587628,
    "36": 3.342673165471861,
    "37": 3.575809263475231,
    "38": 3.699220649815535,
    "39": 4.2198488161915275,
    "40": 4.454839455250566
}