{
    "0": NaN,
    "1": 2.5899197152226763,
    "2": 2.7586084003838263,
    "3": 2.8723846758612543,
    "4": 3.1253107459562335,
    "5": 3.3569977973654725,
    "6": 3.438272627333035,
    "7": 3.8901190149554425,
    "8": 4.0309838367372,
    "9": 4.266624038644659,
    "10": 4.477446120308047,
    "11": 4.460359746862881,
    "12": 4.4302547396044725,
    "13": 3.930215777017196,
    "14": 3.8744947962339524,
    "15": 4.020300097965372,
    "16": 4.4902884829704055,
    "17": 4.087068119724,
    "18": 4.129453837821549,
    "19": 4.271818381627315,
    "20": 4.6521162623939505,
    "21": 4.721132561400824,
    "22": 5.065928485032752,
    "23": 4.974547409915966,
    "24": 5.046262293498245,
    "25": 5.001235319394367,
    "26": 5.145859791259714,
    "27": 5.218680827990402,
    "28": 5.284098049122159,
    "29": 5.1354191973713945,
    "30": 4.875194756053657,
    "31": 4.979835701771458,
    "32": 4.930158588445841,
    "33": 4.890429191201032,
    "34": 5.01713639209051,
    "35": 4.885834954765416,
    "36": 5.0340401682914235,
    "37": 5.14981689372793,
    "38": 5.2861189224368275,
    "39": 5.27638278778718,
    "40": 5.004531498142767,
    "41": 4.998285409256157,
    "42": 5.066948647856511,
    "43": 4.864085681605482,
    "44": 4.687376027965998,
    "45": 4.471373199930523,
    "46": 4.371160900358272,
    "47": 4.135032434810545,
    "48": 4.028250219701037,
    "49": 4.042745693870773,
    "50": 3.8335115926910563,
    "51": 3.9173226477487577,
    "52": 3.8460254065667003,
    "53": 3.854420759834651,
    "54": 3.793337328322552,
    "55": 3.882824216401851,
    "56": 3.744281568232131,
    "57": 3.825219480625195,
    "58": 3.7557369471511044,
    "59": 3.802897825586437,
    "60": 3.7506605940421194,
    "61": 3.785676225119045,
    "62": 3.6841492441878643,
    "63": 3.719689235048744,
    "64": 3.7069575675673256,
    "65": 3.6941697896367973,
    "66": 3.6870912133562843,
    "67": 3.6271827188674743,
    "68": 3.635732709378337,
    "69": 3.5900930277150036,
    "70": 3.5395165478896784,
    "71": 3.643504504305051,
    "72": 3.4592550018217865,
    "73": 3.347491852410142,
    "74": 3.301941684111486,
    "75": 3.4557188143880913,
    "76": 3.3488450369911003,
    "77": 3.475287790042277,
    "78": 3.56917105303551,
    "79": 3.4296791894059266,
    "80": 2.203319116047057
}