{
    "0": NaN,
    "1": 2.040890298092172,
    "2": 2.5746121732453293,
    "3": 3.028020385625232,
    "4": 3.465118302275703,
    "5": 3.5547704690525994,
    "6": 3.5329772617967503,
    "7": 3.471033506215597,
    "8": 4.01817127652381,
    "9": 4.247120651453236,
    "10": 4.3077608270289565,
    "11": 4.307063839931117,
    "12": 4.116220292941533,
    "13": 4.047061757118034,
    "14": 3.948746595222602,
    "15": 3.870953030925466,
    "16": 3.6331815721325946,
    "17": 3.5748072250616745,
    "18": 3.3611635969267,
    "19": 3.2178011572814613,
    "20": 3.0570688719563575,
    "21": 3.0095557861739373,
    "22": 2.9298874326453914,
    "23": 2.9094372016858565,
    "24": 2.89613480939154,
    "25": 2.888170646123145,
    "26": 2.8530175717800765,
    "27": 2.882308113612934,
    "28": 2.9118972308815114,
    "29": 2.9250736738168412,
    "30": 3.0201667274372044,
    "31": 2.9927259730894304,
    "32": 3.023645755630798,
    "33": 2.991302182199013,
    "34": 3.0391534483996003,
    "35": 3.036029490763939,
    "36": 3.0816569239127367,
    "37": 3.213387216352813,
    "38": 3.212496730515983,
    "39": 3.3091641307184934,
    "40": 3.220554245194623,
    "41": 3.2867596567037896,
    "42": 3.366378186576168,
    "43": 3.544273925514966,
    "44": 3.51474061943041,
    "45": 4.295384409052244,
    "46": 4.432696993185142,
    "47": 4.628988171235701,
    "48": 4.707153427701658,
    "49": 4.779595057504016,
    "50": 4.485911586170308,
    "51": 4.83523934842295,
    "52": 4.860827696337126,
    "53": 5.017365846991339,
    "54": 4.980527782654101,
    "55": 5.099939329243466,
    "56": 5.118598777360589,
    "57": 5.1182765917396695,
    "58": 5.2179880504737515,
    "59": 5.267930944678386,
    "60": 5.379638224644967,
    "61": 5.326228534479262,
    "62": 5.3056684660507125,
    "63": 5.302741712179264,
    "64": 5.332489190111268,
    "65": 5.520900258799454,
    "66": 5.455426664280429,
    "67": 5.596198880073927,
    "68": 5.456044657639037,
    "69": 5.6004414957989725,
    "70": 5.75433200518472,
    "71": 5.643144799441639,
    "72": 5.859205406903055,
    "73": 5.72602426121877,
    "74": 5.874324583894542,
    "75": 6.080916342998157,
    "76": 6.281392580357613,
    "77": 6.302737801272486,
    "78": 6.259690448355028,
    "79": 5.710826227425177,
    "80": 4.1708891900652
}