{
    "0": 0.0,
    "1": 0.9684523321226762,
    "2": 1.3133141673124331,
    "3": 1.429848294550579,
    "4": 1.6206895096539748,
    "5": 1.8035827802653535,
    "6": 1.828508072364725,
    "7": 2.0362895222659527,
    "8": 2.093333134712559,
    "9": 2.1624610026856264,
    "10": 2.291369385861612,
    "11": 2.3325993551935524,
    "12": 2.316024868911102,
    "13": 2.3304829796344726,
    "14": 2.4287074333702647,
    "15": 2.305133542739847,
    "16": 2.4168903121532925,
    "17": 2.3437978915641438,
    "18": 2.3657296421001774,
    "19": 2.2271402757611307,
    "20": 2.136989213215221,
    "21": 2.072969233342811,
    "22": 2.188586072711067,
    "23": 2.2537792633142235,
    "24": 2.1721284453558236,
    "25": 2.2309062120963703,
    "26": 2.266745566926418,
    "27": 2.351176102271605,
    "28": 2.3227940483504215,
    "29": 2.40310679514704,
    "30": 2.380900059681709,
    "31": 2.386784933497559,
    "32": 2.4163607166455963,
    "33": 2.534939283178402,
    "34": 2.557968982514655,
    "35": 2.6402431407232814,
    "36": 2.6952893303806555,
    "37": 2.8469004164895435,
    "38": 3.0095079052406146,
    "39": 3.2121394767729594,
    "40": 3.178470960641774
}