{
    "0": 0.0,
    "1": 0.9646032527370559,
    "2": 1.379331621325634,
    "3": 1.471215058254206,
    "4": 1.6441377205023378,
    "5": 1.8341261520267842,
    "6": 1.9237102378478377,
    "7": 2.0827753182332285,
    "8": 2.1038360063285237,
    "9": 2.1935055979276012,
    "10": 2.2827841605931654,
    "11": 2.2690473324945226,
    "12": 2.2785598053185496,
    "13": 2.335085778232271,
    "14": 2.418985900343243,
    "15": 2.27771183669071,
    "16": 2.3734201270033792,
    "17": 2.262986765845608,
    "18": 2.2558722100800286,
    "19": 2.1019394660236914,
    "20": 2.00938469459528,
    "21": 1.9625532944098478,
    "22": 2.058348706958827,
    "23": 2.102791451133324,
    "24": 2.049932876923739,
    "25": 2.1232249138510086,
    "26": 2.113545449590815,
    "27": 2.197634495874196,
    "28": 2.207088513340835,
    "29": 2.2372653253228125,
    "30": 2.285006810618741,
    "31": 2.2385155826497507,
    "32": 2.283679659226705,
    "33": 2.361777199261231,
    "34": 2.4296223324950903,
    "35": 2.4515800597142325,
    "36": 2.5475121357204467,
    "37": 2.7108262696361023,
    "38": 2.8274123963572526,
    "39": 3.019313215713423,
    "40": 3.0219089321630186
}