{
    "0": 0.0,
    "1": 0.8781379448698685,
    "2": 1.1253064677925873,
    "3": 1.2959236531431995,
    "4": 1.5046872081422062,
    "5": 1.9092450823812073,
    "6": 2.0396884334942573,
    "7": 2.4164655853241315,
    "8": 2.384981098590683,
    "9": 2.5229330912023222,
    "10": 2.7871240585257504,
    "11": 2.816328788773505,
    "12": 2.887987019615478,
    "13": 3.3518756775601135,
    "14": 3.374784792133785,
    "15": 3.3745494427377873,
    "16": 3.6665748300708074,
    "17": 3.5217472278535946,
    "18": 3.44608848320723,
    "19": 3.140539483694371,
    "20": 2.8804302415811973,
    "21": 2.7097147948752136,
    "22": 2.6143203413636424,
    "23": 2.5877724483988866,
    "24": 2.489484916266603,
    "25": 2.43396485139622,
    "26": 2.3805646330894796,
    "27": 2.3878276290565887,
    "28": 2.3791989023125804,
    "29": 2.3730167020305934,
    "30": 2.3528266823622817,
    "31": 2.317517634071925,
    "32": 2.3564523179244627,
    "33": 2.335499478487539,
    "34": 2.34589881251178,
    "35": 2.354444733511505,
    "36": 2.3859698065160733,
    "37": 2.440352635311166,
    "38": 2.509912993137271,
    "39": 2.6105701446666654,
    "40": 2.6441510455379156
}