{
    "0": NaN,
    "1": 2.9089387983833412,
    "2": 3.387535442391364,
    "3": 4.141202818060824,
    "4": 3.859098673727671,
    "5": 3.8378747467670573,
    "6": 3.917448096997074,
    "7": 4.678703938133835,
    "8": 4.3336745704137165,
    "9": 4.039751985561132,
    "10": 4.13409467194432,
    "11": 4.331674153057963,
    "12": 4.373345482592743,
    "13": 4.26123943323714,
    "14": 3.625925372945437,
    "15": 4.265161271904562,
    "16": 4.4893333774242645,
    "17": 4.679642607435142,
    "18": 3.729366752195999,
    "19": 3.4468593749387706,
    "20": 3.309645556262504,
    "21": 3.2606774276884263,
    "22": 3.3331113873758214,
    "23": 3.246351286110901,
    "24": 3.3316221971270443,
    "25": 3.283219331522598,
    "26": 3.4009569341625783,
    "27": 3.506742903928305,
    "28": 3.2472249809910054,
    "29": 3.3389775184574177,
    "30": 3.3199005272102444,
    "31": 3.338805326481804,
    "32": 3.39106211062564,
    "33": 3.5549739678447048,
    "34": 3.614623757020802,
    "35": 3.643502798792372,
    "36": 3.66860154276763,
    "37": 3.7811077927671857,
    "38": 3.7947025497381226,
    "39": 4.071172801980675,
    "40": 4.319338501130894
}