{
    "0": 0.0,
    "1": 0.9038922648104466,
    "2": 1.2867882876989143,
    "3": 1.4702501383828823,
    "4": 1.7649539730180295,
    "5": 2.266109899729584,
    "6": 2.4798721997773967,
    "7": 2.676235636699296,
    "8": 2.8409472964623808,
    "9": 2.9863217244458333,
    "10": 3.0101081721130867,
    "11": 3.029492698715386,
    "12": 3.0355128303273764,
    "13": 3.4125779033205337,
    "14": 3.2817156079004723,
    "15": 3.474734795729607,
    "16": 3.5919865516664014,
    "17": 3.542094886649667,
    "18": 3.645647635462553,
    "19": 3.399832933867193,
    "20": 3.2581298757255306,
    "21": 3.255172159703055,
    "22": 3.135878279683937,
    "23": 3.117080661618806,
    "24": 2.960070017761666,
    "25": 2.9028240193256045,
    "26": 2.8970384300249834,
    "27": 2.8811323233809243,
    "28": 2.9223888318055207,
    "29": 2.9302955565613042,
    "30": 2.926479638771387,
    "31": 2.9335968617752193,
    "32": 2.9787393521038696,
    "33": 3.0205156841258862,
    "34": 3.0495900374534375,
    "35": 3.0988981304774534,
    "36": 3.1410284977632927,
    "37": 3.3011268058134458,
    "38": 3.463908811575268,
    "39": 3.667096453466455,
    "40": 3.656432833029368
}