{
    "0": 0.0,
    "1": 0.9520009677931484,
    "2": 1.181785028589138,
    "3": 1.329193245389259,
    "4": 1.6359200546773656,
    "5": 1.7922460344954423,
    "6": 1.8091897825131145,
    "7": 1.9668371774829796,
    "8": 2.207686208172045,
    "9": 2.175423610476727,
    "10": 2.1880647917646994,
    "11": 2.2036945848935674,
    "12": 2.125356090973383,
    "13": 2.153136886082132,
    "14": 2.1597719651599365,
    "15": 2.32054917447359,
    "16": 2.4477441235500357,
    "17": 2.4180165024667692,
    "18": 2.4150438936635257,
    "19": 2.3964330958916986,
    "20": 2.418069604093344,
    "21": 2.47922264192457,
    "22": 2.7295461883788383,
    "23": 2.843294171468297,
    "24": 2.7715086008745033,
    "25": 2.902867946553104,
    "26": 2.978555694173545,
    "27": 3.1070560024611016,
    "28": 3.1545324948726456,
    "29": 3.275344163380066,
    "30": 3.2501052006640627,
    "31": 3.3258861507703283,
    "32": 3.3520835063848464,
    "33": 3.463606303494726,
    "34": 3.451024860492259,
    "35": 3.5290976657088695,
    "36": 3.567698934239158,
    "37": 3.6485973547022064,
    "38": 3.7309341177168975,
    "39": 3.830499083997698,
    "40": 3.8465111449340688
}