{
    "0": NaN,
    "1": 1.7996643206106493,
    "2": 2.3864050560180834,
    "3": 3.0807987265484345,
    "4": 2.7086300718573315,
    "5": 2.701563791392725,
    "6": 2.706334442947627,
    "7": 2.7640849289654117,
    "8": 2.674637411382656,
    "9": 2.5359003462950565,
    "10": 2.699789684275827,
    "11": 2.7584537858159233,
    "12": 2.7089146141963045,
    "13": 2.5914277189010537,
    "14": 2.5629130991498985,
    "15": 2.6122775640973184,
    "16": 2.4998079283245045,
    "17": 2.369267997900329,
    "18": 2.26278921553556,
    "19": 2.1851017339917593,
    "20": 1.9043429581321079,
    "21": 1.8516889306592075,
    "22": 1.769766806590641,
    "23": 1.8703483489835337,
    "24": 1.85988551504543,
    "25": 1.9221081918010285,
    "26": 1.9267857942683262,
    "27": 1.986788277885864,
    "28": 2.005861568610798,
    "29": 2.024073896286378,
    "30": 2.045024741028405,
    "31": 2.093707960445614,
    "32": 2.07852268826175,
    "33": 2.1212975607895705,
    "34": 2.1265180046693217,
    "35": 2.1326131937283885,
    "36": 2.098147068894015,
    "37": 2.1701487733038283,
    "38": 2.119531070390667,
    "39": 2.309597212707789,
    "40": 2.4456576202106475
}