{
    "0": 0.0,
    "1": 1.1086590417453936,
    "2": 1.5812685564503852,
    "3": 1.8545931736364936,
    "4": 2.1004857245282555,
    "5": 2.44751625232326,
    "6": 2.3911977719916124,
    "7": 2.6438884420609394,
    "8": 3.0058834475576885,
    "9": 3.067395851033869,
    "10": 3.1960102383130735,
    "11": 3.494968511260961,
    "12": 3.5437065966550074,
    "13": 3.551796210716887,
    "14": 3.506979095448447,
    "15": 3.3745353193750804,
    "16": 3.1794993677704544,
    "17": 3.0232791769998495,
    "18": 2.9272424411451383,
    "19": 2.8984324692674517,
    "20": 2.8308327160360776,
    "21": 2.8003471489228042,
    "22": 2.8515164924574083,
    "23": 2.912525154392958,
    "24": 2.9011102747471122,
    "25": 3.0077469195514746,
    "26": 3.1208173741425655,
    "27": 3.256368959399727,
    "28": 3.370257464592012,
    "29": 3.5678274953858455,
    "30": 3.838572331513459,
    "31": 3.956782508779796,
    "32": 4.26567360840029
}