{
    "0": NaN,
    "1": 2.651478070973101,
    "2": 2.9241691613944147,
    "3": 3.193964032222464,
    "4": 3.799899769787123,
    "5": 3.831646843479997,
    "6": 3.5390870337264446,
    "7": 3.7583448298377196,
    "8": 4.138378554227184,
    "9": 4.347506309649811,
    "10": 4.453855471142665,
    "11": 4.207727367455042,
    "12": 4.371157165523239,
    "13": 3.6474433102429415,
    "14": 4.140914221718415,
    "15": 4.423869103511109,
    "16": 4.568211407621638,
    "17": 4.612958249433247,
    "18": 4.57205203288335,
    "19": 4.790533285696921,
    "20": 4.994906635509217,
    "21": 4.953725865301525,
    "22": 5.002919554517638,
    "23": 4.843604982310968,
    "24": 4.968842871642467,
    "25": 4.817921971808791,
    "26": 5.128784084695342,
    "27": 5.075688606487156,
    "28": 5.1176045018009795,
    "29": 5.324799651940823,
    "30": 5.042147086713007,
    "31": 4.884027084330649,
    "32": 4.920530674269097,
    "33": 5.087531202060246,
    "34": 5.154339918904547,
    "35": 5.199633542684156,
    "36": 5.347505869137378,
    "37": 5.275799762232546,
    "38": 5.240947807388479,
    "39": 5.165856648737355,
    "40": 4.992966625108462,
    "41": 4.683878257534783,
    "42": 4.753556238140878,
    "43": 4.755677953053693,
    "44": 4.686188042728452,
    "45": 4.547123024101923,
    "46": 4.568172423230579,
    "47": 4.464289580576902,
    "48": 4.488445341405322,
    "49": 4.499268789189939,
    "50": 4.467266635530433,
    "51": 4.636809900553081,
    "52": 4.583861886854251,
    "53": 4.631794270250113,
    "54": 4.70295988078177,
    "55": 4.716812651958883,
    "56": 4.607569811150684,
    "57": 4.750175247457299,
    "58": 4.6627366029155946,
    "59": 4.640373389362226,
    "60": 4.615924923904217,
    "61": 4.672370234240995,
    "62": 4.630181548887767,
    "63": 4.7755228658062405,
    "64": 4.631828001156059,
    "65": 4.606986012290208,
    "66": 4.70686998673314,
    "67": 4.690883006487046,
    "68": 4.7460961887391795,
    "69": 4.774777300330274,
    "70": 4.757407043773799,
    "71": 4.805060560752358,
    "72": 4.778739699476785,
    "73": 4.739172318758194,
    "74": 4.765286460262654,
    "75": 4.788944168626698,
    "76": 4.897262284289369,
    "77": 4.874973510229649,
    "78": 4.93341041521761,
    "79": 4.961020015521678,
    "80": 3.898968727948871
}