{
    "0": NaN,
    "1": 2.684485200963326,
    "2": 3.3999448261428755,
    "3": 3.8421169073509343,
    "4": 3.751971416470927,
    "5": 3.6572252878736458,
    "6": 3.571100319105196,
    "7": 3.6117272909981835,
    "8": 3.550122123538424,
    "9": 3.385859908117147,
    "10": 3.766740623809986,
    "11": 3.9340006962738,
    "12": 4.186671147738604,
    "13": 4.3603797399260555,
    "14": 4.331644358235534,
    "15": 4.4109275300380135,
    "16": 4.441995261502492,
    "17": 4.295376881956021,
    "18": 4.091098549283446,
    "19": 3.929252242768968,
    "20": 3.391156031908743,
    "21": 3.194046024880296,
    "22": 2.961772357159921,
    "23": 2.9483557711910966,
    "24": 3.0001952586562326,
    "25": 2.989237111011984,
    "26": 3.030751420178179,
    "27": 2.984126093294454,
    "28": 3.0485834933355473,
    "29": 3.041773295277877,
    "30": 3.0791108804990084,
    "31": 3.0179653895796656,
    "32": 3.0279306553580567,
    "33": 3.0714672151815186,
    "34": 3.0033306644165383,
    "35": 3.083625988875938,
    "36": 3.0472296116547235,
    "37": 3.008554590293146,
    "38": 2.95711171548448,
    "39": 3.3405756117529295,
    "40": 3.1508382085755224
}