{
    "0": 0.0,
    "1": 0.8601674470315736,
    "2": 1.0621493813928473,
    "3": 1.2107613101796797,
    "4": 1.4719236273569827,
    "5": 1.608784310602488,
    "6": 1.6184009622451023,
    "7": 1.7571561144290284,
    "8": 1.9124317452284578,
    "9": 1.9369200638718427,
    "10": 1.9716058420536058,
    "11": 2.068342597225733,
    "12": 1.991242691741632,
    "13": 2.0889836926795486,
    "14": 2.0376843435429683,
    "15": 2.0656976394520563,
    "16": 2.072313965689153,
    "17": 2.0301840905931194,
    "18": 2.021435020700246,
    "19": 1.9423136897011817,
    "20": 1.8842870708041992,
    "21": 1.8703212059451038,
    "22": 1.9105424852756585,
    "23": 2.020013572944534,
    "24": 1.9203983080779816,
    "25": 1.9531710440400565,
    "26": 1.9722468912131423,
    "27": 1.9977519104803243,
    "28": 2.009223568823224,
    "29": 2.0083609811430616,
    "30": 2.0405947077603757,
    "31": 2.0115308549415256,
    "32": 2.047264128391793,
    "33": 2.0834574159928607,
    "34": 2.075814596719708,
    "35": 2.0561361733413808,
    "36": 2.069942938044574,
    "37": 2.1362312078345145,
    "38": 2.223532528592493,
    "39": 2.406793287358756,
    "40": 2.572691029184152
}