{
    "0": NaN,
    "1": 2.766657260292192,
    "2": 3.6612196445305205,
    "3": 3.853131986317633,
    "4": 4.17127683331512,
    "5": 3.9635059144853804,
    "6": 4.227066771633025,
    "7": 4.49311954054572,
    "8": 4.64260232037765,
    "9": 4.537619583058715,
    "10": 4.881226689857992,
    "11": 5.035820295096237,
    "12": 4.672698158263906,
    "13": 5.135379729537357,
    "14": 5.720947563815069,
    "15": 5.787315699744926,
    "16": 6.061243494663793,
    "17": 6.050987798328412,
    "18": 5.883883120990984,
    "19": 5.863050067410665,
    "20": 6.078838445650228,
    "21": 5.545544303427331,
    "22": 4.879547051017521,
    "23": 4.69646895847409,
    "24": 4.466013881162083,
    "25": 4.558335722083281,
    "26": 4.553122636146367,
    "27": 4.838610803992244,
    "28": 4.979927772183362,
    "29": 5.286309036117985,
    "30": 5.63837175573968,
    "31": 6.006211824861909,
    "32": 5.53125437143282
}