{
    "0": 0.0,
    "1": 0.8250373062009767,
    "2": 1.1223900583320818,
    "3": 1.34324484365438,
    "4": 1.9005868511535846,
    "5": 2.305572987810044,
    "6": 2.4644018312841642,
    "7": 2.584908338150553,
    "8": 2.8208561306389277,
    "9": 3.223020909150749,
    "10": 3.2877923165319385,
    "11": 3.1485776947514323,
    "12": 3.254572690469191,
    "13": 3.1974128861669295,
    "14": 3.362510258566027,
    "15": 3.692154348085389,
    "16": 3.8841388628379008,
    "17": 3.8199617045845056,
    "18": 4.010405676623008,
    "19": 4.061876780642976,
    "20": 4.044056959901531,
    "21": 4.080349953918526,
    "22": 4.1075186821961776,
    "23": 3.9196103611579622,
    "24": 3.88572430980752,
    "25": 3.938314883268123,
    "26": 3.8204361321426727,
    "27": 3.8480448969011367,
    "28": 3.8235107476741947,
    "29": 3.843240188272632,
    "30": 3.89186231213216,
    "31": 3.885673694752885,
    "32": 3.8930645442406995,
    "33": 3.959056717143743,
    "34": 4.01590873565939,
    "35": 3.9510519071817414,
    "36": 3.9296126141450185,
    "37": 3.886852806176411,
    "38": 3.8717637786869057,
    "39": 3.6930760950413766,
    "40": 3.700637652913462,
    "41": 3.7160296284819654,
    "42": 3.5082580166074497,
    "43": 3.440404410464158,
    "44": 3.290824999224999,
    "45": 3.3568026769174315,
    "46": 3.299657027468085,
    "47": 3.311899482214871,
    "48": 3.2800196270708932,
    "49": 3.350776793482257,
    "50": 3.3040663847661818,
    "51": 3.3321853588504107,
    "52": 3.2763446330113233,
    "53": 3.229003851528457,
    "54": 3.296202530298427,
    "55": 3.2705857173768695,
    "56": 3.2896102747272264,
    "57": 3.256361945639008,
    "58": 3.279659345947742,
    "59": 3.266570488207902,
    "60": 3.2819681359405184,
    "61": 3.261661215994813,
    "62": 3.2253142392317002,
    "63": 3.2368070971489082,
    "64": 3.20336564973275,
    "65": 3.2824899751302272,
    "66": 3.236760740187188,
    "67": 3.2922375109332047,
    "68": 3.2542878059647227,
    "69": 3.2560159666126545,
    "70": 3.2943587173598163,
    "71": 3.325163387471638,
    "72": 3.26979021941472,
    "73": 3.3116649895760806,
    "74": 3.322405219657181,
    "75": 3.3603129017937468,
    "76": 3.4771397816517786,
    "77": 3.689133118088823,
    "78": 3.9020033874182207,
    "79": 3.84356672180124,
    "80": 2.879117770883845
}