{
    "0": NaN,
    "1": 2.7404597009202853,
    "2": 3.703856909634734,
    "3": 3.7240448465099036,
    "4": 3.839901202771564,
    "5": 3.780898090642002,
    "6": 3.6254501832150194,
    "7": 3.812932830630902,
    "8": 3.719292348216984,
    "9": 3.574891852559955,
    "10": 3.501528589227332,
    "11": 3.7827877403893413,
    "12": 3.4738963877546047,
    "13": 3.6272215288582594,
    "14": 3.725152228470262,
    "15": 3.5878098383668426,
    "16": 3.6176450335167583,
    "17": 3.288954056695542,
    "18": 2.9125746344574157,
    "19": 2.9147961897617076,
    "20": 2.7647723951524594,
    "21": 2.6403957238001796,
    "22": 2.5919539523123816,
    "23": 2.6696265089988422,
    "24": 2.5903440743077204,
    "25": 2.5720609434369286,
    "26": 2.5189801941536487,
    "27": 2.4916942978683068,
    "28": 2.508750949049453,
    "29": 2.5074828373744302,
    "30": 2.4256077573759374,
    "31": 2.494262531517533,
    "32": 1.5514437767396123
}