{
    "0": 0.0,
    "1": 0.8333023401964825,
    "2": 1.167362184424602,
    "3": 1.350444387243439,
    "4": 1.5634592680777164,
    "5": 2.092913783391913,
    "6": 2.1839409400994616,
    "7": 2.4310325690497794,
    "8": 2.3768146416131537,
    "9": 2.4381987735018007,
    "10": 2.5065826419738624,
    "11": 2.558952844590736,
    "12": 2.558007322574025,
    "13": 2.7545084333567336,
    "14": 2.8705339694266634,
    "15": 2.9535823746899976,
    "16": 3.08151836829678,
    "17": 3.123192275726218,
    "18": 3.144070572443318,
    "19": 3.02687538876022,
    "20": 2.905881304036431,
    "21": 2.904668829247061,
    "22": 2.841297507419359,
    "23": 2.8105690465985815,
    "24": 2.747757328218994,
    "25": 2.6493366868257064,
    "26": 2.729393271112643,
    "27": 2.6700923059093116,
    "28": 2.7305109663735587,
    "29": 2.7273116826372608,
    "30": 2.748040165987004,
    "31": 2.744666446269454,
    "32": 2.6724823173012284,
    "33": 2.701704155719755,
    "34": 2.7533157425004724,
    "35": 2.781538592285121,
    "36": 2.833952060337731,
    "37": 2.9173314809057778,
    "38": 2.973544989560229,
    "39": 3.1761254937465524,
    "40": 3.205064347153948
}