{
    "0": NaN,
    "1": 2.6274281627106744,
    "2": 3.2281668300569026,
    "3": 3.8282974397056035,
    "4": 3.4083387375128007,
    "5": 3.6855535049271895,
    "6": 3.7291854360242898,
    "7": 4.210443311036848,
    "8": 4.061840601715143,
    "9": 4.0361894009825035,
    "10": 3.9221482996191233,
    "11": 3.9018829335928356,
    "12": 3.5471534744936664,
    "13": 3.641635714189819,
    "14": 3.6184948348108184,
    "15": 3.773908681138036,
    "16": 4.037133730573891,
    "17": 3.7496094156617885,
    "18": 3.8157163708664807,
    "19": 3.597138267484719,
    "20": 3.557676976182848,
    "21": 3.566999383584337,
    "22": 3.5687438276815633,
    "23": 3.458831443049824,
    "24": 3.524642631028714,
    "25": 3.503000133348773,
    "26": 3.5650265217279933,
    "27": 3.534546745105962,
    "28": 3.5730038954268557,
    "29": 3.589965936418984,
    "30": 3.569533411159972,
    "31": 3.5631931475974388,
    "32": 3.528367157654203,
    "33": 3.843353530389826,
    "34": 3.7497902309461195,
    "35": 4.06813285538337,
    "36": 4.069174220642435,
    "37": 4.212151852448124,
    "38": 4.535183565220171,
    "39": 4.782344573751298,
    "40": 5.232282217220879
}