{
    "0": 0.0,
    "1": 0.8003136192146824,
    "2": 1.0571659384131757,
    "3": 1.177056280608455,
    "4": 1.3059223420855313,
    "5": 1.7580395367768284,
    "6": 1.8752616597971217,
    "7": 2.1381532224335205,
    "8": 2.1396439638399856,
    "9": 2.283093499308125,
    "10": 2.42795764732585,
    "11": 2.5084526459816705,
    "12": 2.542284306526241,
    "13": 3.17224557753254,
    "14": 3.179870350762569,
    "15": 3.395973589570081,
    "16": 3.7125225577574494,
    "17": 3.643740205620945,
    "18": 3.5867944171558075,
    "19": 3.241707019187957,
    "20": 3.0292066935283817,
    "21": 2.8504890953890687,
    "22": 2.675496159702815,
    "23": 2.6666021666678317,
    "24": 2.579485675839745,
    "25": 2.4966263092556167,
    "26": 2.528877594132703,
    "27": 2.5046117875891407,
    "28": 2.510951143940314,
    "29": 2.5206403962565336,
    "30": 2.514312989972497,
    "31": 2.468688248280364,
    "32": 2.506298037477127,
    "33": 2.4898075176961445,
    "34": 2.468803622230655,
    "35": 2.4766007243319037,
    "36": 2.530130097081027,
    "37": 2.631312096248419,
    "38": 2.6661873150560536,
    "39": 2.826753209237154,
    "40": 2.784362687969098
}