{
    "0": NaN,
    "1": 1.8387452469065608,
    "2": 2.3251531608019973,
    "3": 2.7656832181186295,
    "4": 2.5397473037171263,
    "5": 2.6961725554767804,
    "6": 2.696668181839842,
    "7": 2.8369202106396347,
    "8": 2.762292355009103,
    "9": 2.5984014551377346,
    "10": 2.8773040441071775,
    "11": 2.881291365155471,
    "12": 2.951382032003946,
    "13": 2.92536275117465,
    "14": 2.98750835186962,
    "15": 2.987241963662119,
    "16": 2.8701876204797587,
    "17": 2.894460938453989,
    "18": 2.7128276432948377,
    "19": 2.663445454214096,
    "20": 2.440327659486599,
    "21": 2.351050785242585,
    "22": 2.3783787783712316,
    "23": 2.455306095407431,
    "24": 2.480638510648636,
    "25": 2.5273705716460992,
    "26": 2.5714329972365935,
    "27": 2.6479177465525456,
    "28": 2.6954687332950638,
    "29": 2.7646381443736416,
    "30": 2.8061013738702614,
    "31": 2.833392327860937,
    "32": 2.909863692630371,
    "33": 3.034334908711435,
    "34": 3.0280348686427967,
    "35": 3.062753020392466,
    "36": 3.126694304544968,
    "37": 3.2304552320486355,
    "38": 3.218160100821239,
    "39": 3.51285303078578,
    "40": 3.7654216543858157
}