{
    "0": 0.0,
    "1": 0.8847617419574062,
    "2": 1.2134768208013846,
    "3": 1.3493253956271607,
    "4": 1.5670878832608703,
    "5": 2.0728308667030912,
    "6": 2.123519385048009,
    "7": 2.227516292753951,
    "8": 2.3506868420920335,
    "9": 2.350580255217735,
    "10": 2.3646651118526494,
    "11": 2.4128425144606402,
    "12": 2.4911561698641678,
    "13": 2.6555332899479223,
    "14": 2.750475914360857,
    "15": 2.881865324368032,
    "16": 2.9245163474170117,
    "17": 2.9366951952819265,
    "18": 2.8955384522894345,
    "19": 2.7400840710909584,
    "20": 2.663212529132617,
    "21": 2.591532178759185,
    "22": 2.623759476601742,
    "23": 2.600836353983681,
    "24": 2.4552370015556875,
    "25": 2.5077254151790704,
    "26": 2.5036120511787807,
    "27": 2.50409565920073,
    "28": 2.5291638991301832,
    "29": 2.591511800726481,
    "30": 2.5607635060339122,
    "31": 2.5250964124768953,
    "32": 2.4751543736960815,
    "33": 2.5550896806363252,
    "34": 2.5936568263872295,
    "35": 2.6723081239740174,
    "36": 2.6920746871890384,
    "37": 2.8416506648840922,
    "38": 2.9320498312747465,
    "39": 3.1436777631619477,
    "40": 3.217056108633088
}