{
    "0": 0.0,
    "1": 0.8812063561562099,
    "2": 1.221353514808498,
    "3": 1.3793502415130414,
    "4": 1.4924537301236072,
    "5": 1.7525436698303558,
    "6": 1.7803779161064388,
    "7": 1.8713626083656358,
    "8": 1.9095199516148647,
    "9": 1.9212838056424073,
    "10": 1.9803415207496382,
    "11": 1.965904349785725,
    "12": 1.9605563250074658,
    "13": 2.065888710428864,
    "14": 2.1000338350647465,
    "15": 2.064642425844355,
    "16": 2.075101483007242,
    "17": 2.094734413740984,
    "18": 2.1248061386451274,
    "19": 2.0277574054057768,
    "20": 1.9976633708087999,
    "21": 1.9581330607850544,
    "22": 1.994463173551862,
    "23": 2.0889681416727517,
    "24": 2.0509366686374486,
    "25": 2.039677954908202,
    "26": 2.106571920573171,
    "27": 2.1042386071109696,
    "28": 2.1148150515045896,
    "29": 2.1541719482205646,
    "30": 2.165522035176604,
    "31": 2.137438579390341,
    "32": 2.1145095099222053,
    "33": 2.1499686631476016,
    "34": 2.169374818024876,
    "35": 2.2464060816242424,
    "36": 2.318017477853971,
    "37": 2.370406550104623,
    "38": 2.4683721565259726,
    "39": 2.5987845557979545,
    "40": 2.677290535790267
}