{
    "0": 0.0,
    "1": 0.8773017380911758,
    "2": 1.1288059941623387,
    "3": 1.2718946533943396,
    "4": 1.4789633755299882,
    "5": 1.8912241872164621,
    "6": 2.019896640658773,
    "7": 2.392655792168747,
    "8": 2.3945833696692422,
    "9": 2.5416588557406934,
    "10": 2.8502313599157483,
    "11": 2.8457500402568776,
    "12": 2.8813241525559024,
    "13": 3.360978855251328,
    "14": 3.350483623414431,
    "15": 3.374511534802751,
    "16": 3.7603264109587737,
    "17": 3.527084503938779,
    "18": 3.4833922339413643,
    "19": 3.10323434029496,
    "20": 2.938094678047088,
    "21": 2.751036475322988,
    "22": 2.6421550817209316,
    "23": 2.5635258188939494,
    "24": 2.4821895133818623,
    "25": 2.4351923798467956,
    "26": 2.3820271685745458,
    "27": 2.398451998339248,
    "28": 2.403243674002044,
    "29": 2.399677380864428,
    "30": 2.380661003942104,
    "31": 2.329545039112335,
    "32": 2.3477405591898686,
    "33": 2.368670154270145,
    "34": 2.3549047736123225,
    "35": 2.3602922787768357,
    "36": 2.404116727333341,
    "37": 2.4792690656285643,
    "38": 2.5493313242779205,
    "39": 2.629987929177406,
    "40": 2.6293855182550407
}