{
    "0": 0.0,
    "1": 0.7104772498781584,
    "2": 0.9571641664009692,
    "3": 1.1511200663765242,
    "4": 1.4433653189169109,
    "5": 1.9005274743424483,
    "6": 2.1195264928542175,
    "7": 2.278490976089056,
    "8": 2.424580549246645,
    "9": 2.7787688906279167,
    "10": 2.906715269962508,
    "11": 3.005630660646071,
    "12": 3.065126284405837,
    "13": 3.067949911211289,
    "14": 3.1797203293083,
    "15": 3.3625081052904684,
    "16": 3.403472082699484,
    "17": 3.478475148304443,
    "18": 3.6607004837507486,
    "19": 3.8414398326986126,
    "20": 3.8716239809190967,
    "21": 4.157583527258203,
    "22": 4.333777969065436,
    "23": 4.146573421745075,
    "24": 4.07674832080201,
    "25": 4.037851954027392,
    "26": 4.038420053698512,
    "27": 4.039809798198774,
    "28": 4.030171569328793,
    "29": 4.125621751092499,
    "30": 4.142024290433687,
    "31": 4.186126979644286,
    "32": 4.378876819516514,
    "33": 4.535457958030485,
    "34": 4.569404809482916,
    "35": 4.446935842906392,
    "36": 4.367943627211974,
    "37": 4.302396571580788,
    "38": 4.318626721361609,
    "39": 4.227970148034285,
    "40": 4.121473838296739,
    "41": 4.05458873556795,
    "42": 3.593872406975325,
    "43": 3.549128591570742,
    "44": 3.3594119537557723,
    "45": 3.34688015707049,
    "46": 3.2700316924163375,
    "47": 3.1750820599827225,
    "48": 3.1615491930631885,
    "49": 3.0827189191180717,
    "50": 3.085212597486393,
    "51": 3.0616196828721076,
    "52": 2.9761568812339543,
    "53": 3.0000185488184323,
    "54": 2.957865786804076,
    "55": 2.947681134836932,
    "56": 2.9898268031988717,
    "57": 2.9585849125072263,
    "58": 2.9619144941019186,
    "59": 2.964358422294408,
    "60": 2.989619816664946,
    "61": 2.929583446000225,
    "62": 2.990038962891215,
    "63": 2.996812534671917,
    "64": 2.9855770448074805,
    "65": 2.989390146235474,
    "66": 3.0022818532482436,
    "67": 2.9559257978701114,
    "68": 3.0020087990733977,
    "69": 3.005354976233435,
    "70": 3.015216904291239,
    "71": 3.0740776275851305,
    "72": 3.059523308378775,
    "73": 3.032547782435546,
    "74": 2.9971793809289777,
    "75": 2.9903225794029478,
    "76": 3.0344935354251534,
    "77": 3.1283137252613518,
    "78": 3.1777839631910436,
    "79": 3.2089659803029997,
    "80": 3.013639092197422
}