{
    "0": 0.0,
    "1": 0.8899492170506454,
    "2": 1.0985389431397148,
    "3": 1.1769575701436519,
    "4": 1.3839738522622373,
    "5": 1.4688903305543834,
    "6": 1.453159341279704,
    "7": 1.5460810022451994,
    "8": 1.7152901190980356,
    "9": 1.7778966510952678,
    "10": 1.8464240166342756,
    "11": 1.9297981771661388,
    "12": 1.9517102668304076,
    "13": 2.040088115806712,
    "14": 2.0359441008621815,
    "15": 2.1484339415908575,
    "16": 2.1142539949629344,
    "17": 2.1223241359974185,
    "18": 2.050554313144522,
    "19": 2.012587686635557,
    "20": 1.9599796407627448,
    "21": 1.963065777183717,
    "22": 2.0023245578033704,
    "23": 2.0330983209479716,
    "24": 1.9624333161234833,
    "25": 2.0070417225784767,
    "26": 2.060040229328576,
    "27": 2.0931296470849223,
    "28": 2.120356324480342,
    "29": 2.1370243750366664,
    "30": 2.1760604645044412,
    "31": 2.1595831911667434,
    "32": 2.1206383042850723,
    "33": 2.2001124672042414,
    "34": 2.2386267242605977,
    "35": 2.305393502607685,
    "36": 2.288772288600149,
    "37": 2.404312938144479,
    "38": 2.5692685865025156,
    "39": 2.7728307161835724,
    "40": 2.8825093701412317
}