{
    "0": 0.0,
    "1": 0.9271629145915083,
    "2": 1.3728298490978734,
    "3": 1.63646521333619,
    "4": 2.1015858013920616,
    "5": 2.6872661615901348,
    "6": 2.8347389061366273,
    "7": 3.26446001537957,
    "8": 3.7156909810857583,
    "9": 3.593527480288937,
    "10": 3.6493420059717536,
    "11": 3.650136097308712,
    "12": 3.680225976908576,
    "13": 3.888451424725066,
    "14": 3.921498200168661,
    "15": 4.070747048311888,
    "16": 3.8948667027082915,
    "17": 4.063275133028995,
    "18": 3.92228439423866,
    "19": 3.914294849483164,
    "20": 3.933616253774645,
    "21": 3.94852243049755,
    "22": 4.0246525852496715,
    "23": 4.092316064473009,
    "24": 4.084488690316137,
    "25": 4.13425678386213,
    "26": 4.192665008514046,
    "27": 4.303997038568291,
    "28": 4.37599300690644,
    "29": 4.595414412563503,
    "30": 4.758115810178166,
    "31": 4.82330450397029,
    "32": 5.020939290613251
}