{
    "0": NaN,
    "1": 2.5434900649628154,
    "2": 2.8579656669233002,
    "3": 2.969476504464708,
    "4": 3.4650162308580255,
    "5": 3.90063661558509,
    "6": 3.545367050833369,
    "7": 4.038213506411113,
    "8": 4.188806725958704,
    "9": 4.352906509012973,
    "10": 4.527011813175504,
    "11": 4.3715517101870685,
    "12": 4.170435739737736,
    "13": 3.896734926994393,
    "14": 4.094519652853145,
    "15": 4.528998195879169,
    "16": 4.783051131609082,
    "17": 4.709736209659674,
    "18": 4.722125806289181,
    "19": 4.902042716265499,
    "20": 5.341199003348655,
    "21": 5.551958784586707,
    "22": 5.6893138083494215,
    "23": 5.822179362340709,
    "24": 6.038253638519499,
    "25": 5.981872798595116,
    "26": 6.051277420291227,
    "27": 5.991669899719788,
    "28": 5.875216247483361,
    "29": 5.6292665596059726,
    "30": 5.3736872413461505,
    "31": 5.302575486965808,
    "32": 5.27503952866172,
    "33": 5.387775044172991,
    "34": 5.455802349167118,
    "35": 5.426170746546291,
    "36": 5.614336481523967,
    "37": 5.572858779607621,
    "38": 5.529029682538672,
    "39": 5.490237924803208,
    "40": 5.311739594737582,
    "41": 5.027297238878598,
    "42": 5.016539989359671,
    "43": 4.984427961934051,
    "44": 4.896639473557372,
    "45": 4.453138514975922,
    "46": 4.465953261092566,
    "47": 4.305579709292028,
    "48": 4.157053339449621,
    "49": 4.142704993739448,
    "50": 4.031978719841662,
    "51": 3.9602173113893837,
    "52": 4.043327142959648,
    "53": 4.005579478621984,
    "54": 3.966313616415571,
    "55": 3.975485045663769,
    "56": 3.852544858016607,
    "57": 3.7842001030804444,
    "58": 3.743147378688211,
    "59": 3.7522988867886746,
    "60": 3.7806311313259484,
    "61": 3.702772686045112,
    "62": 3.6691529127202527,
    "63": 3.6333186890803666,
    "64": 3.6769959262940017,
    "65": 3.6667405053606115,
    "66": 3.597426914828195,
    "67": 3.690998691362232,
    "68": 3.7074148530651496,
    "69": 3.618777919678015,
    "70": 3.675495962411605,
    "71": 3.708500059312692,
    "72": 3.7208272583541944,
    "73": 3.7293805622634912,
    "74": 3.7026940885983035,
    "75": 3.768977181702571,
    "76": 3.836840498779927,
    "77": 3.9781609437053187,
    "78": 4.1069395583595165,
    "79": 4.300638777256074,
    "80": 1.964192193241552
}