{
    "0": NaN,
    "1": 2.6571639031503964,
    "2": 3.195445184052097,
    "3": 3.496157437844116,
    "4": 3.393618353038025,
    "5": 3.543598618321741,
    "6": 3.48021784682374,
    "7": 3.799485757928158,
    "8": 3.8653321930224473,
    "9": 3.597123272389882,
    "10": 4.079473954083863,
    "11": 4.262506396847067,
    "12": 3.7742428146665787,
    "13": 3.4336512262905345,
    "14": 3.2932644249038425,
    "15": 3.374027523010535,
    "16": 3.5088665482686143,
    "17": 3.6399191031777054,
    "18": 3.6443613149602005,
    "19": 3.602225939844334,
    "20": 3.5495608923063178,
    "21": 3.5352099188240103,
    "22": 3.4829434037636666,
    "23": 3.626176781512896,
    "24": 3.6638626547713335,
    "25": 3.705251397511837,
    "26": 3.747611630044582,
    "27": 3.866174712280907,
    "28": 3.9443636088015497,
    "29": 4.0559328020107515,
    "30": 4.116830367693207,
    "31": 4.120817650291976,
    "32": 4.1654317076539975,
    "33": 4.342452777403383,
    "34": 4.361981644099669,
    "35": 4.421537527037954,
    "36": 4.438999707634391,
    "37": 4.645942176605822,
    "38": 4.7412923882021465,
    "39": 5.043825383214897,
    "40": 4.9510597285898
}