{
    "0": NaN,
    "1": 1.8725834282094682,
    "2": 2.3434937424281674,
    "3": 3.045751305675754,
    "4": 3.644141853488266,
    "5": 3.7695788508754373,
    "6": 3.7985700569797642,
    "7": 3.114858717448535,
    "8": 3.330653806138673,
    "9": 3.3774814895558753,
    "10": 3.6323993826180354,
    "11": 3.6725885555509796,
    "12": 3.6210506155638003,
    "13": 3.6442702072044337,
    "14": 3.677331319019,
    "15": 3.62952935773356,
    "16": 3.596232093872397,
    "17": 3.670547216138574,
    "18": 3.7524880811034635,
    "19": 3.7454488200106804,
    "20": 3.9590200672650133,
    "21": 3.942825567289227,
    "22": 3.8170538004455676,
    "23": 3.770178563119239,
    "24": 3.7627943967758535,
    "25": 3.725079788812766,
    "26": 3.7707993078363704,
    "27": 3.900380122403005,
    "28": 3.933249587092894,
    "29": 4.217014170309045,
    "30": 4.156380644283622,
    "31": 4.364572937902066,
    "32": 4.338915623038944,
    "33": 4.2733601693048175,
    "34": 4.278443357992178,
    "35": 4.270268616778943,
    "36": 4.3878449600782465,
    "37": 4.238596084561444,
    "38": 4.358776648749092,
    "39": 4.338735816210458,
    "40": 4.331337646643533,
    "41": 4.399263077901098,
    "42": 4.438917907680556,
    "43": 4.451710958350787,
    "44": 4.479044031749957,
    "45": 4.449870970438834,
    "46": 4.359525338952019,
    "47": 4.158465049105688,
    "48": 4.239625688854222,
    "49": 4.132202614757029,
    "50": 4.001900356338359,
    "51": 4.169789765958355,
    "52": 4.1434944037600925,
    "53": 4.449891179284597,
    "54": 4.581162715649077,
    "55": 4.689517733303312,
    "56": 4.618286124337267,
    "57": 4.588082253279068,
    "58": 4.551873054607007,
    "59": 4.759550469000788,
    "60": 4.732725299555324,
    "61": 4.830696523130697,
    "62": 4.768631966789666,
    "63": 4.620868294631244,
    "64": 4.748870016258974,
    "65": 4.652106749593841,
    "66": 4.650251638260382,
    "67": 4.776658361668063,
    "68": 4.796996881407551,
    "69": 4.732279160252646,
    "70": 4.957352232568623,
    "71": 4.977656604829685,
    "72": 4.896833295820125,
    "73": 4.981554571630895,
    "74": 5.209668879878184,
    "75": 5.098667502868693,
    "76": 5.237848953338696,
    "77": 5.377250994767034,
    "78": 5.611776223362784,
    "79": 5.696534390417576,
    "80": 4.68144104268947
}