{
    "0": 0.0,
    "1": 0.7250634942972055,
    "2": 0.9994646889178689,
    "3": 1.2196826190982473,
    "4": 1.532461990888717,
    "5": 1.9445916824730907,
    "6": 2.1664918583424826,
    "7": 2.332246807145669,
    "8": 2.5598848888085985,
    "9": 2.876111353322648,
    "10": 3.085246513689561,
    "11": 3.1534258380236695,
    "12": 3.2521191419077566,
    "13": 3.2520501758158877,
    "14": 3.2265454436030243,
    "15": 3.4659488757667196,
    "16": 3.4584552928419874,
    "17": 3.5753919425247016,
    "18": 3.7843463257927707,
    "19": 3.942634173421899,
    "20": 3.890476213152712,
    "21": 4.09789435122427,
    "22": 4.26778519044743,
    "23": 4.078349791369441,
    "24": 4.020566659688244,
    "25": 4.008273907500873,
    "26": 4.031387845829671,
    "27": 4.043186736121554,
    "28": 4.00779928579284,
    "29": 4.154885008957065,
    "30": 4.169317464348428,
    "31": 4.29102089045376,
    "32": 4.3520103314686285,
    "33": 4.488236517070227,
    "34": 4.620486740270697,
    "35": 4.408732463673528,
    "36": 4.427381366124089,
    "37": 4.244592685170126,
    "38": 4.319257627657331,
    "39": 4.4090283939478985,
    "40": 4.084897983091265,
    "41": 4.100564580229394,
    "42": 3.663220797666464,
    "43": 3.537533272436624,
    "44": 3.3423270246223145,
    "45": 3.2777251243879677,
    "46": 3.215323116888656,
    "47": 3.168636320339621,
    "48": 3.109793683227759,
    "49": 3.005627408709503,
    "50": 3.041708279995548,
    "51": 3.0581263284938087,
    "52": 2.9798170294181183,
    "53": 2.940373954669735,
    "54": 2.897936644980884,
    "55": 2.978694308234414,
    "56": 2.9458754543656,
    "57": 2.9339210797457658,
    "58": 2.99524905927863,
    "59": 2.9641407261970376,
    "60": 2.989883247858336,
    "61": 2.976799280469682,
    "62": 2.996598288680096,
    "63": 2.9582680088365017,
    "64": 3.0238913813901194,
    "65": 3.004082726742407,
    "66": 2.9744159025705197,
    "67": 2.998123601275268,
    "68": 3.021836405322087,
    "69": 3.0035904534717806,
    "70": 3.0303564836512127,
    "71": 3.0810668085196236,
    "72": 2.995397170968103,
    "73": 3.0324849160918927,
    "74": 3.0102100346322085,
    "75": 3.051742332193869,
    "76": 3.0907489090213462,
    "77": 3.16433585929794,
    "78": 3.0639531705232335,
    "79": 2.7972751808083234,
    "80": 2.1688539118003503
}