{
    "0": 0.0,
    "1": 1.0031945313973594,
    "2": 1.196288459645118,
    "3": 1.4614502798313196,
    "4": 1.5386672193258544,
    "5": 1.692361576332736,
    "6": 1.8520198802401435,
    "7": 1.9542393543437113,
    "8": 1.9676273360291787,
    "9": 1.9870539572007244,
    "10": 2.0744385425918135,
    "11": 2.0891716962109483,
    "12": 2.0740495958164704,
    "13": 2.0251384564224626,
    "14": 2.062550941697203,
    "15": 1.9867116938786744,
    "16": 1.9188684550030146,
    "17": 1.9860153188254885,
    "18": 1.9399015786567693,
    "19": 1.9098039945232366,
    "20": 1.9243809687650153,
    "21": 1.8746382496780014,
    "22": 1.8951135409147626,
    "23": 1.881364001454027,
    "24": 1.8838296665440963,
    "25": 1.9290934030301528,
    "26": 1.9793723008070159,
    "27": 2.040205815581272,
    "28": 2.061148092490289,
    "29": 2.143528357851196,
    "30": 2.208185985193712,
    "31": 2.2648706563562637,
    "32": 2.392086042211361
}