{
    "0": NaN,
    "1": 2.976880730123077,
    "2": 3.5456577323725127,
    "3": 4.459913075442316,
    "4": 4.292091730669511,
    "5": 3.946578469269446,
    "6": 3.8203606216813095,
    "7": 4.381074958787342,
    "8": 3.8441577475536413,
    "9": 4.205277968380696,
    "10": 4.365811264975217,
    "11": 4.190119025485843,
    "12": 3.928208468269475,
    "13": 4.650323121787848,
    "14": 4.41330718429911,
    "15": 4.812325839720322,
    "16": 4.9698698205464975,
    "17": 5.43290468270637,
    "18": 4.906043435318944,
    "19": 4.533972616155231,
    "20": 4.423095465174002,
    "21": 4.154517711598583,
    "22": 3.7080666483340665,
    "23": 3.629824213868484,
    "24": 3.6182834472649916,
    "25": 3.437187053427618,
    "26": 3.4572628077751952,
    "27": 3.373379612242063,
    "28": 3.2631465224601803,
    "29": 3.2964782257687655,
    "30": 3.3295114798397454,
    "31": 3.242063748378861,
    "32": 3.217321228867068,
    "33": 3.2924133877944546,
    "34": 3.285497943045898,
    "35": 3.2831109506405123,
    "36": 3.287672179538605,
    "37": 3.369474727610628,
    "38": 3.2455642362491974,
    "39": 3.3257771138907737,
    "40": 3.321091807731702
}