{
    "0": 0.0,
    "1": 0.9555356431964034,
    "2": 1.1877898849515276,
    "3": 1.4430728670856166,
    "4": 1.6079388783026176,
    "5": 1.9301101600176902,
    "6": 2.0103265413121987,
    "7": 2.2423509787933913,
    "8": 2.3385962790757864,
    "9": 2.37870677300943,
    "10": 2.3390474039295617,
    "11": 2.3803930200571193,
    "12": 2.4472626803914497,
    "13": 2.65680060035168,
    "14": 2.7350468504601704,
    "15": 2.728034707697357,
    "16": 2.7019841228526498,
    "17": 2.8197614694032977,
    "18": 2.7195988958328283,
    "19": 2.582352210387793,
    "20": 2.5545959929995243,
    "21": 2.5235253785103606,
    "22": 2.3936349066127485,
    "23": 2.4666754201429937,
    "24": 2.473452223489641,
    "25": 2.562440357661014,
    "26": 2.675850715511405,
    "27": 2.764692378539677,
    "28": 2.8229306576487687,
    "29": 2.9867737704238455,
    "30": 3.1043915614040594,
    "31": 3.1595675498368627,
    "32": 3.298009450748712
}