{
    "0": NaN,
    "1": 2.639730670803976,
    "2": 3.060151375568914,
    "3": 3.7018346592050686,
    "4": 3.6650153216708015,
    "5": 3.8205099601006616,
    "6": 3.983918942136342,
    "7": 4.052288156415816,
    "8": 4.094790525508114,
    "9": 4.079732643350091,
    "10": 3.957464632379198,
    "11": 3.8871371371649417,
    "12": 3.725069322345658,
    "13": 3.8276183310229084,
    "14": 3.9230643989791045,
    "15": 4.125418653686338,
    "16": 3.890043295603547,
    "17": 3.666106213261564,
    "18": 3.9000181770476186,
    "19": 3.9049190066273476,
    "20": 4.05648819628925,
    "21": 4.584865841721377,
    "22": 5.300683120357546,
    "23": 5.3236169759240255,
    "24": 5.5589107500846655,
    "25": 5.418206092370184,
    "26": 5.343534023744022,
    "27": 5.260977335662352,
    "28": 5.352207947423967,
    "29": 5.225822887856342,
    "30": 5.178509228324145,
    "31": 5.226076771217931,
    "32": 5.277710740788204,
    "33": 5.414691735196023,
    "34": 5.598497936942089,
    "35": 5.883833245222655,
    "36": 6.044777482503101,
    "37": 6.447137651016755,
    "38": 6.637399029746301,
    "39": 6.791598660594106,
    "40": 6.216629398153577
}