{
    "0": 0.0,
    "1": 0.9608519168361263,
    "2": 1.0929540931400639,
    "3": 1.2679073407739583,
    "4": 1.354993044746752,
    "5": 1.5727182266436421,
    "6": 1.772416172194234,
    "7": 1.9298302977365638,
    "8": 1.9275074411870852,
    "9": 1.9793934431426337,
    "10": 2.1361870920254358,
    "11": 2.1150250784045292,
    "12": 2.0656461227027143,
    "13": 2.0747100127928997,
    "14": 2.1138271273098073,
    "15": 2.10839037070111,
    "16": 2.0595513142796027,
    "17": 2.0678168839740616,
    "18": 2.0137230126722185,
    "19": 2.0313108649218212,
    "20": 1.9452644037240712,
    "21": 1.9311015654028065,
    "22": 1.9689037899386017,
    "23": 2.03131530300995,
    "24": 2.0227947154995096,
    "25": 2.1649871534254554,
    "26": 2.2630852636583803,
    "27": 2.410792547139596,
    "28": 2.4986593953270257,
    "29": 2.5344493368705168,
    "30": 2.6294546038969506,
    "31": 2.7075899798216896,
    "32": 2.715408433078409
}