{
    "0": 0.0,
    "1": 0.9532889750218947,
    "2": 1.1909009018439287,
    "3": 1.3351126681333265,
    "4": 1.6198774797356892,
    "5": 1.7827336301301293,
    "6": 1.8264842911351913,
    "7": 1.9643659615450293,
    "8": 2.181557676216667,
    "9": 2.2066764550193647,
    "10": 2.194916585187441,
    "11": 2.1679452597731586,
    "12": 2.099692163776405,
    "13": 2.114567478924229,
    "14": 2.158432632019638,
    "15": 2.2780689139914827,
    "16": 2.497898404850035,
    "17": 2.43200984498526,
    "18": 2.4394345625861793,
    "19": 2.43355370095358,
    "20": 2.428098173377468,
    "21": 2.4505175518766635,
    "22": 2.702602569412065,
    "23": 2.7657717832362088,
    "24": 2.7781516059982727,
    "25": 2.881327525760898,
    "26": 2.910532591566107,
    "27": 3.064440066569003,
    "28": 3.1785764603521973,
    "29": 3.2840001973833357,
    "30": 3.297341251244235,
    "31": 3.321135964556655,
    "32": 3.3743788680647104,
    "33": 3.4453185649652465,
    "34": 3.492650755923051,
    "35": 3.5623514323425938,
    "36": 3.597941471300341,
    "37": 3.6745747194671936,
    "38": 3.748871519322206,
    "39": 3.847041087066076,
    "40": 3.86058833485954
}