{
    "0": NaN,
    "1": 2.3038508076717137,
    "2": 2.683666985177902,
    "3": 2.9093705017742946,
    "4": 3.088523732127722,
    "5": 3.3859940350000945,
    "6": 2.899215477424944,
    "7": 3.3574960543659236,
    "8": 3.504580173785541,
    "9": 3.6525706905399615,
    "10": 3.6188567068149746,
    "11": 3.471803042439501,
    "12": 3.4247583941099697,
    "13": 2.973859195509136,
    "14": 3.109733559540585,
    "15": 3.341102560103976,
    "16": 3.447272302496132,
    "17": 3.4917886182632603,
    "18": 3.5271003066905067,
    "19": 3.6823793878482958,
    "20": 3.7964830277751425,
    "21": 3.638321729151167,
    "22": 3.6959173414190425,
    "23": 3.717597071498911,
    "24": 3.781447894574472,
    "25": 3.7620622920248232,
    "26": 3.9710555884135665,
    "27": 3.5035000527952636,
    "28": 3.4526713186061677,
    "29": 3.4637054124707536,
    "30": 3.360642120732505,
    "31": 3.350854572832328,
    "32": 3.2996111356687727,
    "33": 3.293537318290634,
    "34": 3.191048274023571,
    "35": 3.171862919637996,
    "36": 3.1475424511655707,
    "37": 3.1127207259681735,
    "38": 3.0936221761670963,
    "39": 2.9853229811134385,
    "40": 2.9792138718093133,
    "41": 2.835473899951704,
    "42": 2.822487119684885,
    "43": 2.758507783920695,
    "44": 2.7517431825242022,
    "45": 2.8841713126560853,
    "46": 2.9593514380932686,
    "47": 2.8062418389327597,
    "48": 2.8292201614542676,
    "49": 2.8615901642965813,
    "50": 2.7916209220771897,
    "51": 2.780925363438895,
    "52": 2.7817244247628876,
    "53": 2.84486424632674,
    "54": 2.8996746843435663,
    "55": 2.867804139570214,
    "56": 2.885122934655666,
    "57": 2.8966946414484176,
    "58": 2.903587163603167,
    "59": 2.9855147013978285,
    "60": 2.8745013220656244,
    "61": 2.8956794886884025,
    "62": 2.8060786587642492,
    "63": 2.8514645835781223,
    "64": 2.8436867750885844,
    "65": 2.8330495078345037,
    "66": 2.8847860110045285,
    "67": 2.852385169786269,
    "68": 2.8305818559001312,
    "69": 2.805783932470008,
    "70": 2.843580491831653,
    "71": 2.8134365859242805,
    "72": 2.7869684862837487,
    "73": 2.7751379754687266,
    "74": 2.820236793336118,
    "75": 2.765044575910245,
    "76": 2.9142527398392284,
    "77": 2.955127537502524,
    "78": 3.005125322374971,
    "79": 2.978180986592332,
    "80": 2.3750554839434903
}