{
    "0": 0.0,
    "1": 0.9424703083192855,
    "2": 1.3871517337259747,
    "3": 1.6486779742081707,
    "4": 2.126861292403958,
    "5": 2.7437690344625496,
    "6": 2.868050710981494,
    "7": 3.353597206127331,
    "8": 3.724735524243034,
    "9": 3.6978738286410113,
    "10": 3.8026425913013044,
    "11": 3.7635835414265135,
    "12": 3.7800716209912517,
    "13": 4.041996468450191,
    "14": 4.039208947627213,
    "15": 4.130382662665298,
    "16": 4.078465939367768,
    "17": 4.288540385291634,
    "18": 4.181266837641138,
    "19": 4.093866927654626,
    "20": 4.100089203934868,
    "21": 4.117973776071393,
    "22": 4.139739870334922,
    "23": 4.164640679076805,
    "24": 4.104578459302625,
    "25": 4.147754902071196,
    "26": 4.249733939290263,
    "27": 4.255975305629923,
    "28": 4.272032957759034,
    "29": 4.42098461226395,
    "30": 4.503569099563151,
    "31": 4.502053739333574,
    "32": 4.622404193911098
}