{
    "0": 0.0,
    "1": 0.973648091240717,
    "2": 1.1614796883642358,
    "3": 1.4377631573018173,
    "4": 1.659082328977044,
    "5": 1.9366680583765779,
    "6": 2.1599545423779465,
    "7": 2.273372268537688,
    "8": 2.475273974699834,
    "9": 2.903360557659401,
    "10": 3.1062743010903793,
    "11": 3.3724698418280195,
    "12": 3.382749520703487,
    "13": 3.5380612018998754,
    "14": 3.7966376330485367,
    "15": 3.484186082802939,
    "16": 3.357003377576126,
    "17": 3.3414123835258276,
    "18": 3.0982157994770785,
    "19": 2.9261846794782302,
    "20": 2.904996731141625,
    "21": 2.7944210619754943,
    "22": 2.738975150437501,
    "23": 2.6807673374870618,
    "24": 2.712939931520501,
    "25": 2.762452226970511,
    "26": 2.7512438117584255,
    "27": 2.86070115370397,
    "28": 2.913474635730899,
    "29": 2.996275998094155,
    "30": 3.0996441699357735,
    "31": 3.1692374033629545,
    "32": 2.951070212763607
}