{
    "0": NaN,
    "1": 2.0505150015400138,
    "2": 2.7365886288425063,
    "3": 2.9119000805470527,
    "4": 2.8461894048410836,
    "5": 3.478804233996399,
    "6": 3.553789008083506,
    "7": 3.8281808186672954,
    "8": 3.9913156500859586,
    "9": 4.217214546587937,
    "10": 4.584133004812993,
    "11": 4.956525511110826,
    "12": 4.840405567020167,
    "13": 4.412947290528255,
    "14": 4.371249887128947,
    "15": 4.153899473990009,
    "16": 4.044173805434094,
    "17": 3.4084128457792993,
    "18": 3.389425527117466,
    "19": 3.128933853517086,
    "20": 3.171394090274185,
    "21": 2.9966566932315097,
    "22": 2.829905441710527,
    "23": 2.9645589824254386,
    "24": 2.914362961338205,
    "25": 2.9418734631016963,
    "26": 2.937445800257912,
    "27": 3.1265803901710725,
    "28": 3.2389120096004955,
    "29": 3.4063513636407867,
    "30": 3.578771225333626,
    "31": 3.4598375216018176,
    "32": 2.082540221396568
}