{
    "0": 0.0,
    "1": 0.8461345151422247,
    "2": 1.211843490830755,
    "3": 1.3454840906171488,
    "4": 1.588865348905908,
    "5": 2.002603215346264,
    "6": 2.126882666975268,
    "7": 2.2597256718130208,
    "8": 2.349363516394457,
    "9": 2.343340296303784,
    "10": 2.372696129587589,
    "11": 2.324744401901313,
    "12": 2.483898791933058,
    "13": 2.6019743027624824,
    "14": 2.77904088835297,
    "15": 2.8369895276090493,
    "16": 2.8811384362244485,
    "17": 2.842138066379284,
    "18": 2.857806781029342,
    "19": 2.7347367264377893,
    "20": 2.675964618311629,
    "21": 2.652881703426323,
    "22": 2.5266374797829143,
    "23": 2.5189374308500248,
    "24": 2.522717140453582,
    "25": 2.4561052969350596,
    "26": 2.5061375004346087,
    "27": 2.4777016367206364,
    "28": 2.5213238834612537,
    "29": 2.583576586009825,
    "30": 2.5876363259672033,
    "31": 2.486998811048369,
    "32": 2.500222023436302,
    "33": 2.5749898887172185,
    "34": 2.546450871780881,
    "35": 2.639377956679727,
    "36": 2.740151258576133,
    "37": 2.8524452179721127,
    "38": 2.9432029650413667,
    "39": 3.120000843850288,
    "40": 3.162128317270138
}