{
    "0": 0.0,
    "1": 0.9058869421210818,
    "2": 1.1109405643508612,
    "3": 1.3132674132016724,
    "4": 1.8878838900456385,
    "5": 1.980185537009305,
    "6": 1.998445020435486,
    "7": 1.9782202200641754,
    "8": 2.0788092311644477,
    "9": 2.3192617075952247,
    "10": 2.358417325286728,
    "11": 2.284091419461825,
    "12": 2.334944353988071,
    "13": 2.2566743037217076,
    "14": 2.405307765049119,
    "15": 2.5128907177761883,
    "16": 2.6650679743694345,
    "17": 2.569668280391737,
    "18": 2.623090067251023,
    "19": 2.6766772340466365,
    "20": 2.8072609797291057,
    "21": 2.8098194530393212,
    "22": 2.9168538476335226,
    "23": 2.8283017638264982,
    "24": 2.800765781483649,
    "25": 2.838910751025951,
    "26": 2.992191452770748,
    "27": 3.011850549821089,
    "28": 3.034170253739142,
    "29": 3.064288194294379,
    "30": 3.0184316445214368,
    "31": 2.973154932167885,
    "32": 3.042557511230013,
    "33": 3.056271099351874,
    "34": 3.0099258306437107,
    "35": 3.063812627478264,
    "36": 2.9743707989100026,
    "37": 2.955731775202681,
    "38": 2.9645448096259557,
    "39": 2.8838394692527953,
    "40": 2.82404303303228,
    "41": 2.710583755777695,
    "42": 2.679734799953093,
    "43": 2.7414815953484863,
    "44": 2.622399142689955,
    "45": 2.7299793598376776,
    "46": 2.7554747608084953,
    "47": 2.804949935573325,
    "48": 2.8800904361130355,
    "49": 2.9261606227446917,
    "50": 2.9096438904144843,
    "51": 3.0156725248324583,
    "52": 2.9215594473834834,
    "53": 3.113176338986451,
    "54": 3.127072161175892,
    "55": 3.1480446510131777,
    "56": 3.1139961153114517,
    "57": 3.17044197059143,
    "58": 3.222849729338554,
    "59": 3.2272902214015295,
    "60": 3.232956158368091,
    "61": 3.2139358011437236,
    "62": 3.181007489192065,
    "63": 3.2029005099687033,
    "64": 3.2660339092953246,
    "65": 3.2177502868985224,
    "66": 3.1664680098828684,
    "67": 3.1911378321576067,
    "68": 3.20775016865065,
    "69": 3.269646978755222,
    "70": 3.282488301971779,
    "71": 3.2453034459768086,
    "72": 3.2308481681613235,
    "73": 3.2424479104120705,
    "74": 3.2630146238648767,
    "75": 3.2870895968437965,
    "76": 3.360341461426499,
    "77": 3.565182870736752,
    "78": 3.6535209664672808,
    "79": 3.5436132652580494,
    "80": 2.693713628703502
}