{
    "0": NaN,
    "1": 2.092883913488105,
    "2": 2.9767171799079892,
    "3": 2.7455441111333885,
    "4": 2.8607930088014,
    "5": 2.8647449862801273,
    "6": 2.4747504327505796,
    "7": 2.4308878542110133,
    "8": 2.3371560741067507,
    "9": 2.3451610452858795,
    "10": 2.3752697520961767,
    "11": 2.807330349628347,
    "12": 3.04480593946669,
    "13": 3.436192649805405,
    "14": 3.4275947718219957,
    "15": 3.326286642130553,
    "16": 3.2796426611000546,
    "17": 3.0502638293644986,
    "18": 2.8061915278445038,
    "19": 2.702631723435811,
    "20": 2.6279177517524146,
    "21": 2.5393815074596535,
    "22": 2.4051132488190006,
    "23": 2.3775180289448894,
    "24": 2.4197062237592117,
    "25": 2.4091188824590186,
    "26": 2.2483935890029256,
    "27": 2.3254548823535006,
    "28": 2.2698964539187108,
    "29": 2.302035776034758,
    "30": 2.209244688509216,
    "31": 2.225283789751719,
    "32": 1.7601608359919523
}