{
    "0": 0.0,
    "1": 0.8341169285007771,
    "2": 1.0770853353636112,
    "3": 1.1843234683499728,
    "4": 1.4211725788817426,
    "5": 1.782247267304008,
    "6": 1.875501986051266,
    "7": 2.1357505992008994,
    "8": 2.1618534234026945,
    "9": 2.2674435435321865,
    "10": 2.496194193696893,
    "11": 2.5086149163135136,
    "12": 2.638886947481047,
    "13": 3.130921310554159,
    "14": 3.2162740147181883,
    "15": 3.2030387390732287,
    "16": 3.488616266378717,
    "17": 3.4685595905879563,
    "18": 3.3264920432050324,
    "19": 3.037030412712823,
    "20": 2.891081037632409,
    "21": 2.7143282433568454,
    "22": 2.575987727568422,
    "23": 2.6034850505307374,
    "24": 2.487802235219817,
    "25": 2.4530671250014193,
    "26": 2.48017749230454,
    "27": 2.4609872209304537,
    "28": 2.474596928538032,
    "29": 2.4861982155602487,
    "30": 2.4848459716313513,
    "31": 2.3986499464898867,
    "32": 2.446793098284295,
    "33": 2.431708274784577,
    "34": 2.4440352886566545,
    "35": 2.4770399490172705,
    "36": 2.5170475705379984,
    "37": 2.5729149634165265,
    "38": 2.6653312258363964,
    "39": 2.7259351634365747,
    "40": 2.7021595762675403
}