{
    "0": 0.0,
    "1": 0.9932105456301557,
    "2": 1.1675731369808835,
    "3": 1.3948498330627777,
    "4": 1.4079188510811693,
    "5": 1.5544848850783515,
    "6": 1.6515716917592194,
    "7": 1.7784721939750465,
    "8": 1.8350276426864847,
    "9": 1.924880506276011,
    "10": 1.9908430521679659,
    "11": 1.9945122494581533,
    "12": 2.025056843870599,
    "13": 2.0709408443377795,
    "14": 2.1414075834986996,
    "15": 2.1727577277128143,
    "16": 2.031439594891851,
    "17": 2.0828032567395884,
    "18": 2.0576259951095537,
    "19": 2.0381890011694845,
    "20": 1.976439060380334,
    "21": 2.0011269032086676,
    "22": 1.9732290496623501,
    "23": 2.060365204288263,
    "24": 2.0957347246590365,
    "25": 2.208706843801248,
    "26": 2.318203489763381,
    "27": 2.550068667359005,
    "28": 2.6023084975872557,
    "29": 2.7983856850032343,
    "30": 2.907950866048229,
    "31": 2.9965879982622603,
    "32": 2.959924845365584
}