{
    "0": 0.0,
    "1": 0.9443372170485399,
    "2": 1.2185444975282906,
    "3": 1.5754847953763749,
    "4": 2.0338139333290073,
    "5": 2.445440570716866,
    "6": 2.841737503394996,
    "7": 3.25692889450346,
    "8": 3.4402513271464374,
    "9": 3.485311791885393,
    "10": 3.7323936651612812,
    "11": 3.7795203129529997,
    "12": 3.784243395608303,
    "13": 4.114461466589425,
    "14": 4.169478695484963,
    "15": 4.253271154338547,
    "16": 4.262980619241445,
    "17": 4.536019126584486,
    "18": 4.626550489110551,
    "19": 4.575027964839327,
    "20": 4.471941418123658,
    "21": 4.171067176302659,
    "22": 4.154516335084727,
    "23": 3.990399335266281,
    "24": 3.9682023638817125,
    "25": 3.928087193795151,
    "26": 3.96797444063895,
    "27": 3.8821195193685174,
    "28": 3.947147756189695,
    "29": 3.97441672602921,
    "30": 3.9648152354219333,
    "31": 3.9810333346414266,
    "32": 4.002106790924469,
    "33": 4.082419153325308,
    "34": 4.004347475163723,
    "35": 4.13931106880084,
    "36": 4.176432849169938,
    "37": 4.290016453087766,
    "38": 4.492114476961056,
    "39": 4.7382835091564575,
    "40": 5.229101804117573
}