{
    "0": 0.0,
    "1": 0.7718095947355627,
    "2": 1.0309528546082631,
    "3": 1.2015130522666082,
    "4": 1.4963759319012464,
    "5": 2.11858908118084,
    "6": 2.3222848671924257,
    "7": 2.5007973125801355,
    "8": 2.713473421152158,
    "9": 3.127516158722186,
    "10": 3.2541408431034737,
    "11": 3.3858011716632856,
    "12": 3.5067571087719944,
    "13": 3.435309911503097,
    "14": 3.339001910730306,
    "15": 3.6445251153465836,
    "16": 3.789737240975891,
    "17": 3.718320712500458,
    "18": 3.807452504886574,
    "19": 3.8931217553943576,
    "20": 3.5630941501467834,
    "21": 3.7283918282264645,
    "22": 3.9725857450369095,
    "23": 3.862967596340812,
    "24": 3.9010172569022643,
    "25": 3.9169845140678836,
    "26": 4.001219048099501,
    "27": 4.028856561243152,
    "28": 4.041061186593607,
    "29": 4.165792444904667,
    "30": 4.198919928884333,
    "31": 4.309585694924645,
    "32": 4.4207932086079715,
    "33": 4.525999810982614,
    "34": 4.475686638865908,
    "35": 4.483412713902422,
    "36": 4.394825017742667,
    "37": 4.342284445720428,
    "38": 4.49798903484992,
    "39": 4.514104213042395,
    "40": 4.232408132942841,
    "41": 4.362626327284062,
    "42": 3.867516746042946,
    "43": 3.747708947841997,
    "44": 3.5868210819642257,
    "45": 3.540134285293301,
    "46": 3.4552528646876763,
    "47": 3.426519049876076,
    "48": 3.3902759808066665,
    "49": 3.3719996054186523,
    "50": 3.3269280998325113,
    "51": 3.3235770803674916,
    "52": 3.259669777603411,
    "53": 3.2173925028377397,
    "54": 3.2638650374663736,
    "55": 3.3027172670597484,
    "56": 3.322433804181853,
    "57": 3.2471822439260882,
    "58": 3.3191542661305804,
    "59": 3.3233142621663934,
    "60": 3.288227731788687,
    "61": 3.312442037321423,
    "62": 3.3506934650233995,
    "63": 3.2845049481618607,
    "64": 3.3401986429411346,
    "65": 3.291973846887877,
    "66": 3.3468116201240323,
    "67": 3.2476643788857773,
    "68": 3.256993328653867,
    "69": 3.361215675187058,
    "70": 3.3736342320872854,
    "71": 3.404151580730287,
    "72": 3.3522514133290278,
    "73": 3.363949495502594,
    "74": 3.361716807119074,
    "75": 3.310690551287532,
    "76": 3.3931653376000193,
    "77": 3.4781269419013987,
    "78": 3.403453452704125,
    "79": 3.2300694736899973,
    "80": 2.479027504147692
}