{
    "0": NaN,
    "1": 2.055648603632525,
    "2": 3.109280047689528,
    "3": 3.2201533140693788,
    "4": 3.4987948016586428,
    "5": 3.514955539360611,
    "6": 3.529740168398177,
    "7": 3.463761688685566,
    "8": 3.4221525072262593,
    "9": 3.3969272349665034,
    "10": 3.298962057671888,
    "11": 3.223826006158158,
    "12": 3.3079752484625264,
    "13": 3.5277347850753724,
    "14": 3.6747885569779477,
    "15": 3.733438326420541,
    "16": 3.721557188586248,
    "17": 3.876678719201278,
    "18": 3.930791599267002,
    "19": 3.582232812088255,
    "20": 3.6035727108293494,
    "21": 3.4851318706911547,
    "22": 3.590165811551413,
    "23": 3.6917467410179063,
    "24": 3.660806799213544,
    "25": 3.8082295874731753,
    "26": 3.91959083251421,
    "27": 4.062916205050057,
    "28": 3.9981429049453014,
    "29": 4.130761065535328,
    "30": 4.252181400956409,
    "31": 4.395588572302763,
    "32": 3.285154776914776
}