{
    "0": NaN,
    "1": 1.6458478141717066,
    "2": 2.4393865293324053,
    "3": 2.733594142619763,
    "4": 2.977858440211165,
    "5": 3.1360876409554264,
    "6": 3.0379225520806927,
    "7": 2.8422258371468683,
    "8": 2.8403571251036137,
    "9": 2.869676105232197,
    "10": 2.7384395978861416,
    "11": 2.9382691453970873,
    "12": 3.0172277677032167,
    "13": 3.082948864288565,
    "14": 3.220112239206298,
    "15": 3.3702422861203445,
    "16": 3.2878386439044394,
    "17": 3.3318264991507394,
    "18": 3.413205401023328,
    "19": 3.304864320361607,
    "20": 3.2183127537600127,
    "21": 3.3275962356299194,
    "22": 3.4525572854065563,
    "23": 3.4550863876840405,
    "24": 3.441798618396566,
    "25": 3.630184348925677,
    "26": 3.7249160702874735,
    "27": 3.9584657383955917,
    "28": 3.992223745373505,
    "29": 4.007122065842276,
    "30": 4.393905555533355,
    "31": 4.515786168102847,
    "32": 4.393636001894388
}