{
    "0": 0.0,
    "1": 0.9537884077313113,
    "2": 1.1328323387274164,
    "3": 1.3718612935308838,
    "4": 1.5551488385116627,
    "5": 1.8052508686436648,
    "6": 2.026496944545963,
    "7": 2.130429619567362,
    "8": 2.330758618553409,
    "9": 2.660354462268193,
    "10": 2.8098567927546183,
    "11": 3.182038800957195,
    "12": 3.236140113840525,
    "13": 3.3812770046219414,
    "14": 3.6629939449063222,
    "15": 3.422306971643554,
    "16": 3.2952509891115622,
    "17": 3.2740011434512755,
    "18": 3.019499867909187,
    "19": 2.812304635687324,
    "20": 2.7074657331010172,
    "21": 2.6091121134337363,
    "22": 2.520771689683191,
    "23": 2.4750676367312616,
    "24": 2.4687545149788246,
    "25": 2.4653009024109123,
    "26": 2.4826152442394043,
    "27": 2.545083074746472,
    "28": 2.5519718222563346,
    "29": 2.6508806606864574,
    "30": 2.679790742105077,
    "31": 2.7880723054797376,
    "32": 2.5833071426310057
}