{
    "0": NaN,
    "1": 2.337894799994521,
    "2": 3.2772174924499153,
    "3": 3.522180267948024,
    "4": 3.7885896940483357,
    "5": 3.625655104094341,
    "6": 3.611397353598295,
    "7": 3.509507791920949,
    "8": 3.599487373139956,
    "9": 3.397808676372917,
    "10": 3.279249118263107,
    "11": 3.557238622429931,
    "12": 3.8475146463114043,
    "13": 4.061717561517236,
    "14": 4.168439289703905,
    "15": 4.3323334962942965,
    "16": 4.372504445250231,
    "17": 4.456592851757743,
    "18": 4.079837095566498,
    "19": 4.0951267615414215,
    "20": 4.1983345194475055,
    "21": 4.082782408928432,
    "22": 4.038192151455276,
    "23": 4.154896282494682,
    "24": 4.1468544164684635,
    "25": 4.439622971094674,
    "26": 4.598637944293251,
    "27": 5.087270394674061,
    "28": 4.980815661986283,
    "29": 5.207045772838964,
    "30": 5.440959823291461,
    "31": 5.606976541705894,
    "32": 4.846418517272287
}