{
    "0": NaN,
    "1": 1.6517751808210956,
    "2": 2.430237232298244,
    "3": 2.7057211124319243,
    "4": 3.003306427209026,
    "5": 3.1153828625345774,
    "6": 3.021700161010755,
    "7": 2.9317190694153625,
    "8": 2.864661387688415,
    "9": 2.8598086731184984,
    "10": 2.791772518559661,
    "11": 2.9743468906537185,
    "12": 3.105080760826817,
    "13": 3.060962465333446,
    "14": 3.257036844976456,
    "15": 3.312572305462901,
    "16": 3.2851781488184835,
    "17": 3.351823607979098,
    "18": 3.3467772478473883,
    "19": 3.3012861581561475,
    "20": 3.2802154666548318,
    "21": 3.2515624334181368,
    "22": 3.3479685100948697,
    "23": 3.394884573357955,
    "24": 3.419355077782479,
    "25": 3.611766298309205,
    "26": 3.689545343476118,
    "27": 4.013812147383389,
    "28": 3.911128865855552,
    "29": 4.072095659359182,
    "30": 4.3992019025659035,
    "31": 4.511776706956056,
    "32": 4.448133250000692
}