{
    "0": 0.0,
    "1": 0.9096685859694019,
    "2": 1.181985588986972,
    "3": 1.4340267196890888,
    "4": 1.7850102319664454,
    "5": 2.104969795733671,
    "6": 2.395580175347528,
    "7": 2.888323649392352,
    "8": 3.09906032461301,
    "9": 3.247091402407923,
    "10": 3.5581872420596863,
    "11": 3.842488084015026,
    "12": 3.909091136078561,
    "13": 4.554011310454135,
    "14": 4.692996211197911,
    "15": 4.665269457710493,
    "16": 4.761961062862132,
    "17": 5.0034430895367255,
    "18": 4.963444458769376,
    "19": 4.6029736211278,
    "20": 4.460491583676355,
    "21": 4.204387339353937,
    "22": 4.084173441668666,
    "23": 3.997084032947822,
    "24": 3.9409126315319023,
    "25": 3.9216877727167665,
    "26": 3.973210257319658,
    "27": 3.948637898582102,
    "28": 4.007067325995882,
    "29": 4.033445176923857,
    "30": 4.063008209761558,
    "31": 4.059862026937783,
    "32": 4.094363748617361,
    "33": 4.205927625056699,
    "34": 4.262615610066609,
    "35": 4.284080602295846,
    "36": 4.4138004273653575,
    "37": 4.396413688388359,
    "38": 4.63345673841476,
    "39": 4.870759932345812,
    "40": 4.946888479851534
}