{
    "0": 0.0,
    "1": 0.8702413379572301,
    "2": 1.0842851356879935,
    "3": 1.2050066287808259,
    "4": 1.4644965531200018,
    "5": 1.6142777177282353,
    "6": 1.608969123714654,
    "7": 1.7552640525810854,
    "8": 1.8858758091183772,
    "9": 1.915320891508189,
    "10": 1.9884975857640248,
    "11": 2.06329883282707,
    "12": 2.0261657613057182,
    "13": 2.110731623620497,
    "14": 2.0646091655612473,
    "15": 2.062676925812843,
    "16": 2.0547267457261014,
    "17": 2.0069381012610763,
    "18": 1.9887119888238272,
    "19": 1.9515726543621097,
    "20": 1.8466795670652487,
    "21": 1.8657043803542532,
    "22": 1.901250160838152,
    "23": 1.9590916391739446,
    "24": 1.9095728939733627,
    "25": 1.9366346640472452,
    "26": 1.9598208841430924,
    "27": 2.008076464614309,
    "28": 2.0240901725580382,
    "29": 2.00203769097883,
    "30": 2.0174472777499717,
    "31": 1.9917766979282414,
    "32": 2.039856451312131,
    "33": 2.050590782953615,
    "34": 2.0298832642503934,
    "35": 2.0464440586152444,
    "36": 2.0610238867680097,
    "37": 2.12714335702067,
    "38": 2.2489212389221667,
    "39": 2.401778807348357,
    "40": 2.530246825513623
}