{
    "0": NaN,
    "1": 1.8812857628971535,
    "2": 2.3730791382605467,
    "3": 3.104567121756077,
    "4": 3.740011273268057,
    "5": 3.725386619758545,
    "6": 3.705936807361301,
    "7": 3.1732337893729925,
    "8": 3.2854946001603436,
    "9": 3.3729676240647692,
    "10": 3.6151277421878363,
    "11": 3.716119186526723,
    "12": 3.6702172127641246,
    "13": 3.6244633949054452,
    "14": 3.5352163667983163,
    "15": 3.628458450776552,
    "16": 3.618943900895041,
    "17": 3.654815896989872,
    "18": 3.685245147010415,
    "19": 3.7719562545116108,
    "20": 3.90283567627051,
    "21": 3.9459999260441543,
    "22": 3.829031298256557,
    "23": 3.803820466940297,
    "24": 3.813389992061383,
    "25": 3.7642525865382552,
    "26": 3.707836910013897,
    "27": 3.8727803861554926,
    "28": 3.887515427389076,
    "29": 4.16135067656334,
    "30": 4.23072230583382,
    "31": 4.293982874117275,
    "32": 4.247442653208636,
    "33": 4.34656112269306,
    "34": 4.221283351862941,
    "35": 4.301919964841082,
    "36": 4.2876530295402215,
    "37": 4.390250264312908,
    "38": 4.227770336060335,
    "39": 4.416273677962095,
    "40": 4.491281866364359,
    "41": 4.364678099803292,
    "42": 4.420613783087456,
    "43": 4.422542168203721,
    "44": 4.419949011233697,
    "45": 4.321193692932342,
    "46": 4.34511649033806,
    "47": 4.132567643357652,
    "48": 4.137892324012318,
    "49": 4.1191465693375555,
    "50": 4.069285021924768,
    "51": 4.149611361940395,
    "52": 4.239478344284516,
    "53": 4.461186460332126,
    "54": 4.411878550336441,
    "55": 4.605509574969964,
    "56": 4.550092285824574,
    "57": 4.610812900489957,
    "58": 4.6570230162698,
    "59": 4.726243731951809,
    "60": 4.750943350637871,
    "61": 4.745700663772198,
    "62": 4.786123410842469,
    "63": 4.6825929691951895,
    "64": 4.745028164936649,
    "65": 4.71493203335328,
    "66": 4.727843874560352,
    "67": 4.780638048107366,
    "68": 4.87063741179916,
    "69": 4.806697903607131,
    "70": 4.961410991828269,
    "71": 4.870264820623589,
    "72": 4.938163263730826,
    "73": 5.03362670862639,
    "74": 5.190453060234606,
    "75": 5.0207248704523275,
    "76": 5.354191728644168,
    "77": 5.469256969323469,
    "78": 5.646839881547677,
    "79": 5.595442174090888,
    "80": 4.733029208835756
}