{
    "0": NaN,
    "1": 3.010240291402177,
    "2": 3.621007173131254,
    "3": 4.62655095544838,
    "4": 4.283922396061016,
    "5": 4.260678081496422,
    "6": 4.0558309515068265,
    "7": 4.310211768509542,
    "8": 4.1207052657573735,
    "9": 4.137936058284272,
    "10": 4.708204232519568,
    "11": 4.7605785798068325,
    "12": 5.135233557616457,
    "13": 6.090773482172962,
    "14": 6.483517478195927,
    "15": 6.698909301976368,
    "16": 7.039903562444415,
    "17": 6.868095826604037,
    "18": 6.494791603427273,
    "19": 5.870464128806687,
    "20": 5.3027757814642,
    "21": 5.045661772833041,
    "22": 4.539051562334068,
    "23": 4.260526225594311,
    "24": 4.13788171752997,
    "25": 4.0819522155911265,
    "26": 4.010664521679903,
    "27": 3.8432294876134634,
    "28": 3.9902773036613333,
    "29": 3.92467523140974,
    "30": 3.9522906690071644,
    "31": 3.9742651083415192,
    "32": 3.6676156259545407,
    "33": 3.6714104970963484,
    "34": 3.7309911624878453,
    "35": 3.8237122523127733,
    "36": 3.627375478107547,
    "37": 3.659913410195513,
    "38": 3.498951984402814,
    "39": 3.5254933474837338,
    "40": 3.061803081665475
}