{
    "0": 0.0,
    "1": 0.9462348753002892,
    "2": 1.199979752251306,
    "3": 1.4245424740591248,
    "4": 1.6561631971224169,
    "5": 1.9724033513819912,
    "6": 1.9766767388203283,
    "7": 2.280488786278061,
    "8": 2.3525653257769523,
    "9": 2.359710977165823,
    "10": 2.3659134853748953,
    "11": 2.368789724988707,
    "12": 2.4750306267189575,
    "13": 2.643359651081069,
    "14": 2.754548163369215,
    "15": 2.766210671714227,
    "16": 2.69973154263572,
    "17": 2.834470669558713,
    "18": 2.744485290657785,
    "19": 2.663065102603014,
    "20": 2.5483027234385434,
    "21": 2.4993663050352684,
    "22": 2.5034854239545483,
    "23": 2.5209793624143138,
    "24": 2.467302835182834,
    "25": 2.5718915889929455,
    "26": 2.6659926906690465,
    "27": 2.8144585898775962,
    "28": 2.8714842859284864,
    "29": 2.9442644901889663,
    "30": 3.036135528158307,
    "31": 3.173229295543637,
    "32": 3.2556866117329686
}