{
    "0": NaN,
    "1": 2.5708068558800776,
    "2": 2.5861556417207234,
    "3": 2.834819757513759,
    "4": 3.232865260932915,
    "5": 4.084184831275735,
    "6": 4.076490807376475,
    "7": 4.639917412996667,
    "8": 4.647828204209563,
    "9": 4.947834067180279,
    "10": 5.241493591116712,
    "11": 5.397930240135679,
    "12": 5.409694913639543,
    "13": 5.637055740230914,
    "14": 5.612559232195466,
    "15": 4.359657109635327,
    "16": 4.500568772332058,
    "17": 4.526309819320891,
    "18": 4.324705956889501,
    "19": 3.7669537407626357,
    "20": 3.8040732206500287,
    "21": 3.454347490505383,
    "22": 3.355126108485596,
    "23": 3.306813479008387,
    "24": 3.278044922198013,
    "25": 3.3170976948904354,
    "26": 3.347550463412316,
    "27": 3.2561521387576087,
    "28": 3.3192619468931173,
    "29": 3.261951889852034,
    "30": 3.306794694989953,
    "31": 3.2876489689888797,
    "32": 2.658319742432379
}