{
    "0": NaN,
    "1": 2.800173752105197,
    "2": 2.9774296683994104,
    "3": 3.5266713321427647,
    "4": 3.7957041882778304,
    "5": 3.9269149565596444,
    "6": 4.7235816495229495,
    "7": 5.528491898586376,
    "8": 5.439911545044529,
    "9": 5.800094285797407,
    "10": 6.422887293568022,
    "11": 6.681451152833073,
    "12": 6.254503508064872,
    "13": 6.505728999869631,
    "14": 6.222102103017366,
    "15": 6.225538161177529,
    "16": 6.636854513875109,
    "17": 6.439083581599122,
    "18": 6.34931031443691,
    "19": 6.014532235495345,
    "20": 5.931554272169053,
    "21": 5.407314110678987,
    "22": 5.1369386769336245,
    "23": 4.964463706868744,
    "24": 4.691381000938329,
    "25": 4.550772285119165,
    "26": 4.356686420327041,
    "27": 4.253263243943196,
    "28": 4.16359127623157,
    "29": 4.113093557751685,
    "30": 4.0403893946667395,
    "31": 3.959692571533977,
    "32": 3.8824470093200474,
    "33": 3.912960304465176,
    "34": 3.841487938141421,
    "35": 3.9024776881857375,
    "36": 3.9135528518873737,
    "37": 3.9095829277420626,
    "38": 3.9255938531301995,
    "39": 4.146768779875623,
    "40": 4.0344273057596
}