{
    "0": 0.0,
    "1": 0.8977055652436992,
    "2": 1.1110608189692175,
    "3": 1.2065637631143877,
    "4": 1.3731238266765673,
    "5": 1.4514552110383272,
    "6": 1.477468310313027,
    "7": 1.5681314159088262,
    "8": 1.7560733074003196,
    "9": 1.7741606837666126,
    "10": 1.8234575538297157,
    "11": 1.9953379424499575,
    "12": 1.9770718608911817,
    "13": 2.01832426955359,
    "14": 2.097331356469908,
    "15": 2.200517684068308,
    "16": 2.127900267047883,
    "17": 2.1292050588169222,
    "18": 2.0172078529602038,
    "19": 2.02564550436726,
    "20": 1.9595825402398814,
    "21": 2.0088540347221864,
    "22": 2.0596507966588904,
    "23": 2.0919642070310047,
    "24": 2.0001849321200584,
    "25": 2.054588286723479,
    "26": 2.099317193764652,
    "27": 2.141722768203027,
    "28": 2.1367184177646044,
    "29": 2.186425113212285,
    "30": 2.1669249839518776,
    "31": 2.2421341557418764,
    "32": 2.223565036260124,
    "33": 2.23641738904437,
    "34": 2.2591690705596306,
    "35": 2.3015530866975933,
    "36": 2.330862679990753,
    "37": 2.439118568225815,
    "38": 2.565765897383086,
    "39": 2.714818656774562,
    "40": 2.891524665676671
}