{
    "0": NaN,
    "1": 2.774828168668838,
    "2": 3.6824305360021645,
    "3": 3.819591841026564,
    "4": 4.125963610138424,
    "5": 3.9966688041319745,
    "6": 4.289513878044452,
    "7": 4.526757819954616,
    "8": 4.600862746623601,
    "9": 4.531737527346993,
    "10": 4.893948638860406,
    "11": 5.0545513554739605,
    "12": 4.680858974423936,
    "13": 5.069237394011265,
    "14": 5.62927389764325,
    "15": 5.803222172468682,
    "16": 6.112940566136829,
    "17": 6.18181636268721,
    "18": 5.963963859096355,
    "19": 5.873963874667119,
    "20": 6.137427713892519,
    "21": 5.552166974175541,
    "22": 5.076682674266036,
    "23": 4.698583513894501,
    "24": 4.584383855986632,
    "25": 4.746432022067209,
    "26": 4.6892159020629345,
    "27": 5.00404512241802,
    "28": 5.1363622185925,
    "29": 5.2950731284456225,
    "30": 5.659514227045112,
    "31": 6.205335458125206,
    "32": 5.623058010325087
}