{
    "0": NaN,
    "1": 3.0383388490674097,
    "2": 3.494096786054935,
    "3": 4.209763087225307,
    "4": 4.109815865488677,
    "5": 3.920527011476174,
    "6": 3.921488682350279,
    "7": 4.690995443768057,
    "8": 4.156904596114034,
    "9": 4.148328914144496,
    "10": 4.3130543203825695,
    "11": 4.372788812498397,
    "12": 4.652894235950677,
    "13": 5.027004882695118,
    "14": 4.821202863828569,
    "15": 5.022053818250062,
    "16": 5.417881676182482,
    "17": 5.62968169640253,
    "18": 4.685748358949164,
    "19": 4.447476955499494,
    "20": 4.157204718927144,
    "21": 4.050187758860846,
    "22": 3.9199009147279757,
    "23": 3.969541788937651,
    "24": 3.957825678056378,
    "25": 3.815836636142701,
    "26": 3.8149153407313436,
    "27": 3.9343566024058725,
    "28": 3.673934349502883,
    "29": 3.6405514160684387,
    "30": 3.6994258527181954,
    "31": 3.7644277579252305,
    "32": 3.8245290600101898,
    "33": 3.855664766777702,
    "34": 3.8804888251567164,
    "35": 3.86596313319938,
    "36": 3.9030409848130834,
    "37": 3.9202487922437093,
    "38": 3.9070680726858837,
    "39": 4.204137503969032,
    "40": 4.295623926684998
}