{
    "0": NaN,
    "1": 2.3344832876346855,
    "2": 2.6939910890695913,
    "3": 2.9516370048263694,
    "4": 3.398049575751595,
    "5": 3.443323036562913,
    "6": 3.1205376635155186,
    "7": 3.3512658425733868,
    "8": 3.5721678159891286,
    "9": 3.71859207568872,
    "10": 3.8065991150079954,
    "11": 3.493487767583397,
    "12": 3.429452018509832,
    "13": 3.0565281289961064,
    "14": 3.2508830722321593,
    "15": 3.405636511587165,
    "16": 3.5775829900566087,
    "17": 3.5469414278057325,
    "18": 3.6430270442065424,
    "19": 3.8525759164710625,
    "20": 3.8856219320525356,
    "21": 3.9398369865500946,
    "22": 4.008525334209365,
    "23": 3.948404450126482,
    "24": 3.8480447092854897,
    "25": 3.7515604308139148,
    "26": 3.910652719999339,
    "27": 3.790949302247094,
    "28": 3.788458267056802,
    "29": 3.883739596728014,
    "30": 3.698212332900451,
    "31": 3.39033361132254,
    "32": 3.3148106877706325,
    "33": 3.3651910032193975,
    "34": 3.538654621304086,
    "35": 3.5554721149587873,
    "36": 3.6433447005293016,
    "37": 3.789195927708064,
    "38": 3.8866009825954815,
    "39": 3.8798345040451117,
    "40": 4.162234410650188,
    "41": 3.6683623212989827,
    "42": 3.8481103789109676,
    "43": 3.9575103911180083,
    "44": 4.078067887077551,
    "45": 3.8747973860247225,
    "46": 3.999993668876606,
    "47": 4.0211737789319795,
    "48": 4.104546665980034,
    "49": 4.139848155903555,
    "50": 4.128325984791339,
    "51": 4.262635195961713,
    "52": 4.337166441913943,
    "53": 4.560075983479677,
    "54": 4.724430988788236,
    "55": 4.820839585981192,
    "56": 4.755587223365522,
    "57": 4.745547962394964,
    "58": 4.689429466301136,
    "59": 4.762202348423583,
    "60": 4.904136666028246,
    "61": 4.8024096187092,
    "62": 4.754740746534771,
    "63": 4.755066488221636,
    "64": 4.809353539137776,
    "65": 4.846643625039918,
    "66": 4.792464052658978,
    "67": 4.85361151981328,
    "68": 4.914024919566688,
    "69": 4.960328254238173,
    "70": 5.036568023313115,
    "71": 5.127029732705134,
    "72": 5.138727382734839,
    "73": 5.142883868777973,
    "74": 5.217763210290807,
    "75": 5.360420085724355,
    "76": 5.342931371508426,
    "77": 5.915774970952149,
    "78": 6.080013180755293,
    "79": 6.011934825339758,
    "80": 4.209258271838374
}