{
    "0": 0.0,
    "1": 0.9150799921831725,
    "2": 1.2036495402316052,
    "3": 1.2872282307131644,
    "4": 1.4155704939967868,
    "5": 1.5961470495362213,
    "6": 1.621367872652576,
    "7": 1.7432589193991008,
    "8": 1.840590810230538,
    "9": 1.8712282969481466,
    "10": 1.9296248965186802,
    "11": 2.0217903611803525,
    "12": 2.0141243616183693,
    "13": 2.1304186644487557,
    "14": 2.2313441749697738,
    "15": 2.154029065677142,
    "16": 2.242901756361329,
    "17": 2.2322191071035458,
    "18": 2.2959060415918238,
    "19": 2.2139803518847523,
    "20": 2.098054267513824,
    "21": 2.0830815049720712,
    "22": 2.0879104008963485,
    "23": 2.1434473164936514,
    "24": 2.0888316156702604,
    "25": 2.131952610576155,
    "26": 2.1235328809941056,
    "27": 2.1004836616916003,
    "28": 2.1963645231303395,
    "29": 2.268917183485039,
    "30": 2.227461585468911,
    "31": 2.178081120381326,
    "32": 2.146857576737307,
    "33": 2.2904892177877914,
    "34": 2.2679905779095666,
    "35": 2.4118569546643944,
    "36": 2.462294048221207,
    "37": 2.564239610686586,
    "38": 2.694386327263914,
    "39": 2.8570359516144284,
    "40": 3.059326206419754
}