{
    "0": NaN,
    "1": 1.754950494496535,
    "2": 2.231197926467734,
    "3": 2.6827142735431533,
    "4": 2.6027246908500943,
    "5": 2.7042495558907484,
    "6": 2.8352044607587765,
    "7": 2.8518526084360967,
    "8": 2.8501704480261814,
    "9": 2.713746886811539,
    "10": 2.8846523811983276,
    "11": 3.0144613297001515,
    "12": 2.842489813074404,
    "13": 2.730760804926773,
    "14": 2.924898503953895,
    "15": 2.9860407872838732,
    "16": 3.008376293243202,
    "17": 3.114276400489911,
    "18": 2.720240896730739,
    "19": 2.608024388176345,
    "20": 2.533079512878109,
    "21": 2.516726641250954,
    "22": 2.539115871487666,
    "23": 2.5930399186261637,
    "24": 2.6366035173115816,
    "25": 2.5810757792022927,
    "26": 2.685109500382143,
    "27": 2.7277578141570893,
    "28": 2.649494513663566,
    "29": 2.7083085578876416,
    "30": 2.7326310743535887,
    "31": 2.771323459003975,
    "32": 2.8275869843021466,
    "33": 2.979250712342195,
    "34": 2.993531515323548,
    "35": 3.0188513008752347,
    "36": 3.0471855769828524,
    "37": 3.1833672794538845,
    "38": 3.3550345640463566,
    "39": 3.801734208632984,
    "40": 4.100267802681388
}