{
    "0": 0.0,
    "1": 0.9861590935582194,
    "2": 1.1316759030715429,
    "3": 1.3289934813119677,
    "4": 1.4292784222559638,
    "5": 1.618843444230129,
    "6": 1.839002657016232,
    "7": 1.9316746985424884,
    "8": 2.0114061789326736,
    "9": 2.0439911882593154,
    "10": 2.13939419442216,
    "11": 2.1384007320584484,
    "12": 2.119723426247601,
    "13": 2.060832195494105,
    "14": 2.2590589145960993,
    "15": 2.2271299692588657,
    "16": 2.181610812089606,
    "17": 2.249977745787673,
    "18": 2.2121742971315617,
    "19": 2.1369074864886177,
    "20": 2.1533954566955735,
    "21": 2.129856826957969,
    "22": 2.141863089919551,
    "23": 2.156905116078399,
    "24": 2.218678608984345,
    "25": 2.3168214473522757,
    "26": 2.3901385169762315,
    "27": 2.526631328506276,
    "28": 2.569633224895829,
    "29": 2.6415684004151063,
    "30": 2.7531212336519153,
    "31": 2.8421254752777974,
    "32": 2.871613470580606
}