{
    "0": NaN,
    "1": 1.9135486254944178,
    "2": 2.3760080621159014,
    "3": 3.1023238599944576,
    "4": 3.628424757182067,
    "5": 3.770221480215448,
    "6": 3.7674872489452054,
    "7": 3.110139998168339,
    "8": 3.3143002742353773,
    "9": 3.402330895804935,
    "10": 3.6205622088094076,
    "11": 3.698101535146359,
    "12": 3.774586622667945,
    "13": 3.675608067898876,
    "14": 3.6596822380822904,
    "15": 3.6939681137200258,
    "16": 3.6273754915872005,
    "17": 3.696057520636688,
    "18": 3.690279731435229,
    "19": 3.7729855069437583,
    "20": 3.9476504260194263,
    "21": 3.9849892676087943,
    "22": 3.927327753893374,
    "23": 3.894679908824928,
    "24": 3.7951642857635584,
    "25": 3.7716994361929985,
    "26": 3.8745851120348145,
    "27": 4.017408769290963,
    "28": 3.9627677670372385,
    "29": 4.20302697419806,
    "30": 4.333731141680059,
    "31": 4.339558778624974,
    "32": 4.252371911428939,
    "33": 4.263617983943317,
    "34": 4.425588409322338,
    "35": 4.317992319235678,
    "36": 4.411607438218695,
    "37": 4.4793763131397295,
    "38": 4.356375558140649,
    "39": 4.472961754572937,
    "40": 4.583466223516945,
    "41": 4.420922024750634,
    "42": 4.524615592548416,
    "43": 4.583491765930457,
    "44": 4.555748202964322,
    "45": 4.52900185347825,
    "46": 4.345617568950594,
    "47": 4.256349043541703,
    "48": 4.300073032190714,
    "49": 4.124940321061177,
    "50": 4.155298608847747,
    "51": 4.2274861637284635,
    "52": 4.28253797270001,
    "53": 4.50789089214161,
    "54": 4.539959761555391,
    "55": 4.714732206978147,
    "56": 4.716440081893725,
    "57": 4.722682510893332,
    "58": 4.692643919449521,
    "59": 4.701215692758855,
    "60": 4.8397978884295725,
    "61": 4.893266940328314,
    "62": 4.931296882955928,
    "63": 4.817821192872757,
    "64": 4.768057956924901,
    "65": 4.773006046842515,
    "66": 4.826713718391696,
    "67": 4.825903767798499,
    "68": 4.761705460001443,
    "69": 4.847709923008183,
    "70": 5.018125802594904,
    "71": 5.001440412523897,
    "72": 5.06849902629854,
    "73": 5.079201422880805,
    "74": 5.2684283044228675,
    "75": 5.1785324664966295,
    "76": 5.442281657948093,
    "77": 5.46123570347134,
    "78": 5.829596433763525,
    "79": 5.757107352608463,
    "80": 4.818726726711323
}