{
    "0": {
        "estimate": NaN,
        "std": NaN
    },
    "1": {
        "estimate": 16.710859182375362,
        "std": 7.458320640376228
    },
    "2": {
        "estimate": 21.581896174981544,
        "std": 8.492385941878041
    },
    "3": {
        "estimate": 18.03709281005506,
        "std": 7.146370462437549
    },
    "4": {
        "estimate": 17.45423650618262,
        "std": 7.278370037289302
    },
    "5": {
        "estimate": 18.554860313591966,
        "std": 7.890732771994717
    },
    "6": {
        "estimate": 18.12558927131781,
        "std": 7.477515567418173
    },
    "7": {
        "estimate": 18.699519655353377,
        "std": 7.771609065367301
    },
    "8": {
        "estimate": 19.587733558331745,
        "std": 8.139752914600306
    },
    "9": {
        "estimate": 20.65882928385696,
        "std": 8.693764889002514
    },
    "10": {
        "estimate": 21.613874784067725,
        "std": 8.929641594594365
    },
    "11": {
        "estimate": 21.964796152291115,
        "std": 9.091497088567564
    },
    "12": {
        "estimate": 21.52206321760662,
        "std": 8.816725870745337
    },
    "13": {
        "estimate": 22.70219649901112,
        "std": 9.342857495491238
    },
    "14": {
        "estimate": 21.159557650908777,
        "std": 8.59962597850231
    },
    "15": {
        "estimate": 20.72544823051442,
        "std": 8.401293987600443
    },
    "16": {
        "estimate": 19.453365386573548,
        "std": 7.803781166529891
    },
    "17": {
        "estimate": 18.11289248884049,
        "std": 7.26172634187234
    },
    "18": {
        "estimate": 17.085163699276904,
        "std": 6.80592593248876
    },
    "19": {
        "estimate": 16.57107624384263,
        "std": 6.560301463310651
    },
    "20": {
        "estimate": 16.304681795093032,
        "std": 6.3674402815110405
    },
    "21": {
        "estimate": 16.055804512340647,
        "std": 6.133691900813552
    },
    "22": {
        "estimate": 16.287802106042516,
        "std": 6.038928637532474
    },
    "23": {
        "estimate": 16.2386142300656,
        "std": 6.052546363719295
    },
    "24": {
        "estimate": 15.921474877065386,
        "std": 6.105592269700986
    },
    "25": {
        "estimate": 16.27889893925726,
        "std": 6.251655336394101
    },
    "26": {
        "estimate": 16.352717405705892,
        "std": 6.251864668986788
    },
    "27": {
        "estimate": 16.484802326254425,
        "std": 6.320954417392787
    },
    "28": {
        "estimate": 16.846671302329923,
        "std": 6.49597591279914
    },
    "29": {
        "estimate": 16.946709357656776,
        "std": 6.481807764443237
    },
    "30": {
        "estimate": 16.697295337174662,
        "std": 6.444455871163493
    },
    "31": {
        "estimate": 17.35166185691362,
        "std": 6.65093117017399
    },
    "32": {
        "estimate": 16.377078747411865,
        "std": 5.892667695899431
    }
}