{
    "0": {
        "estimate": NaN,
        "std": NaN
    },
    "1": {
        "estimate": 14.58578060587107,
        "std": 3.422718140127703
    },
    "2": {
        "estimate": 15.382503463174734,
        "std": 4.238189701800311
    },
    "3": {
        "estimate": 17.10127409025679,
        "std": 4.525148880950291
    },
    "4": {
        "estimate": 16.871484700614023,
        "std": 4.078031541871507
    },
    "5": {
        "estimate": 21.17045532381045,
        "std": 4.925291022499819
    },
    "6": {
        "estimate": 23.294174739741546,
        "std": 5.167505874445049
    },
    "7": {
        "estimate": 25.408578931446286,
        "std": 5.439915417808153
    },
    "8": {
        "estimate": 26.206914981860685,
        "std": 5.4560975115104755
    },
    "9": {
        "estimate": 27.812695869447804,
        "std": 5.7040696857933915
    },
    "10": {
        "estimate": 28.621729196910902,
        "std": 5.891464379802181
    },
    "11": {
        "estimate": 30.095228556718013,
        "std": 6.232615576986584
    },
    "12": {
        "estimate": 28.164887573604787,
        "std": 5.965510909189096
    },
    "13": {
        "estimate": 26.80138990755781,
        "std": 5.881848713788906
    },
    "14": {
        "estimate": 27.56903529710995,
        "std": 6.187535071083281
    },
    "15": {
        "estimate": 25.361201024083577,
        "std": 5.817695639464475
    },
    "16": {
        "estimate": 25.637780861666087,
        "std": 5.86073153561701
    },
    "17": {
        "estimate": 24.372075973994274,
        "std": 5.42721439024803
    },
    "18": {
        "estimate": 23.82415632532704,
        "std": 5.266454897586596
    },
    "19": {
        "estimate": 23.617171261870645,
        "std": 5.224813069800052
    },
    "20": {
        "estimate": 23.432211511142466,
        "std": 5.228263714199731
    },
    "21": {
        "estimate": 23.462796097845743,
        "std": 5.30191417319816
    },
    "22": {
        "estimate": 23.373172543496416,
        "std": 5.3645485479310375
    },
    "23": {
        "estimate": 23.42726603972227,
        "std": 5.413329813630258
    },
    "24": {
        "estimate": 23.51376205378283,
        "std": 5.476708877707587
    },
    "25": {
        "estimate": 23.8403985363244,
        "std": 5.6545850108198925
    },
    "26": {
        "estimate": 24.1066420066296,
        "std": 5.778286762175863
    },
    "27": {
        "estimate": 24.392147956074314,
        "std": 6.013015020566006
    },
    "28": {
        "estimate": 24.400493763736396,
        "std": 5.981907151770801
    },
    "29": {
        "estimate": 24.083054303703737,
        "std": 5.869609237095985
    },
    "30": {
        "estimate": 24.73230173560505,
        "std": 6.1648005306780105
    },
    "31": {
        "estimate": 24.28717345903984,
        "std": 6.079402060175292
    },
    "32": {
        "estimate": 16.988865885224403,
        "std": 3.9586299938453293
    }
}