{
    "0": {
        "estimate": Infinity,
        "std": NaN
    },
    "1": {
        "estimate": 16.78007718261152,
        "std": 6.38551919663076
    },
    "2": {
        "estimate": 18.162170414370717,
        "std": 7.255947764953445
    },
    "3": {
        "estimate": 18.52540574109758,
        "std": 6.6711128029251725
    },
    "4": {
        "estimate": 19.800191484125996,
        "std": 7.167443509305344
    },
    "5": {
        "estimate": 21.140752837449078,
        "std": 7.687146118951239
    },
    "6": {
        "estimate": 22.621604657980587,
        "std": 7.345264552369634
    },
    "7": {
        "estimate": 22.80460184445185,
        "std": 7.39041048684492
    },
    "8": {
        "estimate": 23.792473575706367,
        "std": 7.650756491519875
    },
    "9": {
        "estimate": 25.04675865555605,
        "std": 8.060278489013102
    },
    "10": {
        "estimate": 24.530020794508545,
        "std": 7.588759436483876
    },
    "11": {
        "estimate": 24.358322583971756,
        "std": 7.048887748095501
    },
    "12": {
        "estimate": 23.786813900672858,
        "std": 6.735862389904019
    },
    "13": {
        "estimate": 22.686935354851702,
        "std": 6.222235002042821
    },
    "14": {
        "estimate": 21.760599685836503,
        "std": 5.71486105505111
    },
    "15": {
        "estimate": 20.623739945780173,
        "std": 5.185483806534721
    },
    "16": {
        "estimate": 20.524356503581842,
        "std": 5.071175259593431
    },
    "17": {
        "estimate": 20.59589285590236,
        "std": 5.368817047007846
    },
    "18": {
        "estimate": 20.01274968861695,
        "std": 5.383465287061433
    },
    "19": {
        "estimate": 19.72841194948685,
        "std": 5.312281250278551
    },
    "20": {
        "estimate": 19.545006082942564,
        "std": 5.3348183582522015
    },
    "21": {
        "estimate": 19.364458183715538,
        "std": 5.334374995391184
    },
    "22": {
        "estimate": 20.02854767648048,
        "std": 5.688323401875656
    },
    "23": {
        "estimate": 20.491328921041603,
        "std": 5.914685451071759
    },
    "24": {
        "estimate": 20.754466995201913,
        "std": 5.938787070364466
    },
    "25": {
        "estimate": 21.37213594221113,
        "std": 6.162522861857017
    },
    "26": {
        "estimate": 21.470341835410984,
        "std": 6.322977955044836
    },
    "27": {
        "estimate": 22.00923895439577,
        "std": 6.597599608743788
    },
    "28": {
        "estimate": 22.63376363821834,
        "std": 6.867785701169179
    },
    "29": {
        "estimate": 23.8535295321915,
        "std": 7.34169283248584
    },
    "30": {
        "estimate": 25.31766507894953,
        "std": 8.008888120221641
    },
    "31": {
        "estimate": 25.682613143482943,
        "std": 8.418573569371924
    },
    "32": {
        "estimate": 26.758826834479787,
        "std": 8.958193672593548
    }
}