{
    "0": {
        "estimate": Infinity,
        "std": NaN
    },
    "1": {
        "estimate": 17.015900440854818,
        "std": 8.04338999329195
    },
    "2": {
        "estimate": 18.037575750490536,
        "std": 9.06569053822045
    },
    "3": {
        "estimate": 18.731480943065687,
        "std": 8.379477564436481
    },
    "4": {
        "estimate": 19.807315430693354,
        "std": 9.150103691267653
    },
    "5": {
        "estimate": 21.0511836608647,
        "std": 9.560440761851257
    },
    "6": {
        "estimate": 23.19355842743477,
        "std": 9.127729971831489
    },
    "7": {
        "estimate": 23.423985397278265,
        "std": 9.255589882169042
    },
    "8": {
        "estimate": 24.344447684910534,
        "std": 9.57333922031875
    },
    "9": {
        "estimate": 25.53579159636354,
        "std": 10.074219949062377
    },
    "10": {
        "estimate": 25.2859780760982,
        "std": 9.356859260261793
    },
    "11": {
        "estimate": 25.441923486557656,
        "std": 8.883048976810677
    },
    "12": {
        "estimate": 25.073024593625743,
        "std": 8.347580790104129
    },
    "13": {
        "estimate": 24.16300888307798,
        "std": 7.685315267270212
    },
    "14": {
        "estimate": 23.38271594075151,
        "std": 7.170113625985296
    },
    "15": {
        "estimate": 22.47310842226806,
        "std": 6.626947669550523
    },
    "16": {
        "estimate": 22.313075504928985,
        "std": 6.594220523010631
    },
    "17": {
        "estimate": 22.48818860406296,
        "std": 6.975639315097766
    },
    "18": {
        "estimate": 21.96332935346716,
        "std": 6.813132996615588
    },
    "19": {
        "estimate": 21.82844601589301,
        "std": 6.727648556775979
    },
    "20": {
        "estimate": 21.769156148205937,
        "std": 6.823802038159924
    },
    "21": {
        "estimate": 21.620498950230235,
        "std": 6.7129021983967405
    },
    "22": {
        "estimate": 22.3657224812079,
        "std": 7.085418205562301
    },
    "23": {
        "estimate": 22.872473180229637,
        "std": 7.400219126940024
    },
    "24": {
        "estimate": 23.192323072871968,
        "std": 7.6680966363308976
    },
    "25": {
        "estimate": 23.87714515377954,
        "std": 7.7546349748173995
    },
    "26": {
        "estimate": 24.02784755012157,
        "std": 7.9028851410529946
    },
    "27": {
        "estimate": 24.655408783118776,
        "std": 8.251223010748543
    },
    "28": {
        "estimate": 25.241531819411883,
        "std": 8.50986742350177
    },
    "29": {
        "estimate": 26.321113617550804,
        "std": 9.088638148366558
    },
    "30": {
        "estimate": 27.91978947010748,
        "std": 10.185191546467216
    },
    "31": {
        "estimate": 28.13990873530059,
        "std": 10.621628357164974
    },
    "32": {
        "estimate": 28.618577144123016,
        "std": 11.026063919964738
    }
}