{
    "0": {
        "estimate": NaN,
        "std": NaN
    },
    "1": {
        "estimate": 19.287325906094477,
        "std": 6.436649674078918
    },
    "2": {
        "estimate": 19.17742272716422,
        "std": 6.841345168156097
    },
    "3": {
        "estimate": 19.807935010993482,
        "std": 7.964610545613367
    },
    "4": {
        "estimate": 21.467702935447598,
        "std": 8.929304300254564
    },
    "5": {
        "estimate": 22.704326513650592,
        "std": 8.653920134254978
    },
    "6": {
        "estimate": 24.19732917854719,
        "std": 9.089851870504187
    },
    "7": {
        "estimate": 27.30423087953939,
        "std": 10.319151119271888
    },
    "8": {
        "estimate": 29.697816506015656,
        "std": 11.274193504452894
    },
    "9": {
        "estimate": 31.373675498949947,
        "std": 11.754133231999731
    },
    "10": {
        "estimate": 33.02854457805556,
        "std": 12.110468653490727
    },
    "11": {
        "estimate": 33.31750010063168,
        "std": 11.93771421498511
    },
    "12": {
        "estimate": 34.469734978688045,
        "std": 12.202667872488426
    },
    "13": {
        "estimate": 34.55024756845518,
        "std": 11.970084390546955
    },
    "14": {
        "estimate": 33.133300252473774,
        "std": 10.945718180076542
    },
    "15": {
        "estimate": 33.06871411270561,
        "std": 10.735405365089237
    },
    "16": {
        "estimate": 33.82947882671365,
        "std": 11.01860752301569
    },
    "17": {
        "estimate": 34.668644560796764,
        "std": 11.278402536452587
    },
    "18": {
        "estimate": 34.35703297217352,
        "std": 11.072581253124769
    },
    "19": {
        "estimate": 33.91211708883746,
        "std": 11.074707572456123
    },
    "20": {
        "estimate": 33.05081439903551,
        "std": 10.637977632438096
    },
    "21": {
        "estimate": 32.36520214191037,
        "std": 10.52979674354682
    },
    "22": {
        "estimate": 31.644513599871054,
        "std": 10.043571043689743
    },
    "23": {
        "estimate": 31.168561563548735,
        "std": 10.017585166550948
    },
    "24": {
        "estimate": 30.843162930380238,
        "std": 10.055372122935
    },
    "25": {
        "estimate": 30.57111374774049,
        "std": 9.926490165969954
    },
    "26": {
        "estimate": 30.32802524210625,
        "std": 9.880570725740471
    },
    "27": {
        "estimate": 30.228198081188836,
        "std": 9.962947508419575
    },
    "28": {
        "estimate": 30.182000124364997,
        "std": 10.023711736397702
    },
    "29": {
        "estimate": 30.020837291873015,
        "std": 9.93729417160935
    },
    "30": {
        "estimate": 30.036190437517792,
        "std": 10.059924047054801
    },
    "31": {
        "estimate": 29.89909985263045,
        "std": 9.904230312052862
    },
    "32": {
        "estimate": 29.92945864244759,
        "std": 9.937411988724863
    },
    "33": {
        "estimate": 30.097284423230217,
        "std": 9.879835014523389
    },
    "34": {
        "estimate": 29.948134724560937,
        "std": 9.751176727820383
    },
    "35": {
        "estimate": 30.1204851155749,
        "std": 9.977314691324338
    },
    "36": {
        "estimate": 30.148730460090185,
        "std": 10.133624043911313
    },
    "37": {
        "estimate": 30.476901900166233,
        "std": 10.280565910969885
    },
    "38": {
        "estimate": 30.950280347856012,
        "std": 10.840307482199867
    },
    "39": {
        "estimate": 31.082423774624466,
        "std": 10.919813668476696
    },
    "40": {
        "estimate": 29.055770066139278,
        "std": 9.89759058511288
    }
}