{
    "0": {
        "estimate": NaN,
        "std": NaN
    },
    "1": {
        "estimate": 14.556440757018668,
        "std": 2.87877080763585
    },
    "2": {
        "estimate": 13.751932079576013,
        "std": 3.635487349424239
    },
    "3": {
        "estimate": 15.519939112454757,
        "std": 4.686507943670696
    },
    "4": {
        "estimate": 17.990189783950953,
        "std": 4.811092656057805
    },
    "5": {
        "estimate": 18.791714787513264,
        "std": 4.505565873990894
    },
    "6": {
        "estimate": 21.46728221757189,
        "std": 4.592634650697899
    },
    "7": {
        "estimate": 24.65647197161824,
        "std": 5.038886803506655
    },
    "8": {
        "estimate": 26.670644573529042,
        "std": 5.654779942572702
    },
    "9": {
        "estimate": 28.04945115499766,
        "std": 5.90577291233161
    },
    "10": {
        "estimate": 28.922117856535095,
        "std": 6.116827253111139
    },
    "11": {
        "estimate": 28.87225965839115,
        "std": 6.2019642593906115
    },
    "12": {
        "estimate": 29.291037513818505,
        "std": 6.309736042672678
    },
    "13": {
        "estimate": 28.735622231526825,
        "std": 6.178699817116095
    },
    "14": {
        "estimate": 26.23130905393542,
        "std": 5.382702507057222
    },
    "15": {
        "estimate": 25.422556027983635,
        "std": 5.177105346474421
    },
    "16": {
        "estimate": 25.677422322619076,
        "std": 5.204372885837369
    },
    "17": {
        "estimate": 26.39687665642618,
        "std": 5.361700970626653
    },
    "18": {
        "estimate": 25.949076658615585,
        "std": 5.253078884795558
    },
    "19": {
        "estimate": 25.311846339458345,
        "std": 5.222785738037317
    },
    "20": {
        "estimate": 24.424579442546634,
        "std": 5.066421115588922
    },
    "21": {
        "estimate": 23.875802537895005,
        "std": 5.07781052831518
    },
    "22": {
        "estimate": 23.205075094195507,
        "std": 4.90291201927294
    },
    "23": {
        "estimate": 22.94787314897477,
        "std": 4.86960551749217
    },
    "24": {
        "estimate": 22.75299586236516,
        "std": 4.890524587840588
    },
    "25": {
        "estimate": 22.612441595935397,
        "std": 4.896628692859189
    },
    "26": {
        "estimate": 22.514962081017163,
        "std": 4.918358949378992
    },
    "27": {
        "estimate": 22.486754684591176,
        "std": 4.933944244887338
    },
    "28": {
        "estimate": 22.458352889390405,
        "std": 4.955879091747032
    },
    "29": {
        "estimate": 22.21320390213728,
        "std": 4.830863112522999
    },
    "30": {
        "estimate": 22.236257957792148,
        "std": 4.817207365391403
    },
    "31": {
        "estimate": 22.157207737005038,
        "std": 4.816038097620988
    },
    "32": {
        "estimate": 22.212538396391974,
        "std": 4.854803658875244
    },
    "33": {
        "estimate": 22.349647929673,
        "std": 4.936071989313177
    },
    "34": {
        "estimate": 22.311369268932726,
        "std": 4.950775909085277
    },
    "35": {
        "estimate": 22.472939111794272,
        "std": 5.066732830787658
    },
    "36": {
        "estimate": 22.426114354874525,
        "std": 5.114538149926366
    },
    "37": {
        "estimate": 22.791737226639253,
        "std": 5.301910948880363
    },
    "38": {
        "estimate": 23.705215509214284,
        "std": 5.717062822383594
    },
    "39": {
        "estimate": 24.167717081743216,
        "std": 5.89636644241076
    },
    "40": {
        "estimate": 22.447647584357178,
        "std": 5.191689089725763
    }
}