{
    "0": {
        "estimate": Infinity,
        "std": NaN
    },
    "1": {
        "estimate": 23.71261251483374,
        "std": 5.968832725819076
    },
    "2": {
        "estimate": 23.50479855301119,
        "std": 5.6625385538839845
    },
    "3": {
        "estimate": 25.017072050853674,
        "std": 5.023861146384064
    },
    "4": {
        "estimate": 28.427092096663337,
        "std": 6.220075952742798
    },
    "5": {
        "estimate": 28.628044443112834,
        "std": 6.339904336334289
    },
    "6": {
        "estimate": 28.288467797935027,
        "std": 5.874776451765976
    },
    "7": {
        "estimate": 29.30892205645485,
        "std": 6.152536457994319
    },
    "8": {
        "estimate": 30.52188920276609,
        "std": 6.380365189409252
    },
    "9": {
        "estimate": 31.174201502665028,
        "std": 6.619659064656619
    },
    "10": {
        "estimate": 30.277409729458256,
        "std": 6.601209884128816
    },
    "11": {
        "estimate": 30.81903509289455,
        "std": 6.907196148001779
    },
    "12": {
        "estimate": 31.3396985268645,
        "std": 6.64835589421719
    },
    "13": {
        "estimate": 29.00182284123851,
        "std": 5.807897671602939
    },
    "14": {
        "estimate": 30.010381603248977,
        "std": 6.0470821869963105
    },
    "15": {
        "estimate": 30.404320171077224,
        "std": 5.785684878687009
    },
    "16": {
        "estimate": 30.03328504106101,
        "std": 5.708275706056283
    },
    "17": {
        "estimate": 28.487675499292497,
        "std": 5.866170615059864
    },
    "18": {
        "estimate": 26.988670946822786,
        "std": 5.88422974375237
    },
    "19": {
        "estimate": 26.523267017796908,
        "std": 5.797011449041678
    },
    "20": {
        "estimate": 25.46277486373022,
        "std": 5.6251947642070865
    },
    "21": {
        "estimate": 24.81913395150794,
        "std": 5.59349339724144
    },
    "22": {
        "estimate": 24.64778723297502,
        "std": 5.680446798780702
    },
    "23": {
        "estimate": 24.44954529794636,
        "std": 5.7342892074150145
    },
    "24": {
        "estimate": 24.205374093071015,
        "std": 5.717637539032445
    },
    "25": {
        "estimate": 24.743957322336176,
        "std": 5.961859566895276
    },
    "26": {
        "estimate": 24.622440885268244,
        "std": 5.966117569972137
    },
    "27": {
        "estimate": 24.938260818298534,
        "std": 6.1598876840126335
    },
    "28": {
        "estimate": 24.969008710393016,
        "std": 6.268554758426334
    },
    "29": {
        "estimate": 25.418927381150063,
        "std": 6.477355159120005
    },
    "30": {
        "estimate": 27.771175072034424,
        "std": 7.871828126212615
    },
    "31": {
        "estimate": 28.295556222643157,
        "std": 8.247408751624729
    },
    "32": {
        "estimate": 28.835831692255255,
        "std": 9.148097662791205
    }
}