{
    "0": {
        "estimate": Infinity,
        "std": NaN
    },
    "1": {
        "estimate": 25.012889133216,
        "std": 7.6717384568844915
    },
    "2": {
        "estimate": 25.246187592354286,
        "std": 7.330986091275205
    },
    "3": {
        "estimate": 27.151540904028668,
        "std": 7.001111137196251
    },
    "4": {
        "estimate": 30.354473717858184,
        "std": 8.659962283475588
    },
    "5": {
        "estimate": 30.611762173007335,
        "std": 8.8451447358178
    },
    "6": {
        "estimate": 30.62722977044254,
        "std": 8.132164013545843
    },
    "7": {
        "estimate": 31.470539749939892,
        "std": 8.447921518303055
    },
    "8": {
        "estimate": 32.59231255634299,
        "std": 8.7002327712996
    },
    "9": {
        "estimate": 33.30252634091112,
        "std": 9.024133833683523
    },
    "10": {
        "estimate": 32.58247949207717,
        "std": 8.895636653858608
    },
    "11": {
        "estimate": 33.04606780270798,
        "std": 9.096556705930272
    },
    "12": {
        "estimate": 33.916977407165504,
        "std": 8.96837214404756
    },
    "13": {
        "estimate": 31.936228496724507,
        "std": 8.19416796599054
    },
    "14": {
        "estimate": 32.931632261307094,
        "std": 8.461017459813512
    },
    "15": {
        "estimate": 33.524130099423495,
        "std": 8.2908027498982
    },
    "16": {
        "estimate": 33.11266978976159,
        "std": 8.252266020719691
    },
    "17": {
        "estimate": 31.515192078198247,
        "std": 8.03260230131237
    },
    "18": {
        "estimate": 29.993532716951147,
        "std": 7.9090674731383945
    },
    "19": {
        "estimate": 29.552332822878856,
        "std": 7.931564445277974
    },
    "20": {
        "estimate": 28.449189994286524,
        "std": 7.691149667915489
    },
    "21": {
        "estimate": 27.734960732532485,
        "std": 7.683853731442983
    },
    "22": {
        "estimate": 27.581803192538395,
        "std": 7.712357106116249
    },
    "23": {
        "estimate": 27.37698464468344,
        "std": 7.806935746617356
    },
    "24": {
        "estimate": 27.093974335660803,
        "std": 7.809373939667048
    },
    "25": {
        "estimate": 27.667527095328527,
        "std": 7.948568710584212
    },
    "26": {
        "estimate": 27.58423749532322,
        "std": 7.993090090047037
    },
    "27": {
        "estimate": 27.91191760288094,
        "std": 8.1406232653095
    },
    "28": {
        "estimate": 27.93318491741383,
        "std": 8.123760876174211
    },
    "29": {
        "estimate": 28.456247131007597,
        "std": 8.375649663943678
    },
    "30": {
        "estimate": 30.83703601173946,
        "std": 9.61620943477554
    },
    "31": {
        "estimate": 31.279192833386734,
        "std": 10.06375684628842
    },
    "32": {
        "estimate": 31.66514162451519,
        "std": 10.83790252219122
    }
}