{
    "0": {
        "estimate": Infinity,
        "std": NaN
    },
    "1": {
        "estimate": 17.802187944442192,
        "std": 5.9576085528507265
    },
    "2": {
        "estimate": 18.413032353188377,
        "std": 5.800059648760221
    },
    "3": {
        "estimate": 19.669606709592507,
        "std": 5.874157439976551
    },
    "4": {
        "estimate": 19.974412643693988,
        "std": 6.422964739611029
    },
    "5": {
        "estimate": 21.21825210315425,
        "std": 7.349059320847355
    },
    "6": {
        "estimate": 21.90314901354041,
        "std": 7.208603247198547
    },
    "7": {
        "estimate": 22.37235341676156,
        "std": 7.082537309174424
    },
    "8": {
        "estimate": 23.617872513768038,
        "std": 7.49587922023287
    },
    "9": {
        "estimate": 25.257828193373467,
        "std": 7.9504362030617886
    },
    "10": {
        "estimate": 25.736654246301455,
        "std": 7.685728363566198
    },
    "11": {
        "estimate": 25.71902944927456,
        "std": 6.952613495414889
    },
    "12": {
        "estimate": 26.700819886441728,
        "std": 6.857669256888138
    },
    "13": {
        "estimate": 25.87308882381012,
        "std": 6.263143100897288
    },
    "14": {
        "estimate": 24.95923392078022,
        "std": 5.938432956753097
    },
    "15": {
        "estimate": 21.965967027970137,
        "std": 5.400610227414062
    },
    "16": {
        "estimate": 21.125622959401078,
        "std": 5.303380317617021
    },
    "17": {
        "estimate": 18.900409646145686,
        "std": 4.912123904554622
    },
    "18": {
        "estimate": 18.109025748911304,
        "std": 4.7655067258568335
    },
    "19": {
        "estimate": 16.739387834122866,
        "std": 4.531019076313398
    },
    "20": {
        "estimate": 15.907529003787618,
        "std": 4.399684783802619
    },
    "21": {
        "estimate": 15.09509368424775,
        "std": 4.216464424475172
    },
    "22": {
        "estimate": 14.706324702191749,
        "std": 4.162065607012136
    },
    "23": {
        "estimate": 14.339401247818898,
        "std": 4.008905347607717
    },
    "24": {
        "estimate": 14.208385152314854,
        "std": 3.971611987397726
    },
    "25": {
        "estimate": 14.499352516736646,
        "std": 4.08847237262365
    },
    "26": {
        "estimate": 14.257809430932731,
        "std": 4.010415221414985
    },
    "27": {
        "estimate": 14.265514822145022,
        "std": 4.014877488605794
    },
    "28": {
        "estimate": 14.07558013460365,
        "std": 3.8971348539709654
    },
    "29": {
        "estimate": 13.996287964080603,
        "std": 3.914087258988772
    },
    "30": {
        "estimate": 14.314900601391868,
        "std": 4.053566498055558
    },
    "31": {
        "estimate": 14.739632171963487,
        "std": 4.1240676081293115
    },
    "32": {
        "estimate": 15.69582672565105,
        "std": 4.704308230390254
    }
}