{
    "0": {
        "estimate": NaN,
        "std": NaN
    },
    "1": {
        "estimate": 14.624456526525627,
        "std": 5.019575646283689
    },
    "2": {
        "estimate": 14.79262987495727,
        "std": 5.022304685292914
    },
    "3": {
        "estimate": 16.27620487368535,
        "std": 5.647343964328681
    },
    "4": {
        "estimate": 16.40681375410004,
        "std": 5.834657751215426
    },
    "5": {
        "estimate": 15.533161263860837,
        "std": 5.936482943608049
    },
    "6": {
        "estimate": 16.133401346657845,
        "std": 6.532484052774399
    },
    "7": {
        "estimate": 16.175273533682216,
        "std": 6.943074320997059
    },
    "8": {
        "estimate": 16.949107836218033,
        "std": 7.306454500436858
    },
    "9": {
        "estimate": 17.479618912250096,
        "std": 7.6973197721966935
    },
    "10": {
        "estimate": 18.360659957166018,
        "std": 8.14626042473434
    },
    "11": {
        "estimate": 18.657131724216185,
        "std": 8.269216794422414
    },
    "12": {
        "estimate": 18.8040607555753,
        "std": 8.469576768938818
    },
    "13": {
        "estimate": 18.99986251631939,
        "std": 8.592629904918303
    },
    "14": {
        "estimate": 19.138799940781908,
        "std": 8.702049514565806
    },
    "15": {
        "estimate": 19.20697967142107,
        "std": 8.4357793408551
    },
    "16": {
        "estimate": 18.698199346368668,
        "std": 7.984920575791255
    },
    "17": {
        "estimate": 19.694995639835295,
        "std": 8.336417845057348
    },
    "18": {
        "estimate": 19.008612587305326,
        "std": 8.230455131658044
    },
    "19": {
        "estimate": 18.08718376523038,
        "std": 7.616572203853306
    },
    "20": {
        "estimate": 18.56603285842645,
        "std": 7.655050431155926
    },
    "21": {
        "estimate": 18.460454071218656,
        "std": 7.659844571154226
    },
    "22": {
        "estimate": 18.389095192444966,
        "std": 7.708834041244298
    },
    "23": {
        "estimate": 18.460300389919432,
        "std": 7.729272862636036
    },
    "24": {
        "estimate": 18.514252277805646,
        "std": 7.8436793788582895
    },
    "25": {
        "estimate": 18.65606119105552,
        "std": 7.7111006935987465
    },
    "26": {
        "estimate": 18.792092964161853,
        "std": 7.809671433595351
    },
    "27": {
        "estimate": 19.287942839097663,
        "std": 7.926726972140252
    },
    "28": {
        "estimate": 19.424500346525793,
        "std": 8.017297440584743
    },
    "29": {
        "estimate": 19.623274242830288,
        "std": 8.101072485560968
    },
    "30": {
        "estimate": 19.839867808260898,
        "std": 8.196049918582492
    },
    "31": {
        "estimate": 19.072851561511257,
        "std": 7.713134757204735
    },
    "32": {
        "estimate": 17.557953812491927,
        "std": 6.998235200933565
    }
}