{
    "0": {
        "estimate": NaN,
        "std": NaN
    },
    "1": {
        "estimate": 16.37958140618148,
        "std": 5.526315939310123
    },
    "2": {
        "estimate": 16.517973868110854,
        "std": 5.644444495409808
    },
    "3": {
        "estimate": 17.64495945527447,
        "std": 6.267019232814239
    },
    "4": {
        "estimate": 18.006490837570702,
        "std": 6.254452079983707
    },
    "5": {
        "estimate": 17.16193739962514,
        "std": 6.301785128760221
    },
    "6": {
        "estimate": 17.627076847551454,
        "std": 6.855684197219517
    },
    "7": {
        "estimate": 17.53648938905995,
        "std": 7.257085430431062
    },
    "8": {
        "estimate": 18.340446621182732,
        "std": 7.763666996043068
    },
    "9": {
        "estimate": 19.026597533623157,
        "std": 8.193225134808934
    },
    "10": {
        "estimate": 19.91218379995234,
        "std": 8.689137257995348
    },
    "11": {
        "estimate": 20.18910352016992,
        "std": 8.747514256449472
    },
    "12": {
        "estimate": 20.430218394692606,
        "std": 8.960488044234383
    },
    "13": {
        "estimate": 20.73941880996462,
        "std": 9.07620853191509
    },
    "14": {
        "estimate": 20.892693226854234,
        "std": 9.137233679033608
    },
    "15": {
        "estimate": 21.035603186096846,
        "std": 9.05001411988721
    },
    "16": {
        "estimate": 20.449268598219792,
        "std": 8.521019341193483
    },
    "17": {
        "estimate": 21.381041244304605,
        "std": 8.91619692126489
    },
    "18": {
        "estimate": 20.695420647622342,
        "std": 8.70009247853672
    },
    "19": {
        "estimate": 19.62569174582546,
        "std": 8.122914581312175
    },
    "20": {
        "estimate": 20.047486775157793,
        "std": 8.21759925912808
    },
    "21": {
        "estimate": 19.627945133731938,
        "std": 8.243280445427503
    },
    "22": {
        "estimate": 19.445537022030187,
        "std": 8.380805581095796
    },
    "23": {
        "estimate": 19.377688590495563,
        "std": 8.340415178605712
    },
    "24": {
        "estimate": 19.398415394982877,
        "std": 8.45645013411561
    },
    "25": {
        "estimate": 19.341686365944398,
        "std": 8.441356068826753
    },
    "26": {
        "estimate": 19.465880681942327,
        "std": 8.478324961552941
    },
    "27": {
        "estimate": 19.7790748713661,
        "std": 8.673714825242213
    },
    "28": {
        "estimate": 19.976737916588952,
        "std": 8.758718405041932
    },
    "29": {
        "estimate": 20.141480925004867,
        "std": 8.899058081615783
    },
    "30": {
        "estimate": 20.361354898283146,
        "std": 9.023776220752332
    },
    "31": {
        "estimate": 19.68604112493637,
        "std": 8.574278743486072
    },
    "32": {
        "estimate": 18.3988608849703,
        "std": 7.69034416872222
    }
}