{
    "0": NaN,
    "1": 20.736753463745117,
    "2": 19.904705047607422,
    "3": 21.079410552978516,
    "4": 22.306468963623047,
    "5": 21.219934463500977,
    "6": 20.524150848388672,
    "7": 20.066713333129883,
    "8": 21.11669158935547,
    "9": 22.146625518798828,
    "10": 22.577308654785156,
    "11": 22.573503494262695,
    "12": 22.30510902404785,
    "13": 22.561500549316406,
    "14": 23.09438133239746,
    "15": 23.070514678955078,
    "16": 22.746267318725586,
    "17": 21.89551544189453,
    "18": 21.245891571044922,
    "19": 20.111637115478516,
    "20": 19.96734619140625,
    "21": 18.379940032958984,
    "22": 17.8532772064209,
    "23": 17.225156784057617,
    "24": 17.08670997619629,
    "25": 16.158292770385742,
    "26": 16.28166389465332,
    "27": 15.709137916564941,
    "28": 16.107677459716797,
    "29": 15.872264862060547,
    "30": 15.79891300201416,
    "31": 15.629905700683594,
    "32": 16.166160583496094
}