{
    "0": {
        "estimate": Infinity,
        "std": NaN
    },
    "1": {
        "estimate": 16.8619142814925,
        "std": 4.377912577909727
    },
    "2": {
        "estimate": 15.357767005491615,
        "std": 4.772403628146102
    },
    "3": {
        "estimate": 18.339314215710374,
        "std": 5.266235910400404
    },
    "4": {
        "estimate": 18.01071159932402,
        "std": 5.272373273748773
    },
    "5": {
        "estimate": 19.64839200277628,
        "std": 5.962798389357292
    },
    "6": {
        "estimate": 21.559329288655746,
        "std": 6.358624616382919
    },
    "7": {
        "estimate": 21.125306854368944,
        "std": 6.266513349349187
    },
    "8": {
        "estimate": 21.231327260925646,
        "std": 6.121565854926635
    },
    "9": {
        "estimate": 21.28370450094455,
        "std": 6.558201577837935
    },
    "10": {
        "estimate": 21.58765415565793,
        "std": 6.667421272815606
    },
    "11": {
        "estimate": 21.691278261996235,
        "std": 6.716532673049131
    },
    "12": {
        "estimate": 22.16232045989436,
        "std": 6.898500685160641
    },
    "13": {
        "estimate": 21.3626103297763,
        "std": 6.917549853684741
    },
    "14": {
        "estimate": 20.644774686986487,
        "std": 7.140939190502904
    },
    "15": {
        "estimate": 21.52368797135927,
        "std": 7.446562652147823
    },
    "16": {
        "estimate": 22.677388778738347,
        "std": 8.210375410704337
    },
    "17": {
        "estimate": 22.942225220336255,
        "std": 8.17287380758097
    },
    "18": {
        "estimate": 21.9451099488518,
        "std": 7.791951386363983
    },
    "19": {
        "estimate": 20.995720987114076,
        "std": 7.48976241094206
    },
    "20": {
        "estimate": 19.431122494711914,
        "std": 6.839059842410147
    },
    "21": {
        "estimate": 19.225240385037065,
        "std": 6.760754038044153
    },
    "22": {
        "estimate": 19.18553190564924,
        "std": 6.750307778135087
    },
    "23": {
        "estimate": 19.1229501300668,
        "std": 6.722051094770877
    },
    "24": {
        "estimate": 19.094778830473473,
        "std": 6.694068336364555
    },
    "25": {
        "estimate": 19.113559596493392,
        "std": 6.689124012396047
    },
    "26": {
        "estimate": 19.065566719585004,
        "std": 6.584757354348007
    },
    "27": {
        "estimate": 19.209989677833562,
        "std": 6.56909871927082
    },
    "28": {
        "estimate": 18.839296004588704,
        "std": 6.288439081873466
    },
    "29": {
        "estimate": 18.514964231281795,
        "std": 6.185454956563036
    },
    "30": {
        "estimate": 18.99698453240352,
        "std": 6.6050728491528075
    },
    "31": {
        "estimate": 19.68738011263769,
        "std": 7.299634919439363
    },
    "32": {
        "estimate": 21.16836982748499,
        "std": 10.196030744726762
    }
}