{
    "0": NaN,
    "1": 23.982505798339844,
    "2": 22.06287956237793,
    "3": 26.036466598510742,
    "4": 24.605268478393555,
    "5": 26.35055923461914,
    "6": 28.623119354248047,
    "7": 28.3961124420166,
    "8": 28.34062957763672,
    "9": 28.130390167236328,
    "10": 28.394981384277344,
    "11": 28.676843643188477,
    "12": 29.683961868286133,
    "13": 28.281232833862305,
    "14": 26.64820098876953,
    "15": 26.89331817626953,
    "16": 26.752927780151367,
    "17": 27.081573486328125,
    "18": 26.11086654663086,
    "19": 25.640893936157227,
    "20": 25.915138244628906,
    "21": 26.354679107666016,
    "22": 26.65379524230957,
    "23": 26.704753875732422,
    "24": 26.933835983276367,
    "25": 26.872188568115234,
    "26": 26.85175323486328,
    "27": 26.916555404663086,
    "28": 26.664127349853516,
    "29": 26.792327880859375,
    "30": 27.138935089111328,
    "31": 27.311397552490234,
    "32": 27.722183227539062
}