{
    "0": NaN,
    "1": 8.619699478149414,
    "2": 14.575965881347656,
    "3": 21.37073516845703,
    "4": 25.504390716552734,
    "5": 25.269506454467773,
    "6": 23.305139541625977,
    "7": 27.504541397094727,
    "8": 26.98697280883789,
    "9": 29.769804000854492,
    "10": 31.631641387939453,
    "11": 32.648406982421875,
    "12": 36.65269470214844,
    "13": 36.06715393066406,
    "14": 33.14529800415039,
    "15": 28.671751022338867,
    "16": 28.14491844177246,
    "17": 27.267948150634766,
    "18": 27.878347396850586,
    "19": 28.24911880493164,
    "20": 28.507165908813477,
    "21": 28.815813064575195,
    "22": 29.138317108154297,
    "23": 29.171445846557617,
    "24": 29.186359405517578,
    "25": 29.351308822631836,
    "26": 29.702964782714844,
    "27": 29.769615173339844,
    "28": 29.775976181030273,
    "29": 30.008623123168945,
    "30": 30.454336166381836,
    "31": 29.558855056762695,
    "32": 24.764846801757812
}