{
    "0": {
        "estimate": NaN,
        "std": NaN
    },
    "1": {
        "estimate": 23.861485222767005,
        "std": 8.266846818711894
    },
    "2": {
        "estimate": 25.445109507981606,
        "std": 8.48012080705135
    },
    "3": {
        "estimate": 25.195552064582323,
        "std": 7.64348210342726
    },
    "4": {
        "estimate": 32.95143134015505,
        "std": 10.29600513942591
    },
    "5": {
        "estimate": 36.96404263350072,
        "std": 11.164216509601335
    },
    "6": {
        "estimate": 34.528398571467065,
        "std": 11.103606684346325
    },
    "7": {
        "estimate": 35.50336324649728,
        "std": 11.532047279730769
    },
    "8": {
        "estimate": 35.69642635153657,
        "std": 11.199696384168139
    },
    "9": {
        "estimate": 35.87951194139331,
        "std": 11.115007288098408
    },
    "10": {
        "estimate": 39.54215047438474,
        "std": 12.292401358242467
    },
    "11": {
        "estimate": 41.5562896303527,
        "std": 13.090759135804484
    },
    "12": {
        "estimate": 40.572899393430156,
        "std": 12.781009133516237
    },
    "13": {
        "estimate": 38.204676029981705,
        "std": 12.428784391910563
    },
    "14": {
        "estimate": 35.61273460823989,
        "std": 11.798403526583625
    },
    "15": {
        "estimate": 34.263477626039986,
        "std": 11.966924534850682
    },
    "16": {
        "estimate": 34.954493632518265,
        "std": 12.335479070355783
    },
    "17": {
        "estimate": 34.406412644323,
        "std": 11.664964672007354
    },
    "18": {
        "estimate": 32.73782230407714,
        "std": 11.563871480028801
    },
    "19": {
        "estimate": 31.775201343056466,
        "std": 11.034421465865371
    },
    "20": {
        "estimate": 31.520063438640715,
        "std": 11.006942289221412
    },
    "21": {
        "estimate": 31.536679515410285,
        "std": 11.119535941841157
    },
    "22": {
        "estimate": 30.916000798372192,
        "std": 10.875307496219149
    },
    "23": {
        "estimate": 30.76305501716226,
        "std": 10.816231400283561
    },
    "24": {
        "estimate": 31.2592529637524,
        "std": 11.233980798432205
    },
    "25": {
        "estimate": 31.64026360784967,
        "std": 11.200257575947978
    },
    "26": {
        "estimate": 32.197601661341906,
        "std": 12.160662127780416
    },
    "27": {
        "estimate": 32.63524591633766,
        "std": 12.35712677151527
    },
    "28": {
        "estimate": 33.04796833244506,
        "std": 12.424647015534818
    },
    "29": {
        "estimate": 33.32498629120185,
        "std": 12.895281843646991
    },
    "30": {
        "estimate": 33.24422001916014,
        "std": 12.866302596948689
    },
    "31": {
        "estimate": 34.96427473802518,
        "std": 13.179522856982734
    },
    "32": {
        "estimate": 33.742184308254195,
        "std": 12.302294517715142
    }
}