{
    "0": {
        "estimate": NaN,
        "std": NaN
    },
    "1": {
        "estimate": 18.722952319202832,
        "std": 4.8565749481146145
    },
    "2": {
        "estimate": 20.290627351163963,
        "std": 4.855482599966345
    },
    "3": {
        "estimate": 20.491278854887998,
        "std": 4.138660475423682
    },
    "4": {
        "estimate": 27.05526919368381,
        "std": 5.294915618222482
    },
    "5": {
        "estimate": 30.55128452136104,
        "std": 5.916938963654237
    },
    "6": {
        "estimate": 28.35494510216657,
        "std": 6.514654223267607
    },
    "7": {
        "estimate": 29.124434121408743,
        "std": 6.672896329977743
    },
    "8": {
        "estimate": 29.58572340707605,
        "std": 6.352173188834809
    },
    "9": {
        "estimate": 29.575479774784576,
        "std": 6.258850042600813
    },
    "10": {
        "estimate": 32.82713809091708,
        "std": 6.838205028353407
    },
    "11": {
        "estimate": 34.52357155537708,
        "std": 7.255266430764688
    },
    "12": {
        "estimate": 34.04649794905707,
        "std": 7.229330068957907
    },
    "13": {
        "estimate": 32.5460272112822,
        "std": 7.065989508364797
    },
    "14": {
        "estimate": 30.711124944719845,
        "std": 6.924650801843084
    },
    "15": {
        "estimate": 29.716005940875377,
        "std": 6.91537804002193
    },
    "16": {
        "estimate": 30.380041697826684,
        "std": 6.9120520884580365
    },
    "17": {
        "estimate": 29.883386773450795,
        "std": 6.720568165197922
    },
    "18": {
        "estimate": 28.72532178269797,
        "std": 6.792270739907389
    },
    "19": {
        "estimate": 27.971659255238354,
        "std": 6.689364826565004
    },
    "20": {
        "estimate": 27.6480906143753,
        "std": 6.616935182834838
    },
    "21": {
        "estimate": 27.53956947424937,
        "std": 6.674158620497516
    },
    "22": {
        "estimate": 26.843067848033836,
        "std": 6.4213425718993085
    },
    "23": {
        "estimate": 26.738321264062986,
        "std": 6.421809111648387
    },
    "24": {
        "estimate": 27.115505645207747,
        "std": 6.431108008757774
    },
    "25": {
        "estimate": 27.586951545304455,
        "std": 6.537060348846169
    },
    "26": {
        "estimate": 28.33281841743117,
        "std": 6.874006885148212
    },
    "27": {
        "estimate": 28.811866698966764,
        "std": 7.07751218536853
    },
    "28": {
        "estimate": 29.1636813672429,
        "std": 7.2762838203755305
    },
    "29": {
        "estimate": 29.298820391748443,
        "std": 7.382210906015073
    },
    "30": {
        "estimate": 29.16293790981439,
        "std": 7.372183517538356
    },
    "31": {
        "estimate": 30.754902635893384,
        "std": 7.649191625127898
    },
    "32": {
        "estimate": 29.39514852041914,
        "std": 7.129233852054763
    }
}