{
    "0": {
        "estimate": NaN,
        "std": NaN
    },
    "1": {
        "estimate": 17.316394237365376,
        "std": 4.394459459140466
    },
    "2": {
        "estimate": 18.802874282006616,
        "std": 4.3379531671964475
    },
    "3": {
        "estimate": 19.120456644522054,
        "std": 3.61391770477717
    },
    "4": {
        "estimate": 25.395934653183534,
        "std": 4.657844680550696
    },
    "5": {
        "estimate": 28.601545078529096,
        "std": 5.102704738984084
    },
    "6": {
        "estimate": 26.582435232472555,
        "std": 5.799582518089738
    },
    "7": {
        "estimate": 27.342089047546335,
        "std": 5.867952906198848
    },
    "8": {
        "estimate": 27.842419734427065,
        "std": 5.556987873658534
    },
    "9": {
        "estimate": 27.887771502437662,
        "std": 5.51801298594305
    },
    "10": {
        "estimate": 30.92399484134355,
        "std": 6.007943955614153
    },
    "11": {
        "estimate": 32.54792990681115,
        "std": 6.201445568972044
    },
    "12": {
        "estimate": 32.22508606771338,
        "std": 6.278502640491871
    },
    "13": {
        "estimate": 30.93807801323489,
        "std": 6.315043625437995
    },
    "14": {
        "estimate": 29.213736116051198,
        "std": 6.066642404558664
    },
    "15": {
        "estimate": 28.34938220303365,
        "std": 6.087371616027021
    },
    "16": {
        "estimate": 28.961878984089445,
        "std": 6.131727416600947
    },
    "17": {
        "estimate": 28.470204342986968,
        "std": 5.921836297343933
    },
    "18": {
        "estimate": 27.359793700688368,
        "std": 6.003460817898546
    },
    "19": {
        "estimate": 26.61750242751909,
        "std": 5.934320900826764
    },
    "20": {
        "estimate": 26.271749267623747,
        "std": 5.84601726860562
    },
    "21": {
        "estimate": 26.210900417437735,
        "std": 5.968696985158293
    },
    "22": {
        "estimate": 25.47969890724379,
        "std": 5.602697345039832
    },
    "23": {
        "estimate": 25.38650050335237,
        "std": 5.682576107801679
    },
    "24": {
        "estimate": 25.80532259029901,
        "std": 5.742445444791496
    },
    "25": {
        "estimate": 26.261526842120535,
        "std": 5.84135898489051
    },
    "26": {
        "estimate": 26.998753683216528,
        "std": 6.052012819812827
    },
    "27": {
        "estimate": 27.48625371999935,
        "std": 6.277614924054019
    },
    "28": {
        "estimate": 27.766035861951845,
        "std": 6.432905315370549
    },
    "29": {
        "estimate": 27.88384334525125,
        "std": 6.568703117975035
    },
    "30": {
        "estimate": 27.69652269995415,
        "std": 6.531319846334244
    },
    "31": {
        "estimate": 29.253243147010444,
        "std": 6.856567558353787
    },
    "32": {
        "estimate": 27.924963131851378,
        "std": 6.42940118319255
    }
}