{
    "0": {
        "estimate": Infinity,
        "std": NaN
    },
    "1": {
        "estimate": 19.6601873250782,
        "std": 8.012623676577931
    },
    "2": {
        "estimate": 5.084964932482787,
        "std": 1.62201708325814
    },
    "3": {
        "estimate": 8.801545648410677,
        "std": 3.2859337682900267
    },
    "4": {
        "estimate": 12.036556029009388,
        "std": 4.823752640949049
    },
    "5": {
        "estimate": 15.109275092559052,
        "std": 6.373880439378569
    },
    "6": {
        "estimate": 16.92794478088549,
        "std": 7.310899693387786
    },
    "7": {
        "estimate": 17.903900481597972,
        "std": 7.766796639980802
    },
    "8": {
        "estimate": 18.520679364714642,
        "std": 8.235764690672333
    },
    "9": {
        "estimate": 18.755947545765828,
        "std": 8.494345807123286
    },
    "10": {
        "estimate": 19.14678779277194,
        "std": 8.794018298791444
    },
    "11": {
        "estimate": 19.27887427772802,
        "std": 8.916794304640593
    },
    "12": {
        "estimate": 19.669974440006747,
        "std": 9.13850938337965
    },
    "13": {
        "estimate": 19.748017375816026,
        "std": 9.283584472681587
    },
    "14": {
        "estimate": 19.996660060159144,
        "std": 9.512289478070517
    },
    "15": {
        "estimate": 20.562856653421832,
        "std": 9.782432287003212
    },
    "16": {
        "estimate": 21.231843119299445,
        "std": 10.205381751507709
    },
    "17": {
        "estimate": 21.41482253007315,
        "std": 10.42986248512941
    },
    "18": {
        "estimate": 21.616988782842686,
        "std": 10.51665376418188
    },
    "19": {
        "estimate": 21.770534627043507,
        "std": 10.63075209623687
    },
    "20": {
        "estimate": 21.91074078847074,
        "std": 10.804917178290045
    },
    "21": {
        "estimate": 22.280034761785185,
        "std": 11.12101836134158
    },
    "22": {
        "estimate": 22.59546305639779,
        "std": 11.409890039999656
    },
    "23": {
        "estimate": 22.87293024713594,
        "std": 11.655287677258949
    },
    "24": {
        "estimate": 22.994663989872056,
        "std": 11.714140502380273
    },
    "25": {
        "estimate": 23.21954160642247,
        "std": 11.820692362240699
    },
    "26": {
        "estimate": 23.826634069689796,
        "std": 12.06452799321486
    },
    "27": {
        "estimate": 24.47337297665144,
        "std": 12.383901516156115
    },
    "28": {
        "estimate": 24.915513743117735,
        "std": 12.711734481231293
    },
    "29": {
        "estimate": 26.198452795316168,
        "std": 13.40814379922447
    },
    "30": {
        "estimate": 27.26261698082724,
        "std": 13.802225999592494
    },
    "31": {
        "estimate": 28.41077654557212,
        "std": 13.955509900013588
    },
    "32": {
        "estimate": 30.07565155755138,
        "std": 15.211386568060766
    }
}