{
    "0": {
        "estimate": Infinity,
        "std": NaN
    },
    "1": {
        "estimate": 16.286826336296592,
        "std": 3.887836088213659
    },
    "2": {
        "estimate": 3.5290431180101485,
        "std": 0.8129098900795677
    },
    "3": {
        "estimate": 4.795368209706144,
        "std": 1.2695534881576067
    },
    "4": {
        "estimate": 6.420335165960962,
        "std": 2.008312779216256
    },
    "5": {
        "estimate": 8.661700922997701,
        "std": 2.998671152920651
    },
    "6": {
        "estimate": 10.361395152318336,
        "std": 3.715094411643837
    },
    "7": {
        "estimate": 11.69171688551273,
        "std": 4.117821533292712
    },
    "8": {
        "estimate": 12.466583661750084,
        "std": 4.376250191164919
    },
    "9": {
        "estimate": 13.170883358593256,
        "std": 4.552672814456418
    },
    "10": {
        "estimate": 13.845945560958222,
        "std": 4.768248374902182
    },
    "11": {
        "estimate": 14.038871247512173,
        "std": 4.823716033157408
    },
    "12": {
        "estimate": 14.50607730855029,
        "std": 5.01543111857172
    },
    "13": {
        "estimate": 14.80093848840284,
        "std": 5.083755804555259
    },
    "14": {
        "estimate": 15.157922333539556,
        "std": 5.190654354847578
    },
    "15": {
        "estimate": 15.699156290454004,
        "std": 5.424343588746641
    },
    "16": {
        "estimate": 16.44946947824604,
        "std": 5.737564856212425
    },
    "17": {
        "estimate": 16.727455474264165,
        "std": 5.8557430430266075
    },
    "18": {
        "estimate": 17.01827471401786,
        "std": 5.95983369353923
    },
    "19": {
        "estimate": 17.3241352081031,
        "std": 6.032775400133044
    },
    "20": {
        "estimate": 17.43937124485772,
        "std": 6.068957908079773
    },
    "21": {
        "estimate": 17.824121743729826,
        "std": 6.24160333618883
    },
    "22": {
        "estimate": 18.116932443552006,
        "std": 6.361966565446441
    },
    "23": {
        "estimate": 18.374125369539666,
        "std": 6.487960401065629
    },
    "24": {
        "estimate": 18.563791776212252,
        "std": 6.582967386862322
    },
    "25": {
        "estimate": 18.790580622086758,
        "std": 6.696768053602468
    },
    "26": {
        "estimate": 19.283822660788942,
        "std": 6.895197211159661
    },
    "27": {
        "estimate": 19.798007599996676,
        "std": 7.133000410829788
    },
    "28": {
        "estimate": 20.258965867126822,
        "std": 7.291829138507078
    },
    "29": {
        "estimate": 21.28933729372158,
        "std": 7.719012973077372
    },
    "30": {
        "estimate": 22.08107678664477,
        "std": 7.78452966518754
    },
    "31": {
        "estimate": 23.68116305302495,
        "std": 8.06411480926549
    },
    "32": {
        "estimate": 25.67869257690829,
        "std": 8.648320558302208
    }
}