{
    "0": {
        "estimate": Infinity,
        "std": NaN
    },
    "1": {
        "estimate": 16.760546935565372,
        "std": 4.227868660259966
    },
    "2": {
        "estimate": 3.717916461162767,
        "std": 0.8684883460880625
    },
    "3": {
        "estimate": 5.256791337019809,
        "std": 1.4532870072874828
    },
    "4": {
        "estimate": 7.150012450127794,
        "std": 2.3106131275618735
    },
    "5": {
        "estimate": 9.607414011867668,
        "std": 3.341109622860007
    },
    "6": {
        "estimate": 11.376574481122622,
        "std": 4.061356299427703
    },
    "7": {
        "estimate": 12.69176378455277,
        "std": 4.452750159567207
    },
    "8": {
        "estimate": 13.436434670165612,
        "std": 4.731754428482556
    },
    "9": {
        "estimate": 14.0640156193053,
        "std": 4.860071048805597
    },
    "10": {
        "estimate": 14.715666209992987,
        "std": 5.112461544494001
    },
    "11": {
        "estimate": 14.897653322219858,
        "std": 5.179388429327512
    },
    "12": {
        "estimate": 15.329044136473938,
        "std": 5.3669907763272775
    },
    "13": {
        "estimate": 15.608316553034989,
        "std": 5.462744875369866
    },
    "14": {
        "estimate": 15.956818242219923,
        "std": 5.575818608974566
    },
    "15": {
        "estimate": 16.511575059164816,
        "std": 5.838670760478792
    },
    "16": {
        "estimate": 17.229075333802875,
        "std": 6.115115443412278
    },
    "17": {
        "estimate": 17.512913825614024,
        "std": 6.268175556198986
    },
    "18": {
        "estimate": 17.78102437151298,
        "std": 6.38723399176056
    },
    "19": {
        "estimate": 18.0750136711659,
        "std": 6.498566953204548
    },
    "20": {
        "estimate": 18.19286827018274,
        "std": 6.547977957217214
    },
    "21": {
        "estimate": 18.57449091366405,
        "std": 6.72393883601985
    },
    "22": {
        "estimate": 18.873848403000224,
        "std": 6.852763950321245
    },
    "23": {
        "estimate": 19.12126261726661,
        "std": 6.966136610857431
    },
    "24": {
        "estimate": 19.287365600579246,
        "std": 7.01288119147427
    },
    "25": {
        "estimate": 19.538899332751804,
        "std": 7.1535360604523905
    },
    "26": {
        "estimate": 20.063204776776384,
        "std": 7.391636560337025
    },
    "27": {
        "estimate": 20.605347034844627,
        "std": 7.646489431803686
    },
    "28": {
        "estimate": 21.0581019405705,
        "std": 7.825144598449493
    },
    "29": {
        "estimate": 22.116362867702517,
        "std": 8.257837680910908
    },
    "30": {
        "estimate": 22.890521985975212,
        "std": 8.306835101823962
    },
    "31": {
        "estimate": 24.458256975710274,
        "std": 8.581449739077582
    },
    "32": {
        "estimate": 26.324094327306888,
        "std": 9.309908397436883
    }
}