{
    "0": {
        "estimate": NaN,
        "std": NaN
    },
    "1": {
        "estimate": 19.65857619999193,
        "std": 6.7142815750816025
    },
    "2": {
        "estimate": 20.882073699499607,
        "std": 7.030979471322917
    },
    "3": {
        "estimate": 22.160591292804956,
        "std": 7.786428388426933
    },
    "4": {
        "estimate": 24.337122686117688,
        "std": 8.486173834183287
    },
    "5": {
        "estimate": 25.775953755874962,
        "std": 8.835726801311045
    },
    "6": {
        "estimate": 26.503542811731318,
        "std": 8.958135036824912
    },
    "7": {
        "estimate": 25.024105388519068,
        "std": 8.21207319810499
    },
    "8": {
        "estimate": 25.613898964644708,
        "std": 8.32982470614445
    },
    "9": {
        "estimate": 25.17943055387074,
        "std": 8.326945055770786
    },
    "10": {
        "estimate": 25.227031694341946,
        "std": 8.314417155494084
    },
    "11": {
        "estimate": 25.14812969595736,
        "std": 8.20916052297659
    },
    "12": {
        "estimate": 25.47372678669912,
        "std": 8.313864164098625
    },
    "13": {
        "estimate": 26.841682711192814,
        "std": 8.715011299854575
    },
    "14": {
        "estimate": 27.89149575047898,
        "std": 9.112219226276775
    },
    "15": {
        "estimate": 28.591844127848397,
        "std": 9.167269222041051
    },
    "16": {
        "estimate": 29.64659059507474,
        "std": 9.647821418782083
    },
    "17": {
        "estimate": 29.177484917664067,
        "std": 9.390305886092603
    },
    "18": {
        "estimate": 28.654965435428778,
        "std": 9.045804248018907
    },
    "19": {
        "estimate": 27.779652957481357,
        "std": 8.645615614608376
    },
    "20": {
        "estimate": 28.6570118950045,
        "std": 9.036590812001752
    },
    "21": {
        "estimate": 28.393773007310635,
        "std": 8.864540765355628
    },
    "22": {
        "estimate": 28.397755890067412,
        "std": 8.858936818699084
    },
    "23": {
        "estimate": 28.491562280154547,
        "std": 9.060791074857509
    },
    "24": {
        "estimate": 28.613728641757007,
        "std": 9.146456658203356
    },
    "25": {
        "estimate": 29.143746688390827,
        "std": 9.418601573698151
    },
    "26": {
        "estimate": 29.428531584384316,
        "std": 9.569641549499265
    },
    "27": {
        "estimate": 30.407798913065168,
        "std": 10.156718097924735
    },
    "28": {
        "estimate": 30.50379677656228,
        "std": 10.076094962538042
    },
    "29": {
        "estimate": 30.84786331497582,
        "std": 10.201177121819674
    },
    "30": {
        "estimate": 32.37510331401921,
        "std": 10.721197753408815
    },
    "31": {
        "estimate": 32.11382310591204,
        "std": 10.72541995993657
    },
    "32": {
        "estimate": 26.119571126953186,
        "std": 8.668415788719162
    }
}