{
    "0": {
        "estimate": NaN,
        "std": NaN
    },
    "1": {
        "estimate": 13.347189523084872,
        "std": 3.24019530039023
    },
    "2": {
        "estimate": 15.150690065700132,
        "std": 3.3051693454497504
    },
    "3": {
        "estimate": 15.942777759042347,
        "std": 3.651869990222638
    },
    "4": {
        "estimate": 18.280627823115385,
        "std": 4.212902636948331
    },
    "5": {
        "estimate": 19.46676633299294,
        "std": 4.254841705552295
    },
    "6": {
        "estimate": 20.430412501378676,
        "std": 4.323890490737688
    },
    "7": {
        "estimate": 19.373677961723622,
        "std": 4.078402446828282
    },
    "8": {
        "estimate": 19.970134162388113,
        "std": 4.09897638015773
    },
    "9": {
        "estimate": 18.952927342360304,
        "std": 4.005008388046267
    },
    "10": {
        "estimate": 18.52581257600377,
        "std": 3.872842793627472
    },
    "11": {
        "estimate": 18.312896165753646,
        "std": 3.9073987013958784
    },
    "12": {
        "estimate": 18.17844864317844,
        "std": 3.844905388897188
    },
    "13": {
        "estimate": 19.265201205914824,
        "std": 3.9746026180232725
    },
    "14": {
        "estimate": 20.317346462748898,
        "std": 4.099197931473254
    },
    "15": {
        "estimate": 21.23316892805107,
        "std": 4.070434901867635
    },
    "16": {
        "estimate": 21.92273740933132,
        "std": 4.052510868043737
    },
    "17": {
        "estimate": 21.2961685811192,
        "std": 3.83884609618727
    },
    "18": {
        "estimate": 20.909276438972377,
        "std": 3.7630854837635743
    },
    "19": {
        "estimate": 20.252439204809335,
        "std": 3.6556815452747218
    },
    "20": {
        "estimate": 21.078291396803753,
        "std": 3.7637355621888995
    },
    "21": {
        "estimate": 20.93687031236539,
        "std": 3.8512290473257687
    },
    "22": {
        "estimate": 20.89199563991246,
        "std": 3.91508733963655
    },
    "23": {
        "estimate": 20.870379666743656,
        "std": 3.978086698504462
    },
    "24": {
        "estimate": 21.036685168417403,
        "std": 4.0931708415999415
    },
    "25": {
        "estimate": 21.57223404375012,
        "std": 4.364217905446081
    },
    "26": {
        "estimate": 21.65774653736034,
        "std": 4.396850523620188
    },
    "27": {
        "estimate": 22.587409071270848,
        "std": 4.772735485617718
    },
    "28": {
        "estimate": 22.677850775045066,
        "std": 4.778242708944728
    },
    "29": {
        "estimate": 23.125899294736456,
        "std": 4.968661201992838
    },
    "30": {
        "estimate": 24.527299631427653,
        "std": 5.391101348856668
    },
    "31": {
        "estimate": 24.545011934243767,
        "std": 5.422541352578498
    },
    "32": {
        "estimate": 18.542121087761444,
        "std": 3.927215269502359
    }
}