{
    "0": {
        "estimate": NaN,
        "std": NaN
    },
    "1": {
        "estimate": 14.257691628319643,
        "std": 3.495293989394629
    },
    "2": {
        "estimate": 15.998724906044698,
        "std": 3.557761571127684
    },
    "3": {
        "estimate": 16.870217436513524,
        "std": 3.857822867343612
    },
    "4": {
        "estimate": 19.185757507883864,
        "std": 4.4291190906117075
    },
    "5": {
        "estimate": 20.377054245272507,
        "std": 4.491201196267179
    },
    "6": {
        "estimate": 21.356450250451008,
        "std": 4.55631960503584
    },
    "7": {
        "estimate": 20.152842413317803,
        "std": 4.305034279541052
    },
    "8": {
        "estimate": 20.762048514403165,
        "std": 4.351270890964677
    },
    "9": {
        "estimate": 19.822074393100916,
        "std": 4.307785860015805
    },
    "10": {
        "estimate": 19.45204079001038,
        "std": 4.159847859720636
    },
    "11": {
        "estimate": 19.280311016237903,
        "std": 4.1733936114063495
    },
    "12": {
        "estimate": 19.284254741894244,
        "std": 4.091329101303931
    },
    "13": {
        "estimate": 20.4067998286705,
        "std": 4.283907544193546
    },
    "14": {
        "estimate": 21.496999166292557,
        "std": 4.4133916432217895
    },
    "15": {
        "estimate": 22.369230174508463,
        "std": 4.381902622067904
    },
    "16": {
        "estimate": 23.038328474756312,
        "std": 4.441017255889354
    },
    "17": {
        "estimate": 22.414603613547712,
        "std": 4.206533419389985
    },
    "18": {
        "estimate": 21.999805287967586,
        "std": 4.110114918816404
    },
    "19": {
        "estimate": 21.304766984906465,
        "std": 4.011331391357578
    },
    "20": {
        "estimate": 22.148695867341566,
        "std": 4.099135036044507
    },
    "21": {
        "estimate": 22.047089223905274,
        "std": 4.175101062989112
    },
    "22": {
        "estimate": 21.947339106928556,
        "std": 4.254082887565372
    },
    "23": {
        "estimate": 21.930861065703414,
        "std": 4.329238881866763
    },
    "24": {
        "estimate": 22.111339214324673,
        "std": 4.432093205514642
    },
    "25": {
        "estimate": 22.662709012686847,
        "std": 4.6951132071165596
    },
    "26": {
        "estimate": 22.77451239972512,
        "std": 4.735915193674574
    },
    "27": {
        "estimate": 23.724947915272235,
        "std": 5.142608799913146
    },
    "28": {
        "estimate": 23.8133986965092,
        "std": 5.169435879850564
    },
    "29": {
        "estimate": 24.247998426291772,
        "std": 5.322057870696932
    },
    "30": {
        "estimate": 25.693463860148597,
        "std": 5.777646504743395
    },
    "31": {
        "estimate": 25.698699464694457,
        "std": 5.779588024309403
    },
    "32": {
        "estimate": 19.64061409102531,
        "std": 4.245357904795146
    }
}