{
    "0": {
        "estimate": NaN,
        "std": NaN
    },
    "1": {
        "estimate": 15.475901403661178,
        "std": 3.276841805312253
    },
    "2": {
        "estimate": 13.858707421894698,
        "std": 5.9050866021091535
    },
    "3": {
        "estimate": 14.402623402471239,
        "std": 7.165483210360377
    },
    "4": {
        "estimate": 15.31509524725778,
        "std": 7.486048380063875
    },
    "5": {
        "estimate": 17.216991722904176,
        "std": 7.767124309326196
    },
    "6": {
        "estimate": 19.3792547660872,
        "std": 9.04812209392691
    },
    "7": {
        "estimate": 21.472907807085168,
        "std": 9.254457963269799
    },
    "8": {
        "estimate": 24.320642957029307,
        "std": 9.398335568583267
    },
    "9": {
        "estimate": 25.53349529417148,
        "std": 9.594275389133504
    },
    "10": {
        "estimate": 26.908961892061726,
        "std": 9.323460686256054
    },
    "11": {
        "estimate": 28.04067488527036,
        "std": 8.965150853208002
    },
    "12": {
        "estimate": 28.543874237040757,
        "std": 8.617009622995798
    },
    "13": {
        "estimate": 29.29405439923176,
        "std": 8.753999756379525
    },
    "14": {
        "estimate": 26.85874673463738,
        "std": 7.838863292991479
    },
    "15": {
        "estimate": 27.051759723402593,
        "std": 7.396419659583835
    },
    "16": {
        "estimate": 27.732394553371925,
        "std": 7.301039649654181
    },
    "17": {
        "estimate": 27.74709757784417,
        "std": 7.074257466871564
    },
    "18": {
        "estimate": 26.296527677514312,
        "std": 6.371435917726221
    },
    "19": {
        "estimate": 26.500868262307602,
        "std": 6.310237455291772
    },
    "20": {
        "estimate": 26.08871755632199,
        "std": 6.1919970265935165
    },
    "21": {
        "estimate": 26.160108013263248,
        "std": 6.109508941679396
    },
    "22": {
        "estimate": 26.430200518605755,
        "std": 6.140877682435356
    },
    "23": {
        "estimate": 26.46388190312723,
        "std": 6.126406870774429
    },
    "24": {
        "estimate": 26.690841821839165,
        "std": 6.236487889927058
    },
    "25": {
        "estimate": 27.52371610510401,
        "std": 6.551515592940136
    },
    "26": {
        "estimate": 28.99598581250228,
        "std": 7.4877377778949965
    },
    "27": {
        "estimate": 29.815719633110344,
        "std": 7.7274862963147735
    },
    "28": {
        "estimate": 30.49975063169616,
        "std": 8.31420474292612
    },
    "29": {
        "estimate": 31.271865445481218,
        "std": 8.897987779691194
    },
    "30": {
        "estimate": 31.386807899158885,
        "std": 8.931365756499929
    },
    "31": {
        "estimate": 31.151537602568254,
        "std": 8.632090575751178
    },
    "32": {
        "estimate": 31.310114270580346,
        "std": 8.63447687958783
    },
    "33": {
        "estimate": 31.92132241922767,
        "std": 9.044222616208431
    },
    "34": {
        "estimate": 32.04224713885307,
        "std": 9.190138479636037
    },
    "35": {
        "estimate": 31.941418827838916,
        "std": 9.161337126877969
    },
    "36": {
        "estimate": 32.11679439912342,
        "std": 9.196801019878555
    },
    "37": {
        "estimate": 32.361784560145615,
        "std": 9.269741997152904
    },
    "38": {
        "estimate": 32.94623629592792,
        "std": 9.336461650394622
    },
    "39": {
        "estimate": 33.24835275764468,
        "std": 9.421925827572933
    },
    "40": {
        "estimate": 32.12957797271613,
        "std": 8.786843747039784
    }
}