{
    "0": {
        "estimate": NaN,
        "std": NaN
    },
    "1": {
        "estimate": 19.070877138063523,
        "std": 6.58144940070296
    },
    "2": {
        "estimate": 13.180841826271985,
        "std": 10.670747403101362
    },
    "3": {
        "estimate": 13.577887701564494,
        "std": 12.473292811059004
    },
    "4": {
        "estimate": 13.566465367923412,
        "std": 12.625950150768182
    },
    "5": {
        "estimate": 15.473910872956246,
        "std": 12.884452370917309
    },
    "6": {
        "estimate": 17.60917927133058,
        "std": 13.788218917176078
    },
    "7": {
        "estimate": 19.99047427093593,
        "std": 14.016217092970226
    },
    "8": {
        "estimate": 23.93894008740131,
        "std": 15.012772609580688
    },
    "9": {
        "estimate": 25.57275762775431,
        "std": 14.918011148379573
    },
    "10": {
        "estimate": 27.938530750148633,
        "std": 14.807658020348553
    },
    "11": {
        "estimate": 30.94190651930106,
        "std": 14.288136585776938
    },
    "12": {
        "estimate": 32.51180397539131,
        "std": 14.388542319327179
    },
    "13": {
        "estimate": 34.001221771693125,
        "std": 14.465934379905361
    },
    "14": {
        "estimate": 33.60120704809382,
        "std": 13.042357348498399
    },
    "15": {
        "estimate": 34.20795988569702,
        "std": 12.771778717177874
    },
    "16": {
        "estimate": 35.24195147954735,
        "std": 13.227596095054587
    },
    "17": {
        "estimate": 35.29430121935789,
        "std": 12.705233784254812
    },
    "18": {
        "estimate": 34.35498372158217,
        "std": 12.070531746669985
    },
    "19": {
        "estimate": 34.5992564005957,
        "std": 12.138880016160643
    },
    "20": {
        "estimate": 34.19936955101092,
        "std": 11.881667846987126
    },
    "21": {
        "estimate": 34.32860400535457,
        "std": 11.930738609787625
    },
    "22": {
        "estimate": 34.82715046374191,
        "std": 12.155618946906017
    },
    "23": {
        "estimate": 34.81418049096595,
        "std": 11.897752988369529
    },
    "24": {
        "estimate": 35.30351025469286,
        "std": 12.25072079949498
    },
    "25": {
        "estimate": 36.05727672442751,
        "std": 12.80955783801482
    },
    "26": {
        "estimate": 37.458133739937374,
        "std": 13.74440187978559
    },
    "27": {
        "estimate": 37.810243742849465,
        "std": 14.126042882590289
    },
    "28": {
        "estimate": 38.4552477386273,
        "std": 14.241158391934427
    },
    "29": {
        "estimate": 38.966080874380204,
        "std": 14.960322716628921
    },
    "30": {
        "estimate": 38.95937081011261,
        "std": 15.234524238563392
    },
    "31": {
        "estimate": 38.26450651932624,
        "std": 14.943691905952614
    },
    "32": {
        "estimate": 38.42131081501209,
        "std": 15.107192008620638
    },
    "33": {
        "estimate": 38.41532118586869,
        "std": 15.52652551417039
    },
    "34": {
        "estimate": 38.06888264062939,
        "std": 15.491451970199545
    },
    "35": {
        "estimate": 37.814733782453914,
        "std": 15.394192075321406
    },
    "36": {
        "estimate": 37.954834103226055,
        "std": 15.666462468128378
    },
    "37": {
        "estimate": 37.919976842802186,
        "std": 15.693605858687173
    },
    "38": {
        "estimate": 37.59557762962233,
        "std": 15.623577651943148
    },
    "39": {
        "estimate": 36.93004706900079,
        "std": 15.646647567804026
    },
    "40": {
        "estimate": 35.00080246629745,
        "std": 14.712643116763132
    }
}