{
    "0": {
        "estimate": NaN,
        "std": NaN
    },
    "1": {
        "estimate": 10.451921237469419,
        "std": 4.487404021383422
    },
    "2": {
        "estimate": 11.722426861033647,
        "std": 4.434308546232804
    },
    "3": {
        "estimate": 12.939863532122972,
        "std": 5.055982232016941
    },
    "4": {
        "estimate": 12.90016953565667,
        "std": 5.271554057809938
    },
    "5": {
        "estimate": 12.977348628371482,
        "std": 5.175126209417218
    },
    "6": {
        "estimate": 13.011952275581688,
        "std": 5.069465334578182
    },
    "7": {
        "estimate": 13.025496356135578,
        "std": 5.025614534489378
    },
    "8": {
        "estimate": 13.310448751902799,
        "std": 5.101162232391926
    },
    "9": {
        "estimate": 13.68282026512826,
        "std": 5.222164082536334
    },
    "10": {
        "estimate": 14.272750204572164,
        "std": 5.560056893888697
    },
    "11": {
        "estimate": 14.646701882994856,
        "std": 5.841374688743462
    },
    "12": {
        "estimate": 14.844119602783094,
        "std": 5.873023376727929
    },
    "13": {
        "estimate": 15.553221185352982,
        "std": 6.033872811457979
    },
    "14": {
        "estimate": 17.210252239943316,
        "std": 6.631839370339911
    },
    "15": {
        "estimate": 19.196020044074114,
        "std": 7.334453427041798
    },
    "16": {
        "estimate": 19.670943320871498,
        "std": 7.359661305786861
    },
    "17": {
        "estimate": 19.27523702674322,
        "std": 7.159468474472264
    },
    "18": {
        "estimate": 17.53093940768598,
        "std": 6.081924274654847
    },
    "19": {
        "estimate": 17.175892207798153,
        "std": 6.080715989312926
    },
    "20": {
        "estimate": 17.388022208060463,
        "std": 6.068964101269537
    },
    "21": {
        "estimate": 17.348642644780206,
        "std": 6.06465394665341
    },
    "22": {
        "estimate": 17.063259665011344,
        "std": 5.84886636954327
    },
    "23": {
        "estimate": 16.997605632710282,
        "std": 5.828922220631272
    },
    "24": {
        "estimate": 17.06893862327085,
        "std": 5.813402857550045
    },
    "25": {
        "estimate": 16.973100783378722,
        "std": 5.596072868184473
    },
    "26": {
        "estimate": 17.113532541596477,
        "std": 5.687204293700949
    },
    "27": {
        "estimate": 17.146579747406417,
        "std": 5.746997850402676
    },
    "28": {
        "estimate": 17.11468161102005,
        "std": 5.728018821403479
    },
    "29": {
        "estimate": 16.89614665850724,
        "std": 5.572339143980614
    },
    "30": {
        "estimate": 16.676769651227357,
        "std": 5.489978624819653
    },
    "31": {
        "estimate": 16.91008896413219,
        "std": 5.6855406237362835
    },
    "32": {
        "estimate": 16.85169876863509,
        "std": 5.9214073979409685
    }
}