{
    "0": {
        "estimate": NaN,
        "std": NaN
    },
    "1": {
        "estimate": 11.033432749375232,
        "std": 4.988464061992615
    },
    "2": {
        "estimate": 12.372603689421561,
        "std": 5.015894064711305
    },
    "3": {
        "estimate": 13.593900234176195,
        "std": 5.5382808188773724
    },
    "4": {
        "estimate": 13.497330411763967,
        "std": 5.570993650826764
    },
    "5": {
        "estimate": 13.567388853922395,
        "std": 5.494024080013166
    },
    "6": {
        "estimate": 13.6186086603673,
        "std": 5.466411678531
    },
    "7": {
        "estimate": 13.610901076578754,
        "std": 5.416643613282155
    },
    "8": {
        "estimate": 13.90111469230816,
        "std": 5.4831363159825015
    },
    "9": {
        "estimate": 14.227025660211083,
        "std": 5.5347985078193345
    },
    "10": {
        "estimate": 14.822025923724935,
        "std": 5.8695075195019495
    },
    "11": {
        "estimate": 15.195877538217944,
        "std": 6.162381351276958
    },
    "12": {
        "estimate": 15.414445825627787,
        "std": 6.228062350836013
    },
    "13": {
        "estimate": 16.14336337454403,
        "std": 6.379226625318414
    },
    "14": {
        "estimate": 17.850281128620683,
        "std": 7.041374710852392
    },
    "15": {
        "estimate": 19.955322559313547,
        "std": 7.8568340226310935
    },
    "16": {
        "estimate": 20.4127839987178,
        "std": 7.844893355440739
    },
    "17": {
        "estimate": 20.0311319282801,
        "std": 7.722759495696508
    },
    "18": {
        "estimate": 18.49384907204494,
        "std": 6.601301040996891
    },
    "19": {
        "estimate": 18.103482426376154,
        "std": 6.590836518539398
    },
    "20": {
        "estimate": 18.296860188279243,
        "std": 6.570318269884977
    },
    "21": {
        "estimate": 18.23268763457451,
        "std": 6.604885943189752
    },
    "22": {
        "estimate": 17.962477156361956,
        "std": 6.432827169657012
    },
    "23": {
        "estimate": 17.85960520117493,
        "std": 6.367575747629234
    },
    "24": {
        "estimate": 17.95894240150289,
        "std": 6.386642640893891
    },
    "25": {
        "estimate": 17.89763196251007,
        "std": 6.249999825556837
    },
    "26": {
        "estimate": 18.05282012417059,
        "std": 6.33723100301404
    },
    "27": {
        "estimate": 18.027093599970105,
        "std": 6.315437653641554
    },
    "28": {
        "estimate": 17.99395456278634,
        "std": 6.237379217032367
    },
    "29": {
        "estimate": 17.7871643834304,
        "std": 6.0821180150244984
    },
    "30": {
        "estimate": 17.590552403688488,
        "std": 6.037022828277569
    },
    "31": {
        "estimate": 17.82674175393572,
        "std": 6.2486866493915425
    },
    "32": {
        "estimate": 17.68754899235778,
        "std": 6.47302842553752
    }
}