{
    "0": {
        "estimate": NaN,
        "std": NaN
    },
    "1": {
        "estimate": 10.093617984753967,
        "std": 4.225198219446733
    },
    "2": {
        "estimate": 11.330553271324199,
        "std": 4.122988367233524
    },
    "3": {
        "estimate": 12.520082480823591,
        "std": 4.720242077571937
    },
    "4": {
        "estimate": 12.558178533844657,
        "std": 5.068478042797823
    },
    "5": {
        "estimate": 12.628905059778042,
        "std": 4.920550771356595
    },
    "6": {
        "estimate": 12.670380226821866,
        "std": 4.87658774702722
    },
    "7": {
        "estimate": 12.655001621047582,
        "std": 4.804664446364013
    },
    "8": {
        "estimate": 12.97028609855862,
        "std": 4.913138238528683
    },
    "9": {
        "estimate": 13.338298498049102,
        "std": 5.036220541928866
    },
    "10": {
        "estimate": 13.944615864259418,
        "std": 5.401340184179129
    },
    "11": {
        "estimate": 14.26641493914038,
        "std": 5.655312269356786
    },
    "12": {
        "estimate": 14.491123026899691,
        "std": 5.7108085669698605
    },
    "13": {
        "estimate": 15.128815183226163,
        "std": 5.791374734257499
    },
    "14": {
        "estimate": 16.754185994457497,
        "std": 6.386420954998684
    },
    "15": {
        "estimate": 18.66094019121998,
        "std": 6.97653299750768
    },
    "16": {
        "estimate": 19.174034765434993,
        "std": 7.076989237817323
    },
    "17": {
        "estimate": 18.736961585802074,
        "std": 6.9112333684487295
    },
    "18": {
        "estimate": 16.89082132036187,
        "std": 5.969261519762377
    },
    "19": {
        "estimate": 16.540444333106123,
        "std": 5.877316172673812
    },
    "20": {
        "estimate": 16.747770222703476,
        "std": 5.884011553848
    },
    "21": {
        "estimate": 16.715510949745802,
        "std": 5.837976058458137
    },
    "22": {
        "estimate": 16.42837599260624,
        "std": 5.606473437406808
    },
    "23": {
        "estimate": 16.36652660011211,
        "std": 5.573787076248805
    },
    "24": {
        "estimate": 16.43910299672512,
        "std": 5.543795122314747
    },
    "25": {
        "estimate": 16.345241401263728,
        "std": 5.347609712081914
    },
    "26": {
        "estimate": 16.463057178332463,
        "std": 5.380318072978733
    },
    "27": {
        "estimate": 16.511398847303017,
        "std": 5.464031533506098
    },
    "28": {
        "estimate": 16.48781629218078,
        "std": 5.454831964073159
    },
    "29": {
        "estimate": 16.235479685108665,
        "std": 5.281932291743022
    },
    "30": {
        "estimate": 16.013518677830305,
        "std": 5.224459319233961
    },
    "31": {
        "estimate": 16.265671330312948,
        "std": 5.407235971735075
    },
    "32": {
        "estimate": 16.242555518850335,
        "std": 5.609378211027562
    }
}