{
    "0": {
        "estimate": NaN,
        "std": NaN
    },
    "1": {
        "estimate": 13.705283951960537,
        "std": 7.7081200240518815
    },
    "2": {
        "estimate": 15.223299046058685,
        "std": 7.745558307150136
    },
    "3": {
        "estimate": 16.456111347659668,
        "std": 8.087299074687687
    },
    "4": {
        "estimate": 16.151793875110876,
        "std": 7.748354748620783
    },
    "5": {
        "estimate": 16.159658720671747,
        "std": 7.6300530568050196
    },
    "6": {
        "estimate": 16.1445184672801,
        "std": 7.713537366948526
    },
    "7": {
        "estimate": 16.05347622988503,
        "std": 7.673469222188685
    },
    "8": {
        "estimate": 16.3444104534054,
        "std": 7.704695606027326
    },
    "9": {
        "estimate": 16.580448822443508,
        "std": 7.681364290633889
    },
    "10": {
        "estimate": 17.110974407113307,
        "std": 7.934216135990079
    },
    "11": {
        "estimate": 17.474413894526084,
        "std": 8.348573298427421
    },
    "12": {
        "estimate": 17.70648238127657,
        "std": 8.336449289375187
    },
    "13": {
        "estimate": 18.583200831103028,
        "std": 8.837740942998616
    },
    "14": {
        "estimate": 20.521354452178645,
        "std": 9.96502681052529
    },
    "15": {
        "estimate": 23.087144135614302,
        "std": 11.190098285359007
    },
    "16": {
        "estimate": 23.498753816492652,
        "std": 11.038135593473111
    },
    "17": {
        "estimate": 23.05342025856144,
        "std": 10.809810237376324
    },
    "18": {
        "estimate": 21.79241697365358,
        "std": 9.533826128762236
    },
    "19": {
        "estimate": 21.42190743043414,
        "std": 9.370450603206972
    },
    "20": {
        "estimate": 21.5451475839278,
        "std": 9.486689663149365
    },
    "21": {
        "estimate": 21.425148253720078,
        "std": 9.519764088059176
    },
    "22": {
        "estimate": 21.147307719837613,
        "std": 9.434624090674129
    },
    "23": {
        "estimate": 20.99175040585418,
        "std": 9.250699087841374
    },
    "24": {
        "estimate": 21.13042979277386,
        "std": 9.469329715520026
    },
    "25": {
        "estimate": 21.050424837143247,
        "std": 9.311719782064806
    },
    "26": {
        "estimate": 21.183341158068757,
        "std": 9.350208098822069
    },
    "27": {
        "estimate": 21.10145880499488,
        "std": 9.242630695699626
    },
    "28": {
        "estimate": 21.110728160477056,
        "std": 9.390192006344103
    },
    "29": {
        "estimate": 20.988966646825954,
        "std": 9.28206355954782
    },
    "30": {
        "estimate": 20.648011844213805,
        "std": 9.02248096924855
    },
    "31": {
        "estimate": 20.87546853457857,
        "std": 9.459057067491642
    },
    "32": {
        "estimate": 20.63912373785708,
        "std": 9.742659873097475
    }
}