{
    "0": NaN,
    "1": 13.609650611877441,
    "2": 15.295624732971191,
    "3": 16.274368286132812,
    "4": 15.950071334838867,
    "5": 15.982755661010742,
    "6": 15.827022552490234,
    "7": 15.820055961608887,
    "8": 16.01226806640625,
    "9": 16.06847381591797,
    "10": 16.101791381835938,
    "11": 15.847161293029785,
    "12": 15.92922306060791,
    "13": 16.73102378845215,
    "14": 18.35386085510254,
    "15": 21.213716506958008,
    "16": 22.007783889770508,
    "17": 21.577409744262695,
    "18": 21.34356117248535,
    "19": 21.046735763549805,
    "20": 21.3538761138916,
    "21": 21.379953384399414,
    "22": 21.19696807861328,
    "23": 20.98341178894043,
    "24": 21.008302688598633,
    "25": 21.04725456237793,
    "26": 21.213682174682617,
    "27": 21.22249984741211,
    "28": 21.10057830810547,
    "29": 20.988222122192383,
    "30": 20.717330932617188,
    "31": 20.6373291015625,
    "32": 19.789716720581055
}