{
    "0": {
        "estimate": NaN,
        "std": NaN
    },
    "1": {
        "estimate": 22.838201243030806,
        "std": 7.954075832503315
    },
    "2": {
        "estimate": 25.03690539309961,
        "std": 8.724809397146112
    },
    "3": {
        "estimate": 23.131518878994232,
        "std": 7.42245698291222
    },
    "4": {
        "estimate": 28.835711803699926,
        "std": 8.902264119530393
    },
    "5": {
        "estimate": 31.787077745582863,
        "std": 9.84759282799541
    },
    "6": {
        "estimate": 31.095553923605166,
        "std": 10.125194991683339
    },
    "7": {
        "estimate": 32.096910597129295,
        "std": 10.606315972775567
    },
    "8": {
        "estimate": 33.06974692400559,
        "std": 10.486944476904352
    },
    "9": {
        "estimate": 33.6127247176932,
        "std": 10.844527911360284
    },
    "10": {
        "estimate": 36.81599332023687,
        "std": 11.770216467680148
    },
    "11": {
        "estimate": 37.35763045890956,
        "std": 12.450302536022791
    },
    "12": {
        "estimate": 35.889392847737085,
        "std": 11.682990256714533
    },
    "13": {
        "estimate": 37.32338243518581,
        "std": 12.456090159934856
    },
    "14": {
        "estimate": 36.155904131153264,
        "std": 12.235269387711792
    },
    "15": {
        "estimate": 35.789740012600994,
        "std": 12.265019708905548
    },
    "16": {
        "estimate": 35.34684607987887,
        "std": 12.14334330267629
    },
    "17": {
        "estimate": 34.64939028016416,
        "std": 11.794563861752955
    },
    "18": {
        "estimate": 33.049360536221705,
        "std": 11.41595306841291
    },
    "19": {
        "estimate": 32.24629106861093,
        "std": 11.232684431882925
    },
    "20": {
        "estimate": 31.822709892861372,
        "std": 11.014112067123751
    },
    "21": {
        "estimate": 31.586827820805134,
        "std": 11.152224065601663
    },
    "22": {
        "estimate": 30.887230062646296,
        "std": 11.062088716835186
    },
    "23": {
        "estimate": 30.874372899697104,
        "std": 11.069975555707869
    },
    "24": {
        "estimate": 31.463544068505325,
        "std": 11.29527267858618
    },
    "25": {
        "estimate": 31.95785223405619,
        "std": 11.628105047588427
    },
    "26": {
        "estimate": 32.733673353299636,
        "std": 12.070273961429722
    },
    "27": {
        "estimate": 33.12975887562724,
        "std": 12.299765925681006
    },
    "28": {
        "estimate": 33.79239315733723,
        "std": 12.68016541773155
    },
    "29": {
        "estimate": 33.7615389928393,
        "std": 12.687893390922339
    },
    "30": {
        "estimate": 33.65189776286071,
        "std": 12.481046272446266
    },
    "31": {
        "estimate": 35.092419640787035,
        "std": 12.932944103877785
    },
    "32": {
        "estimate": 33.75736632788399,
        "std": 12.209469568151759
    }
}