{
    "0": {
        "estimate": NaN,
        "std": NaN
    },
    "1": {
        "estimate": 17.921535963664162,
        "std": 7.975917970454495
    },
    "2": {
        "estimate": 19.704305495347704,
        "std": 9.040245978907851
    },
    "3": {
        "estimate": 20.902490838856284,
        "std": 9.29164718751651
    },
    "4": {
        "estimate": 21.18685368268426,
        "std": 10.541524298529424
    },
    "5": {
        "estimate": 22.124318462907283,
        "std": 11.612313712388259
    },
    "6": {
        "estimate": 20.418975944525783,
        "std": 11.394142487750461
    },
    "7": {
        "estimate": 20.146746981519083,
        "std": 11.544869289665677
    },
    "8": {
        "estimate": 20.651354128952143,
        "std": 11.595820614505612
    },
    "9": {
        "estimate": 21.945488726610115,
        "std": 11.646215897036088
    },
    "10": {
        "estimate": 22.045243095408036,
        "std": 11.587770778823394
    },
    "11": {
        "estimate": 21.35566341854793,
        "std": 10.4276060849785
    },
    "12": {
        "estimate": 21.387218107408877,
        "std": 10.471869659825385
    },
    "13": {
        "estimate": 21.44533656256263,
        "std": 10.443636482268296
    },
    "14": {
        "estimate": 21.152211852233574,
        "std": 10.116189311272107
    },
    "15": {
        "estimate": 21.608581795919584,
        "std": 10.03486997776184
    },
    "16": {
        "estimate": 21.211375247241854,
        "std": 9.642188432508977
    },
    "17": {
        "estimate": 21.16157178031431,
        "std": 9.521606281190689
    },
    "18": {
        "estimate": 21.016812168031926,
        "std": 9.381970598065664
    },
    "19": {
        "estimate": 21.109015151175978,
        "std": 9.309986479928963
    },
    "20": {
        "estimate": 21.522808784296988,
        "std": 9.528282273510232
    },
    "21": {
        "estimate": 21.64797317743791,
        "std": 9.640640559501183
    },
    "22": {
        "estimate": 21.992696529887215,
        "std": 9.895279151700885
    },
    "23": {
        "estimate": 22.219897684555598,
        "std": 10.01403391658884
    },
    "24": {
        "estimate": 22.514742152665082,
        "std": 10.304269427521547
    },
    "25": {
        "estimate": 23.279701984145785,
        "std": 10.964288896095347
    },
    "26": {
        "estimate": 23.50038101897365,
        "std": 11.17556550410611
    },
    "27": {
        "estimate": 24.07500056583337,
        "std": 11.948342901972874
    },
    "28": {
        "estimate": 23.892519486077347,
        "std": 11.844734149595743
    },
    "29": {
        "estimate": 23.9215813388708,
        "std": 12.03266975502399
    },
    "30": {
        "estimate": 24.216587520060486,
        "std": 12.579709249823932
    },
    "31": {
        "estimate": 23.065916735123547,
        "std": 12.163427239587087
    },
    "32": {
        "estimate": 21.55397669952868,
        "std": 11.014328048947279
    }
}