{
    "0": {
        "estimate": NaN,
        "std": NaN
    },
    "1": {
        "estimate": 15.607012582677918,
        "std": 4.410282002793365
    },
    "2": {
        "estimate": 17.396419128958936,
        "std": 4.850922203585593
    },
    "3": {
        "estimate": 19.17215596893402,
        "std": 4.961428043861859
    },
    "4": {
        "estimate": 19.87962508199013,
        "std": 5.5066512699517265
    },
    "5": {
        "estimate": 21.44813347381486,
        "std": 6.08076053950992
    },
    "6": {
        "estimate": 20.640549536399316,
        "std": 6.69173418645239
    },
    "7": {
        "estimate": 20.362314945261232,
        "std": 6.770361938945546
    },
    "8": {
        "estimate": 20.810954305185966,
        "std": 6.861044413589108
    },
    "9": {
        "estimate": 21.61896589833443,
        "std": 6.6078614110923075
    },
    "10": {
        "estimate": 21.36450953837473,
        "std": 6.332993335950865
    },
    "11": {
        "estimate": 20.28032644494864,
        "std": 5.619357859026269
    },
    "12": {
        "estimate": 20.097882648947504,
        "std": 5.533653625567463
    },
    "13": {
        "estimate": 19.830400358075774,
        "std": 5.386035320823571
    },
    "14": {
        "estimate": 19.37943113925703,
        "std": 5.110772340831254
    },
    "15": {
        "estimate": 19.909092730062067,
        "std": 5.261856541087234
    },
    "16": {
        "estimate": 19.308182894923153,
        "std": 5.032680744486589
    },
    "17": {
        "estimate": 19.132416423677608,
        "std": 5.0346852489551415
    },
    "18": {
        "estimate": 18.850899950896398,
        "std": 4.886268347140417
    },
    "19": {
        "estimate": 18.893420435211986,
        "std": 4.8848455358500305
    },
    "20": {
        "estimate": 19.168056349869783,
        "std": 5.098041781173338
    },
    "21": {
        "estimate": 19.22657585436291,
        "std": 5.2626266269755515
    },
    "22": {
        "estimate": 19.55476539895986,
        "std": 5.393945835015334
    },
    "23": {
        "estimate": 19.675344592193497,
        "std": 5.427143910307461
    },
    "24": {
        "estimate": 19.962616141546967,
        "std": 5.565011298441125
    },
    "25": {
        "estimate": 20.990420954440093,
        "std": 6.077781436947749
    },
    "26": {
        "estimate": 21.387717685654152,
        "std": 6.24763370527466
    },
    "27": {
        "estimate": 22.438780017219482,
        "std": 6.903786663765049
    },
    "28": {
        "estimate": 22.315227497606593,
        "std": 6.822518971692546
    },
    "29": {
        "estimate": 22.60470672094956,
        "std": 7.005999973453472
    },
    "30": {
        "estimate": 23.370724821563083,
        "std": 7.4318053583626
    },
    "31": {
        "estimate": 22.948978902893128,
        "std": 7.375954922389307
    },
    "32": {
        "estimate": 21.212093522086267,
        "std": 6.611721041970241
    }
}