{
    "0": {
        "estimate": NaN,
        "std": NaN
    },
    "1": {
        "estimate": 17.272048385330336,
        "std": 6.154246512505646
    },
    "2": {
        "estimate": 19.142199630908003,
        "std": 7.112361162840468
    },
    "3": {
        "estimate": 20.56715260726602,
        "std": 7.569277748141998
    },
    "4": {
        "estimate": 20.83738033797411,
        "std": 8.202792845323906
    },
    "5": {
        "estimate": 21.998893544988288,
        "std": 9.132617664718389
    },
    "6": {
        "estimate": 20.490126802578377,
        "std": 9.277347485119536
    },
    "7": {
        "estimate": 20.22870623504127,
        "std": 9.30851783955378
    },
    "8": {
        "estimate": 20.743330177012638,
        "std": 9.4440058999216
    },
    "9": {
        "estimate": 22.018831918423516,
        "std": 9.54536110085231
    },
    "10": {
        "estimate": 21.95160454241617,
        "std": 9.298676304398878
    },
    "11": {
        "estimate": 21.187085009790735,
        "std": 8.452928344118938
    },
    "12": {
        "estimate": 21.029062502830854,
        "std": 8.299009507835086
    },
    "13": {
        "estimate": 20.960668095906527,
        "std": 8.14385105742374
    },
    "14": {
        "estimate": 20.63971543040563,
        "std": 7.933354235627443
    },
    "15": {
        "estimate": 21.07545411811017,
        "std": 7.780234855051584
    },
    "16": {
        "estimate": 20.660158180512813,
        "std": 7.520204397801774
    },
    "17": {
        "estimate": 20.558791771609812,
        "std": 7.556519330408027
    },
    "18": {
        "estimate": 20.401671469997932,
        "std": 7.457553598277288
    },
    "19": {
        "estimate": 20.42276871092575,
        "std": 7.289962616980019
    },
    "20": {
        "estimate": 20.793634358983986,
        "std": 7.506330011917381
    },
    "21": {
        "estimate": 20.85986950784015,
        "std": 7.605087342533264
    },
    "22": {
        "estimate": 21.20436992066953,
        "std": 7.770553247031489
    },
    "23": {
        "estimate": 21.37910132286618,
        "std": 7.953335220222566
    },
    "24": {
        "estimate": 21.71451855495595,
        "std": 8.165664155423801
    },
    "25": {
        "estimate": 22.647403559982614,
        "std": 8.741859986452155
    },
    "26": {
        "estimate": 22.958927735161232,
        "std": 8.880675241769042
    },
    "27": {
        "estimate": 23.658399216171414,
        "std": 9.5364986323016
    },
    "28": {
        "estimate": 23.51126585696462,
        "std": 9.492450103758712
    },
    "29": {
        "estimate": 23.654160486970998,
        "std": 9.688076019267355
    },
    "30": {
        "estimate": 24.10483746415006,
        "std": 10.192128311908373
    },
    "31": {
        "estimate": 23.16027530181773,
        "std": 9.810337144141247
    },
    "32": {
        "estimate": 21.609692973053164,
        "std": 8.972709838058575
    }
}