{
    "0": NaN,
    "1": 14.679668426513672,
    "2": 14.995506286621094,
    "3": 11.177494049072266,
    "4": 10.079442977905273,
    "5": 13.505841255187988,
    "6": 11.658260345458984,
    "7": 11.863768577575684,
    "8": 13.081865310668945,
    "9": 13.720972061157227,
    "10": 15.281684875488281,
    "11": 15.5230712890625,
    "12": 16.20083999633789,
    "13": 16.891803741455078,
    "14": 18.19622039794922,
    "15": 18.154619216918945,
    "16": 18.020139694213867,
    "17": 18.4011287689209,
    "18": 17.879005432128906,
    "19": 18.00341033935547,
    "20": 17.56260108947754,
    "21": 17.84050178527832,
    "22": 17.76709747314453,
    "23": 17.836162567138672,
    "24": 17.84076499938965,
    "25": 17.5013427734375,
    "26": 17.51062774658203,
    "27": 17.465662002563477,
    "28": 17.33382797241211,
    "29": 17.04185676574707,
    "30": 17.092309951782227,
    "31": 17.13181495666504,
    "32": 17.208274841308594,
    "33": 17.284536361694336,
    "34": 17.18058204650879,
    "35": 17.124544143676758,
    "36": 17.202632904052734,
    "37": 17.386503219604492,
    "38": 16.899211883544922,
    "39": 16.888671875,
    "40": 17.506649017333984
}