{
    "0": {
        "estimate": NaN,
        "std": NaN
    },
    "1": {
        "estimate": 20.402710939054312,
        "std": 6.412419324599657
    },
    "2": {
        "estimate": 24.02661647267685,
        "std": 8.319278364415078
    },
    "3": {
        "estimate": 27.179842378742656,
        "std": 7.717056878057432
    },
    "4": {
        "estimate": 30.711102443336895,
        "std": 8.604893829395243
    },
    "5": {
        "estimate": 33.858084485509444,
        "std": 9.40074012351566
    },
    "6": {
        "estimate": 32.27559483669024,
        "std": 8.65425977915071
    },
    "7": {
        "estimate": 33.46031180230131,
        "std": 8.552049472700942
    },
    "8": {
        "estimate": 34.568698377881304,
        "std": 8.814712267901626
    },
    "9": {
        "estimate": 34.53240641613871,
        "std": 8.67701767035957
    },
    "10": {
        "estimate": 35.332920603274474,
        "std": 8.70877589159225
    },
    "11": {
        "estimate": 34.57546197169965,
        "std": 8.173259795205794
    },
    "12": {
        "estimate": 34.4368913289704,
        "std": 8.280178130821367
    },
    "13": {
        "estimate": 35.3079190152089,
        "std": 8.5898833253861
    },
    "14": {
        "estimate": 33.91230248284266,
        "std": 8.659371346225116
    },
    "15": {
        "estimate": 33.38603467380688,
        "std": 8.351000791407607
    },
    "16": {
        "estimate": 30.161786134117026,
        "std": 7.711673848752056
    },
    "17": {
        "estimate": 29.154231678207584,
        "std": 7.785708366933926
    },
    "18": {
        "estimate": 28.307733040132455,
        "std": 7.872523968838056
    },
    "19": {
        "estimate": 27.57659522753476,
        "std": 7.864588628207407
    },
    "20": {
        "estimate": 27.167901678558362,
        "std": 7.798492861319805
    },
    "21": {
        "estimate": 26.484872955729276,
        "std": 7.57495334453472
    },
    "22": {
        "estimate": 26.559856986828322,
        "std": 7.866945637103259
    },
    "23": {
        "estimate": 26.70600758992387,
        "std": 8.324778825471203
    },
    "24": {
        "estimate": 27.64349549214036,
        "std": 8.979798486934738
    },
    "25": {
        "estimate": 28.285136100290476,
        "std": 9.483099618474803
    },
    "26": {
        "estimate": 29.6901171372897,
        "std": 10.486504832020735
    },
    "27": {
        "estimate": 30.51207450662095,
        "std": 10.985589714765991
    },
    "28": {
        "estimate": 31.07380544572192,
        "std": 11.647438782639373
    },
    "29": {
        "estimate": 31.834356587158663,
        "std": 12.068123548530481
    },
    "30": {
        "estimate": 30.723601565436223,
        "std": 11.433790490397698
    },
    "31": {
        "estimate": 31.025025727601697,
        "std": 11.710399662342818
    },
    "32": {
        "estimate": 26.50312233765754,
        "std": 9.472873943012504
    }
}