{
    "0": {
        "estimate": NaN,
        "std": NaN
    },
    "1": {
        "estimate": 21.178498237281186,
        "std": 8.319249920013798
    },
    "2": {
        "estimate": 24.31904056140346,
        "std": 10.67634731083275
    },
    "3": {
        "estimate": 28.843073898133053,
        "std": 10.329149760555778
    },
    "4": {
        "estimate": 32.36376818092813,
        "std": 11.398746350760547
    },
    "5": {
        "estimate": 35.40317270536546,
        "std": 12.5177516000808
    },
    "6": {
        "estimate": 34.287785749048695,
        "std": 11.447234798763317
    },
    "7": {
        "estimate": 35.45343970557409,
        "std": 11.513733860683386
    },
    "8": {
        "estimate": 36.71997382345041,
        "std": 11.946436528157626
    },
    "9": {
        "estimate": 36.95964122599204,
        "std": 12.04281645028039
    },
    "10": {
        "estimate": 37.87041493311938,
        "std": 11.90775139969268
    },
    "11": {
        "estimate": 37.06737462721284,
        "std": 11.371522246226743
    },
    "12": {
        "estimate": 37.015795365541976,
        "std": 11.495717428197183
    },
    "13": {
        "estimate": 37.80955336080665,
        "std": 11.93602121161861
    },
    "14": {
        "estimate": 36.452282336136456,
        "std": 11.605081950554899
    },
    "15": {
        "estimate": 35.765866249351504,
        "std": 11.222570573887637
    },
    "16": {
        "estimate": 32.511360124469505,
        "std": 10.283677134973882
    },
    "17": {
        "estimate": 31.543659235384258,
        "std": 10.17422776765557
    },
    "18": {
        "estimate": 30.6976060010445,
        "std": 10.540333225765353
    },
    "19": {
        "estimate": 29.988382315584936,
        "std": 10.405561602245204
    },
    "20": {
        "estimate": 29.368363347618665,
        "std": 9.953417769426345
    },
    "21": {
        "estimate": 28.698194392670434,
        "std": 9.819336876868206
    },
    "22": {
        "estimate": 28.725139819759082,
        "std": 9.977046672144779
    },
    "23": {
        "estimate": 28.940334239393955,
        "std": 10.44013239809978
    },
    "24": {
        "estimate": 29.828981465689374,
        "std": 11.28440787088242
    },
    "25": {
        "estimate": 30.463755575781956,
        "std": 11.86159464324028
    },
    "26": {
        "estimate": 31.82841586983459,
        "std": 12.633459756606419
    },
    "27": {
        "estimate": 32.55890988983345,
        "std": 13.211514054203338
    },
    "28": {
        "estimate": 33.275936931737,
        "std": 14.133039728375124
    },
    "29": {
        "estimate": 33.6867915319831,
        "std": 14.401088356350687
    },
    "30": {
        "estimate": 32.176633883632476,
        "std": 13.691952660036451
    },
    "31": {
        "estimate": 32.37098783894614,
        "std": 13.793718429655668
    },
    "32": {
        "estimate": 27.46009565852307,
        "std": 11.139523154480615
    }
}