{
    "0": {
        "estimate": NaN,
        "std": NaN
    },
    "1": {
        "estimate": 19.458841253045904,
        "std": 5.13348278432325
    },
    "2": {
        "estimate": 23.502483503729177,
        "std": 6.523828057311813
    },
    "3": {
        "estimate": 25.216477149052547,
        "std": 5.863594436164576
    },
    "4": {
        "estimate": 28.56415192101897,
        "std": 6.485704201678869
    },
    "5": {
        "estimate": 31.995562791965966,
        "std": 6.982925691132551
    },
    "6": {
        "estimate": 30.04915939767386,
        "std": 6.271589645696167
    },
    "7": {
        "estimate": 30.943026258687162,
        "std": 6.1705820629578545
    },
    "8": {
        "estimate": 32.173668529437776,
        "std": 6.371333560044568
    },
    "9": {
        "estimate": 31.99089661654513,
        "std": 6.395016844772199
    },
    "10": {
        "estimate": 32.766693550173514,
        "std": 6.406788465820979
    },
    "11": {
        "estimate": 31.686734450415102,
        "std": 5.920100065934739
    },
    "12": {
        "estimate": 31.37138437383174,
        "std": 5.871892204116566
    },
    "13": {
        "estimate": 32.457670073082845,
        "std": 6.115814379801092
    },
    "14": {
        "estimate": 30.828158454362576,
        "std": 6.081465435800705
    },
    "15": {
        "estimate": 30.569536388999207,
        "std": 6.067969711139248
    },
    "16": {
        "estimate": 27.401891675064107,
        "std": 5.824808141708765
    },
    "17": {
        "estimate": 26.47811880765861,
        "std": 5.832392799166348
    },
    "18": {
        "estimate": 25.702668476869142,
        "std": 6.031663710000547
    },
    "19": {
        "estimate": 25.046840073665866,
        "std": 6.106466723177445
    },
    "20": {
        "estimate": 24.545090231859678,
        "std": 6.078303386538189
    },
    "21": {
        "estimate": 23.90055961378868,
        "std": 5.907974132696459
    },
    "22": {
        "estimate": 24.13845794965162,
        "std": 6.300084439739565
    },
    "23": {
        "estimate": 24.381610670939686,
        "std": 6.941137842220724
    },
    "24": {
        "estimate": 25.313729623645113,
        "std": 7.510399061864784
    },
    "25": {
        "estimate": 25.874162146376197,
        "std": 8.177239617737683
    },
    "26": {
        "estimate": 27.248408517220337,
        "std": 9.016300166927554
    },
    "27": {
        "estimate": 28.156433412993625,
        "std": 9.438725557904476
    },
    "28": {
        "estimate": 28.62325011729903,
        "std": 9.972920744529329
    },
    "29": {
        "estimate": 29.49880420347792,
        "std": 10.588020987129008
    },
    "30": {
        "estimate": 28.88406625082165,
        "std": 10.074463418376366
    },
    "31": {
        "estimate": 29.464634725594493,
        "std": 10.598104863519715
    },
    "32": {
        "estimate": 25.23987609465996,
        "std": 8.363250155486275
    }
}