{
    "0": {
        "estimate": NaN,
        "std": NaN
    },
    "1": {
        "estimate": 19.929201984772252,
        "std": 11.213693334079217
    },
    "2": {
        "estimate": 20.537362277206224,
        "std": 10.857398989902357
    },
    "3": {
        "estimate": 20.71416968931957,
        "std": 9.810553670891506
    },
    "4": {
        "estimate": 20.84257707978378,
        "std": 9.711160765110579
    },
    "5": {
        "estimate": 21.468860305722774,
        "std": 9.96985373102384
    },
    "6": {
        "estimate": 21.755859443272467,
        "std": 9.869014996921505
    },
    "7": {
        "estimate": 21.461941124016736,
        "std": 9.429654087906478
    },
    "8": {
        "estimate": 21.496019007115194,
        "std": 9.31253067018318
    },
    "9": {
        "estimate": 21.513687537364998,
        "std": 9.015291838274546
    },
    "10": {
        "estimate": 21.754598042415186,
        "std": 9.009557674969708
    },
    "11": {
        "estimate": 22.10032395982017,
        "std": 9.17391988905761
    },
    "12": {
        "estimate": 22.67939557377512,
        "std": 9.575617318456462
    },
    "13": {
        "estimate": 22.764142703495505,
        "std": 9.529630218701818
    },
    "14": {
        "estimate": 23.789016012947044,
        "std": 10.60750351916938
    },
    "15": {
        "estimate": 23.719050430534296,
        "std": 10.693448762702639
    },
    "16": {
        "estimate": 23.193746822502597,
        "std": 10.298408316580359
    },
    "17": {
        "estimate": 23.45612046050042,
        "std": 10.654626537960517
    },
    "18": {
        "estimate": 23.566722692267188,
        "std": 10.829698462394592
    },
    "19": {
        "estimate": 23.00600329193625,
        "std": 10.593650795264981
    },
    "20": {
        "estimate": 22.679902470528997,
        "std": 10.2756697455796
    },
    "21": {
        "estimate": 22.257319830637567,
        "std": 9.81427608949828
    },
    "22": {
        "estimate": 21.722632515873965,
        "std": 9.482108722027224
    },
    "23": {
        "estimate": 21.602419715661753,
        "std": 9.17366775672124
    },
    "24": {
        "estimate": 21.962921231435285,
        "std": 9.472822109820369
    },
    "25": {
        "estimate": 22.329020898831775,
        "std": 9.691992051080494
    },
    "26": {
        "estimate": 22.250813549662215,
        "std": 10.164042652944273
    },
    "27": {
        "estimate": 22.438935080342006,
        "std": 10.296637801623651
    },
    "28": {
        "estimate": 22.72515525746562,
        "std": 10.589703402715706
    },
    "29": {
        "estimate": 22.348916453456223,
        "std": 10.171678543757414
    },
    "30": {
        "estimate": 22.09616362056632,
        "std": 9.86352037440846
    },
    "31": {
        "estimate": 22.202801925347863,
        "std": 9.841474411313001
    },
    "32": {
        "estimate": 20.973240606381907,
        "std": 9.023338919021937
    }
}