{
    "0": {
        "estimate": NaN,
        "std": NaN
    },
    "1": {
        "estimate": 16.81979036905382,
        "std": 7.665725797987803
    },
    "2": {
        "estimate": 17.495076758008928,
        "std": 7.326198574317811
    },
    "3": {
        "estimate": 17.79219746213844,
        "std": 6.599739864442702
    },
    "4": {
        "estimate": 17.758972560102144,
        "std": 6.380968118521591
    },
    "5": {
        "estimate": 18.395563740551637,
        "std": 6.563061670836365
    },
    "6": {
        "estimate": 18.617409899473103,
        "std": 6.355682533282075
    },
    "7": {
        "estimate": 18.231595280547104,
        "std": 5.982077982342362
    },
    "8": {
        "estimate": 18.309713442891283,
        "std": 5.933139898534148
    },
    "9": {
        "estimate": 18.475470707692583,
        "std": 5.8497900873485404
    },
    "10": {
        "estimate": 18.690149185352208,
        "std": 5.773966717283899
    },
    "11": {
        "estimate": 18.954764401755362,
        "std": 5.843816306383988
    },
    "12": {
        "estimate": 19.54855427206944,
        "std": 6.067228606878695
    },
    "13": {
        "estimate": 19.68525650333294,
        "std": 6.208191208203343
    },
    "14": {
        "estimate": 20.86172877795314,
        "std": 6.649189235340726
    },
    "15": {
        "estimate": 20.93075702438692,
        "std": 6.6817605713701305
    },
    "16": {
        "estimate": 20.634459223988053,
        "std": 6.561036521343529
    },
    "17": {
        "estimate": 20.764422790361728,
        "std": 6.553136737531181
    },
    "18": {
        "estimate": 21.34378037121791,
        "std": 7.026126721934834
    },
    "19": {
        "estimate": 20.81882184984809,
        "std": 6.566029775697091
    },
    "20": {
        "estimate": 20.29655182247908,
        "std": 6.241938528616824
    },
    "21": {
        "estimate": 19.937529970612715,
        "std": 6.031262486583026
    },
    "22": {
        "estimate": 19.349165349018794,
        "std": 5.72273300979281
    },
    "23": {
        "estimate": 19.33395346809975,
        "std": 5.67538602679558
    },
    "24": {
        "estimate": 19.668156528957145,
        "std": 5.7968071116400735
    },
    "25": {
        "estimate": 19.95658242975516,
        "std": 5.9010377339088045
    },
    "26": {
        "estimate": 20.12536756176675,
        "std": 6.144564203746552
    },
    "27": {
        "estimate": 20.220372733162012,
        "std": 6.231409402170199
    },
    "28": {
        "estimate": 20.355685200043254,
        "std": 6.41178766452407
    },
    "29": {
        "estimate": 19.86995332417261,
        "std": 6.240969565826009
    },
    "30": {
        "estimate": 19.451237928054226,
        "std": 5.96214140914243
    },
    "31": {
        "estimate": 19.404593307988893,
        "std": 5.9555346616637515
    },
    "32": {
        "estimate": 18.13689745764637,
        "std": 5.441631077112689
    }
}