{
    "0": {
        "estimate": NaN,
        "std": NaN
    },
    "1": {
        "estimate": 18.913150809475052,
        "std": 7.344921083845026
    },
    "2": {
        "estimate": 18.342824986708393,
        "std": 7.298488466016813
    },
    "3": {
        "estimate": 19.549505925391255,
        "std": 8.393618068941965
    },
    "4": {
        "estimate": 21.413924275131127,
        "std": 10.141172418725754
    },
    "5": {
        "estimate": 20.558993742384274,
        "std": 10.562671368422988
    },
    "6": {
        "estimate": 20.842915762972943,
        "std": 10.567215345954192
    },
    "7": {
        "estimate": 21.862390410323204,
        "std": 11.539634575748547
    },
    "8": {
        "estimate": 20.94160386139955,
        "std": 10.879928906091866
    },
    "9": {
        "estimate": 20.236793208938753,
        "std": 9.885465873522964
    },
    "10": {
        "estimate": 20.43780535697781,
        "std": 9.860089626427246
    },
    "11": {
        "estimate": 20.38718211084053,
        "std": 9.718059223532515
    },
    "12": {
        "estimate": 20.322825792462567,
        "std": 9.47495058924762
    },
    "13": {
        "estimate": 20.31613130533954,
        "std": 9.450256551823854
    },
    "14": {
        "estimate": 19.77201386546243,
        "std": 8.73221443330621
    },
    "15": {
        "estimate": 19.283436356897734,
        "std": 8.175055458515647
    },
    "16": {
        "estimate": 19.11510895023258,
        "std": 8.043657255052098
    },
    "17": {
        "estimate": 19.229903166216694,
        "std": 8.334996597962103
    },
    "18": {
        "estimate": 19.202324758988894,
        "std": 8.24348555063485
    },
    "19": {
        "estimate": 19.217195788344117,
        "std": 8.315888728990373
    },
    "20": {
        "estimate": 19.433884817261017,
        "std": 8.452533592843396
    },
    "21": {
        "estimate": 19.459107272620358,
        "std": 8.423161843841621
    },
    "22": {
        "estimate": 17.11492060754555,
        "std": 8.01185726851387
    },
    "23": {
        "estimate": 17.00003202642543,
        "std": 7.878709306833077
    },
    "24": {
        "estimate": 16.999239532691806,
        "std": 8.017564483330593
    },
    "25": {
        "estimate": 17.168414322823107,
        "std": 8.07620114022859
    },
    "26": {
        "estimate": 17.337207906905668,
        "std": 8.143666807012643
    },
    "27": {
        "estimate": 17.557607986249508,
        "std": 8.2520366534225
    },
    "28": {
        "estimate": 17.65742703299334,
        "std": 8.370812771825276
    },
    "29": {
        "estimate": 17.887472204961036,
        "std": 8.759705993773643
    },
    "30": {
        "estimate": 17.849026728796556,
        "std": 8.678457664463622
    },
    "31": {
        "estimate": 18.142699680583743,
        "std": 8.845678692268745
    },
    "32": {
        "estimate": 18.676178958531587,
        "std": 9.21060923205739
    },
    "33": {
        "estimate": 19.74732029250835,
        "std": 10.097957281644472
    },
    "34": {
        "estimate": 19.815767421776027,
        "std": 10.082261519751453
    },
    "35": {
        "estimate": 20.340563849506236,
        "std": 10.519466043598895
    },
    "36": {
        "estimate": 20.665622448978183,
        "std": 10.796091728436064
    },
    "37": {
        "estimate": 21.346794790125468,
        "std": 11.118204807478973
    },
    "38": {
        "estimate": 23.130290645705145,
        "std": 12.80664720365008
    },
    "39": {
        "estimate": 23.167985891747108,
        "std": 13.10931897303507
    },
    "40": {
        "estimate": 22.622186945173095,
        "std": 12.909993393892053
    }
}