{
    "0": {
        "estimate": NaN,
        "std": NaN
    },
    "1": {
        "estimate": 17.5728421931157,
        "std": 5.573777229878063
    },
    "2": {
        "estimate": 17.02668371800314,
        "std": 5.609741741547597
    },
    "3": {
        "estimate": 18.27346196394237,
        "std": 6.7589734931472565
    },
    "4": {
        "estimate": 20.101738144470115,
        "std": 8.243631763797678
    },
    "5": {
        "estimate": 19.463847041205586,
        "std": 8.990583787141693
    },
    "6": {
        "estimate": 19.71346980627829,
        "std": 8.94534635297707
    },
    "7": {
        "estimate": 20.73663232609758,
        "std": 9.656728849414518
    },
    "8": {
        "estimate": 19.90080723274273,
        "std": 9.114324989128
    },
    "9": {
        "estimate": 19.21727454670876,
        "std": 8.247281364891998
    },
    "10": {
        "estimate": 19.327364959455462,
        "std": 8.231129697146518
    },
    "11": {
        "estimate": 19.331502420628446,
        "std": 8.211884286544521
    },
    "12": {
        "estimate": 19.285413192486267,
        "std": 8.050538961265508
    },
    "13": {
        "estimate": 19.17001537359019,
        "std": 7.7949753239213155
    },
    "14": {
        "estimate": 18.783617907647496,
        "std": 7.235171685932487
    },
    "15": {
        "estimate": 18.070340415721688,
        "std": 6.682534162028313
    },
    "16": {
        "estimate": 17.83837240513466,
        "std": 6.386590502548573
    },
    "17": {
        "estimate": 18.00068807060867,
        "std": 6.699084994350437
    },
    "18": {
        "estimate": 18.016278815630148,
        "std": 6.654768062067563
    },
    "19": {
        "estimate": 17.96634607387267,
        "std": 6.6188844391873785
    },
    "20": {
        "estimate": 18.101608420410578,
        "std": 6.672662659257466
    },
    "21": {
        "estimate": 18.302187218199318,
        "std": 6.775786306481889
    },
    "22": {
        "estimate": 16.016388964343193,
        "std": 6.611674124786348
    },
    "23": {
        "estimate": 15.966816026494588,
        "std": 6.552349211973246
    },
    "24": {
        "estimate": 15.883462552065309,
        "std": 6.586857527565883
    },
    "25": {
        "estimate": 16.075771483138965,
        "std": 6.794885259056582
    },
    "26": {
        "estimate": 16.21905609850348,
        "std": 6.835813062723821
    },
    "27": {
        "estimate": 16.404462594676243,
        "std": 6.865094208372675
    },
    "28": {
        "estimate": 16.490802694851066,
        "std": 6.929853374070739
    },
    "29": {
        "estimate": 16.63433617188078,
        "std": 7.151487198527087
    },
    "30": {
        "estimate": 16.64162778513494,
        "std": 7.133458353017712
    },
    "31": {
        "estimate": 16.938457341046096,
        "std": 7.332698650235908
    },
    "32": {
        "estimate": 17.503603967702254,
        "std": 7.720492922378094
    },
    "33": {
        "estimate": 18.451890988881317,
        "std": 8.28970554055556
    },
    "34": {
        "estimate": 18.540057804230724,
        "std": 8.280709713090204
    },
    "35": {
        "estimate": 19.073442765631324,
        "std": 8.733704364208151
    },
    "36": {
        "estimate": 19.392257681012367,
        "std": 8.861815755671694
    },
    "37": {
        "estimate": 20.084823967127193,
        "std": 9.272221910835366
    },
    "38": {
        "estimate": 21.76388091444168,
        "std": 10.62720122689131
    },
    "39": {
        "estimate": 22.095525989408348,
        "std": 11.164303708039565
    },
    "40": {
        "estimate": 21.751301399478102,
        "std": 10.907133802635817
    }
}