{
    "0": {
        "estimate": NaN,
        "std": NaN
    },
    "1": {
        "estimate": 14.987451245549487,
        "std": 3.4593314741210857
    },
    "2": {
        "estimate": 14.36702234850981,
        "std": 3.484584423642117
    },
    "3": {
        "estimate": 15.603456366443384,
        "std": 4.395554806896108
    },
    "4": {
        "estimate": 17.510049058337888,
        "std": 5.671154575108582
    },
    "5": {
        "estimate": 17.11370514670717,
        "std": 6.633034556685868
    },
    "6": {
        "estimate": 17.531524313516748,
        "std": 6.32892428257946
    },
    "7": {
        "estimate": 18.58410825669324,
        "std": 6.809764811003492
    },
    "8": {
        "estimate": 17.85637836610987,
        "std": 6.536986521633582
    },
    "9": {
        "estimate": 17.05523710759177,
        "std": 5.952307892231789
    },
    "10": {
        "estimate": 17.135436714378056,
        "std": 5.9673042049102225
    },
    "11": {
        "estimate": 17.064114336408597,
        "std": 5.842093968933865
    },
    "12": {
        "estimate": 17.014804741235377,
        "std": 5.7367436040216235
    },
    "13": {
        "estimate": 16.84835179680285,
        "std": 5.466885242365304
    },
    "14": {
        "estimate": 16.31143807238706,
        "std": 4.862693947304229
    },
    "15": {
        "estimate": 15.4957619774314,
        "std": 4.358387509542929
    },
    "16": {
        "estimate": 15.028485160281683,
        "std": 3.999852886915493
    },
    "17": {
        "estimate": 15.34509026993091,
        "std": 4.157914474611792
    },
    "18": {
        "estimate": 15.239847929708544,
        "std": 3.97527375638343
    },
    "19": {
        "estimate": 15.20828777901156,
        "std": 3.953265439545317
    },
    "20": {
        "estimate": 15.329561580073976,
        "std": 3.9561188979767876
    },
    "21": {
        "estimate": 15.61219862039391,
        "std": 4.183234112496425
    },
    "22": {
        "estimate": 13.754079746209719,
        "std": 4.789209035441521
    },
    "23": {
        "estimate": 13.681324335861666,
        "std": 4.685343670691277
    },
    "24": {
        "estimate": 13.63027265848251,
        "std": 4.811432952143119
    },
    "25": {
        "estimate": 13.767301499180363,
        "std": 4.974195075261064
    },
    "26": {
        "estimate": 13.917273047064635,
        "std": 5.005698971895716
    },
    "27": {
        "estimate": 14.07257153600333,
        "std": 5.053421210690279
    },
    "28": {
        "estimate": 14.191615539245813,
        "std": 5.008812979640579
    },
    "29": {
        "estimate": 14.315397244808509,
        "std": 5.230424959967503
    },
    "30": {
        "estimate": 14.328840935286092,
        "std": 5.225200950183986
    },
    "31": {
        "estimate": 14.510511034990422,
        "std": 5.315015335870083
    },
    "32": {
        "estimate": 14.935984986406769,
        "std": 5.534609486242009
    },
    "33": {
        "estimate": 15.855359633000585,
        "std": 5.877841596741695
    },
    "34": {
        "estimate": 15.956326119395515,
        "std": 5.91059801542536
    },
    "35": {
        "estimate": 16.40581250174742,
        "std": 6.144976979381795
    },
    "36": {
        "estimate": 16.682224493121392,
        "std": 6.246403929491608
    },
    "37": {
        "estimate": 17.33596594419628,
        "std": 6.630873411474952
    },
    "38": {
        "estimate": 18.759517112696415,
        "std": 7.528095788857339
    },
    "39": {
        "estimate": 19.819034091918606,
        "std": 8.003205638808078
    },
    "40": {
        "estimate": 20.04452672437006,
        "std": 7.852334490467712
    }
}