{
    "0": {
        "estimate": NaN,
        "std": NaN
    },
    "1": {
        "estimate": 15.492137263587006,
        "std": 3.7606651821135957
    },
    "2": {
        "estimate": 14.885436099284119,
        "std": 3.780332104656964
    },
    "3": {
        "estimate": 16.13704361758133,
        "std": 4.779211787098725
    },
    "4": {
        "estimate": 18.031483510493704,
        "std": 6.07721068798375
    },
    "5": {
        "estimate": 17.557225273719485,
        "std": 6.978485616351822
    },
    "6": {
        "estimate": 17.97500535810118,
        "std": 6.756859744851538
    },
    "7": {
        "estimate": 19.014143700777772,
        "std": 7.3112361629791875
    },
    "8": {
        "estimate": 18.247968146169196,
        "std": 6.968790747569594
    },
    "9": {
        "estimate": 17.479485157576107,
        "std": 6.357103787999202
    },
    "10": {
        "estimate": 17.5788190839661,
        "std": 6.3287978711880415
    },
    "11": {
        "estimate": 17.4791477981359,
        "std": 6.218844617017973
    },
    "12": {
        "estimate": 17.43787385728783,
        "std": 6.1193848625080465
    },
    "13": {
        "estimate": 17.305583839182944,
        "std": 5.841982479281331
    },
    "14": {
        "estimate": 16.80492748440384,
        "std": 5.255629541080416
    },
    "15": {
        "estimate": 15.994222999707217,
        "std": 4.716204730565662
    },
    "16": {
        "estimate": 15.598456560906808,
        "std": 4.355786305112939
    },
    "17": {
        "estimate": 15.907146274764699,
        "std": 4.572495389337418
    },
    "18": {
        "estimate": 15.829691263393043,
        "std": 4.414264312589446
    },
    "19": {
        "estimate": 15.801350399026374,
        "std": 4.3841481638647615
    },
    "20": {
        "estimate": 15.933102774268246,
        "std": 4.41678600563611
    },
    "21": {
        "estimate": 16.200475071671082,
        "std": 4.6078923967179115
    },
    "22": {
        "estimate": 14.164789790679666,
        "std": 5.014443371541541
    },
    "23": {
        "estimate": 14.107072765820567,
        "std": 4.937518082122872
    },
    "24": {
        "estimate": 14.045598724503693,
        "std": 5.060568593321547
    },
    "25": {
        "estimate": 14.187304266060709,
        "std": 5.2421045557141
    },
    "26": {
        "estimate": 14.355441943957645,
        "std": 5.294035144087717
    },
    "27": {
        "estimate": 14.512475731575332,
        "std": 5.336209008759915
    },
    "28": {
        "estimate": 14.62132698890497,
        "std": 5.318938984406254
    },
    "29": {
        "estimate": 14.741433667009108,
        "std": 5.530331662146562
    },
    "30": {
        "estimate": 14.753312295591185,
        "std": 5.523905446677537
    },
    "31": {
        "estimate": 14.967171395392134,
        "std": 5.619030149191221
    },
    "32": {
        "estimate": 15.411015180382604,
        "std": 5.854022986868971
    },
    "33": {
        "estimate": 16.37654771350817,
        "std": 6.299871504302863
    },
    "34": {
        "estimate": 16.475741591845733,
        "std": 6.3279759082897495
    },
    "35": {
        "estimate": 16.946804323285505,
        "std": 6.5823377919716775
    },
    "36": {
        "estimate": 17.221441233558295,
        "std": 6.690190217724559
    },
    "37": {
        "estimate": 17.913419494961165,
        "std": 7.1060050401894115
    },
    "38": {
        "estimate": 19.379970467314088,
        "std": 8.0257395183862
    },
    "39": {
        "estimate": 20.351917149301503,
        "std": 8.602777837476566
    },
    "40": {
        "estimate": 20.39572037624392,
        "std": 8.396611975045534
    }
}