{
    "0": NaN,
    "1": 18.261962890625,
    "2": 17.78583526611328,
    "3": 17.740928649902344,
    "4": 18.320140838623047,
    "5": 17.043933868408203,
    "6": 16.58121109008789,
    "7": 16.191686630249023,
    "8": 15.898920059204102,
    "9": 16.26429557800293,
    "10": 16.618167877197266,
    "11": 16.62657356262207,
    "12": 16.903736114501953,
    "13": 17.17852020263672,
    "14": 17.329675674438477,
    "15": 17.255403518676758,
    "16": 17.57505226135254,
    "17": 17.01167106628418,
    "18": 17.206634521484375,
    "19": 17.077089309692383,
    "20": 17.22699737548828,
    "21": 16.948884963989258,
    "22": 15.371320724487305,
    "23": 15.321099281311035,
    "24": 15.254921913146973,
    "25": 15.293375968933105,
    "26": 15.33903694152832,
    "27": 15.404245376586914,
    "28": 15.536444664001465,
    "29": 15.627645492553711,
    "30": 15.614174842834473,
    "31": 15.645018577575684,
    "32": 15.8746337890625,
    "33": 16.393024444580078,
    "34": 16.41872787475586,
    "35": 16.653276443481445,
    "36": 16.712074279785156,
    "37": 16.891590118408203,
    "38": 17.58745765686035,
    "39": 16.545820236206055,
    "40": 15.516907691955566
}