{
    "0": NaN,
    "1": 2.656220431821232,
    "2": 3.0437629303895486,
    "3": 3.0169041845751163,
    "4": 2.5896518004585256,
    "5": 2.6112485206272815,
    "6": 3.1169094530154484,
    "7": 3.317180877921283,
    "8": 3.282683592576307,
    "9": 3.313331967153985,
    "10": 3.3740918616194286,
    "11": 3.6491285488204483,
    "12": 3.3791959126669746,
    "13": 3.49829894792764,
    "14": 3.0059048794769128,
    "15": 3.083025341037367,
    "16": 2.826802317407308,
    "17": 2.7097230500054486,
    "18": 2.625063595538188,
    "19": 2.355115562294601,
    "20": 2.333060511839142,
    "21": 2.3626309489078285,
    "22": 2.36457662401198,
    "23": 2.420384437296845,
    "24": 2.4461856309196603,
    "25": 2.4604173677292,
    "26": 2.4562007373133166,
    "27": 2.5463107755895,
    "28": 2.5937369649200974,
    "29": 2.7202213604058776,
    "30": 2.794473184180488,
    "31": 3.410238706914023,
    "32": 4.197336510085702
}