{
    "0": NaN,
    "1": 3.0019754262306866,
    "2": 3.020975562443464,
    "3": 3.2593643214289933,
    "4": 2.9692151671573472,
    "5": 3.045557450005287,
    "6": 3.460638835654376,
    "7": 3.191099797275066,
    "8": 3.3599912175234166,
    "9": 3.7503905042721404,
    "10": 4.1121768638831195,
    "11": 3.1678354698410196,
    "12": 3.397841121701045,
    "13": 2.1798022949532494,
    "14": 1.9155208340909131,
    "15": 1.9255499078940899,
    "16": 2.033051646240079,
    "17": 2.0928950878426438,
    "18": 2.088162775057023,
    "19": 2.104913251331545,
    "20": 2.183256928323711,
    "21": 2.2995362532534322,
    "22": 2.3904631149491604,
    "23": 2.563407174407639,
    "24": 4.264996375938917
}