{
    "0": NaN,
    "1": 4.042001420189736,
    "2": 3.3491074128587828,
    "3": 3.4460366931742024,
    "4": 2.8614543383852364,
    "5": 3.013552854172936,
    "6": 2.9958328578889324,
    "7": 3.2501110787305447,
    "8": 3.4328671089715828,
    "9": 3.7199737162293984,
    "10": 3.9542952807054093,
    "11": 3.74771907193771,
    "12": 3.8737546329732986,
    "13": 4.181589265619429,
    "14": 4.418414578873097,
    "15": 4.672369859682168,
    "16": 4.578839879090466
}