{
    "0": NaN,
    "1": 2.728125168245812,
    "2": 3.080346847903638,
    "3": 3.0069630500555253,
    "4": 2.5648956108744945,
    "5": 2.6008982558586857,
    "6": 3.1504055956044517,
    "7": 3.5121011169355323,
    "8": 3.7116305844910897,
    "9": 3.8134906448935415,
    "10": 3.7237414755218623,
    "11": 3.8360298976239036,
    "12": 3.8801142588650883,
    "13": 4.049939122910029,
    "14": 3.320603908095696,
    "15": 3.4116464677565594,
    "16": 3.154163365083876,
    "17": 2.893032648769571,
    "18": 2.7221506700208074,
    "19": 2.3860563047963614,
    "20": 2.265675302878933,
    "21": 2.3232100540093903,
    "22": 2.3031398942749894,
    "23": 2.3048829513424716,
    "24": 2.3214389212423527,
    "25": 2.3644071537746454,
    "26": 2.381130749031203,
    "27": 2.4283215706257386,
    "28": 2.4860822570188197,
    "29": 2.5523927691322275,
    "30": 2.683507367752614,
    "31": 3.2967722504969914,
    "32": 4.204712938043912
}