{
    "0": NaN,
    "1": 3.277008802942115,
    "2": 3.121014812867403,
    "3": 3.295737174166267,
    "4": 3.1629041751308025,
    "5": 3.1427325439501943,
    "6": 3.393042021608421,
    "7": 3.4530746905531355,
    "8": 3.3175859567107895,
    "9": 3.411896565303017,
    "10": 3.4534070673676975,
    "11": 3.664755237748555,
    "12": 3.8891045216405242,
    "13": 4.004616585815343,
    "14": 4.117273136476263,
    "15": 4.676143946675982,
    "16": 4.9016627175099154,
    "17": 4.945048446927025,
    "18": 5.181590692957965,
    "19": 5.302031575150251,
    "20": 5.5196639592127665,
    "21": 5.698303720455819,
    "22": 5.721822093585464,
    "23": 5.828913996549087,
    "24": 5.5854324438616105
}