{
    "0": NaN,
    "1": 3.5621571841246067,
    "2": 3.631710821144355,
    "3": 3.6484187487866797,
    "4": 3.5423482423068617,
    "5": 3.769926700465625,
    "6": 4.007568389562348,
    "7": 4.338146977173069,
    "8": 5.217837842436978,
    "9": 5.105803501918259,
    "10": 4.561856533181834,
    "11": 4.65295248199515,
    "12": 3.9883914795347377,
    "13": 4.757348366513329,
    "14": 4.581022348581671,
    "15": 4.159317857586075,
    "16": 3.565025844849431,
    "17": 3.485410444598542,
    "18": 3.40182720588608,
    "19": 3.2677376860944936,
    "20": 3.305080980067977,
    "21": 3.3829144543797294,
    "22": 3.4613054292335086,
    "23": 3.3882102421796194,
    "24": 3.4577689577768087,
    "25": 3.5312473272014957,
    "26": 3.7579575224543507,
    "27": 3.7166858591836878,
    "28": 3.7939996397179203,
    "29": 3.933155079238616,
    "30": 4.139954391002116,
    "31": 4.373980872694486,
    "32": 3.7720535109173983
}