{
    "0": NaN,
    "1": 3.9240418917671276,
    "2": 3.66127687093293,
    "3": 3.359078665489934,
    "4": 3.3419271362240286,
    "5": 3.517274358530971,
    "6": 3.678534111855519,
    "7": 3.587133587614247,
    "8": 2.736125790153317,
    "9": 2.715825397503612,
    "10": 2.781027177036255,
    "11": 2.9159432923542528,
    "12": 2.902401022620195,
    "13": 2.934254468647698,
    "14": 3.063509976646706,
    "15": 3.1771378381204944,
    "16": 3.2690713078639,
    "17": 3.4278824224074564,
    "18": 3.47139222352337,
    "19": 3.4409596496779256,
    "20": 3.3912119763222273,
    "21": 3.454895488525202,
    "22": 3.3043313854154968,
    "23": 3.251666046339441,
    "24": 3.303087190384193,
    "25": 3.382653023940033,
    "26": 3.460824663852169,
    "27": 3.560644349089208,
    "28": 3.70497906882628,
    "29": 3.816458398933783,
    "30": 3.895663503335902,
    "31": 3.996414562541073,
    "32": 4.142761028869412,
    "33": 4.220653835494057,
    "34": 4.3371727836484375,
    "35": 4.511738547766643,
    "36": 4.795358503125545
}