{
    "0": NaN,
    "1": 2.4510827128198702,
    "2": 3.0794318111905867,
    "3": 3.358325408744407,
    "4": 3.200300141737569,
    "5": 3.001258908918872,
    "6": 2.689154121997788,
    "7": 2.8911625808545205,
    "8": 2.745583907902869,
    "9": 2.7892846299145404,
    "10": 2.8912560656179562,
    "11": 2.7148613282311733,
    "12": 3.1633597014946746,
    "13": 3.7311579463062263,
    "14": 4.087304211616047,
    "15": 4.4041270817534235,
    "16": 4.72276072872671
}