{
    "0": NaN,
    "1": 3.4035389892499897,
    "2": 3.3649524883791715,
    "3": 3.6717805093426947,
    "4": 4.034857162626431,
    "5": 4.5553806331862345,
    "6": 4.779005996155906,
    "7": 4.247651689169222,
    "8": 4.661876046764806,
    "9": 4.792689832296384,
    "10": 4.7804287846074995,
    "11": 4.819960277762552,
    "12": 4.78808063699206,
    "13": 4.994323124307584,
    "14": 5.220271318522647,
    "15": 4.97645634884629,
    "16": 4.447870885927804
}