{
    "0": NaN,
    "1": 3.278599401098724,
    "2": 3.1554650006869513,
    "3": 3.4370171810128127,
    "4": 3.7255978151458895,
    "5": 3.9413283059435638,
    "6": 4.556542021503245,
    "7": 4.581900149933039,
    "8": 4.9138794641656585,
    "9": 5.366992025224087,
    "10": 5.809596043630767,
    "11": 3.7803949397281404,
    "12": 4.477096369368677,
    "13": 2.7802873697279815,
    "14": 2.712112194138583,
    "15": 2.8788273404182543,
    "16": 3.0361056959983808,
    "17": 3.0614973909991554,
    "18": 2.987736903872419,
    "19": 3.0485450410073103,
    "20": 3.068876347327563,
    "21": 3.192442716558155,
    "22": 3.2956475512577788,
    "23": 3.6232908385666476,
    "24": 4.321912951449654
}