{
    "0": NaN,
    "1": 3.652366681227412,
    "2": 4.01421494250891,
    "3": 3.015274944228059,
    "4": 2.8930496546970064,
    "5": 2.8626995164081657,
    "6": 2.8640844936455667,
    "7": 2.9161911164023304,
    "8": 3.0784175734666266,
    "9": 3.188838904587833,
    "10": 3.220223124558251,
    "11": 3.3150306854898877,
    "12": 3.3670263504262294,
    "13": 3.354974353496626,
    "14": 3.500125343653666,
    "15": 3.5599501739672097,
    "16": 3.5640497735330756,
    "17": 3.731494179955982,
    "18": 3.954837476886138,
    "19": 3.928710617438858,
    "20": 3.997206563271058,
    "21": 4.158489826566046,
    "22": 4.0862217246952,
    "23": 4.0680798418613815,
    "24": 4.050757441214717,
    "25": 4.059020126775492,
    "26": 4.254981550934295,
    "27": 4.297535112723771,
    "28": 4.565886463240301,
    "29": 4.468903368764933,
    "30": 4.586945143422092,
    "31": 4.6072923526569225,
    "32": 4.751724736767864,
    "33": 5.0116471853937155,
    "34": 5.014508038314676,
    "35": 5.120161192984437,
    "36": 4.742683315123037
}