{
    "0": NaN,
    "1": 3.84898743215364,
    "2": 3.3696732557985314,
    "3": 3.1022237014498706,
    "4": 2.8783320305532265,
    "5": 2.844721295607806,
    "6": 3.3543419428919754,
    "7": 3.8287190908106647,
    "8": 3.8217822834208235,
    "9": 3.806308133188507,
    "10": 3.84029986659225,
    "11": 3.900530956715076,
    "12": 3.720512876744885,
    "13": 3.724114304220025,
    "14": 3.640512847448286,
    "15": 3.4640583958645492,
    "16": 3.1947829475142853,
    "17": 3.2533219736128367,
    "18": 3.2815847812305714,
    "19": 2.9828579701874527,
    "20": 2.692937066268505,
    "21": 2.7958534503401875,
    "22": 2.9496737774346045,
    "23": 2.8662750335330354,
    "24": 2.9366281212246177,
    "25": 2.9964924232259382,
    "26": 2.9837991230237346,
    "27": 3.045902521114428,
    "28": 3.0920475493908577,
    "29": 3.098195319787395,
    "30": 3.1530441185555684,
    "31": 3.239781516883431,
    "32": 3.3170353895861857,
    "33": 3.424192490991925,
    "34": 3.532527408085927,
    "35": 3.7529260488212524,
    "36": 4.043618149901868
}