{
    "0": NaN,
    "1": 3.1014028399835825,
    "2": 3.3222889118095265,
    "3": 3.6053638969618076,
    "4": 3.8313093061184755,
    "5": 3.909424200279827,
    "6": 3.8845393396719383,
    "7": 3.8068113796864687,
    "8": 3.885203676167843,
    "9": 4.2127153134323665,
    "10": 4.119431794138376,
    "11": 4.001858067507499,
    "12": 4.036758189777031,
    "13": 4.335437518632609,
    "14": 3.3484583533884758,
    "15": 3.3955311277806306,
    "16": 3.078199857542098,
    "17": 2.7890872257274935,
    "18": 2.557981732033976,
    "19": 2.2193765301610604,
    "20": 2.1794917377578913,
    "21": 2.099307013054753,
    "22": 2.0936683830126124,
    "23": 2.172228324775583,
    "24": 2.1886254189350636,
    "25": 2.220401527175937,
    "26": 2.245358253554737,
    "27": 2.3084313916634844,
    "28": 2.3715781018138564,
    "29": 2.4480089092585766,
    "30": 2.5534486577503746,
    "31": 2.9729420979626666,
    "32": 3.658826690961097
}