{
    "0": NaN,
    "1": 3.268217884837116,
    "2": 3.6073412436362613,
    "3": 3.7893131211744353,
    "4": 3.847807737059681,
    "5": 4.533094272067969,
    "6": 4.914740212426078,
    "7": 5.445799776653007,
    "8": 6.295312337661434,
    "9": 5.891720431026127,
    "10": 5.7683817243111495,
    "11": 5.3399817709600725,
    "12": 4.6512300508320275,
    "13": 5.21235270685668,
    "14": 5.156288754431564,
    "15": 4.56669227139287,
    "16": 4.369642965764958,
    "17": 3.9316691334317073,
    "18": 3.6709010471984644,
    "19": 3.6379843590758347,
    "20": 3.5435302222919263,
    "21": 3.3915979852876097,
    "22": 3.4673183898461066,
    "23": 3.4048304269360186,
    "24": 3.478568444879201,
    "25": 3.371689097654948,
    "26": 3.542817434911266,
    "27": 3.4963691229807705,
    "28": 3.5447125439063383,
    "29": 3.6264769549916043,
    "30": 3.7581806679152647,
    "31": 3.8016433329299804,
    "32": 4.052240518653671
}