{
    "0": NaN,
    "1": 4.098364926142409,
    "2": 3.1620127757740146,
    "3": 3.300697095702853,
    "4": 3.68559593212847,
    "5": 4.680271350622025,
    "6": 5.266642301190221,
    "7": 5.74395392434696,
    "8": 5.872567047886672,
    "9": 5.088418892993743,
    "10": 5.311087580473621,
    "11": 4.985455666085881,
    "12": 4.970452089916745,
    "13": 5.394083921562414,
    "14": 5.699508775691964,
    "15": 5.631883665744455,
    "16": 5.321326908379275
}