{
    "0": NaN,
    "1": 3.6937080017616535,
    "2": 3.56036039521253,
    "3": 3.8133546420421554,
    "4": 3.88608075825801,
    "5": 3.687523086416106,
    "6": 3.594258063765931,
    "7": 3.939444128125442,
    "8": 4.0842872461223285,
    "9": 4.548874117566181,
    "10": 3.9659490382956455,
    "11": 4.320036540833136,
    "12": 3.9064835354006124,
    "13": 4.009263605971756,
    "14": 2.7221138829766347,
    "15": 2.6993604500085553,
    "16": 2.5361261023937454,
    "17": 2.332764951647068,
    "18": 2.0774673181898593,
    "19": 1.8985000037388562,
    "20": 1.892181228338537,
    "21": 1.9255403688637203,
    "22": 1.9042204414491017,
    "23": 1.9635573359092209,
    "24": 1.975382093153605,
    "25": 2.049197379994136,
    "26": 2.1312045101387653,
    "27": 2.0906777608622478,
    "28": 2.1479125152492315,
    "29": 2.280688974777762,
    "30": 2.30250415619862,
    "31": 2.8062990197882574,
    "32": 3.400448141964949
}