{
    "0": NaN,
    "1": 5.039175734861931,
    "2": 4.275850333710933,
    "3": 3.750755898380559,
    "4": 3.418129538537962,
    "5": 3.644402901794654,
    "6": 3.934173458930762,
    "7": 4.508723851710709,
    "8": 4.862110322651946,
    "9": 4.250157376167448,
    "10": 4.011796820518218,
    "11": 3.8650464686492874,
    "12": 3.3084963040770354,
    "13": 3.6959935440531964,
    "14": 3.5880092131875436,
    "15": 3.26932758344646,
    "16": 2.9520700240917637,
    "17": 2.904138943419441,
    "18": 2.8505736394913814,
    "19": 2.782558772963707,
    "20": 2.872103974467838,
    "21": 2.8758054168147176,
    "22": 2.6975643808484313,
    "23": 2.7701580907023833,
    "24": 2.8442995372395576,
    "25": 2.861370797645028,
    "26": 2.899092258207678,
    "27": 2.888950661809675,
    "28": 2.974513766918229,
    "29": 2.965135890068048,
    "30": 3.1625364339793967,
    "31": 3.31604042707683,
    "32": 3.436404623541885
}