{
    "0": NaN,
    "1": 3.1084236441343536,
    "2": 3.4178775444454383,
    "3": 3.226850877307746,
    "4": 3.259163401552956,
    "5": 3.286319957249205,
    "6": 3.344418123823683,
    "7": 3.444776754287632,
    "8": 3.6179146817844345,
    "9": 3.5356624353436406,
    "10": 3.6244705035496936,
    "11": 3.716285120289764,
    "12": 3.8024694320838726,
    "13": 3.9639062719542486,
    "14": 4.4673992727927025,
    "15": 4.435177697473887,
    "16": 4.5955946569297765,
    "17": 4.78723231147751,
    "18": 4.907750175979418,
    "19": 5.230598252726991,
    "20": 5.758956062583214,
    "21": 6.301515468947623,
    "22": 6.660045465088808,
    "23": 6.829920127641407,
    "24": 6.910837115265258,
    "25": 7.083867159793189,
    "26": 7.236145942192627,
    "27": 7.467686026143647,
    "28": 7.533071634942307,
    "29": 7.499393160491219,
    "30": 7.540935357737742,
    "31": 7.47673032490755,
    "32": 7.56885150950115,
    "33": 7.582723839223893,
    "34": 7.623086196327143,
    "35": 7.360569476033263,
    "36": 6.100847273264813
}