{
    "0": NaN,
    "1": 3.0446173495511157,
    "2": 2.937104831341564,
    "3": 3.1510639053090093,
    "4": 3.668048728523209,
    "5": 3.819870086867419,
    "6": 4.23597819979095,
    "7": 4.117302367111171,
    "8": 4.454197946048836,
    "9": 4.82591953000034,
    "10": 5.292635613323271,
    "11": 4.609928348820461,
    "12": 5.281464868209306,
    "13": 2.9730683586670543,
    "14": 2.585876708738852,
    "15": 2.652388760272507,
    "16": 2.791487140877318,
    "17": 2.8614259209076445,
    "18": 2.8104636311020155,
    "19": 2.938743577514443,
    "20": 3.0698718908663123,
    "21": 3.2391923820533646,
    "22": 3.3899520233602645,
    "23": 3.6028491454496385,
    "24": 3.5140737754284244
}