{
    "0": NaN,
    "1": 4.677618301253565,
    "2": 4.3087206618305265,
    "3": 3.6332711817535333,
    "4": 3.6850333585239707,
    "5": 4.037148448567026,
    "6": 4.3667890163118,
    "7": 4.609381760857321,
    "8": 3.729292107261392,
    "9": 3.8891098179288375,
    "10": 4.0441907496514515,
    "11": 4.168636560990682,
    "12": 4.228592979576403,
    "13": 4.274614296252189,
    "14": 4.324376342054281,
    "15": 4.148820286364842,
    "16": 4.049771424339057,
    "17": 4.114414204814697,
    "18": 3.9928412678626266,
    "19": 3.611834641229293,
    "20": 3.1678673224671137,
    "21": 3.1722563965813473,
    "22": 3.222527938214512,
    "23": 3.118010694451405,
    "24": 3.356110380506079,
    "25": 3.293159130172525,
    "26": 3.387499390676003,
    "27": 3.434666555905281,
    "28": 3.5447669324644187,
    "29": 3.6215930977160333,
    "30": 3.69257344089949,
    "31": 3.732315830679448,
    "32": 3.9424186854783803,
    "33": 4.134908478770912,
    "34": 4.328088411876104,
    "35": 4.515498198469231,
    "36": 5.087480876845778
}