{
    "0": NaN,
    "1": 3.395928298605626,
    "2": 3.374160440160188,
    "3": 3.504659447529893,
    "4": 3.4121561351570726,
    "5": 3.7139057767661097,
    "6": 4.349705305123116,
    "7": 5.220018384227565,
    "8": 4.729853789227886,
    "9": 4.598410582884356,
    "10": 4.387063120333715,
    "11": 4.220439779320055,
    "12": 4.191378845277422,
    "13": 4.482831763753846,
    "14": 4.6507772531086715,
    "15": 4.421252112518292,
    "16": 4.318870753598092,
    "17": 4.377280075547477,
    "18": 4.251358840760869,
    "19": 3.914440905804667,
    "20": 3.636939620729239,
    "21": 3.561184036973284,
    "22": 3.40261041447316,
    "23": 3.195683244618678,
    "24": 3.33331854875487,
    "25": 3.3181498028248444,
    "26": 3.3053767484802457,
    "27": 3.2105710587731986,
    "28": 3.2576871462658104,
    "29": 3.1755560733034103,
    "30": 3.155392394366675,
    "31": 3.1497867298855033,
    "32": 3.146204590291509,
    "33": 3.138881909566881,
    "34": 3.2336424082773756,
    "35": 3.1930913003855848,
    "36": 2.5804766953879703
}