{
    "0": NaN,
    "1": 2.9652944365079303,
    "2": 2.9212400285735476,
    "3": 2.9149289252727852,
    "4": 2.8305236586816256,
    "5": 2.803040362541136,
    "6": 2.906083956106798,
    "7": 2.846350384912866,
    "8": 2.797590019353146,
    "9": 2.8150439873769315,
    "10": 2.866294025151891,
    "11": 2.905555041411327,
    "12": 2.9608125833299535,
    "13": 3.021263492644244,
    "14": 3.101937590846602,
    "15": 3.2351835591804683,
    "16": 3.494111039193182,
    "17": 3.3529267373105593,
    "18": 3.790047038693013,
    "19": 3.843434980416789,
    "20": 4.004170471297962,
    "21": 4.056405705470826,
    "22": 4.171804461422163,
    "23": 4.336409560994723,
    "24": 4.808993852048479
}