{
    "0": NaN,
    "1": 3.3387189200683163,
    "2": 2.7829753343437966,
    "3": 2.9879418991749565,
    "4": 2.6769043084800823,
    "5": 2.7274043954538048,
    "6": 3.1150807765971993,
    "7": 3.138032917605031,
    "8": 3.508258996083711,
    "9": 3.4917940950112887,
    "10": 3.1269154304813473,
    "11": 2.5871052560355663,
    "12": 3.1562545696085778,
    "13": 2.3892660149055094,
    "14": 2.458730352040243,
    "15": 2.5748841959369315,
    "16": 2.8066414904209296,
    "17": 2.698582523445675,
    "18": 2.865334831103147,
    "19": 2.9027854595596287,
    "20": 2.9083437244472092,
    "21": 3.082862193789101,
    "22": 3.181780369808386,
    "23": 3.361570147356608,
    "24": 4.425929761689272
}