{
    "0": NaN,
    "1": 3.1648241180318775,
    "2": 2.957194269402113,
    "3": 3.161309361814434,
    "4": 2.9364858280378994,
    "5": 2.887478221951126,
    "6": 3.1321775847203748,
    "7": 2.8359566916349843,
    "8": 2.9425343130544674,
    "9": 2.9254180333593918,
    "10": 2.9647090603616797,
    "11": 2.357642787193204,
    "12": 2.488122020259117,
    "13": 2.0720602590574666,
    "14": 1.8322578187559744,
    "15": 1.7942633797052596,
    "16": 1.9336826901863244,
    "17": 1.9543769254603478,
    "18": 2.0009664322661425,
    "19": 2.027704487226665,
    "20": 2.061456212650243,
    "21": 2.1651762634260088,
    "22": 2.293099659648011,
    "23": 2.4104103151155893,
    "24": 3.3321998381363196
}