{
    "0": NaN,
    "1": 2.421526058520496,
    "2": 2.8748599967435937,
    "3": 3.1928042022669416,
    "4": 3.0586677283281296,
    "5": 3.313816233775226,
    "6": 3.3155130191347855,
    "7": 3.133510194149258,
    "8": 3.3196340329434957,
    "9": 3.6942764152053056,
    "10": 4.1442452294276615,
    "11": 4.165833540719734,
    "12": 4.115620502778098,
    "13": 4.106735430974457,
    "14": 4.1697071452026755,
    "15": 4.301376391865518,
    "16": 4.30394258649442,
    "17": 4.458232037008546,
    "18": 4.689972477159446,
    "19": 4.6592960007247335,
    "20": 4.994771081782508,
    "21": 4.93195321138429,
    "22": 4.869938721332145,
    "23": 4.7329548302140685,
    "24": 4.753358033159007,
    "25": 4.865630920988377,
    "26": 4.768773710872757,
    "27": 4.777563174391933,
    "28": 4.759644612755101,
    "29": 4.729400997610222,
    "30": 4.692033306877789,
    "31": 4.609021684773047,
    "32": 3.8640963021256165
}