{
    "0": NaN,
    "1": 3.2210912460907113,
    "2": 3.071942221745825,
    "3": 3.2501538269916064,
    "4": 3.7883933845754934,
    "5": 3.8899562000601913,
    "6": 4.5249643052667,
    "7": 4.402278038938706,
    "8": 4.67965738170964,
    "9": 5.126508833460442,
    "10": 5.464015834162733,
    "11": 3.3956389689074205,
    "12": 3.8877554082283883,
    "13": 2.0197827129120354,
    "14": 1.9430551395731248,
    "15": 2.0007112831736213,
    "16": 2.138535465927044,
    "17": 2.2014679008864775,
    "18": 2.2404278614132185,
    "19": 2.3197559329959985,
    "20": 2.4443130999327662,
    "21": 2.511667718643091,
    "22": 2.643704377544551,
    "23": 2.91779152788813,
    "24": 3.6670472371848586
}