{
    "0": NaN,
    "1": 3.2662561562985735,
    "2": 3.2109426168906747,
    "3": 3.2582931888430857,
    "4": 3.3810212397914925,
    "5": 3.5422442867198503,
    "6": 3.7929116139736716,
    "7": 4.019922408238532,
    "8": 4.402069213238645,
    "9": 4.14747758759176,
    "10": 4.613746430936956,
    "11": 3.179150765979914,
    "12": 3.3367650615947606,
    "13": 2.0129928039213034,
    "14": 1.9037575452353837,
    "15": 1.7596996548378825,
    "16": 1.997915442739537,
    "17": 1.9952867264243754,
    "18": 1.9363706618721102,
    "19": 1.890481267004,
    "20": 1.8302008802736427,
    "21": 1.8680063738782127,
    "22": 1.9342615713564548,
    "23": 2.078093040305727,
    "24": 3.5793489587417366
}