{
    "0": NaN,
    "1": 3.0256669289823632,
    "2": 2.931810242480635,
    "3": 3.1283376571866106,
    "4": 2.7893571786753304,
    "5": 2.8639136360409143,
    "6": 3.1660768301127025,
    "7": 3.0993313511719243,
    "8": 3.282956170730458,
    "9": 3.5955620059522917,
    "10": 3.9749691103615765,
    "11": 2.874918955673982,
    "12": 3.1862239216885198,
    "13": 2.109940017039353,
    "14": 1.8926350417408366,
    "15": 1.9143187584145802,
    "16": 2.037475176313098,
    "17": 2.0729906800950424,
    "18": 2.0800581556294966,
    "19": 2.229596696690965,
    "20": 2.2831400575675707,
    "21": 2.433633610784044,
    "22": 2.5817731663258847,
    "23": 2.775209087010544,
    "24": 4.405933934852997
}