{
    "0": NaN,
    "1": 3.0156884180824326,
    "2": 2.942596722151181,
    "3": 3.2583717185226084,
    "4": 2.9314375255094887,
    "5": 3.13565270768211,
    "6": 3.384152140803477,
    "7": 3.2347197797213694,
    "8": 3.4847038395581853,
    "9": 3.491049925228845,
    "10": 3.762273726646185,
    "11": 2.869042657446018,
    "12": 2.982299798090192,
    "13": 2.4664182274435413,
    "14": 2.2538166367049084,
    "15": 2.2397817534163247,
    "16": 2.357807360393774,
    "17": 2.391950069571739,
    "18": 2.3492419316676862,
    "19": 2.4149251321158105,
    "20": 2.4514683571947313,
    "21": 2.5409042724016175,
    "22": 2.6376179455779214,
    "23": 2.8090436909070706,
    "24": 4.135995452293446
}