{
    "0": NaN,
    "1": 2.7030330483605085,
    "2": 3.032717208792663,
    "3": 3.1530685180110214,
    "4": 2.803055670368162,
    "5": 2.929661039067519,
    "6": 3.000207828495536,
    "7": 2.750066119202199,
    "8": 2.4442859381202955,
    "9": 2.391082243824307,
    "10": 2.4493228103089355,
    "11": 2.1910544896682955,
    "12": 2.1187495839551804,
    "13": 2.35342471842838,
    "14": 2.3518613903025773,
    "15": 2.338033653020849,
    "16": 2.4909509041117497
}