{
    "0": NaN,
    "1": 2.356398088128906,
    "2": 3.117153876989475,
    "3": 3.2995354394138126,
    "4": 3.346356482978234,
    "5": 3.143020617389008,
    "6": 3.6247499678393704,
    "7": 3.9047271846621405,
    "8": 4.011990248332965,
    "9": 3.922580037964606,
    "10": 3.805749722893772,
    "11": 3.828132287075368,
    "12": 3.7667593022046346,
    "13": 4.088523018856576,
    "14": 3.9300280435040458,
    "15": 3.9015109136949135,
    "16": 4.108804570404411,
    "17": 4.2305878271798765,
    "18": 4.566096761859554,
    "19": 4.6613532779307425,
    "20": 4.64228590032823,
    "21": 4.779688400625488,
    "22": 4.815004296673915,
    "23": 4.928184521347555,
    "24": 4.750947912971577,
    "25": 4.727123841330883,
    "26": 4.774792654164629,
    "27": 4.741995207735232,
    "28": 4.724945560425183,
    "29": 4.645266173223388,
    "30": 4.6801254549817015,
    "31": 4.49898613507985,
    "32": 3.445412248626633
}