{
    "0": NaN,
    "1": 3.747561373082507,
    "2": 3.769331425412936,
    "3": 3.916778443509359,
    "4": 3.733597349181708,
    "5": 3.5220300276210343,
    "6": 3.41271709964759,
    "7": 3.5542229646790555,
    "8": 3.771811269287875,
    "9": 3.9517427790854405,
    "10": 3.953211815718537,
    "11": 4.444679908530115,
    "12": 3.583985872259734,
    "13": 3.7761234467105926,
    "14": 2.863101955533174,
    "15": 2.911317198932909,
    "16": 2.403385532692168,
    "17": 2.308972010479225,
    "18": 2.304788973060453,
    "19": 2.139600122960139,
    "20": 2.1608087972414918,
    "21": 2.1350239038217858,
    "22": 2.198566802095905,
    "23": 2.260385891183149,
    "24": 2.2654921365730574,
    "25": 2.2833651217148416,
    "26": 2.3416488958210295,
    "27": 2.377085592496875,
    "28": 2.4851140839911654,
    "29": 2.5709286162807796,
    "30": 2.699564317883759,
    "31": 3.2515020081208377,
    "32": 3.9394517526112733
}