{
    "0": NaN,
    "1": 4.741408507779425,
    "2": 4.470067082278001,
    "3": 3.4158030565824906,
    "4": 3.3588870649416274,
    "5": 3.3638647642324675,
    "6": 3.2802549471851945,
    "7": 3.1679778899448814,
    "8": 2.476404825162732,
    "9": 2.4345709148630688,
    "10": 2.4799789437365756,
    "11": 2.5308597931379855,
    "12": 2.558454188936556,
    "13": 2.5515887262355643,
    "14": 2.5228295506716236,
    "15": 2.5301925109980012,
    "16": 2.567114963392566,
    "17": 2.5927125000301277,
    "18": 2.5465423190208427,
    "19": 2.5182834998873656,
    "20": 2.5332573727419807,
    "21": 2.601053150000854,
    "22": 2.5808103820419928,
    "23": 2.5931258049563817,
    "24": 2.7561668529395473,
    "25": 2.7472366908338004,
    "26": 2.869122424965418,
    "27": 2.9776949173975433,
    "28": 3.0235240428295964,
    "29": 3.2469565762126678,
    "30": 3.299296755705597,
    "31": 3.3249142151429822,
    "32": 3.5427225822596684,
    "33": 3.6399441783551536,
    "34": 3.6720002716135705,
    "35": 3.93205019184089,
    "36": 4.1148997910946115
}