{
    "0": NaN,
    "1": 3.951229909454701,
    "2": 3.401281392191436,
    "3": 3.257969462637433,
    "4": 3.0239321851443557,
    "5": 2.922851306527118,
    "6": 2.8006885904213634,
    "7": 2.739919113578356,
    "8": 2.7143770091995636,
    "9": 2.500991325038635,
    "10": 2.3480953246723795,
    "11": 2.397186290927195,
    "12": 2.2755765829998644,
    "13": 2.2654371443839625,
    "14": 2.1437024721115048,
    "15": 2.1256314489923835,
    "16": 2.1551407881587106,
    "17": 2.203772520754557,
    "18": 2.394658171418863,
    "19": 2.4566278326382873,
    "20": 2.553385720469711,
    "21": 2.7031212332529324,
    "22": 2.730314427615908,
    "23": 2.827955794684337,
    "24": 2.926214216488846,
    "25": 2.9344623517762667,
    "26": 3.093749908910726,
    "27": 3.150765445921981,
    "28": 3.1678722386548044,
    "29": 3.2360861912510774,
    "30": 3.266633216758737,
    "31": 3.368721528620727,
    "32": 3.348979688331523
}