{
    "0": NaN,
    "1": 3.3181852317397946,
    "2": 3.419418383683097,
    "3": 3.3953731494175767,
    "4": 3.2242038915111637,
    "5": 3.0346149022626103,
    "6": 2.971341443015949,
    "7": 3.0285603411968096,
    "8": 3.1697409856799763,
    "9": 3.2903405000943704,
    "10": 3.195887388990853,
    "11": 3.3869231528670825,
    "12": 3.1260404133274977,
    "13": 3.0164201479808375,
    "14": 2.456602318262536,
    "15": 2.424707535088232,
    "16": 2.122847289920231,
    "17": 2.0637198313502014,
    "18": 2.1757808085438928,
    "19": 2.1118454749678444,
    "20": 2.1530770408932085,
    "21": 2.0573579091307534,
    "22": 2.091657549919973,
    "23": 2.1106965516180707,
    "24": 2.175011418633661,
    "25": 2.2226280342588276,
    "26": 2.215965083898156,
    "27": 2.2195606443090345,
    "28": 2.3574871871011376,
    "29": 2.512127593355954,
    "30": 2.603922471491227,
    "31": 3.0616147440634385,
    "32": 3.4351430229613733
}