{
    "0": NaN,
    "1": 2.468190438764729,
    "2": 3.094612774033599,
    "3": 3.3751123563985947,
    "4": 3.19085653861699,
    "5": 2.9558551467669676,
    "6": 2.704381797401853,
    "7": 2.8261331569140062,
    "8": 2.7989294895289065,
    "9": 2.810185485651009,
    "10": 2.912899657017189,
    "11": 2.766561743993546,
    "12": 3.0997657163546393,
    "13": 3.7575046792981506,
    "14": 4.135703661389515,
    "15": 4.457283565673273,
    "16": 4.567304385322655
}