{
    "0": NaN,
    "1": 3.6143496438449425,
    "2": 3.373455157091529,
    "3": 3.7042924295511916,
    "4": 3.656190229743353,
    "5": 3.59971998502687,
    "6": 3.643294085737757,
    "7": 3.5772072842449347,
    "8": 3.718654452104432,
    "9": 4.121398083396939,
    "10": 3.738495686595597,
    "11": 3.973260229888044,
    "12": 3.8426995283481444,
    "13": 3.672368373728562,
    "14": 2.514566020230224,
    "15": 2.6117936477606865,
    "16": 2.395311516025544,
    "17": 2.1391345518745717,
    "18": 1.9981456305328744,
    "19": 1.7864130407438075,
    "20": 1.7477936968692893,
    "21": 1.7872180971313463,
    "22": 1.7655784574757354,
    "23": 1.7308609041913536,
    "24": 1.792377384531604,
    "25": 1.8003873662179253,
    "26": 1.8016615266660083,
    "27": 1.8351218031292682,
    "28": 1.8437405918153706,
    "29": 1.9031018620716822,
    "30": 1.9449426406321408,
    "31": 2.2816159893556542,
    "32": 2.6351391538989875
}