{
    "0": NaN,
    "1": 3.199281039103291,
    "2": 3.3046275530953797,
    "3": 3.4435497743471126,
    "4": 3.138153690974025,
    "5": 3.0643296461254876,
    "6": 3.2989787141546065,
    "7": 3.3709449068081656,
    "8": 3.308427021960163,
    "9": 3.34803946653743,
    "10": 3.1754379954697605,
    "11": 3.2238231534743136,
    "12": 3.344863543231947,
    "13": 3.6924655002986437,
    "14": 3.9542360586059484,
    "15": 4.354826563092804,
    "16": 4.356961325573338,
    "17": 4.4008945491992275,
    "18": 4.728124216596831,
    "19": 4.865539242023748,
    "20": 4.904205003411516,
    "21": 4.809517353282516,
    "22": 4.953575431098244,
    "23": 4.817653196338273,
    "24": 4.896806943082873,
    "25": 4.891773762266183,
    "26": 4.821288957066542,
    "27": 5.022537118737575,
    "28": 4.875114699069854,
    "29": 5.015749938847608,
    "30": 5.223062617403077,
    "31": 5.2234483531310705,
    "32": 4.609393538919179
}