{
    "0": NaN,
    "1": 3.3999421350171573,
    "2": 3.5956622362635695,
    "3": 3.525650026308688,
    "4": 3.435128621431012,
    "5": 3.7258505101703125,
    "6": 4.250442565056092,
    "7": 4.555569504885565,
    "8": 3.576915740734705,
    "9": 3.7221612796103623,
    "10": 3.767375454035362,
    "11": 3.931061763586689,
    "12": 4.146454737139914,
    "13": 4.233182630575965,
    "14": 4.70717330022907,
    "15": 4.906105608699756,
    "16": 5.09820748099709,
    "17": 5.367213104096583,
    "18": 5.466114287161534,
    "19": 5.935431981681268,
    "20": 6.3919806029847415,
    "21": 7.2115648291258365,
    "22": 7.872894293958372,
    "23": 8.358619866591354,
    "24": 8.405620247057055,
    "25": 8.365574810155811,
    "26": 8.177564082685311,
    "27": 8.016024020261513,
    "28": 7.999970544515344,
    "29": 7.874659454458419,
    "30": 7.7532289295911285,
    "31": 7.563718781165538,
    "32": 7.736549847066795,
    "33": 7.792849548600573,
    "34": 7.962343252528985,
    "35": 8.109742522511395,
    "36": 6.262071569019698
}