{
    "0": NaN,
    "1": 3.025239218979725,
    "2": 3.1106856026856984,
    "3": 3.178498938682017,
    "4": 3.0933780483808446,
    "5": 2.8863478781537055,
    "6": 3.1133424395496747,
    "7": 3.231721456336334,
    "8": 3.390137686060275,
    "9": 3.5387352781847774,
    "10": 3.7647190978419816,
    "11": 4.704179049235767,
    "12": 4.393650495071892,
    "13": 4.53861311650098,
    "14": 4.687150849011429,
    "15": 4.732812133134135,
    "16": 4.771554798230466,
    "17": 4.732875446382698,
    "18": 4.657312966069395,
    "19": 4.755761782001054,
    "20": 4.693458196594621,
    "21": 4.700425702697473,
    "22": 4.684119410292758,
    "23": 4.506775295620255,
    "24": 3.612140340918486
}