{
    "0": NaN,
    "1": 3.4071836278681773,
    "2": 3.352005187852914,
    "3": 3.5812330301706248,
    "4": 3.5471801417372997,
    "5": 3.4005402272438623,
    "6": 3.6710986264329932,
    "7": 3.8198422642890613,
    "8": 3.914379608386972,
    "9": 4.035339122769164,
    "10": 3.2894017091491916,
    "11": 3.1790460368195004,
    "12": 2.950917434472116,
    "13": 2.9833759732031564,
    "14": 2.618192439475013,
    "15": 2.907939319785254,
    "16": 2.95286472602602,
    "17": 2.709301514826453,
    "18": 2.5949585929186085,
    "19": 2.2599739721141905,
    "20": 2.1303209569460133,
    "21": 2.1966252940012025,
    "22": 2.187836573746086,
    "23": 2.2475638329192704,
    "24": 2.2583818138338385,
    "25": 2.2520325526324365,
    "26": 2.3207774676580852,
    "27": 2.3109263021859374,
    "28": 2.4128524149960033,
    "29": 2.5439354845111883,
    "30": 2.6128735777773895,
    "31": 3.2579389456595558,
    "32": 3.5619555124298525
}