{
    "0": NaN,
    "1": 3.3644407869883355,
    "2": 3.4896180770484655,
    "3": 3.4878240492288333,
    "4": 3.667103989898048,
    "5": 3.7675648318596466,
    "6": 3.840715424345858,
    "7": 4.003713777363807,
    "8": 3.44434804784778,
    "9": 3.473154835200184,
    "10": 3.2321885086247555,
    "11": 3.142433756830301,
    "12": 3.5425780005137883,
    "13": 3.872059878514951,
    "14": 4.263771904738836,
    "15": 4.731669222312313,
    "16": 4.700434473102803
}