{
    "0": NaN,
    "1": 3.7630169012086987,
    "2": 3.7053612168532366,
    "3": 3.5152622240125373,
    "4": 3.331765743773802,
    "5": 3.231524451518685,
    "6": 3.0553277063380175,
    "7": 2.9852466266197304,
    "8": 2.9508620722737198,
    "9": 2.997414975498078,
    "10": 3.031398843673534,
    "11": 3.0285178103825747,
    "12": 2.9073063040022924,
    "13": 2.8794640702982344,
    "14": 2.792673091342344,
    "15": 2.6974467238391346,
    "16": 2.5913153347087436,
    "17": 2.5856380035484947,
    "18": 2.605045262850894,
    "19": 2.6072503273856267,
    "20": 2.5892901899015763,
    "21": 2.6567113453044584,
    "22": 2.711607554342999,
    "23": 2.6871559884434286,
    "24": 2.803158241368068,
    "25": 2.9119773437445686,
    "26": 3.065747198544321,
    "27": 3.135111404088504,
    "28": 3.2695750251364446,
    "29": 3.3752264111369197,
    "30": 3.506606135130631,
    "31": 3.5739934868975567,
    "32": 3.907539459844352
}