{
    "0": NaN,
    "1": 3.072027660138504,
    "2": 3.5359926869817673,
    "3": 2.927253048180584,
    "4": 2.6642325463397216,
    "5": 3.005624941357223,
    "6": 2.9687700528919887,
    "7": 2.8830823204213334,
    "8": 2.8464626330564013,
    "9": 3.171002644818975,
    "10": 3.2848276149372957,
    "11": 3.324030512204105,
    "12": 3.0654522166243385,
    "13": 3.175183886193163,
    "14": 1.9168608594188163,
    "15": 1.905897146942833,
    "16": 1.8342341001171556,
    "17": 1.9298704765301926,
    "18": 1.9045969450760711,
    "19": 1.8176911669352873,
    "20": 1.8895418004655717,
    "21": 1.9583387217476511,
    "22": 2.014758616285837,
    "23": 2.0298184719746906,
    "24": 2.06683292129606,
    "25": 2.1521838954772745,
    "26": 2.0630144542168627,
    "27": 2.0902564900530134,
    "28": 2.060120189641747,
    "29": 2.2085302075129474,
    "30": 2.262583349583815,
    "31": 2.2763137197252443,
    "32": 2.188523627572182
}