{
    "0": NaN,
    "1": 3.8206781304232447,
    "2": 3.383177027504267,
    "3": 3.5738634329850236,
    "4": 4.013784719764445,
    "5": 4.264365714254145,
    "6": 4.637745986046689,
    "7": 4.6905922281990415,
    "8": 3.4278169824647544,
    "9": 3.6575812427183916,
    "10": 3.7314674643294614,
    "11": 3.843153612076073,
    "12": 4.465726971854447,
    "13": 4.609379403127337,
    "14": 5.094240460867092,
    "15": 5.358710794725111,
    "16": 4.750492815590645
}