{
    "0": NaN,
    "1": 2.5648197966270634,
    "2": 2.905896987781752,
    "3": 3.1688397966027586,
    "4": 2.561415683588628,
    "5": 2.5639397017305927,
    "6": 2.778818250051337,
    "7": 2.8063042557173445,
    "8": 2.6650995019388435,
    "9": 2.624134277967237,
    "10": 2.519034632396034,
    "11": 2.5748566505887407,
    "12": 2.626298458210228,
    "13": 2.803633853829998,
    "14": 2.953702893788554,
    "15": 2.989560432677053,
    "16": 3.0193954836054244,
    "17": 3.094029418151354,
    "18": 3.194133170155034,
    "19": 3.2357358563540557,
    "20": 3.3524703276887524,
    "21": 3.320459942104866,
    "22": 3.403437318009304,
    "23": 3.511663901832294,
    "24": 3.5067257028385983,
    "25": 3.553995636868441,
    "26": 3.526352150861047,
    "27": 3.5624958962575533,
    "28": 3.6826598747228245,
    "29": 3.8250153394728406,
    "30": 3.85347853524504,
    "31": 3.9929507407506146,
    "32": 3.8953683151127443
}