{
    "0": NaN,
    "1": 4.865582371574226,
    "2": 4.230346356633213,
    "3": 3.807638643388456,
    "4": 3.6737230859084176,
    "5": 3.8886044827791633,
    "6": 4.094011070162542,
    "7": 4.777507579607857,
    "8": 3.4858815719085428,
    "9": 3.391094124043144,
    "10": 3.3081674010263864,
    "11": 3.0570886041002434,
    "12": 3.021523258919737,
    "13": 3.092309598711886,
    "14": 3.089036486876523,
    "15": 2.9086517034459396,
    "16": 2.843642999219725,
    "17": 2.9212659935488743,
    "18": 2.7953301296625686,
    "19": 2.741246394204281,
    "20": 2.6727766268501503,
    "21": 2.6359606759698044,
    "22": 2.5807694104452303,
    "23": 2.577693614075144,
    "24": 2.632348742301301,
    "25": 2.6694267178281414,
    "26": 2.6594449798733537,
    "27": 2.896667639021385,
    "28": 2.9321739833368303,
    "29": 2.894995816496916,
    "30": 3.0010223822526796,
    "31": 2.9724799576422347,
    "32": 3.012349353081979,
    "33": 3.139957078916041,
    "34": 3.127478938152443,
    "35": 3.1638001232763733,
    "36": 3.5432591689316184
}