{
    "0": NaN,
    "1": 2.6179694498456403,
    "2": 2.872585347399907,
    "3": 3.1729169194428146,
    "4": 2.582515124123529,
    "5": 2.522136666922794,
    "6": 2.784297838489136,
    "7": 2.778015264420754,
    "8": 2.6627510623244093,
    "9": 2.590465006761382,
    "10": 2.5301997493174837,
    "11": 2.511395680549278,
    "12": 2.6903618411100747,
    "13": 2.8163127778326102,
    "14": 2.9469470338147263,
    "15": 3.0119654090492856,
    "16": 3.018843092166592,
    "17": 3.072838048713009,
    "18": 3.1774700228911317,
    "19": 3.268967568922842,
    "20": 3.3546130006886434,
    "21": 3.322338594788342,
    "22": 3.428807863983647,
    "23": 3.422191522028231,
    "24": 3.5251854140753482,
    "25": 3.5177760395549393,
    "26": 3.549835310375604,
    "27": 3.6418588884144714,
    "28": 3.656274774427767,
    "29": 3.7509596847395077,
    "30": 3.801816724545904,
    "31": 3.9355683885341324,
    "32": 3.9023481282402313
}