{
    "0": NaN,
    "1": 3.0103282618985485,
    "2": 3.288295918785898,
    "3": 3.4402852431685247,
    "4": 3.5364791370440805,
    "5": 3.6108489532450743,
    "6": 3.8775584413507116,
    "7": 4.209721771003603,
    "8": 4.443963417260004,
    "9": 4.79780060095935,
    "10": 5.048009283472357,
    "11": 4.338771614904942,
    "12": 4.357517366921864,
    "13": 4.280325443209671,
    "14": 3.586063550420634,
    "15": 3.664813356411843,
    "16": 3.825683478728556,
    "17": 4.003699292178594,
    "18": 3.9221524245400192,
    "19": 3.9862773960099447,
    "20": 3.897992639261898,
    "21": 3.9703575809185754,
    "22": 4.0373585036080115,
    "23": 4.137842316737814,
    "24": 4.453428132459963
}