{
    "0": NaN,
    "1": 2.9513670145803803,
    "2": 3.2276708937243526,
    "3": 3.3986142213598574,
    "4": 3.9437173590409573,
    "5": 4.682619107358501,
    "6": 5.361329475509697,
    "7": 5.627755198310627,
    "8": 6.328026777189385,
    "9": 6.144496042440967,
    "10": 5.025448723821528,
    "11": 3.443213194893025,
    "12": 3.666901804798968,
    "13": 2.179260290739889,
    "14": 1.9253914398508853,
    "15": 1.9395444064874423,
    "16": 2.02280160303499,
    "17": 2.1699359172455694,
    "18": 2.0930081414764556,
    "19": 2.1325933649038813,
    "20": 2.1300277456853034,
    "21": 2.2034240208830562,
    "22": 2.2705518322390206,
    "23": 2.4705352928536706,
    "24": 3.9493272871901492
}