{
    "0": NaN,
    "1": 3.200108427220782,
    "2": 3.2382212150543848,
    "3": 3.2528206924053378,
    "4": 3.1618223641938363,
    "5": 3.121080418804362,
    "6": 3.2059681284728385,
    "7": 3.4099756411662354,
    "8": 3.6254938217903288,
    "9": 3.659233615725073,
    "10": 3.8755562910056516,
    "11": 3.283172600902519,
    "12": 3.3770866354069025,
    "13": 3.1002881570679333,
    "14": 2.6916439347122796,
    "15": 2.6878741879486587,
    "16": 2.8453608489359987,
    "17": 2.9966306893822523,
    "18": 3.011053358126758,
    "19": 3.105614609037282,
    "20": 3.049722581321295,
    "21": 3.14659071454665,
    "22": 3.213157773154646,
    "23": 3.3777180874402464,
    "24": 3.818268190916653
}