{
    "0": {
        "estimate": NaN,
        "std": NaN
    },
    "1": {
        "estimate": 14.784235401011584,
        "std": 4.8160077003770745
    },
    "2": {
        "estimate": 14.541187635211694,
        "std": 5.041609127807735
    },
    "3": {
        "estimate": 13.54733401937386,
        "std": 5.357357464436687
    },
    "4": {
        "estimate": 15.769179160047672,
        "std": 6.447169858716223
    },
    "5": {
        "estimate": 16.307688326619893,
        "std": 6.393860237076307
    },
    "6": {
        "estimate": 16.143237719065844,
        "std": 6.061421464700295
    },
    "7": {
        "estimate": 16.335495201305772,
        "std": 6.088019167244978
    },
    "8": {
        "estimate": 16.982239674063415,
        "std": 6.128480513144175
    },
    "9": {
        "estimate": 17.673205166912144,
        "std": 6.417524388920476
    },
    "10": {
        "estimate": 18.0514731220737,
        "std": 6.317837755557343
    },
    "11": {
        "estimate": 18.053834958503472,
        "std": 6.1833451848889265
    },
    "12": {
        "estimate": 18.206414814589202,
        "std": 6.148435944801216
    },
    "13": {
        "estimate": 18.823054855442205,
        "std": 6.378880369443567
    },
    "14": {
        "estimate": 18.74016499054985,
        "std": 6.321556257902528
    },
    "15": {
        "estimate": 18.294298863879227,
        "std": 6.0917227824316615
    },
    "16": {
        "estimate": 17.597857071088832,
        "std": 5.7035507676718655
    },
    "17": {
        "estimate": 17.430408127588745,
        "std": 5.617041156721464
    },
    "18": {
        "estimate": 17.334675350220706,
        "std": 5.72288450156744
    },
    "19": {
        "estimate": 17.27526368553382,
        "std": 5.685222226222726
    },
    "20": {
        "estimate": 17.25959985877873,
        "std": 6.14326404563686
    },
    "21": {
        "estimate": 17.318899927001073,
        "std": 5.726035499788786
    },
    "22": {
        "estimate": 17.332429037979438,
        "std": 5.496027772100843
    },
    "23": {
        "estimate": 17.516643441807137,
        "std": 5.596815456934232
    },
    "24": {
        "estimate": 17.598842261509557,
        "std": 5.653533541366031
    },
    "25": {
        "estimate": 17.723964361579434,
        "std": 5.64953800007672
    },
    "26": {
        "estimate": 18.15889082087301,
        "std": 5.859117368110776
    },
    "27": {
        "estimate": 18.34535261048118,
        "std": 6.037921915327578
    },
    "28": {
        "estimate": 18.599243768962815,
        "std": 6.264226384595852
    },
    "29": {
        "estimate": 18.8855526596789,
        "std": 6.061827646780327
    },
    "30": {
        "estimate": 19.151786459468433,
        "std": 6.24849914397933
    },
    "31": {
        "estimate": 19.3489603338058,
        "std": 6.430288562760074
    },
    "32": {
        "estimate": 18.683452670048833,
        "std": 6.234270359369436
    }
}