{
    "0": {
        "estimate": NaN,
        "std": NaN
    },
    "1": {
        "estimate": 14.537072201834528,
        "std": 4.4505143043947015
    },
    "2": {
        "estimate": 14.407407370446357,
        "std": 4.627302953817174
    },
    "3": {
        "estimate": 13.619279753629886,
        "std": 4.919921454011694
    },
    "4": {
        "estimate": 16.069814068170206,
        "std": 5.731933158512181
    },
    "5": {
        "estimate": 16.761530652111986,
        "std": 5.698002800312851
    },
    "6": {
        "estimate": 16.58342050515512,
        "std": 5.543539081297432
    },
    "7": {
        "estimate": 16.70992158242533,
        "std": 5.541106632223413
    },
    "8": {
        "estimate": 17.322510552911126,
        "std": 5.525571698698351
    },
    "9": {
        "estimate": 17.984695731127328,
        "std": 5.818436738397138
    },
    "10": {
        "estimate": 18.27524134353207,
        "std": 5.7606860368146835
    },
    "11": {
        "estimate": 18.263733909506357,
        "std": 5.61492928842568
    },
    "12": {
        "estimate": 18.405693659250627,
        "std": 5.670083518713606
    },
    "13": {
        "estimate": 18.998539605720723,
        "std": 5.7677500264154045
    },
    "14": {
        "estimate": 18.90421088998071,
        "std": 5.756443575842859
    },
    "15": {
        "estimate": 18.377177169564675,
        "std": 5.545083031156603
    },
    "16": {
        "estimate": 17.610538684458298,
        "std": 5.1646904880692475
    },
    "17": {
        "estimate": 17.413943575791823,
        "std": 5.132091868101497
    },
    "18": {
        "estimate": 17.25569896689084,
        "std": 5.20261277224312
    },
    "19": {
        "estimate": 17.217280708617565,
        "std": 5.2634505455564415
    },
    "20": {
        "estimate": 17.20711519202741,
        "std": 5.797084521077997
    },
    "21": {
        "estimate": 17.268638196731878,
        "std": 5.279074697981831
    },
    "22": {
        "estimate": 17.27798789399386,
        "std": 5.0251870605789035
    },
    "23": {
        "estimate": 17.42931142545988,
        "std": 5.044840854558748
    },
    "24": {
        "estimate": 17.523640899493437,
        "std": 5.075507284998769
    },
    "25": {
        "estimate": 17.64083770283867,
        "std": 5.09127882728608
    },
    "26": {
        "estimate": 18.078462478334554,
        "std": 5.242805099773688
    },
    "27": {
        "estimate": 18.308606570452614,
        "std": 5.489553615171268
    },
    "28": {
        "estimate": 18.568919097988267,
        "std": 5.60910266488539
    },
    "29": {
        "estimate": 18.865621748022274,
        "std": 5.409325632954176
    },
    "30": {
        "estimate": 19.191121697843734,
        "std": 5.556376989844504
    },
    "31": {
        "estimate": 19.437349234999893,
        "std": 5.785585378016849
    },
    "32": {
        "estimate": 18.680902016097093,
        "std": 5.483310614809279
    }
}