{
    "0": NaN,
    "1": 3.119682550430298,
    "2": 2.437197208404541,
    "3": 1.8693253993988037,
    "4": 1.8409743309020996,
    "5": 1.8207502365112305,
    "6": 1.9895471334457397,
    "7": 2.1140999794006348,
    "8": 2.28118634223938,
    "9": 2.4706873893737793,
    "10": 2.659681558609009,
    "11": 2.7948074340820312,
    "12": 2.8753502368927,
    "13": 2.992671251296997,
    "14": 3.041827917098999,
    "15": 3.1386044025421143,
    "16": 3.277238130569458,
    "17": 3.284888744354248,
    "18": 3.351127862930298,
    "19": 3.405780792236328,
    "20": 3.438359498977661,
    "21": 3.418658494949341,
    "22": 3.4588003158569336,
    "23": 3.4437947273254395,
    "24": 3.4513792991638184,
    "25": 3.509606122970581,
    "26": 3.4676520824432373,
    "27": 3.4484474658966064,
    "28": 3.3873794078826904,
    "29": 3.3469831943511963,
    "30": 3.308053970336914,
    "31": 3.205533981323242,
    "32": 3.2310585975646973
}