{
    "0": {
        "estimate": NaN,
        "std": NaN
    },
    "1": {
        "estimate": 10.134936700038955,
        "std": 4.264260272399347
    },
    "2": {
        "estimate": 11.16759704723635,
        "std": 4.157128466241029
    },
    "3": {
        "estimate": 12.15067683176785,
        "std": 4.68614118646083
    },
    "4": {
        "estimate": 12.244135034996397,
        "std": 4.901125288013589
    },
    "5": {
        "estimate": 12.384981997483855,
        "std": 4.606942503934919
    },
    "6": {
        "estimate": 12.535355422254442,
        "std": 4.601616354354755
    },
    "7": {
        "estimate": 12.767502446683478,
        "std": 4.691973524315528
    },
    "8": {
        "estimate": 13.216284529730212,
        "std": 4.8313093198281765
    },
    "9": {
        "estimate": 13.4497915019268,
        "std": 4.869573848193379
    },
    "10": {
        "estimate": 14.1460008574061,
        "std": 5.258260126435066
    },
    "11": {
        "estimate": 14.237016785014927,
        "std": 5.463096273474821
    },
    "12": {
        "estimate": 14.516553573983245,
        "std": 5.606887447428859
    },
    "13": {
        "estimate": 16.610588607384223,
        "std": 6.400584858925229
    },
    "14": {
        "estimate": 19.01363662895122,
        "std": 7.266460982851103
    },
    "15": {
        "estimate": 20.78846434863514,
        "std": 7.7320579627284705
    },
    "16": {
        "estimate": 20.68820184421654,
        "std": 7.672263378908251
    },
    "17": {
        "estimate": 19.843393368230945,
        "std": 7.307227884999641
    },
    "18": {
        "estimate": 17.39428090431638,
        "std": 5.922271642103147
    },
    "19": {
        "estimate": 16.46844719069454,
        "std": 5.346502654303319
    },
    "20": {
        "estimate": 16.38711131590625,
        "std": 5.291409814714407
    },
    "21": {
        "estimate": 16.184807424964657,
        "std": 5.161299615920071
    },
    "22": {
        "estimate": 15.928153497015161,
        "std": 5.029937113804688
    },
    "23": {
        "estimate": 15.74905888725362,
        "std": 4.998011873372344
    },
    "24": {
        "estimate": 15.741962215607849,
        "std": 4.998331390453979
    },
    "25": {
        "estimate": 15.613151073378202,
        "std": 4.933008767445054
    },
    "26": {
        "estimate": 15.702653083632036,
        "std": 4.9775174355025396
    },
    "27": {
        "estimate": 15.565890654218787,
        "std": 4.9335901445929355
    },
    "28": {
        "estimate": 15.502792927005384,
        "std": 4.986937495782166
    },
    "29": {
        "estimate": 15.244770511712401,
        "std": 4.9942161683057815
    },
    "30": {
        "estimate": 14.879454702552508,
        "std": 4.914978377979335
    },
    "31": {
        "estimate": 14.899524560141192,
        "std": 5.244642562880108
    },
    "32": {
        "estimate": 14.876396639036486,
        "std": 6.240610407029454
    }
}