{
    "0": {
        "estimate": NaN,
        "std": NaN
    },
    "1": {
        "estimate": 13.74926559383109,
        "std": 7.299237447246803
    },
    "2": {
        "estimate": 15.026043540513516,
        "std": 7.528341736923675
    },
    "3": {
        "estimate": 15.959071925868836,
        "std": 7.857198230123553
    },
    "4": {
        "estimate": 15.90120178236632,
        "std": 7.797938057852449
    },
    "5": {
        "estimate": 16.00318327519165,
        "std": 7.529969284928904
    },
    "6": {
        "estimate": 16.134286760954488,
        "std": 7.4881877031266235
    },
    "7": {
        "estimate": 16.379684043442218,
        "std": 7.725827952886455
    },
    "8": {
        "estimate": 16.784169933635038,
        "std": 7.93985986089344
    },
    "9": {
        "estimate": 16.923304895185577,
        "std": 7.917086742960807
    },
    "10": {
        "estimate": 17.623565858201804,
        "std": 8.283700729065497
    },
    "11": {
        "estimate": 17.834476069382376,
        "std": 8.632486737361312
    },
    "12": {
        "estimate": 18.247801820822932,
        "std": 8.952138922646586
    },
    "13": {
        "estimate": 20.86317914924227,
        "std": 10.170371705677502
    },
    "14": {
        "estimate": 23.65833022734209,
        "std": 11.329944899493562
    },
    "15": {
        "estimate": 25.92619227226025,
        "std": 12.099282086820537
    },
    "16": {
        "estimate": 25.935571375274144,
        "std": 12.048638479438424
    },
    "17": {
        "estimate": 25.026478268728717,
        "std": 11.640811426833457
    },
    "18": {
        "estimate": 23.496303580902737,
        "std": 10.018661816300698
    },
    "19": {
        "estimate": 22.488485294389015,
        "std": 9.435681903211623
    },
    "20": {
        "estimate": 22.353255083368854,
        "std": 9.390844233358582
    },
    "21": {
        "estimate": 22.02210334240689,
        "std": 9.320778861674528
    },
    "22": {
        "estimate": 21.80759121532362,
        "std": 9.23826898434439
    },
    "23": {
        "estimate": 21.529961485063076,
        "std": 9.005550562145574
    },
    "24": {
        "estimate": 21.486772235458922,
        "std": 9.204327945339362
    },
    "25": {
        "estimate": 21.323640052669415,
        "std": 8.932068857795231
    },
    "26": {
        "estimate": 21.43659039098903,
        "std": 9.02221111916101
    },
    "27": {
        "estimate": 21.385458684483726,
        "std": 9.090094135663946
    },
    "28": {
        "estimate": 21.40175974609732,
        "std": 9.296357009206636
    },
    "29": {
        "estimate": 21.20539748609659,
        "std": 9.227653809261856
    },
    "30": {
        "estimate": 20.819203971210865,
        "std": 9.117943600097751
    },
    "31": {
        "estimate": 20.928652207478383,
        "std": 9.88778095230209
    },
    "32": {
        "estimate": 19.841275566864702,
        "std": 9.5999697334264
    }
}