{
    "0": {
        "estimate": NaN,
        "std": NaN
    },
    "1": {
        "estimate": 11.134082272703967,
        "std": 5.06890804140301
    },
    "2": {
        "estimate": 12.19203511658111,
        "std": 4.9798657015557755
    },
    "3": {
        "estimate": 13.208012782703596,
        "std": 5.470395766223548
    },
    "4": {
        "estimate": 13.187253239792705,
        "std": 5.51219066930454
    },
    "5": {
        "estimate": 13.431309250666882,
        "std": 5.252081675892321
    },
    "6": {
        "estimate": 13.62490455364894,
        "std": 5.189913314384843
    },
    "7": {
        "estimate": 13.878790088758798,
        "std": 5.317021002485917
    },
    "8": {
        "estimate": 14.299839526086947,
        "std": 5.41722927673659
    },
    "9": {
        "estimate": 14.458819788253004,
        "std": 5.492287639895222
    },
    "10": {
        "estimate": 15.217441308385524,
        "std": 5.958964884172511
    },
    "11": {
        "estimate": 15.355737610465585,
        "std": 6.193564698035655
    },
    "12": {
        "estimate": 15.717949157372576,
        "std": 6.297431698609962
    },
    "13": {
        "estimate": 17.997377043372765,
        "std": 7.264576370543526
    },
    "14": {
        "estimate": 20.385099878908413,
        "std": 8.177454542711645
    },
    "15": {
        "estimate": 22.447687704466407,
        "std": 8.797179967577053
    },
    "16": {
        "estimate": 22.4183657832876,
        "std": 8.688249027257452
    },
    "17": {
        "estimate": 21.522322318046033,
        "std": 8.279706525270482
    },
    "18": {
        "estimate": 19.527696593874012,
        "std": 6.859608709655573
    },
    "19": {
        "estimate": 18.543204401958164,
        "std": 6.28552763625427
    },
    "20": {
        "estimate": 18.420008247560805,
        "std": 6.252012019167271
    },
    "21": {
        "estimate": 18.201561985863474,
        "std": 6.1642130947950085
    },
    "22": {
        "estimate": 17.961231742295805,
        "std": 6.053861966626127
    },
    "23": {
        "estimate": 17.75237788247027,
        "std": 5.994906930064118
    },
    "24": {
        "estimate": 17.721164216288937,
        "std": 6.024378370546179
    },
    "25": {
        "estimate": 17.629139670525998,
        "std": 5.915140924064211
    },
    "26": {
        "estimate": 17.719671606633078,
        "std": 5.973002517135783
    },
    "27": {
        "estimate": 17.59791629085563,
        "std": 5.944413038163725
    },
    "28": {
        "estimate": 17.568361321990192,
        "std": 5.99838513712886
    },
    "29": {
        "estimate": 17.351059525181093,
        "std": 6.013245715611453
    },
    "30": {
        "estimate": 16.968707563759363,
        "std": 5.9155451359411
    },
    "31": {
        "estimate": 16.994613106707664,
        "std": 6.308689146780405
    },
    "32": {
        "estimate": 16.616141765216714,
        "std": 6.9505758678327805
    }
}