{
    "0": NaN,
    "1": 13.834624290466309,
    "2": 15.547266006469727,
    "3": 16.0665225982666,
    "4": 15.694140434265137,
    "5": 16.00539779663086,
    "6": 16.011615753173828,
    "7": 16.034671783447266,
    "8": 16.162647247314453,
    "9": 16.07671356201172,
    "10": 16.20833969116211,
    "11": 16.231508255004883,
    "12": 16.7415714263916,
    "13": 18.684215545654297,
    "14": 20.950654983520508,
    "15": 23.787151336669922,
    "16": 23.440757751464844,
    "17": 22.746675491333008,
    "18": 23.105194091796875,
    "19": 22.874073028564453,
    "20": 22.7385311126709,
    "21": 22.583545684814453,
    "22": 22.122791290283203,
    "23": 22.10808753967285,
    "24": 21.89879608154297,
    "25": 21.739439010620117,
    "26": 21.69759750366211,
    "27": 21.626907348632812,
    "28": 21.603378295898438,
    "29": 21.339065551757812,
    "30": 20.90872573852539,
    "31": 20.47051239013672,
    "32": 19.396669387817383
}