{
    "0": {
        "estimate": NaN,
        "std": NaN
    },
    "1": {
        "estimate": 11.580850617704922,
        "std": 4.075939850924343
    },
    "2": {
        "estimate": 13.41930483325636,
        "std": 3.7823329104900965
    },
    "3": {
        "estimate": 15.092593970535363,
        "std": 4.273856224252335
    },
    "4": {
        "estimate": 16.240235680800733,
        "std": 4.615933609195341
    },
    "5": {
        "estimate": 17.774997887803973,
        "std": 4.99908334396915
    },
    "6": {
        "estimate": 20.28604396648517,
        "std": 5.777014684037283
    },
    "7": {
        "estimate": 21.694142993176943,
        "std": 5.849040629339594
    },
    "8": {
        "estimate": 21.934844208101165,
        "std": 6.002405023233885
    },
    "9": {
        "estimate": 22.54311449118638,
        "std": 5.982874801851834
    },
    "10": {
        "estimate": 23.174400400519687,
        "std": 6.596855240731973
    },
    "11": {
        "estimate": 23.701956225451767,
        "std": 6.844782991081561
    },
    "12": {
        "estimate": 23.173871444820943,
        "std": 6.483150434198403
    },
    "13": {
        "estimate": 23.992166279652043,
        "std": 6.803063785859094
    },
    "14": {
        "estimate": 25.252623700141218,
        "std": 7.642258576635244
    },
    "15": {
        "estimate": 25.543705858626847,
        "std": 8.005038041897688
    },
    "16": {
        "estimate": 25.60631238890098,
        "std": 8.151991151143866
    },
    "17": {
        "estimate": 24.463028184775123,
        "std": 7.568976219964066
    },
    "18": {
        "estimate": 23.97717912342131,
        "std": 7.395466680606436
    },
    "19": {
        "estimate": 22.926010841015326,
        "std": 7.05385715611187
    },
    "20": {
        "estimate": 23.026287728079065,
        "std": 7.000694040187625
    },
    "21": {
        "estimate": 23.00033750335402,
        "std": 6.922902564634595
    },
    "22": {
        "estimate": 22.918736751381164,
        "std": 6.881936904933453
    },
    "23": {
        "estimate": 23.05045559082784,
        "std": 7.063874028558745
    },
    "24": {
        "estimate": 23.45235327891198,
        "std": 7.423507076572262
    },
    "25": {
        "estimate": 24.11706538336117,
        "std": 7.874725862835167
    },
    "26": {
        "estimate": 24.24210498918982,
        "std": 7.931473912323282
    },
    "27": {
        "estimate": 24.84598458818532,
        "std": 8.541080706632425
    },
    "28": {
        "estimate": 24.953761280089903,
        "std": 8.612036987448834
    },
    "29": {
        "estimate": 25.059595314818903,
        "std": 8.828683813137483
    },
    "30": {
        "estimate": 25.838693306201726,
        "std": 9.705733239861656
    },
    "31": {
        "estimate": 26.37567879897813,
        "std": 10.161898291002954
    },
    "32": {
        "estimate": 25.85197823711975,
        "std": 10.174024941401631
    }
}