{
    "0": {
        "estimate": NaN,
        "std": NaN
    },
    "1": {
        "estimate": 13.044543262883078,
        "std": 4.961841506484693
    },
    "2": {
        "estimate": 15.056935086533677,
        "std": 4.847886071640186
    },
    "3": {
        "estimate": 16.882266079489195,
        "std": 5.490275775062765
    },
    "4": {
        "estimate": 18.010866847562504,
        "std": 5.799979669340647
    },
    "5": {
        "estimate": 19.50774435547708,
        "std": 6.213409907765237
    },
    "6": {
        "estimate": 22.0636347479611,
        "std": 7.079957003929577
    },
    "7": {
        "estimate": 23.518393998184372,
        "std": 7.246938033149205
    },
    "8": {
        "estimate": 23.84864037330167,
        "std": 7.366201898784679
    },
    "9": {
        "estimate": 24.29289349018016,
        "std": 7.403031390470299
    },
    "10": {
        "estimate": 24.90056407107255,
        "std": 7.987840986733759
    },
    "11": {
        "estimate": 25.472297048758353,
        "std": 8.244067591304853
    },
    "12": {
        "estimate": 24.798145194478355,
        "std": 7.829293689951861
    },
    "13": {
        "estimate": 25.81634071187239,
        "std": 8.261677650677203
    },
    "14": {
        "estimate": 27.2809238186216,
        "std": 9.357772604753977
    },
    "15": {
        "estimate": 27.726004610473286,
        "std": 9.628098506545637
    },
    "16": {
        "estimate": 27.8430273523577,
        "std": 9.813097195638862
    },
    "17": {
        "estimate": 26.71151599996107,
        "std": 9.066926837052605
    },
    "18": {
        "estimate": 26.152448897490434,
        "std": 8.853871741615473
    },
    "19": {
        "estimate": 25.110645714431,
        "std": 8.511337480684317
    },
    "20": {
        "estimate": 25.17212049238141,
        "std": 8.532922634413847
    },
    "21": {
        "estimate": 25.209374491633184,
        "std": 8.494733868885056
    },
    "22": {
        "estimate": 25.148663684463834,
        "std": 8.398336726536472
    },
    "23": {
        "estimate": 25.344770371591043,
        "std": 8.55630592659813
    },
    "24": {
        "estimate": 25.793516152344296,
        "std": 8.897233523269383
    },
    "25": {
        "estimate": 26.50348771964067,
        "std": 9.40917120298748
    },
    "26": {
        "estimate": 26.674710048575747,
        "std": 9.555252362722568
    },
    "27": {
        "estimate": 27.322004306359133,
        "std": 10.171578840408873
    },
    "28": {
        "estimate": 27.430908966636295,
        "std": 10.281134745720493
    },
    "29": {
        "estimate": 27.589468321974348,
        "std": 10.370266593717982
    },
    "30": {
        "estimate": 28.456230972792348,
        "std": 11.273334625844543
    },
    "31": {
        "estimate": 28.84572024287575,
        "std": 11.60932470941525
    },
    "32": {
        "estimate": 28.152850474310007,
        "std": 11.700484543189763
    }
}