{
    "0": {
        "estimate": Infinity,
        "std": NaN
    },
    "1": {
        "estimate": 21.374392689979132,
        "std": 8.076263154451354
    },
    "2": {
        "estimate": 20.721913296026372,
        "std": 8.2511097465647
    },
    "3": {
        "estimate": 24.20412875239667,
        "std": 9.170800608845003
    },
    "4": {
        "estimate": 23.409932940414354,
        "std": 8.983927758317268
    },
    "5": {
        "estimate": 25.531006716741338,
        "std": 10.23937821346284
    },
    "6": {
        "estimate": 27.224487102895765,
        "std": 10.31852590453323
    },
    "7": {
        "estimate": 26.98804891141716,
        "std": 10.443603439535543
    },
    "8": {
        "estimate": 27.132027617727335,
        "std": 10.222875328707335
    },
    "9": {
        "estimate": 27.173845287703234,
        "std": 10.447619720972172
    },
    "10": {
        "estimate": 27.593853103128193,
        "std": 10.407073622594256
    },
    "11": {
        "estimate": 28.093400833265996,
        "std": 10.65600500205886
    },
    "12": {
        "estimate": 29.16609868036551,
        "std": 10.809345413438258
    },
    "13": {
        "estimate": 29.074393876573023,
        "std": 11.286811022374675
    },
    "14": {
        "estimate": 27.983285904104104,
        "std": 11.193771475805413
    },
    "15": {
        "estimate": 28.876797395921034,
        "std": 11.570443001893796
    },
    "16": {
        "estimate": 29.369125612295793,
        "std": 12.251357724722178
    },
    "17": {
        "estimate": 29.061077741348743,
        "std": 12.274866629695644
    },
    "18": {
        "estimate": 28.264954168931034,
        "std": 11.898613271192083
    },
    "19": {
        "estimate": 27.505760931314796,
        "std": 11.354554299831738
    },
    "20": {
        "estimate": 26.282353431532847,
        "std": 10.770382299356394
    },
    "21": {
        "estimate": 26.13784026426242,
        "std": 10.592908286600636
    },
    "22": {
        "estimate": 26.3090806980525,
        "std": 10.760421006134615
    },
    "23": {
        "estimate": 26.183049822773675,
        "std": 10.885229703507513
    },
    "24": {
        "estimate": 26.242225659766444,
        "std": 10.850586885258076
    },
    "25": {
        "estimate": 26.319467076239736,
        "std": 10.902872325607396
    },
    "26": {
        "estimate": 26.145076132643062,
        "std": 10.905193843302488
    },
    "27": {
        "estimate": 26.463064185762043,
        "std": 10.827440555990826
    },
    "28": {
        "estimate": 26.144951857691108,
        "std": 10.380146863985667
    },
    "29": {
        "estimate": 26.03534765204144,
        "std": 10.531162232627862
    },
    "30": {
        "estimate": 26.69834831535812,
        "std": 11.323194637782999
    },
    "31": {
        "estimate": 27.917436451795847,
        "std": 12.532203567035195
    },
    "32": {
        "estimate": 29.103985479980487,
        "std": 14.943569275261574
    }
}