{
    "0": {
        "estimate": NaN,
        "std": NaN
    },
    "1": {
        "estimate": 15.411851018513989,
        "std": 5.201731203106207
    },
    "2": {
        "estimate": 16.005447151841096,
        "std": 5.192109743031983
    },
    "3": {
        "estimate": 17.14997257082281,
        "std": 5.611133501019654
    },
    "4": {
        "estimate": 16.51503231737774,
        "std": 5.790652310125802
    },
    "5": {
        "estimate": 16.137482983168734,
        "std": 5.922876258871631
    },
    "6": {
        "estimate": 15.915966152809665,
        "std": 6.084398629906985
    },
    "7": {
        "estimate": 15.677794974633347,
        "std": 6.221309708699244
    },
    "8": {
        "estimate": 16.23327995490315,
        "std": 6.271441450935399
    },
    "9": {
        "estimate": 16.021646154857574,
        "std": 6.249211353393068
    },
    "10": {
        "estimate": 16.82552402711162,
        "std": 6.6869115990491315
    },
    "11": {
        "estimate": 16.843319650830004,
        "std": 6.6333848022051916
    },
    "12": {
        "estimate": 16.988017982999928,
        "std": 6.696669619871308
    },
    "13": {
        "estimate": 17.141895969109452,
        "std": 6.728799875128762
    },
    "14": {
        "estimate": 17.240834148387854,
        "std": 6.6972131439595195
    },
    "15": {
        "estimate": 17.389084092317173,
        "std": 6.866807380212346
    },
    "16": {
        "estimate": 17.737724078036315,
        "std": 6.947257112749493
    },
    "17": {
        "estimate": 16.501656143446816,
        "std": 6.392867764963115
    },
    "18": {
        "estimate": 16.031989843121107,
        "std": 6.25853557855958
    },
    "19": {
        "estimate": 15.36562271590468,
        "std": 5.9513284794114
    },
    "20": {
        "estimate": 15.259663511977216,
        "std": 5.928508975864815
    },
    "21": {
        "estimate": 13.797106190081943,
        "std": 5.692331487968515
    },
    "22": {
        "estimate": 13.005895330401167,
        "std": 5.44300540928059
    },
    "23": {
        "estimate": 12.671407449613817,
        "std": 5.256016284019586
    },
    "24": {
        "estimate": 12.408746116650747,
        "std": 5.114829072375485
    },
    "25": {
        "estimate": 12.285848218004485,
        "std": 5.011509810123456
    },
    "26": {
        "estimate": 12.196003205570575,
        "std": 4.958861884387838
    },
    "27": {
        "estimate": 12.188298460298276,
        "std": 4.965308857238593
    },
    "28": {
        "estimate": 12.203599578615254,
        "std": 4.909465765825824
    },
    "29": {
        "estimate": 12.180914467889128,
        "std": 4.900696897566844
    },
    "30": {
        "estimate": 12.154455542476706,
        "std": 4.936782103687869
    },
    "31": {
        "estimate": 12.042910158678243,
        "std": 4.856771874475735
    },
    "32": {
        "estimate": 11.916516191785442,
        "std": 4.698866313071465
    }
}