{
    "0": {
        "estimate": NaN,
        "std": NaN
    },
    "1": {
        "estimate": 14.675596645130256,
        "std": 5.041074986025341
    },
    "2": {
        "estimate": 15.27861855720291,
        "std": 4.944587151893416
    },
    "3": {
        "estimate": 16.55324380272668,
        "std": 5.383048297061702
    },
    "4": {
        "estimate": 15.856297917040123,
        "std": 5.554070896306358
    },
    "5": {
        "estimate": 15.489532512340823,
        "std": 5.73778151590338
    },
    "6": {
        "estimate": 15.310823534018246,
        "std": 5.949403241229009
    },
    "7": {
        "estimate": 15.143157286291625,
        "std": 6.136034892729988
    },
    "8": {
        "estimate": 15.66084779284533,
        "std": 6.0778660103580116
    },
    "9": {
        "estimate": 15.449284200904577,
        "std": 6.066309926463411
    },
    "10": {
        "estimate": 16.243482074069465,
        "std": 6.488061193371269
    },
    "11": {
        "estimate": 16.268768499664723,
        "std": 6.486337472238315
    },
    "12": {
        "estimate": 16.36779085348263,
        "std": 6.510509776229538
    },
    "13": {
        "estimate": 16.519939652944903,
        "std": 6.551331786493241
    },
    "14": {
        "estimate": 16.616386822815304,
        "std": 6.473119906196732
    },
    "15": {
        "estimate": 16.772478522496023,
        "std": 6.5951128574134055
    },
    "16": {
        "estimate": 17.126524654888858,
        "std": 6.669893876770042
    },
    "17": {
        "estimate": 16.00131172059194,
        "std": 6.123528319480282
    },
    "18": {
        "estimate": 15.511442259716032,
        "std": 6.01036208314773
    },
    "19": {
        "estimate": 14.872160344984534,
        "std": 5.7355679081487905
    },
    "20": {
        "estimate": 14.761283355695111,
        "std": 5.682588497368715
    },
    "21": {
        "estimate": 13.365918795061416,
        "std": 5.449933585202676
    },
    "22": {
        "estimate": 12.616422053770412,
        "std": 5.213423789766852
    },
    "23": {
        "estimate": 12.292287268504156,
        "std": 5.039859414799205
    },
    "24": {
        "estimate": 12.030950378756573,
        "std": 4.902374350325746
    },
    "25": {
        "estimate": 11.92593259458807,
        "std": 4.811376936489886
    },
    "26": {
        "estimate": 11.824950013829726,
        "std": 4.7575241300664874
    },
    "27": {
        "estimate": 11.80886171539519,
        "std": 4.746086677946104
    },
    "28": {
        "estimate": 11.83434246628063,
        "std": 4.688567363307542
    },
    "29": {
        "estimate": 11.799123242518798,
        "std": 4.668254492991963
    },
    "30": {
        "estimate": 11.770262967405497,
        "std": 4.698512203653317
    },
    "31": {
        "estimate": 11.66969899383491,
        "std": 4.631950939853379
    },
    "32": {
        "estimate": 11.552517805252839,
        "std": 4.497594576719006
    }
}