{
    "0": {
        "estimate": NaN,
        "std": NaN
    },
    "1": {
        "estimate": 18.381428120313014,
        "std": 6.605547305098428
    },
    "2": {
        "estimate": 18.952629346178497,
        "std": 6.83107140849596
    },
    "3": {
        "estimate": 19.62715946498112,
        "std": 7.034129009654268
    },
    "4": {
        "estimate": 19.384005399612448,
        "std": 7.166207219773857
    },
    "5": {
        "estimate": 18.89889341271886,
        "std": 7.350834032650103
    },
    "6": {
        "estimate": 18.51114135376483,
        "std": 7.31333307486436
    },
    "7": {
        "estimate": 18.109821642046743,
        "std": 7.510866789982507
    },
    "8": {
        "estimate": 18.58387763346255,
        "std": 7.607232663920894
    },
    "9": {
        "estimate": 18.398354032713186,
        "std": 7.600612980251401
    },
    "10": {
        "estimate": 19.370459901051746,
        "std": 8.192193287663537
    },
    "11": {
        "estimate": 19.37205458112417,
        "std": 8.060787687912317
    },
    "12": {
        "estimate": 19.593246134708878,
        "std": 8.203125387759938
    },
    "13": {
        "estimate": 19.680351618375852,
        "std": 8.232819626317527
    },
    "14": {
        "estimate": 19.834535511724212,
        "std": 8.289602513202004
    },
    "15": {
        "estimate": 19.952981513469425,
        "std": 8.306904569304187
    },
    "16": {
        "estimate": 20.374731852869115,
        "std": 8.539531522927541
    },
    "17": {
        "estimate": 18.514435230089113,
        "std": 7.957546469967687
    },
    "18": {
        "estimate": 18.093485189060512,
        "std": 7.743224425938971
    },
    "19": {
        "estimate": 17.315518002280704,
        "std": 7.412532355510721
    },
    "20": {
        "estimate": 17.01488325084064,
        "std": 7.397588419099241
    },
    "21": {
        "estimate": 15.567730603916134,
        "std": 6.873460398451644
    },
    "22": {
        "estimate": 14.784549868427368,
        "std": 6.698700848823854
    },
    "23": {
        "estimate": 14.45705134536745,
        "std": 6.451852729905182
    },
    "24": {
        "estimate": 14.166704083900182,
        "std": 6.308880769621409
    },
    "25": {
        "estimate": 14.03707633220509,
        "std": 6.212105001752385
    },
    "26": {
        "estimate": 13.955543444267605,
        "std": 6.241490789144655
    },
    "27": {
        "estimate": 13.904341223765252,
        "std": 6.121047521902452
    },
    "28": {
        "estimate": 13.94286421043534,
        "std": 6.122049068867054
    },
    "29": {
        "estimate": 13.906948707699339,
        "std": 6.122846462260787
    },
    "30": {
        "estimate": 13.903470267846531,
        "std": 6.224248389565921
    },
    "31": {
        "estimate": 13.744053166760708,
        "std": 6.1321694231667045
    },
    "32": {
        "estimate": 13.514709560227569,
        "std": 5.898186111493175
    }
}