{
    "0": NaN,
    "1": 20.80923080444336,
    "2": 20.309797286987305,
    "3": 21.646726608276367,
    "4": 21.496118545532227,
    "5": 21.467655181884766,
    "6": 21.139892578125,
    "7": 20.083436965942383,
    "8": 19.8648624420166,
    "9": 19.726856231689453,
    "10": 20.38425064086914,
    "11": 20.294273376464844,
    "12": 20.452251434326172,
    "13": 20.440343856811523,
    "14": 20.47620964050293,
    "15": 20.390823364257812,
    "16": 20.59335708618164,
    "17": 17.9831485748291,
    "18": 17.70016098022461,
    "19": 16.78803825378418,
    "20": 16.231698989868164,
    "21": 14.870553016662598,
    "22": 14.13347053527832,
    "23": 13.893341064453125,
    "24": 13.753707885742188,
    "25": 13.738350868225098,
    "26": 13.707552909851074,
    "27": 13.688297271728516,
    "28": 13.75761604309082,
    "29": 13.749844551086426,
    "30": 13.688879013061523,
    "31": 13.558631896972656,
    "32": 13.482617378234863
}