{
    "0": {
        "estimate": NaN,
        "std": NaN
    },
    "1": {
        "estimate": 15.209966854635658,
        "std": 5.921468019581631
    },
    "2": {
        "estimate": 18.090236032871807,
        "std": 7.0229330546500695
    },
    "3": {
        "estimate": 18.94070968699865,
        "std": 6.755010019569359
    },
    "4": {
        "estimate": 20.414973651708657,
        "std": 7.299628916169035
    },
    "5": {
        "estimate": 20.51058148548116,
        "std": 7.1800388885859165
    },
    "6": {
        "estimate": 20.737398487279222,
        "std": 7.349940177566039
    },
    "7": {
        "estimate": 20.452840849960864,
        "std": 7.22299952038433
    },
    "8": {
        "estimate": 20.784802451881358,
        "std": 7.185077861681883
    },
    "9": {
        "estimate": 21.559008381396612,
        "std": 7.555339891829562
    },
    "10": {
        "estimate": 22.43147182491476,
        "std": 7.984018314364467
    },
    "11": {
        "estimate": 22.934957910500582,
        "std": 8.33399699566692
    },
    "12": {
        "estimate": 22.9435928998378,
        "std": 8.423240020781204
    },
    "13": {
        "estimate": 23.83465479303131,
        "std": 8.823080798095974
    },
    "14": {
        "estimate": 25.586046651289713,
        "std": 9.743234265907477
    },
    "15": {
        "estimate": 26.93111189135873,
        "std": 10.243053276481879
    },
    "16": {
        "estimate": 26.719334042854722,
        "std": 9.84774966427471
    },
    "17": {
        "estimate": 26.239740165403315,
        "std": 9.637724956688281
    },
    "18": {
        "estimate": 24.11131733537708,
        "std": 8.494476716448599
    },
    "19": {
        "estimate": 23.273242151484556,
        "std": 8.018773102912741
    },
    "20": {
        "estimate": 23.393832050438192,
        "std": 8.033467585968872
    },
    "21": {
        "estimate": 23.5139251852894,
        "std": 8.171908497742374
    },
    "22": {
        "estimate": 23.34683184684184,
        "std": 8.072350892529789
    },
    "23": {
        "estimate": 23.53017588197467,
        "std": 8.216151816756101
    },
    "24": {
        "estimate": 24.20062524983303,
        "std": 8.672047698271172
    },
    "25": {
        "estimate": 24.847995561139502,
        "std": 9.140435289802907
    },
    "26": {
        "estimate": 26.43033068915195,
        "std": 10.174007498600242
    },
    "27": {
        "estimate": 27.278072519410674,
        "std": 10.834018509242474
    },
    "28": {
        "estimate": 28.233524323908014,
        "std": 11.673018987658889
    },
    "29": {
        "estimate": 29.064322336041183,
        "std": 12.278858224828738
    },
    "30": {
        "estimate": 28.450750064742426,
        "std": 12.030116156225324
    },
    "31": {
        "estimate": 30.067276863864052,
        "std": 13.35359106497588
    },
    "32": {
        "estimate": 27.523408816664595,
        "std": 12.051364154947674
    }
}