{
    "0": NaN,
    "1": 3.307897036606144,
    "2": 3.5167809089267803,
    "3": 3.756776642246739,
    "4": 3.833728076398779,
    "5": 4.542060763275552,
    "6": 4.956794889994282,
    "7": 5.3215419295576085,
    "8": 6.3075737628265145,
    "9": 5.90053822120878,
    "10": 5.789926988364436,
    "11": 5.46702279916003,
    "12": 4.823634731255757,
    "13": 5.134514950789371,
    "14": 5.119105755556748,
    "15": 4.477198999582318,
    "16": 4.119074671496332,
    "17": 3.642913787380846,
    "18": 3.5293619813799864,
    "19": 3.3375789539306924,
    "20": 3.437846082695485,
    "21": 3.3742373219184985,
    "22": 3.2631842613350877,
    "23": 3.2870589496575393,
    "24": 3.298650402789865,
    "25": 3.275617749612616,
    "26": 3.3014832241676992,
    "27": 3.4342758664503372,
    "28": 3.3785129067770088,
    "29": 3.481763612800622,
    "30": 3.510592051506848,
    "31": 3.704088683762502,
    "32": 3.693453710670249
}