{
    "0": {
        "estimate": NaN,
        "std": NaN
    },
    "1": {
        "estimate": 19.462790533713527,
        "std": 7.090488629855486
    },
    "2": {
        "estimate": 21.305441008643644,
        "std": 8.16374594684382
    },
    "3": {
        "estimate": 23.221297104211413,
        "std": 9.092575904924285
    },
    "4": {
        "estimate": 25.81919509596743,
        "std": 10.51419700842911
    },
    "5": {
        "estimate": 28.896894537410965,
        "std": 11.682001063453136
    },
    "6": {
        "estimate": 29.482448502929508,
        "std": 11.900444164666306
    },
    "7": {
        "estimate": 31.94813342955216,
        "std": 12.926256052081415
    },
    "8": {
        "estimate": 32.0199394575523,
        "std": 13.215855675443049
    },
    "9": {
        "estimate": 33.16787071729477,
        "std": 13.913560314991967
    },
    "10": {
        "estimate": 33.461018795156406,
        "std": 13.547110992046564
    },
    "11": {
        "estimate": 32.41268878335066,
        "std": 12.91230457518895
    },
    "12": {
        "estimate": 32.8528710005051,
        "std": 12.746721346803874
    },
    "13": {
        "estimate": 32.83203781113939,
        "std": 12.624916490333339
    },
    "14": {
        "estimate": 34.410428700068465,
        "std": 13.196108449985966
    },
    "15": {
        "estimate": 33.96132387691039,
        "std": 12.832375828205041
    },
    "16": {
        "estimate": 33.14804460368836,
        "std": 12.611287695339913
    },
    "17": {
        "estimate": 31.3220532280215,
        "std": 11.554230600418864
    },
    "18": {
        "estimate": 30.179393790359317,
        "std": 11.424778600891866
    },
    "19": {
        "estimate": 29.198383543585926,
        "std": 10.865338009599299
    },
    "20": {
        "estimate": 28.218245612575313,
        "std": 10.218595182708178
    },
    "21": {
        "estimate": 27.168418144934847,
        "std": 9.81210614659053
    },
    "22": {
        "estimate": 26.735459184882743,
        "std": 9.581701108262813
    },
    "23": {
        "estimate": 24.96999590138095,
        "std": 9.175243295242263
    },
    "24": {
        "estimate": 24.41901313890622,
        "std": 9.054887749144974
    },
    "25": {
        "estimate": 23.810664071978664,
        "std": 8.893813315200559
    },
    "26": {
        "estimate": 23.329984082823078,
        "std": 9.109145856622781
    },
    "27": {
        "estimate": 22.24604312167056,
        "std": 8.647247580313154
    },
    "28": {
        "estimate": 21.734436749286264,
        "std": 8.301372748694417
    },
    "29": {
        "estimate": 21.41691422030762,
        "std": 8.101882396228142
    },
    "30": {
        "estimate": 21.086473922035097,
        "std": 7.953775671197357
    },
    "31": {
        "estimate": 20.972910934476236,
        "std": 7.959514057787232
    },
    "32": {
        "estimate": 20.672726760766647,
        "std": 7.860743935903786
    },
    "33": {
        "estimate": 20.543163589183685,
        "std": 7.832284828528747
    },
    "34": {
        "estimate": 20.453674530343687,
        "std": 7.775889849277187
    },
    "35": {
        "estimate": 20.657081763309655,
        "std": 7.841594122905127
    },
    "36": {
        "estimate": 20.687459872699577,
        "std": 7.898021202961936
    },
    "37": {
        "estimate": 20.85233792520414,
        "std": 8.058252155517675
    },
    "38": {
        "estimate": 21.498435677615078,
        "std": 8.167021614250359
    },
    "39": {
        "estimate": 22.790880712215646,
        "std": 8.746343924639548
    },
    "40": {
        "estimate": 23.577367276968836,
        "std": 9.166593635480163
    }
}