{
    "0": {
        "estimate": NaN,
        "std": NaN
    },
    "1": {
        "estimate": 19.21808395637219,
        "std": 5.129868802685874
    },
    "2": {
        "estimate": 22.812104776937037,
        "std": 6.458917378515487
    },
    "3": {
        "estimate": 26.33098407227543,
        "std": 6.243406587464485
    },
    "4": {
        "estimate": 29.90384599917395,
        "std": 7.0825968267996
    },
    "5": {
        "estimate": 33.328115329488746,
        "std": 7.4429360744319775
    },
    "6": {
        "estimate": 31.319263366674818,
        "std": 6.766221366464904
    },
    "7": {
        "estimate": 32.50728762812979,
        "std": 6.945742042328151
    },
    "8": {
        "estimate": 31.66478716239737,
        "std": 7.222675900715217
    },
    "9": {
        "estimate": 32.641851026976845,
        "std": 7.525715673886791
    },
    "10": {
        "estimate": 33.74871161966196,
        "std": 7.507978227557919
    },
    "11": {
        "estimate": 33.370619444607605,
        "std": 7.728694768327185
    },
    "12": {
        "estimate": 32.811307255308066,
        "std": 7.70131292566277
    },
    "13": {
        "estimate": 31.95906229167027,
        "std": 7.428230169906863
    },
    "14": {
        "estimate": 30.35559485506171,
        "std": 7.494852328083552
    },
    "15": {
        "estimate": 30.542291302589465,
        "std": 7.570028000927241
    },
    "16": {
        "estimate": 28.988756945502065,
        "std": 7.332225390258452
    },
    "17": {
        "estimate": 28.059157171595963,
        "std": 7.268835873101576
    },
    "18": {
        "estimate": 27.212411973655517,
        "std": 7.092647348644869
    },
    "19": {
        "estimate": 26.855648070806453,
        "std": 6.993764029664112
    },
    "20": {
        "estimate": 26.633086149169532,
        "std": 6.9065082424870665
    },
    "21": {
        "estimate": 26.12997650248893,
        "std": 6.770844024948293
    },
    "22": {
        "estimate": 26.257948741012,
        "std": 6.949550615838788
    },
    "23": {
        "estimate": 26.496003696845275,
        "std": 7.351071338075762
    },
    "24": {
        "estimate": 27.249119991825545,
        "std": 7.766982843237656
    },
    "25": {
        "estimate": 27.870322656410224,
        "std": 8.328521571306075
    },
    "26": {
        "estimate": 28.914237094750302,
        "std": 9.057487404659886
    },
    "27": {
        "estimate": 29.761821662053116,
        "std": 9.696150033194112
    },
    "28": {
        "estimate": 30.64250711425288,
        "std": 10.560658971805857
    },
    "29": {
        "estimate": 31.40501659804093,
        "std": 11.251387716299764
    },
    "30": {
        "estimate": 30.406346604552258,
        "std": 10.858220424493393
    },
    "31": {
        "estimate": 31.077489508734505,
        "std": 11.511326754837393
    },
    "32": {
        "estimate": 25.85376894754073,
        "std": 9.640020638987071
    }
}