{
    "0": {
        "estimate": NaN,
        "std": NaN
    },
    "1": {
        "estimate": 18.474605115697273,
        "std": 4.722714478322836
    },
    "2": {
        "estimate": 22.302470439905154,
        "std": 5.774264103510963
    },
    "3": {
        "estimate": 25.125043177899368,
        "std": 5.597627009582313
    },
    "4": {
        "estimate": 28.675046472786295,
        "std": 6.172978535953489
    },
    "5": {
        "estimate": 32.25141099637574,
        "std": 6.374437801978488
    },
    "6": {
        "estimate": 29.918858101766784,
        "std": 5.786458676726752
    },
    "7": {
        "estimate": 31.098234907600116,
        "std": 5.893969362332849
    },
    "8": {
        "estimate": 30.50210723620277,
        "std": 6.358144239671252
    },
    "9": {
        "estimate": 31.321534875956406,
        "std": 6.592255664310825
    },
    "10": {
        "estimate": 32.42239118274548,
        "std": 6.5863729534452675
    },
    "11": {
        "estimate": 31.9624776442567,
        "std": 6.831245892840499
    },
    "12": {
        "estimate": 31.214276911891165,
        "std": 7.088778446858558
    },
    "13": {
        "estimate": 30.654097644070966,
        "std": 6.796716234240991
    },
    "14": {
        "estimate": 29.117958336780617,
        "std": 6.940539867720938
    },
    "15": {
        "estimate": 29.315623166027887,
        "std": 6.88388976754328
    },
    "16": {
        "estimate": 27.79615124214389,
        "std": 6.695955861238767
    },
    "17": {
        "estimate": 26.800670251672912,
        "std": 6.630193296914785
    },
    "18": {
        "estimate": 25.95989441922378,
        "std": 6.480767494210033
    },
    "19": {
        "estimate": 25.633476990359696,
        "std": 6.409742678283237
    },
    "20": {
        "estimate": 25.426173324207433,
        "std": 6.359598245117463
    },
    "21": {
        "estimate": 24.89554708298377,
        "std": 6.198775437170004
    },
    "22": {
        "estimate": 25.118772141212762,
        "std": 6.428096189959899
    },
    "23": {
        "estimate": 25.401962390239557,
        "std": 6.9109012893411705
    },
    "24": {
        "estimate": 26.17120869250911,
        "std": 7.315664778560499
    },
    "25": {
        "estimate": 26.80436067312529,
        "std": 7.951559526120024
    },
    "26": {
        "estimate": 27.787033979862294,
        "std": 8.590421395858828
    },
    "27": {
        "estimate": 28.735110953689215,
        "std": 9.307222655051895
    },
    "28": {
        "estimate": 29.61406750495088,
        "std": 10.063825315923996
    },
    "29": {
        "estimate": 30.506779670470674,
        "std": 10.874508801124616
    },
    "30": {
        "estimate": 29.68753162426452,
        "std": 10.497201661338384
    },
    "31": {
        "estimate": 30.365548123174545,
        "std": 11.22328206829225
    },
    "32": {
        "estimate": 25.108595672740012,
        "std": 9.341995294574229
    }
}