{
    "0": NaN,
    "1": 10.832581520080566,
    "2": 6.9739508628845215,
    "3": 21.71166229248047,
    "4": 23.119115829467773,
    "5": 22.665437698364258,
    "6": 29.161701202392578,
    "7": 30.284318923950195,
    "8": 28.672733306884766,
    "9": 30.33208656311035,
    "10": 32.38469696044922,
    "11": 34.78986740112305,
    "12": 38.22990036010742,
    "13": 33.891536712646484,
    "14": 28.991727828979492,
    "15": 28.482088088989258,
    "16": 28.71526336669922,
    "17": 28.47007942199707,
    "18": 28.62143898010254,
    "19": 28.577470779418945,
    "20": 28.63783836364746,
    "21": 28.46086883544922,
    "22": 28.004947662353516,
    "23": 27.65974998474121,
    "24": 27.318620681762695,
    "25": 27.40001106262207,
    "26": 27.387283325195312,
    "27": 26.415742874145508,
    "28": 26.47693634033203,
    "29": 25.322080612182617,
    "30": 23.159038543701172,
    "31": 22.40934181213379,
    "32": 20.46746253967285
}