{
    "0": {
        "estimate": NaN,
        "std": NaN
    },
    "1": {
        "estimate": 17.870317612852528,
        "std": 4.282338100946811
    },
    "2": {
        "estimate": 22.103223860524977,
        "std": 5.2834397374765425
    },
    "3": {
        "estimate": 22.24749681403557,
        "std": 4.66831038210731
    },
    "4": {
        "estimate": 24.1416155784422,
        "std": 4.780312912829777
    },
    "5": {
        "estimate": 27.392774911013596,
        "std": 5.100051319725695
    },
    "6": {
        "estimate": 25.948311530573758,
        "std": 4.840555938241248
    },
    "7": {
        "estimate": 25.69828303746768,
        "std": 4.528812149139655
    },
    "8": {
        "estimate": 26.803368879963482,
        "std": 4.787964931125174
    },
    "9": {
        "estimate": 27.27465511942591,
        "std": 4.931746304047134
    },
    "10": {
        "estimate": 27.85295912386399,
        "std": 5.037826314674891
    },
    "11": {
        "estimate": 27.712835398249357,
        "std": 5.099155253755975
    },
    "12": {
        "estimate": 27.135494904097833,
        "std": 5.002172292460624
    },
    "13": {
        "estimate": 28.693248766498197,
        "std": 5.261576209330259
    },
    "14": {
        "estimate": 26.371262079372386,
        "std": 4.876977999550815
    },
    "15": {
        "estimate": 26.192420941183098,
        "std": 4.80315349836818
    },
    "16": {
        "estimate": 25.7389288818625,
        "std": 4.8274213735319
    },
    "17": {
        "estimate": 25.11420020524882,
        "std": 4.846269545015245
    },
    "18": {
        "estimate": 24.41121407745359,
        "std": 5.1209353946253025
    },
    "19": {
        "estimate": 23.92559311876862,
        "std": 5.220228572189031
    },
    "20": {
        "estimate": 23.817285352656857,
        "std": 5.322745991774949
    },
    "21": {
        "estimate": 23.374298570519564,
        "std": 5.15877844457778
    },
    "22": {
        "estimate": 23.498542039697913,
        "std": 5.6100184987995165
    },
    "23": {
        "estimate": 23.66112883618756,
        "std": 6.200834663099396
    },
    "24": {
        "estimate": 24.806069833335183,
        "std": 6.7851269166536285
    },
    "25": {
        "estimate": 25.767090514071377,
        "std": 7.344177192749784
    },
    "26": {
        "estimate": 27.22465867141817,
        "std": 8.060464473842814
    },
    "27": {
        "estimate": 28.139308278792935,
        "std": 8.458519581933977
    },
    "28": {
        "estimate": 28.547429910504434,
        "std": 8.839350492544677
    },
    "29": {
        "estimate": 29.5438471075851,
        "std": 9.30705405437305
    },
    "30": {
        "estimate": 28.500718257748343,
        "std": 8.638279971420227
    },
    "31": {
        "estimate": 28.325525009748315,
        "std": 8.692036274231958
    },
    "32": {
        "estimate": 23.018965736461467,
        "std": 6.245489061019717
    }
}