{
    "0": {
        "estimate": NaN,
        "std": NaN
    },
    "1": {
        "estimate": 13.29032794393538,
        "std": 3.923818801685593
    },
    "2": {
        "estimate": 14.175362247930845,
        "std": 4.764811218466579
    },
    "3": {
        "estimate": 15.74104324640843,
        "std": 5.473313462712466
    },
    "4": {
        "estimate": 17.268004369100886,
        "std": 5.800570652682436
    },
    "5": {
        "estimate": 18.101479165385115,
        "std": 5.638830095575395
    },
    "6": {
        "estimate": 18.775764478059962,
        "std": 5.821219977989351
    },
    "7": {
        "estimate": 19.92096860867893,
        "std": 6.168692302840386
    },
    "8": {
        "estimate": 21.64150081580152,
        "std": 6.68129902347475
    },
    "9": {
        "estimate": 21.368590752367435,
        "std": 6.299782159771625
    },
    "10": {
        "estimate": 23.018122764151823,
        "std": 6.469696515152362
    },
    "11": {
        "estimate": 23.17039397859091,
        "std": 6.430820864902225
    },
    "12": {
        "estimate": 23.00040325621073,
        "std": 6.301785033580233
    },
    "13": {
        "estimate": 22.628702912834704,
        "std": 6.178913794658509
    },
    "14": {
        "estimate": 22.220652316337514,
        "std": 6.131963480475936
    },
    "15": {
        "estimate": 21.612361353467257,
        "std": 6.030766502527922
    },
    "16": {
        "estimate": 20.93195523138644,
        "std": 5.733489717636142
    },
    "17": {
        "estimate": 20.754262555159077,
        "std": 5.57656311202236
    },
    "18": {
        "estimate": 20.845457931110065,
        "std": 5.714559405657414
    },
    "19": {
        "estimate": 20.54897212419251,
        "std": 5.723368976521721
    },
    "20": {
        "estimate": 20.425104155857436,
        "std": 5.672150334004858
    },
    "21": {
        "estimate": 20.346217510025227,
        "std": 5.665150925229151
    },
    "22": {
        "estimate": 20.559325343400353,
        "std": 5.7158832800931805
    },
    "23": {
        "estimate": 20.487225708953517,
        "std": 5.740853085796665
    },
    "24": {
        "estimate": 20.961371989173802,
        "std": 5.87325881109397
    },
    "25": {
        "estimate": 21.193740297351574,
        "std": 5.841009356099039
    },
    "26": {
        "estimate": 21.862437866233215,
        "std": 6.098765407494517
    },
    "27": {
        "estimate": 22.410261968286175,
        "std": 6.166757418920745
    },
    "28": {
        "estimate": 22.56599592000082,
        "std": 6.243483876629419
    },
    "29": {
        "estimate": 22.87708642725441,
        "std": 6.324279571260192
    },
    "30": {
        "estimate": 23.034926745015404,
        "std": 6.309683098516422
    },
    "31": {
        "estimate": 23.4051654512027,
        "std": 6.4102598976058
    },
    "32": {
        "estimate": 23.499008615654127,
        "std": 6.440227216790864
    },
    "33": {
        "estimate": 24.338562737563613,
        "std": 6.616417507921836
    },
    "34": {
        "estimate": 24.56707423312958,
        "std": 6.6851805907443875
    },
    "35": {
        "estimate": 24.946464842388178,
        "std": 6.833772357611042
    },
    "36": {
        "estimate": 25.42335285377344,
        "std": 7.0042531269944925
    },
    "37": {
        "estimate": 25.435033982500848,
        "std": 7.327078772583909
    },
    "38": {
        "estimate": 25.840567813841677,
        "std": 7.2143647041402765
    },
    "39": {
        "estimate": 25.91902708287276,
        "std": 7.385064509563724
    },
    "40": {
        "estimate": 26.493406522135203,
        "std": 7.432222738615387
    }
}