{
    "0": {
        "estimate": NaN,
        "std": NaN
    },
    "1": {
        "estimate": 15.60276802045257,
        "std": 7.051935408942131
    },
    "2": {
        "estimate": 16.19665734532006,
        "std": 8.743586424633
    },
    "3": {
        "estimate": 16.758345289675287,
        "std": 9.51746617022855
    },
    "4": {
        "estimate": 18.204319077071727,
        "std": 10.318554251188472
    },
    "5": {
        "estimate": 19.128124769719633,
        "std": 10.500146268570862
    },
    "6": {
        "estimate": 19.63928380103436,
        "std": 10.612427039114912
    },
    "7": {
        "estimate": 20.906004101490602,
        "std": 11.015993665402487
    },
    "8": {
        "estimate": 22.32045710367531,
        "std": 11.713619591565987
    },
    "9": {
        "estimate": 22.260630575702038,
        "std": 11.042836102594169
    },
    "10": {
        "estimate": 24.81604557433474,
        "std": 11.201579769050266
    },
    "11": {
        "estimate": 25.646948695797025,
        "std": 11.244383592586953
    },
    "12": {
        "estimate": 25.777980159883388,
        "std": 11.218752012656218
    },
    "13": {
        "estimate": 25.722437757874403,
        "std": 11.091101995013847
    },
    "14": {
        "estimate": 25.927286092182932,
        "std": 10.82943083653695
    },
    "15": {
        "estimate": 25.821350868803727,
        "std": 10.82280061406186
    },
    "16": {
        "estimate": 24.187060879393893,
        "std": 10.333549683524666
    },
    "17": {
        "estimate": 24.5589113951448,
        "std": 10.307251622498901
    },
    "18": {
        "estimate": 24.904493605372693,
        "std": 10.530944732946306
    },
    "19": {
        "estimate": 24.856375098224543,
        "std": 10.580810993838016
    },
    "20": {
        "estimate": 24.827671927296354,
        "std": 10.176340513031858
    },
    "21": {
        "estimate": 24.524725246491354,
        "std": 10.289839783160081
    },
    "22": {
        "estimate": 24.69955224496119,
        "std": 10.254177328235802
    },
    "23": {
        "estimate": 24.786418113910063,
        "std": 10.346872019309416
    },
    "24": {
        "estimate": 24.931295528937998,
        "std": 10.444119215323594
    },
    "25": {
        "estimate": 25.401803064769833,
        "std": 10.740252118446056
    },
    "26": {
        "estimate": 25.936443927741067,
        "std": 11.022270661920503
    },
    "27": {
        "estimate": 26.538121414915867,
        "std": 11.457177445923854
    },
    "28": {
        "estimate": 26.789122111275532,
        "std": 11.836642002446522
    },
    "29": {
        "estimate": 27.05761068797647,
        "std": 11.995580139885142
    },
    "30": {
        "estimate": 27.163712298859352,
        "std": 11.975431215874623
    },
    "31": {
        "estimate": 27.52923330615015,
        "std": 12.335152721474413
    },
    "32": {
        "estimate": 27.53537783738177,
        "std": 12.540954651007544
    },
    "33": {
        "estimate": 28.0084544899575,
        "std": 12.870579595928321
    },
    "34": {
        "estimate": 28.174844229430718,
        "std": 13.160303535449197
    },
    "35": {
        "estimate": 28.38500717254401,
        "std": 13.204311043523681
    },
    "36": {
        "estimate": 28.6494595116621,
        "std": 13.340072033053916
    },
    "37": {
        "estimate": 28.38067792213379,
        "std": 13.226751363003153
    },
    "38": {
        "estimate": 27.55000486519515,
        "std": 13.099419193625664
    },
    "39": {
        "estimate": 26.67065222778556,
        "std": 12.579087699846243
    },
    "40": {
        "estimate": 27.110048991864623,
        "std": 12.597331505827917
    }
}