{
    "0": {
        "estimate": NaN,
        "std": NaN
    },
    "1": {
        "estimate": 13.775239825769878,
        "std": 4.100429979404419
    },
    "2": {
        "estimate": 14.652746757909132,
        "std": 4.985239739549545
    },
    "3": {
        "estimate": 16.098740794717976,
        "std": 5.695840250009551
    },
    "4": {
        "estimate": 17.65868869309398,
        "std": 6.06627277946345
    },
    "5": {
        "estimate": 18.44426553909761,
        "std": 5.960265088282824
    },
    "6": {
        "estimate": 19.091369243214793,
        "std": 6.155466590291802
    },
    "7": {
        "estimate": 20.27871974472961,
        "std": 6.488829968222462
    },
    "8": {
        "estimate": 21.988676444389203,
        "std": 6.995729907142119
    },
    "9": {
        "estimate": 21.675189504955515,
        "std": 6.599956374267319
    },
    "10": {
        "estimate": 23.448132482500803,
        "std": 6.733337322128047
    },
    "11": {
        "estimate": 23.68859976576933,
        "std": 6.720487942922174
    },
    "12": {
        "estimate": 23.558301025636386,
        "std": 6.626944042532757
    },
    "13": {
        "estimate": 23.204701132001926,
        "std": 6.527443873088776
    },
    "14": {
        "estimate": 22.861502040479248,
        "std": 6.45882529848898
    },
    "15": {
        "estimate": 22.32393655676822,
        "std": 6.380955027114009
    },
    "16": {
        "estimate": 21.540791529810484,
        "std": 6.1369912460790035
    },
    "17": {
        "estimate": 21.451020273983733,
        "std": 5.982920495640962
    },
    "18": {
        "estimate": 21.578620109959637,
        "std": 6.081051114405949
    },
    "19": {
        "estimate": 21.288302169343968,
        "std": 6.1288652228282485
    },
    "20": {
        "estimate": 21.17278294902328,
        "std": 6.103879825068618
    },
    "21": {
        "estimate": 21.051490314183738,
        "std": 6.074297624114801
    },
    "22": {
        "estimate": 21.289567427599255,
        "std": 6.11387104792138
    },
    "23": {
        "estimate": 21.23585836191059,
        "std": 6.143680439211647
    },
    "24": {
        "estimate": 21.687408179510832,
        "std": 6.234078614033582
    },
    "25": {
        "estimate": 21.967978981153482,
        "std": 6.2607744221872785
    },
    "26": {
        "estimate": 22.657370470088708,
        "std": 6.522019237531515
    },
    "27": {
        "estimate": 23.19009031664385,
        "std": 6.606799612655794
    },
    "28": {
        "estimate": 23.35885582229708,
        "std": 6.697070088908086
    },
    "29": {
        "estimate": 23.64696697562725,
        "std": 6.764851848469425
    },
    "30": {
        "estimate": 23.83789480248167,
        "std": 6.802688775904388
    },
    "31": {
        "estimate": 24.171728302783535,
        "std": 6.884237515821506
    },
    "32": {
        "estimate": 24.270252970686542,
        "std": 6.944433927870925
    },
    "33": {
        "estimate": 25.099675201332378,
        "std": 7.1865963881870805
    },
    "34": {
        "estimate": 25.366118909663342,
        "std": 7.263804485725671
    },
    "35": {
        "estimate": 25.74525028850635,
        "std": 7.399247781243852
    },
    "36": {
        "estimate": 26.17621227764435,
        "std": 7.5343018001321935
    },
    "37": {
        "estimate": 26.158371041905177,
        "std": 7.839260784998357
    },
    "38": {
        "estimate": 26.33896767926881,
        "std": 7.700122495955739
    },
    "39": {
        "estimate": 26.273910210764157,
        "std": 7.785269577838741
    },
    "40": {
        "estimate": 26.843014243735176,
        "std": 7.823545868724886
    }
}