{
    "0": {
        "estimate": Infinity,
        "std": NaN
    },
    "1": {
        "estimate": 15.912698035602515,
        "std": 5.548487173640211
    },
    "2": {
        "estimate": 17.584246953834192,
        "std": 6.0345827567545305
    },
    "3": {
        "estimate": 17.32429532448204,
        "std": 5.496208995214872
    },
    "4": {
        "estimate": 18.854227741377695,
        "std": 6.079282182329439
    },
    "5": {
        "estimate": 20.12809481223883,
        "std": 6.4175131170811355
    },
    "6": {
        "estimate": 20.35100543919145,
        "std": 5.812078455037552
    },
    "7": {
        "estimate": 20.66284711971578,
        "std": 6.108088524272964
    },
    "8": {
        "estimate": 21.380535556801785,
        "std": 6.195124598062641
    },
    "9": {
        "estimate": 23.077569815736457,
        "std": 6.737457033985105
    },
    "10": {
        "estimate": 22.376389332850756,
        "std": 6.360085162188867
    },
    "11": {
        "estimate": 22.246177321716605,
        "std": 6.19907299399683
    },
    "12": {
        "estimate": 21.40839083353815,
        "std": 5.789481403266934
    },
    "13": {
        "estimate": 20.130342040004216,
        "std": 5.381657543382208
    },
    "14": {
        "estimate": 19.486919022168095,
        "std": 5.076612848294277
    },
    "15": {
        "estimate": 19.435152365007415,
        "std": 4.943525323117529
    },
    "16": {
        "estimate": 19.358573257943412,
        "std": 4.929266969683077
    },
    "17": {
        "estimate": 19.246736730326443,
        "std": 5.036336004298088
    },
    "18": {
        "estimate": 18.857580479743945,
        "std": 5.088721682904239
    },
    "19": {
        "estimate": 18.97936626234544,
        "std": 5.0715756648334915
    },
    "20": {
        "estimate": 18.84105958326796,
        "std": 5.0037040196763245
    },
    "21": {
        "estimate": 18.67616416297271,
        "std": 4.949166612522877
    },
    "22": {
        "estimate": 19.512041003233016,
        "std": 5.197808469529098
    },
    "23": {
        "estimate": 19.867428856975735,
        "std": 5.351922456397407
    },
    "24": {
        "estimate": 20.163874084925478,
        "std": 5.470266719819363
    },
    "25": {
        "estimate": 21.12717412524771,
        "std": 5.711808716983698
    },
    "26": {
        "estimate": 21.424928110300115,
        "std": 5.8940745312337
    },
    "27": {
        "estimate": 22.029650060587155,
        "std": 6.150934854221669
    },
    "28": {
        "estimate": 22.610208227683426,
        "std": 6.505164806659216
    },
    "29": {
        "estimate": 23.548402073535538,
        "std": 6.978537110913179
    },
    "30": {
        "estimate": 25.029654529410823,
        "std": 7.491764433788542
    },
    "31": {
        "estimate": 25.443700996541054,
        "std": 7.975801323565814
    },
    "32": {
        "estimate": 25.68123592170393,
        "std": 8.182988393349724
    }
}