{
    "0": {
        "estimate": Infinity,
        "std": NaN
    },
    "1": {
        "estimate": 16.876854907683494,
        "std": 9.834913499987872
    },
    "2": {
        "estimate": 17.86873544545232,
        "std": 10.891526779885247
    },
    "3": {
        "estimate": 18.034625238735888,
        "std": 9.843554550216103
    },
    "4": {
        "estimate": 19.385598816037703,
        "std": 10.914991161469503
    },
    "5": {
        "estimate": 20.254342210882534,
        "std": 11.367293362015317
    },
    "6": {
        "estimate": 21.729825152201176,
        "std": 10.734305557478606
    },
    "7": {
        "estimate": 22.19206125915585,
        "std": 11.12132688510134
    },
    "8": {
        "estimate": 22.89441399985937,
        "std": 10.986574161555183
    },
    "9": {
        "estimate": 24.698305038020674,
        "std": 11.640826774533242
    },
    "10": {
        "estimate": 24.753235143727302,
        "std": 11.117213761213947
    },
    "11": {
        "estimate": 25.031977321637626,
        "std": 10.84328428777509
    },
    "12": {
        "estimate": 25.017249458308807,
        "std": 10.248316071373425
    },
    "13": {
        "estimate": 24.508121833427076,
        "std": 9.979751219864244
    },
    "14": {
        "estimate": 24.159827260253024,
        "std": 9.56777462226171
    },
    "15": {
        "estimate": 24.040983440262284,
        "std": 9.515283536696947
    },
    "16": {
        "estimate": 23.909337466190333,
        "std": 9.201408449811433
    },
    "17": {
        "estimate": 23.85021660961865,
        "std": 9.317059798257535
    },
    "18": {
        "estimate": 23.65237090324766,
        "std": 9.24811715358575
    },
    "19": {
        "estimate": 23.615427297932097,
        "std": 9.181533850145644
    },
    "20": {
        "estimate": 23.515537806396523,
        "std": 9.154205532543854
    },
    "21": {
        "estimate": 23.378445781882824,
        "std": 9.036084150858622
    },
    "22": {
        "estimate": 24.138070469954943,
        "std": 9.335443692562311
    },
    "23": {
        "estimate": 24.366492677693405,
        "std": 9.670818848770633
    },
    "24": {
        "estimate": 24.612105246435693,
        "std": 9.730151583888093
    },
    "25": {
        "estimate": 25.524340140400415,
        "std": 10.510134094216824
    },
    "26": {
        "estimate": 25.9004799384654,
        "std": 10.781330762501012
    },
    "27": {
        "estimate": 26.404213998400927,
        "std": 11.029627743196546
    },
    "28": {
        "estimate": 26.497582830971012,
        "std": 11.443417339727333
    },
    "29": {
        "estimate": 26.471043889142724,
        "std": 11.958071742837761
    },
    "30": {
        "estimate": 27.796272849988977,
        "std": 13.192718584852493
    },
    "31": {
        "estimate": 27.80871358777833,
        "std": 13.915148291590986
    },
    "32": {
        "estimate": 27.177311146158246,
        "std": 13.495656739450375
    }
}