{
    "0": {
        "estimate": Infinity,
        "std": NaN
    },
    "1": {
        "estimate": 16.558118179060063,
        "std": 6.460085529456153
    },
    "2": {
        "estimate": 18.043585120518163,
        "std": 7.115020070771744
    },
    "3": {
        "estimate": 17.955871447894157,
        "std": 6.3824884011506535
    },
    "4": {
        "estimate": 19.46735558591844,
        "std": 7.000669925951416
    },
    "5": {
        "estimate": 20.598813411376526,
        "std": 7.4599471797575445
    },
    "6": {
        "estimate": 21.160013258854583,
        "std": 6.801782062228742
    },
    "7": {
        "estimate": 21.508724083308284,
        "std": 7.001451788394491
    },
    "8": {
        "estimate": 22.2212336705924,
        "std": 7.188880035003981
    },
    "9": {
        "estimate": 24.035644855300912,
        "std": 7.660999096349986
    },
    "10": {
        "estimate": 23.586334065748414,
        "std": 7.269295095219038
    },
    "11": {
        "estimate": 23.472336878724807,
        "std": 6.961487250129104
    },
    "12": {
        "estimate": 22.865144803840888,
        "std": 6.594316869495352
    },
    "13": {
        "estimate": 21.793155290584767,
        "std": 6.1138327904720855
    },
    "14": {
        "estimate": 21.185863395554577,
        "std": 5.800393410994231
    },
    "15": {
        "estimate": 21.122039794126163,
        "std": 5.640872491144104
    },
    "16": {
        "estimate": 21.10505909923456,
        "std": 5.740284541072789
    },
    "17": {
        "estimate": 20.947890071938406,
        "std": 5.826704841823655
    },
    "18": {
        "estimate": 20.655140553096,
        "std": 5.840991836669871
    },
    "19": {
        "estimate": 20.739798675045606,
        "std": 5.8159257493772545
    },
    "20": {
        "estimate": 20.65459117496089,
        "std": 5.815157372360147
    },
    "21": {
        "estimate": 20.534941519504418,
        "std": 5.748539570498375
    },
    "22": {
        "estimate": 21.367570743365025,
        "std": 6.0389861438509005
    },
    "23": {
        "estimate": 21.676840776240894,
        "std": 6.199812788103135
    },
    "24": {
        "estimate": 22.022623931127686,
        "std": 6.339864012585242
    },
    "25": {
        "estimate": 22.97598499305858,
        "std": 6.628304754888255
    },
    "26": {
        "estimate": 23.28676489595773,
        "std": 6.829739468727462
    },
    "27": {
        "estimate": 23.95820836878661,
        "std": 7.164179556200513
    },
    "28": {
        "estimate": 24.376309615073986,
        "std": 7.559708921528226
    },
    "29": {
        "estimate": 24.990310074627832,
        "std": 8.180451991834984
    },
    "30": {
        "estimate": 26.472897016666863,
        "std": 8.74443850779127
    },
    "31": {
        "estimate": 26.742522763554465,
        "std": 9.261226274949896
    },
    "32": {
        "estimate": 26.626340531787164,
        "std": 9.363145932909196
    }
}