{
    "0": {
        "estimate": Infinity,
        "std": NaN
    },
    "1": {
        "estimate": 12.780030604841068,
        "std": 6.635982110734643
    },
    "2": {
        "estimate": 13.704975515754452,
        "std": 7.7431344643566415
    },
    "3": {
        "estimate": 16.362862326785333,
        "std": 7.880851382534116
    },
    "4": {
        "estimate": 16.735222162877236,
        "std": 8.808195751635955
    },
    "5": {
        "estimate": 19.879882441725087,
        "std": 9.676277125027369
    },
    "6": {
        "estimate": 24.311523230194855,
        "std": 10.767562832392798
    },
    "7": {
        "estimate": 25.05815386360699,
        "std": 10.549266077621256
    },
    "8": {
        "estimate": 26.03108505304297,
        "std": 10.528489169334817
    },
    "9": {
        "estimate": 25.931070678215125,
        "std": 10.358581201000415
    },
    "10": {
        "estimate": 26.473811775788402,
        "std": 9.976706648562372
    },
    "11": {
        "estimate": 27.415580075036413,
        "std": 10.089844569627957
    },
    "12": {
        "estimate": 28.409218469252938,
        "std": 10.00989354140373
    },
    "13": {
        "estimate": 28.815675777421244,
        "std": 9.761424145960792
    },
    "14": {
        "estimate": 29.020465069496982,
        "std": 9.564724210256404
    },
    "15": {
        "estimate": 28.855785077161702,
        "std": 9.37841329515387
    },
    "16": {
        "estimate": 29.012301584252405,
        "std": 9.38246364591257
    },
    "17": {
        "estimate": 29.00900084312971,
        "std": 9.24635015706346
    },
    "18": {
        "estimate": 29.058353031021834,
        "std": 9.290327336660559
    },
    "19": {
        "estimate": 29.259201177317085,
        "std": 9.136421960846018
    },
    "20": {
        "estimate": 29.463042087656703,
        "std": 8.85060373161754
    },
    "21": {
        "estimate": 29.215401599788724,
        "std": 8.55842135525256
    },
    "22": {
        "estimate": 29.132724370512275,
        "std": 8.307544370954572
    },
    "23": {
        "estimate": 29.07934527691314,
        "std": 8.171386711894375
    },
    "24": {
        "estimate": 29.11657761296851,
        "std": 8.105936957547906
    },
    "25": {
        "estimate": 29.2186475359621,
        "std": 8.126321813509042
    },
    "26": {
        "estimate": 29.258795057301402,
        "std": 8.011780480763491
    },
    "27": {
        "estimate": 29.417854424181545,
        "std": 8.047929998858326
    },
    "28": {
        "estimate": 29.232238524968963,
        "std": 7.968101913406718
    },
    "29": {
        "estimate": 29.093298758575482,
        "std": 7.771468076392057
    },
    "30": {
        "estimate": 29.586069562354904,
        "std": 7.796354716323675
    },
    "31": {
        "estimate": 29.285849152283895,
        "std": 7.469954545141987
    },
    "32": {
        "estimate": 25.926737753711244,
        "std": 6.47153834305772
    }
}