{
    "0": NaN,
    "1": 4.185886859893799,
    "2": 2.7049643993377686,
    "3": 4.368448257446289,
    "4": 4.488303184509277,
    "5": 6.779539585113525,
    "6": 10.516335487365723,
    "7": 12.06493091583252,
    "8": 13.48132610321045,
    "9": 13.368086814880371,
    "10": 15.413896560668945,
    "11": 17.508440017700195,
    "12": 18.712793350219727,
    "13": 23.04385757446289,
    "14": 25.171764373779297,
    "15": 25.784339904785156,
    "16": 26.852436065673828,
    "17": 27.040164947509766,
    "18": 27.549835205078125,
    "19": 28.284543991088867,
    "20": 29.75987434387207,
    "21": 30.622997283935547,
    "22": 31.522151947021484,
    "23": 32.04216384887695,
    "24": 32.446571350097656,
    "25": 32.79815673828125,
    "26": 33.140499114990234,
    "27": 33.553165435791016,
    "28": 34.283058166503906,
    "29": 34.740352630615234,
    "30": 35.63547134399414,
    "31": 35.69322967529297,
    "32": 33.64726257324219
}