{
    "0": {
        "estimate": NaN,
        "std": NaN
    },
    "1": {
        "estimate": 18.856621642073303,
        "std": 6.28889107005182
    },
    "2": {
        "estimate": 19.442016471982765,
        "std": 6.6574189502109915
    },
    "3": {
        "estimate": 21.156197680362908,
        "std": 7.340986805530974
    },
    "4": {
        "estimate": 21.395983784120354,
        "std": 7.463821610624961
    },
    "5": {
        "estimate": 22.237793948979395,
        "std": 7.986947182734309
    },
    "6": {
        "estimate": 23.11340348708352,
        "std": 8.46316405021848
    },
    "7": {
        "estimate": 24.14559419307614,
        "std": 8.642294744439473
    },
    "8": {
        "estimate": 24.91494041421703,
        "std": 8.872175047113398
    },
    "9": {
        "estimate": 26.325970817848727,
        "std": 9.260066175524578
    },
    "10": {
        "estimate": 28.030045366207776,
        "std": 10.089252970151652
    },
    "11": {
        "estimate": 28.156402671060327,
        "std": 10.11792322849401
    },
    "12": {
        "estimate": 27.228919910491783,
        "std": 9.789006178853915
    },
    "13": {
        "estimate": 27.182576404156944,
        "std": 9.637116673623373
    },
    "14": {
        "estimate": 26.569663109520416,
        "std": 9.353990182621216
    },
    "15": {
        "estimate": 25.140466660494475,
        "std": 8.881788807878383
    },
    "16": {
        "estimate": 25.50073696422505,
        "std": 9.012036564499022
    },
    "17": {
        "estimate": 24.09596710549981,
        "std": 8.302496662036361
    },
    "18": {
        "estimate": 23.57095472811442,
        "std": 8.034749752753276
    },
    "19": {
        "estimate": 22.674120244486232,
        "std": 7.617511517040268
    },
    "20": {
        "estimate": 22.22495966226181,
        "std": 7.316110814745733
    },
    "21": {
        "estimate": 21.713658912501394,
        "std": 7.2130180198493745
    },
    "22": {
        "estimate": 21.465741018544534,
        "std": 7.286017730986562
    },
    "23": {
        "estimate": 21.31292497793826,
        "std": 7.432466770722249
    },
    "24": {
        "estimate": 21.100983392761012,
        "std": 7.400033867207999
    },
    "25": {
        "estimate": 21.33860441408264,
        "std": 7.777290721811414
    },
    "26": {
        "estimate": 21.24925733353711,
        "std": 7.857391455568004
    },
    "27": {
        "estimate": 21.73904033576961,
        "std": 8.23379837753646
    },
    "28": {
        "estimate": 21.936587703170712,
        "std": 8.420559399438947
    },
    "29": {
        "estimate": 22.077368393039773,
        "std": 8.501088184550158
    },
    "30": {
        "estimate": 22.698673703950305,
        "std": 8.878098384458426
    },
    "31": {
        "estimate": 22.58723035304723,
        "std": 8.870609923400394
    },
    "32": {
        "estimate": 21.377257125107,
        "std": 9.071786977139455
    }
}