{
    "0": {
        "estimate": NaN,
        "std": NaN
    },
    "1": {
        "estimate": 16.871656467217086,
        "std": 5.139498394075486
    },
    "2": {
        "estimate": 17.51270640434188,
        "std": 5.435350617483143
    },
    "3": {
        "estimate": 19.23284142364877,
        "std": 6.0552722446639535
    },
    "4": {
        "estimate": 19.501396262667743,
        "std": 6.272632682338077
    },
    "5": {
        "estimate": 20.158945097604608,
        "std": 6.805013492212322
    },
    "6": {
        "estimate": 21.11736293935052,
        "std": 7.2941046914305945
    },
    "7": {
        "estimate": 22.425349262472107,
        "std": 7.399527965817506
    },
    "8": {
        "estimate": 23.21938851022624,
        "std": 7.746507636333832
    },
    "9": {
        "estimate": 24.462879168353368,
        "std": 7.904427048542302
    },
    "10": {
        "estimate": 26.245971607943805,
        "std": 8.590359051100096
    },
    "11": {
        "estimate": 26.471766243987414,
        "std": 8.616426719959012
    },
    "12": {
        "estimate": 25.652608521397948,
        "std": 8.208505767825264
    },
    "13": {
        "estimate": 25.700464903206807,
        "std": 8.038389780246144
    },
    "14": {
        "estimate": 25.298485061785644,
        "std": 7.904817956465252
    },
    "15": {
        "estimate": 23.947672993852855,
        "std": 7.323660754659983
    },
    "16": {
        "estimate": 24.223589073068585,
        "std": 7.359530137889969
    },
    "17": {
        "estimate": 22.679583005556392,
        "std": 6.67354145087
    },
    "18": {
        "estimate": 22.021786495643966,
        "std": 6.472915574696549
    },
    "19": {
        "estimate": 21.098977003704412,
        "std": 6.112811553661462
    },
    "20": {
        "estimate": 20.70537128926105,
        "std": 5.944716398560547
    },
    "21": {
        "estimate": 19.980565767615243,
        "std": 5.770608919879694
    },
    "22": {
        "estimate": 19.718644066369095,
        "std": 6.013173301972443
    },
    "23": {
        "estimate": 19.49218948929304,
        "std": 6.010121834612959
    },
    "24": {
        "estimate": 19.30453377227186,
        "std": 6.044589148801928
    },
    "25": {
        "estimate": 19.514509985184883,
        "std": 6.17910547087441
    },
    "26": {
        "estimate": 19.45048621961019,
        "std": 6.277820240007356
    },
    "27": {
        "estimate": 19.99348882904495,
        "std": 6.732827098512728
    },
    "28": {
        "estimate": 20.168493885650978,
        "std": 6.896792724621411
    },
    "29": {
        "estimate": 20.353492918294762,
        "std": 7.068696061808843
    },
    "30": {
        "estimate": 20.98744544026765,
        "std": 7.393965963440662
    },
    "31": {
        "estimate": 20.953725031090144,
        "std": 7.28056579951312
    },
    "32": {
        "estimate": 19.707266276700004,
        "std": 7.657850654077547
    }
}