{
    "0": NaN,
    "1": 21.452085494995117,
    "2": 22.335895538330078,
    "3": 22.98259925842285,
    "4": 22.769420623779297,
    "5": 24.59664535522461,
    "6": 25.05792999267578,
    "7": 24.786218643188477,
    "8": 25.7257022857666,
    "9": 26.09831428527832,
    "10": 27.415660858154297,
    "11": 27.239648818969727,
    "12": 24.621488571166992,
    "13": 23.82801055908203,
    "14": 22.79193115234375,
    "15": 20.982723236083984,
    "16": 21.87801742553711,
    "17": 20.799169540405273,
    "18": 20.6794376373291,
    "19": 20.379098892211914,
    "20": 19.74967384338379,
    "21": 20.113079071044922,
    "22": 20.99873161315918,
    "23": 21.02313232421875,
    "24": 21.084026336669922,
    "25": 21.5998477935791,
    "26": 21.65693473815918,
    "27": 22.102407455444336,
    "28": 22.267820358276367,
    "29": 22.214801788330078,
    "30": 22.560766220092773,
    "31": 22.449621200561523,
    "32": 21.718122482299805
}