{
    "0": {
        "estimate": NaN,
        "std": NaN
    },
    "1": {
        "estimate": 15.999035118850541,
        "std": 4.774851728297561
    },
    "2": {
        "estimate": 15.016374207982505,
        "std": 4.390749143814543
    },
    "3": {
        "estimate": 16.211093640695754,
        "std": 5.039063667730078
    },
    "4": {
        "estimate": 18.320333237901878,
        "std": 5.571188547691004
    },
    "5": {
        "estimate": 17.74565703682419,
        "std": 5.3964846308835615
    },
    "6": {
        "estimate": 19.719538908481276,
        "std": 5.994715439904918
    },
    "7": {
        "estimate": 20.356162279730825,
        "std": 6.145527642361904
    },
    "8": {
        "estimate": 20.570624663414563,
        "std": 6.192239545727578
    },
    "9": {
        "estimate": 20.186269485878096,
        "std": 6.189685034950503
    },
    "10": {
        "estimate": 20.323063426121323,
        "std": 6.218751175364998
    },
    "11": {
        "estimate": 20.30998147525851,
        "std": 6.120841244209793
    },
    "12": {
        "estimate": 20.898219358883157,
        "std": 6.223808897174313
    },
    "13": {
        "estimate": 21.81592195666046,
        "std": 6.417548984059608
    },
    "14": {
        "estimate": 22.696154272740113,
        "std": 6.870920941243767
    },
    "15": {
        "estimate": 23.542749223007583,
        "std": 7.16804221666909
    },
    "16": {
        "estimate": 23.737099507705558,
        "std": 7.2937315224379
    },
    "17": {
        "estimate": 25.315228485050223,
        "std": 7.604694770002325
    },
    "18": {
        "estimate": 24.861719953659044,
        "std": 7.465717185653323
    },
    "19": {
        "estimate": 25.11235539713197,
        "std": 7.487107106793117
    },
    "20": {
        "estimate": 25.50825612291244,
        "std": 7.75067438165018
    },
    "21": {
        "estimate": 25.584073452777066,
        "std": 7.733147204679429
    },
    "22": {
        "estimate": 25.918361151417585,
        "std": 7.686616290745823
    },
    "23": {
        "estimate": 26.175427284725185,
        "std": 7.716973216758075
    },
    "24": {
        "estimate": 26.041133333184245,
        "std": 7.710894544220612
    },
    "25": {
        "estimate": 25.886438133320368,
        "std": 7.697404489854026
    },
    "26": {
        "estimate": 26.285506819854078,
        "std": 7.884957191730744
    },
    "27": {
        "estimate": 26.359874960116926,
        "std": 7.952613675557219
    },
    "28": {
        "estimate": 26.513612927670522,
        "std": 8.035794170424417
    },
    "29": {
        "estimate": 26.935326291458715,
        "std": 8.312483134395698
    },
    "30": {
        "estimate": 26.91398086771366,
        "std": 8.281890173148538
    },
    "31": {
        "estimate": 26.790666855506366,
        "std": 8.234365281765504
    },
    "32": {
        "estimate": 26.78264826587528,
        "std": 8.200622953813857
    },
    "33": {
        "estimate": 26.948328495531424,
        "std": 8.3014080552537
    },
    "34": {
        "estimate": 26.975404703738743,
        "std": 8.38285910096889
    },
    "35": {
        "estimate": 27.116691004575724,
        "std": 8.43381710855522
    },
    "36": {
        "estimate": 27.40133822843218,
        "std": 8.485411667035793
    },
    "37": {
        "estimate": 27.496278313100092,
        "std": 8.601568696411993
    },
    "38": {
        "estimate": 28.188924800889648,
        "std": 8.839602524828958
    },
    "39": {
        "estimate": 28.60194595833557,
        "std": 9.154121770232491
    },
    "40": {
        "estimate": 28.3694723377664,
        "std": 8.866230766928393
    }
}