{
    "0": {
        "estimate": NaN,
        "std": NaN
    },
    "1": {
        "estimate": 14.22699311493302,
        "std": 3.444246986781683
    },
    "2": {
        "estimate": 13.432431390526261,
        "std": 3.1703616879269196
    },
    "3": {
        "estimate": 15.193430106799678,
        "std": 3.820952418762739
    },
    "4": {
        "estimate": 17.41590686164717,
        "std": 4.17483554568843
    },
    "5": {
        "estimate": 16.47578049677167,
        "std": 4.290024186238087
    },
    "6": {
        "estimate": 17.82415937893395,
        "std": 4.729820764892436
    },
    "7": {
        "estimate": 18.91118687997602,
        "std": 4.69168885455857
    },
    "8": {
        "estimate": 19.246881965902613,
        "std": 4.630253821437543
    },
    "9": {
        "estimate": 19.335206495662593,
        "std": 4.582866817684596
    },
    "10": {
        "estimate": 19.465417400472383,
        "std": 4.505571561952536
    },
    "11": {
        "estimate": 19.578654101889878,
        "std": 4.553215094849726
    },
    "12": {
        "estimate": 20.04427482085246,
        "std": 4.688469243436966
    },
    "13": {
        "estimate": 20.96072024783192,
        "std": 4.8663312730255885
    },
    "14": {
        "estimate": 21.59900940024844,
        "std": 5.161219800621312
    },
    "15": {
        "estimate": 22.449106939237087,
        "std": 5.540000694135374
    },
    "16": {
        "estimate": 22.77054170500587,
        "std": 5.658161601769694
    },
    "17": {
        "estimate": 23.77662102817531,
        "std": 5.828557104546992
    },
    "18": {
        "estimate": 23.364137504485882,
        "std": 5.689429657950367
    },
    "19": {
        "estimate": 23.550553244865995,
        "std": 5.70825723690592
    },
    "20": {
        "estimate": 23.870579214892953,
        "std": 5.868122772724023
    },
    "21": {
        "estimate": 23.767742291789595,
        "std": 5.918664244058477
    },
    "22": {
        "estimate": 24.06980210090637,
        "std": 5.980828285905836
    },
    "23": {
        "estimate": 24.214715717255274,
        "std": 5.859502600300505
    },
    "24": {
        "estimate": 24.068536702558305,
        "std": 5.83231036141354
    },
    "25": {
        "estimate": 24.089014468024345,
        "std": 5.842413501598218
    },
    "26": {
        "estimate": 24.44073935632744,
        "std": 6.0314894297603745
    },
    "27": {
        "estimate": 24.493860473654173,
        "std": 6.092428457017818
    },
    "28": {
        "estimate": 24.63497200235538,
        "std": 6.231966460036253
    },
    "29": {
        "estimate": 25.012519414374296,
        "std": 6.330444057001517
    },
    "30": {
        "estimate": 24.93716594425844,
        "std": 6.329017391260464
    },
    "31": {
        "estimate": 24.84685809709014,
        "std": 6.317655629689089
    },
    "32": {
        "estimate": 24.77599014598302,
        "std": 6.274417555545114
    },
    "33": {
        "estimate": 24.95265226429975,
        "std": 6.355159149659401
    },
    "34": {
        "estimate": 24.996669834025692,
        "std": 6.41290792871185
    },
    "35": {
        "estimate": 25.186826386197282,
        "std": 6.55593302786688
    },
    "36": {
        "estimate": 25.470755299582564,
        "std": 6.653478895986804
    },
    "37": {
        "estimate": 25.678144822033186,
        "std": 6.738380665221734
    },
    "38": {
        "estimate": 26.382690098553336,
        "std": 6.918074540136032
    },
    "39": {
        "estimate": 27.043132445752622,
        "std": 7.027456887238965
    },
    "40": {
        "estimate": 26.986136160823463,
        "std": 6.688362528943763
    }
}