{
    "0": {
        "estimate": NaN,
        "std": NaN
    },
    "1": {
        "estimate": 12.326869379554404,
        "std": 2.754944962256275
    },
    "2": {
        "estimate": 11.7490286626728,
        "std": 2.603802875252559
    },
    "3": {
        "estimate": 13.874783184138982,
        "std": 3.199387981826196
    },
    "4": {
        "estimate": 16.13999400750861,
        "std": 3.5300334239067106
    },
    "5": {
        "estimate": 14.962170336191246,
        "std": 3.8010918006124226
    },
    "6": {
        "estimate": 15.640816038561589,
        "std": 4.014999998098167
    },
    "7": {
        "estimate": 17.07608878070938,
        "std": 3.895005700929148
    },
    "8": {
        "estimate": 17.645327113517993,
        "std": 3.8652034913166506
    },
    "9": {
        "estimate": 18.0257653186079,
        "std": 3.7181823527530145
    },
    "10": {
        "estimate": 18.282695874280822,
        "std": 3.6698274820987478
    },
    "11": {
        "estimate": 18.522801017817955,
        "std": 3.7242761494119154
    },
    "12": {
        "estimate": 18.931715020990303,
        "std": 3.9286976615093017
    },
    "13": {
        "estimate": 19.733723336801,
        "std": 4.08898208913453
    },
    "14": {
        "estimate": 20.016250803038332,
        "std": 4.27607227009708
    },
    "15": {
        "estimate": 20.81400873705932,
        "std": 4.611127170367552
    },
    "16": {
        "estimate": 21.072802882557614,
        "std": 4.561634102246108
    },
    "17": {
        "estimate": 21.931942934148235,
        "std": 4.773419766122274
    },
    "18": {
        "estimate": 21.518422613193604,
        "std": 4.660807851805891
    },
    "19": {
        "estimate": 21.667753168754682,
        "std": 4.692012661546115
    },
    "20": {
        "estimate": 21.923248468790987,
        "std": 4.81107202274544
    },
    "21": {
        "estimate": 21.692142854066653,
        "std": 4.829278529265768
    },
    "22": {
        "estimate": 21.957531562316156,
        "std": 4.825036507077334
    },
    "23": {
        "estimate": 22.13800537539234,
        "std": 4.705327610089372
    },
    "24": {
        "estimate": 21.984685793803354,
        "std": 4.686711289501434
    },
    "25": {
        "estimate": 22.101073741793638,
        "std": 4.702359736182289
    },
    "26": {
        "estimate": 22.46089043840633,
        "std": 4.897049284194823
    },
    "27": {
        "estimate": 22.531734669957775,
        "std": 5.014232915796716
    },
    "28": {
        "estimate": 22.659102645220816,
        "std": 5.069314212604661
    },
    "29": {
        "estimate": 23.01296823676737,
        "std": 5.232457974096576
    },
    "30": {
        "estimate": 22.929159303238126,
        "std": 5.184613862117305
    },
    "31": {
        "estimate": 22.829240532046114,
        "std": 5.189251591261365
    },
    "32": {
        "estimate": 22.81236258169225,
        "std": 5.1971048252499585
    },
    "33": {
        "estimate": 22.933621939966525,
        "std": 5.2398692751420946
    },
    "34": {
        "estimate": 22.982713415826076,
        "std": 5.273642611759159
    },
    "35": {
        "estimate": 23.174908281605095,
        "std": 5.44142415761067
    },
    "36": {
        "estimate": 23.47291227654932,
        "std": 5.589328743129887
    },
    "37": {
        "estimate": 23.662583107126242,
        "std": 5.615591526459679
    },
    "38": {
        "estimate": 24.36936763093702,
        "std": 5.7843477035372235
    },
    "39": {
        "estimate": 25.222019915630057,
        "std": 5.86580196352036
    },
    "40": {
        "estimate": 25.295298409682104,
        "std": 5.397830911403606
    }
}