{
    "0": {
        "estimate": NaN,
        "std": NaN
    },
    "1": {
        "estimate": 17.03170149396003,
        "std": 4.948401976812138
    },
    "2": {
        "estimate": 13.49464639664329,
        "std": 8.622797239076448
    },
    "3": {
        "estimate": 13.918385372659278,
        "std": 10.360450601924896
    },
    "4": {
        "estimate": 13.905639787070232,
        "std": 10.819030641755061
    },
    "5": {
        "estimate": 15.854676586875774,
        "std": 11.205357658242518
    },
    "6": {
        "estimate": 17.312215306958056,
        "std": 11.550980358395663
    },
    "7": {
        "estimate": 20.366577415907184,
        "std": 11.623173760185221
    },
    "8": {
        "estimate": 22.519361409972436,
        "std": 12.001220690051277
    },
    "9": {
        "estimate": 22.915678273885725,
        "std": 11.980533428361042
    },
    "10": {
        "estimate": 23.689674637489933,
        "std": 11.376488802516423
    },
    "11": {
        "estimate": 26.022647562330103,
        "std": 11.749825177997296
    },
    "12": {
        "estimate": 26.01498630862314,
        "std": 11.213048344396004
    },
    "13": {
        "estimate": 26.83878991322925,
        "std": 10.899016718263745
    },
    "14": {
        "estimate": 27.06886068087213,
        "std": 10.310041546657915
    },
    "15": {
        "estimate": 27.5736499673438,
        "std": 10.283620999048331
    },
    "16": {
        "estimate": 27.913143155408786,
        "std": 9.986503786889427
    },
    "17": {
        "estimate": 27.398685136752356,
        "std": 9.146202469003555
    },
    "18": {
        "estimate": 27.206011710037593,
        "std": 8.80633521652151
    },
    "19": {
        "estimate": 27.18038660996291,
        "std": 8.6875958672286
    },
    "20": {
        "estimate": 27.07350150170786,
        "std": 8.64688706499893
    },
    "21": {
        "estimate": 26.996529810805,
        "std": 8.561362064741514
    },
    "22": {
        "estimate": 26.200930135386685,
        "std": 7.900664794514514
    },
    "23": {
        "estimate": 26.159948978723982,
        "std": 7.762961937563408
    },
    "24": {
        "estimate": 26.10688450955815,
        "std": 7.628118988329022
    },
    "25": {
        "estimate": 26.407358056529034,
        "std": 7.780496850325618
    },
    "26": {
        "estimate": 26.959734560624277,
        "std": 7.959146878674881
    },
    "27": {
        "estimate": 27.38436994628104,
        "std": 8.093241000123433
    },
    "28": {
        "estimate": 27.58712149671408,
        "std": 8.208063355203976
    },
    "29": {
        "estimate": 28.111007023867714,
        "std": 8.39230192713871
    },
    "30": {
        "estimate": 28.14563305748431,
        "std": 8.405757622242927
    },
    "31": {
        "estimate": 28.39269640242158,
        "std": 8.45042033073131
    },
    "32": {
        "estimate": 28.851230753096328,
        "std": 8.638524902166518
    },
    "33": {
        "estimate": 29.622855714900663,
        "std": 9.072464140355846
    },
    "34": {
        "estimate": 29.733267652438553,
        "std": 9.083822697266022
    },
    "35": {
        "estimate": 30.26103074953016,
        "std": 9.441250197798798
    },
    "36": {
        "estimate": 30.39200267074206,
        "std": 9.267992485516759
    },
    "37": {
        "estimate": 31.03943794759652,
        "std": 9.578002475220988
    },
    "38": {
        "estimate": 32.611412957719935,
        "std": 10.373741132331277
    },
    "39": {
        "estimate": 33.06193086776885,
        "std": 10.666960306169166
    },
    "40": {
        "estimate": 32.66149835755374,
        "std": 10.618207535774584
    }
}