{
    "0": {
        "estimate": NaN,
        "std": NaN
    },
    "1": {
        "estimate": 14.882098180379502,
        "std": 3.081433019201913
    },
    "2": {
        "estimate": 14.12270637335091,
        "std": 5.9138463322147174
    },
    "3": {
        "estimate": 14.765646706574158,
        "std": 7.165685767243197
    },
    "4": {
        "estimate": 15.461150890782562,
        "std": 7.678595028677887
    },
    "5": {
        "estimate": 17.221798306674494,
        "std": 7.9195376077480315
    },
    "6": {
        "estimate": 18.625757828653736,
        "std": 8.83914944484932
    },
    "7": {
        "estimate": 21.298018549756364,
        "std": 8.949322596444569
    },
    "8": {
        "estimate": 22.970988114044506,
        "std": 8.980532900387372
    },
    "9": {
        "estimate": 23.246977043487924,
        "std": 9.102842789188893
    },
    "10": {
        "estimate": 23.663572494916487,
        "std": 8.783218088993706
    },
    "11": {
        "estimate": 25.305940684984783,
        "std": 8.851043695861241
    },
    "12": {
        "estimate": 25.077094735371862,
        "std": 8.52179800078373
    },
    "13": {
        "estimate": 25.181601761714575,
        "std": 8.154792408761757
    },
    "14": {
        "estimate": 24.85247951479155,
        "std": 7.578532106519561
    },
    "15": {
        "estimate": 25.014905277845596,
        "std": 7.362852145978813
    },
    "16": {
        "estimate": 25.10200257962138,
        "std": 7.119918350157553
    },
    "17": {
        "estimate": 24.302052661764005,
        "std": 6.678189098531484
    },
    "18": {
        "estimate": 23.90545082278139,
        "std": 6.56310116714454
    },
    "19": {
        "estimate": 23.696683594945167,
        "std": 6.351406306084654
    },
    "20": {
        "estimate": 23.434151698650034,
        "std": 6.2419313236654475
    },
    "21": {
        "estimate": 23.319784262882457,
        "std": 6.072464478858779
    },
    "22": {
        "estimate": 21.92839199767854,
        "std": 5.385977143714979
    },
    "23": {
        "estimate": 21.85094669597075,
        "std": 5.400284662433835
    },
    "24": {
        "estimate": 21.770314991462627,
        "std": 5.352584352168959
    },
    "25": {
        "estimate": 22.061521677834296,
        "std": 5.349904601532722
    },
    "26": {
        "estimate": 22.49396488114987,
        "std": 5.427359089122308
    },
    "27": {
        "estimate": 22.883090400220098,
        "std": 5.57282093785852
    },
    "28": {
        "estimate": 22.872716238529385,
        "std": 5.586315840159393
    },
    "29": {
        "estimate": 23.313076167954527,
        "std": 5.762760173417345
    },
    "30": {
        "estimate": 23.337900447139987,
        "std": 5.756584096923584
    },
    "31": {
        "estimate": 23.593549256185906,
        "std": 5.7753670883753845
    },
    "32": {
        "estimate": 24.015178566581714,
        "std": 6.019034054116535
    },
    "33": {
        "estimate": 24.53630617585192,
        "std": 6.2221077082504
    },
    "34": {
        "estimate": 24.712657134898407,
        "std": 6.30402645566611
    },
    "35": {
        "estimate": 25.108196604167507,
        "std": 6.547698174546073
    },
    "36": {
        "estimate": 25.112926249040935,
        "std": 6.493267826321723
    },
    "37": {
        "estimate": 25.788431062518438,
        "std": 6.823039225366073
    },
    "38": {
        "estimate": 27.371075456443872,
        "std": 7.452579962100721
    },
    "39": {
        "estimate": 27.910851355011598,
        "std": 7.8333924599004785
    },
    "40": {
        "estimate": 28.56565019472186,
        "std": 7.894160080586526
    }
}