{
    "0": NaN,
    "1": 16.165048599243164,
    "2": 5.131466865539551,
    "3": 4.116312503814697,
    "4": 4.114328384399414,
    "5": 4.748321056365967,
    "6": 5.554677963256836,
    "7": 8.212091445922852,
    "8": 9.823064804077148,
    "9": 10.605236053466797,
    "10": 12.106743812561035,
    "11": 14.48616886138916,
    "12": 15.621582984924316,
    "13": 18.348268508911133,
    "14": 20.605955123901367,
    "15": 22.278738021850586,
    "16": 23.62380027770996,
    "17": 25.626747131347656,
    "18": 26.474720001220703,
    "19": 27.040977478027344,
    "20": 27.266944885253906,
    "21": 27.197246551513672,
    "22": 28.639619827270508,
    "23": 29.097185134887695,
    "24": 29.75078582763672,
    "25": 29.728099822998047,
    "26": 30.073001861572266,
    "27": 30.214130401611328,
    "28": 30.636064529418945,
    "29": 31.208221435546875,
    "30": 31.390535354614258,
    "31": 31.567956924438477,
    "32": 31.56285858154297,
    "33": 32.36974334716797,
    "34": 32.409481048583984,
    "35": 32.26860427856445,
    "36": 32.86225891113281,
    "37": 32.89899444580078,
    "38": 31.77731704711914,
    "39": 31.488449096679688,
    "40": 27.957189559936523
}