{
    "0": {
        "estimate": NaN,
        "std": NaN
    },
    "1": {
        "estimate": 16.41922266219599,
        "std": 3.2994552406390207
    },
    "2": {
        "estimate": 15.732023654653604,
        "std": 3.494896296687462
    },
    "3": {
        "estimate": 16.90513617162341,
        "std": 3.8701461905257033
    },
    "4": {
        "estimate": 18.99767833909958,
        "std": 4.359961461391329
    },
    "5": {
        "estimate": 18.172969006225042,
        "std": 4.135398825350391
    },
    "6": {
        "estimate": 20.015153786547543,
        "std": 4.2870001446009915
    },
    "7": {
        "estimate": 25.176503170639847,
        "std": 5.319364146362449
    },
    "8": {
        "estimate": 25.840304640290334,
        "std": 5.591381061586379
    },
    "9": {
        "estimate": 22.650317515364296,
        "std": 4.730970065936598
    },
    "10": {
        "estimate": 22.724411241686898,
        "std": 4.327638876092039
    },
    "11": {
        "estimate": 23.49673644481888,
        "std": 4.611402724654952
    },
    "12": {
        "estimate": 21.360782580149067,
        "std": 4.136078961764584
    },
    "13": {
        "estimate": 20.161640886432078,
        "std": 4.055085996660555
    },
    "14": {
        "estimate": 19.40873133776691,
        "std": 4.16312073920087
    },
    "15": {
        "estimate": 18.896243812476477,
        "std": 4.060928267850325
    },
    "16": {
        "estimate": 18.772281223603002,
        "std": 4.090406898896446
    },
    "17": {
        "estimate": 18.72839858552553,
        "std": 4.212692073050148
    },
    "18": {
        "estimate": 17.626461773001758,
        "std": 4.0094927872841675
    },
    "19": {
        "estimate": 17.035422794614806,
        "std": 3.9417547275579556
    },
    "20": {
        "estimate": 16.447179617997847,
        "std": 3.860756204522636
    },
    "21": {
        "estimate": 16.020091016855712,
        "std": 3.816729062412263
    },
    "22": {
        "estimate": 15.398616039915982,
        "std": 3.7254541478091
    },
    "23": {
        "estimate": 15.212482731196138,
        "std": 3.6936356305498252
    },
    "24": {
        "estimate": 15.041544742092135,
        "std": 3.65360100666277
    },
    "25": {
        "estimate": 14.984578240389773,
        "std": 3.6559961177075917
    },
    "26": {
        "estimate": 14.940860906523481,
        "std": 3.673288847284119
    },
    "27": {
        "estimate": 14.96178999353571,
        "std": 3.690898315656491
    },
    "28": {
        "estimate": 14.900653894516587,
        "std": 3.695849941632569
    },
    "29": {
        "estimate": 14.859954950666783,
        "std": 3.696308572523666
    },
    "30": {
        "estimate": 14.839373426022503,
        "std": 3.697192044158148
    },
    "31": {
        "estimate": 14.803195742393152,
        "std": 3.704669345253575
    },
    "32": {
        "estimate": 14.75263621932245,
        "std": 3.71248092808375
    },
    "33": {
        "estimate": 14.730688974084012,
        "std": 3.7269422734078073
    },
    "34": {
        "estimate": 14.759663074421784,
        "std": 3.742863451998585
    },
    "35": {
        "estimate": 14.611464378702367,
        "std": 3.7287569358225903
    },
    "36": {
        "estimate": 14.575653482378856,
        "std": 3.724205556327451
    },
    "37": {
        "estimate": 14.681577449293492,
        "std": 3.7611955492898392
    },
    "38": {
        "estimate": 14.484625337794364,
        "std": 3.715919215190106
    },
    "39": {
        "estimate": 15.115646051361322,
        "std": 3.8657250424179472
    },
    "40": {
        "estimate": 15.326316968346003,
        "std": 3.9135379209781154
    }
}