{
    "0": {
        "estimate": NaN,
        "std": NaN
    },
    "1": {
        "estimate": 19.998813744504215,
        "std": 5.409480711910677
    },
    "2": {
        "estimate": 19.822788283110572,
        "std": 5.567970602830785
    },
    "3": {
        "estimate": 21.166109091062292,
        "std": 6.22267002970162
    },
    "4": {
        "estimate": 23.45297425760579,
        "std": 6.899035047934398
    },
    "5": {
        "estimate": 22.395853192873076,
        "std": 6.111529730286321
    },
    "6": {
        "estimate": 24.26628197764344,
        "std": 6.631344087048656
    },
    "7": {
        "estimate": 30.059776991228887,
        "std": 8.590780212900434
    },
    "8": {
        "estimate": 30.272909771398744,
        "std": 9.098328210982558
    },
    "9": {
        "estimate": 26.35255031315902,
        "std": 7.827325228482261
    },
    "10": {
        "estimate": 26.408134089975704,
        "std": 7.294295247004376
    },
    "11": {
        "estimate": 27.313000054870628,
        "std": 7.673536389758444
    },
    "12": {
        "estimate": 25.12674731185256,
        "std": 6.979873671252805
    },
    "13": {
        "estimate": 23.56631399496143,
        "std": 6.225032010976828
    },
    "14": {
        "estimate": 23.094196867749112,
        "std": 6.18176821000548
    },
    "15": {
        "estimate": 22.761583469178568,
        "std": 6.097507376549776
    },
    "16": {
        "estimate": 22.602075767020825,
        "std": 6.08707956209662
    },
    "17": {
        "estimate": 22.67840252879096,
        "std": 6.16639080276966
    },
    "18": {
        "estimate": 22.10346448947559,
        "std": 6.123400135508406
    },
    "19": {
        "estimate": 21.719570490265948,
        "std": 6.000143484756548
    },
    "20": {
        "estimate": 21.19726503816892,
        "std": 5.913977058717241
    },
    "21": {
        "estimate": 20.820459192702618,
        "std": 5.8611840542732665
    },
    "22": {
        "estimate": 20.486819396371253,
        "std": 5.935533971134697
    },
    "23": {
        "estimate": 20.27133622079103,
        "std": 5.849309821999545
    },
    "24": {
        "estimate": 20.16062429272769,
        "std": 5.849854951619474
    },
    "25": {
        "estimate": 20.174830083224833,
        "std": 5.890318769103812
    },
    "26": {
        "estimate": 20.181185605768086,
        "std": 5.858370154370477
    },
    "27": {
        "estimate": 20.24332251167122,
        "std": 5.8913352337640275
    },
    "28": {
        "estimate": 20.11439692719627,
        "std": 5.914127095482199
    },
    "29": {
        "estimate": 20.087212470374425,
        "std": 5.901813605927244
    },
    "30": {
        "estimate": 20.031796391059952,
        "std": 5.930264831551386
    },
    "31": {
        "estimate": 20.05460305010531,
        "std": 5.978607229259108
    },
    "32": {
        "estimate": 19.97948127228829,
        "std": 5.991414932935899
    },
    "33": {
        "estimate": 19.959768874793856,
        "std": 5.999528545730275
    },
    "34": {
        "estimate": 20.04395649053457,
        "std": 5.995700073843161
    },
    "35": {
        "estimate": 19.93274296904291,
        "std": 5.982320233277492
    },
    "36": {
        "estimate": 19.880420303963167,
        "std": 5.950018808564531
    },
    "37": {
        "estimate": 20.052670162204624,
        "std": 6.026311900097505
    },
    "38": {
        "estimate": 19.964461701902042,
        "std": 6.053890150208211
    },
    "39": {
        "estimate": 20.752291759601924,
        "std": 6.205087832016109
    },
    "40": {
        "estimate": 20.779352823305686,
        "std": 6.128371101308243
    }
}