{
    "0": {
        "estimate": NaN,
        "std": NaN
    },
    "1": {
        "estimate": 15.335503313022627,
        "std": 2.974029858910082
    },
    "2": {
        "estimate": 14.677620511002713,
        "std": 3.800576482020281
    },
    "3": {
        "estimate": 16.434106795188306,
        "std": 4.909837132599131
    },
    "4": {
        "estimate": 18.52472514102182,
        "std": 5.440861545339505
    },
    "5": {
        "estimate": 19.984982261099656,
        "std": 5.281017171764382
    },
    "6": {
        "estimate": 23.27296130363667,
        "std": 5.2371237899949445
    },
    "7": {
        "estimate": 26.924808434416562,
        "std": 5.7863855727266875
    },
    "8": {
        "estimate": 27.965649509470317,
        "std": 6.0286023989190625
    },
    "9": {
        "estimate": 28.582031908193063,
        "std": 5.927439118189492
    },
    "10": {
        "estimate": 29.87906434700524,
        "std": 6.213627419753989
    },
    "11": {
        "estimate": 30.73514466665105,
        "std": 6.451451366603191
    },
    "12": {
        "estimate": 31.9763427029417,
        "std": 6.595295237579666
    },
    "13": {
        "estimate": 32.801238879436276,
        "std": 6.44538500823955
    },
    "14": {
        "estimate": 36.04559735924575,
        "std": 6.913999902479058
    },
    "15": {
        "estimate": 37.01745982996999,
        "std": 7.117691487962691
    },
    "16": {
        "estimate": 36.24121083104807,
        "std": 6.895325999511861
    },
    "17": {
        "estimate": 34.30660014112622,
        "std": 6.7753600196164445
    },
    "18": {
        "estimate": 34.13512880896907,
        "std": 6.670791134088701
    },
    "19": {
        "estimate": 32.91297602872984,
        "std": 6.458226952628422
    },
    "20": {
        "estimate": 32.20498369383896,
        "std": 6.292647283128046
    },
    "21": {
        "estimate": 31.062663335582112,
        "std": 6.092858310112168
    },
    "22": {
        "estimate": 30.76399139939931,
        "std": 5.961463016777824
    },
    "23": {
        "estimate": 29.953224466990925,
        "std": 5.897631423158763
    },
    "24": {
        "estimate": 29.611380707865102,
        "std": 5.774296810864699
    },
    "25": {
        "estimate": 29.351388503861735,
        "std": 5.71596980466667
    },
    "26": {
        "estimate": 29.420419612357712,
        "std": 5.735531219787583
    },
    "27": {
        "estimate": 29.476129691330186,
        "std": 5.759089751193727
    },
    "28": {
        "estimate": 29.21752607298925,
        "std": 5.733461287773264
    },
    "29": {
        "estimate": 29.324291975514292,
        "std": 5.788818927825387
    },
    "30": {
        "estimate": 29.2979219948128,
        "std": 5.80531622722029
    },
    "31": {
        "estimate": 29.31052164054233,
        "std": 5.822117089638673
    },
    "32": {
        "estimate": 29.215848526160396,
        "std": 5.803936017040778
    },
    "33": {
        "estimate": 29.313503531520592,
        "std": 5.849012909743261
    },
    "34": {
        "estimate": 29.28868667817614,
        "std": 5.893916290003924
    },
    "35": {
        "estimate": 29.396141588873235,
        "std": 5.945159431486505
    },
    "36": {
        "estimate": 29.18500452946984,
        "std": 5.885626090447261
    },
    "37": {
        "estimate": 29.624420693259616,
        "std": 5.976681580590436
    },
    "38": {
        "estimate": 30.630659410471388,
        "std": 6.345241904519041
    },
    "39": {
        "estimate": 31.534409879875895,
        "std": 6.586395133281706
    },
    "40": {
        "estimate": 29.54492248998759,
        "std": 6.343060374296501
    }
}