{
    "0": {
        "estimate": NaN,
        "std": NaN
    },
    "1": {
        "estimate": 18.839686521369398,
        "std": 7.251550725625832
    },
    "2": {
        "estimate": 18.341582847273386,
        "std": 7.399979487990196
    },
    "3": {
        "estimate": 19.779620973736428,
        "std": 8.989967708621624
    },
    "4": {
        "estimate": 21.44786010178101,
        "std": 10.60362651360352
    },
    "5": {
        "estimate": 20.305735761217335,
        "std": 10.507205108289833
    },
    "6": {
        "estimate": 20.38003060863241,
        "std": 10.264625934427665
    },
    "7": {
        "estimate": 21.478106359558666,
        "std": 11.234651292672153
    },
    "8": {
        "estimate": 20.463159492466414,
        "std": 10.305330139436078
    },
    "9": {
        "estimate": 20.123214048351358,
        "std": 9.83496624083982
    },
    "10": {
        "estimate": 20.148613548310056,
        "std": 9.907259924187963
    },
    "11": {
        "estimate": 20.708216917868725,
        "std": 10.085533925346514
    },
    "12": {
        "estimate": 20.882204622389704,
        "std": 10.229009220662057
    },
    "13": {
        "estimate": 20.6305046605634,
        "std": 9.845031315163594
    },
    "14": {
        "estimate": 20.882667790258054,
        "std": 9.87290317549606
    },
    "15": {
        "estimate": 20.26135914996915,
        "std": 9.335549145483746
    },
    "16": {
        "estimate": 18.46669901849186,
        "std": 9.173370146267631
    },
    "17": {
        "estimate": 17.414031372550763,
        "std": 8.545018148283415
    },
    "18": {
        "estimate": 16.78991419831952,
        "std": 8.310433697307765
    },
    "19": {
        "estimate": 16.230688869078115,
        "std": 8.080620069364805
    },
    "20": {
        "estimate": 15.963438418594096,
        "std": 8.219406230558771
    },
    "21": {
        "estimate": 15.895174509068282,
        "std": 8.166907606217844
    },
    "22": {
        "estimate": 15.944739032678422,
        "std": 8.315915032711093
    },
    "23": {
        "estimate": 15.745176094067725,
        "std": 8.240166420195635
    },
    "24": {
        "estimate": 15.97955784888343,
        "std": 8.534760109099723
    },
    "25": {
        "estimate": 16.117498969991722,
        "std": 8.74637487403531
    },
    "26": {
        "estimate": 16.461377192759794,
        "std": 8.871971134280436
    },
    "27": {
        "estimate": 16.899908473328427,
        "std": 9.494599270105478
    },
    "28": {
        "estimate": 17.005423439264785,
        "std": 9.531779009002477
    },
    "29": {
        "estimate": 17.390539506493266,
        "std": 9.852754666239054
    },
    "30": {
        "estimate": 17.414040253893194,
        "std": 9.937389802047145
    },
    "31": {
        "estimate": 17.50179350447907,
        "std": 10.05505857901618
    },
    "32": {
        "estimate": 17.76923389977712,
        "std": 10.442489426168857
    },
    "33": {
        "estimate": 18.13936809839154,
        "std": 10.667396894016061
    },
    "34": {
        "estimate": 18.261825972110856,
        "std": 10.707911769478343
    },
    "35": {
        "estimate": 18.49855003435475,
        "std": 10.984123588961172
    },
    "36": {
        "estimate": 18.62220724841919,
        "std": 11.007220017553111
    },
    "37": {
        "estimate": 19.08462510251865,
        "std": 11.347854754537275
    },
    "38": {
        "estimate": 19.90795035350428,
        "std": 12.337861261776965
    },
    "39": {
        "estimate": 20.42631474728185,
        "std": 12.810703023820592
    },
    "40": {
        "estimate": 20.440038617514016,
        "std": 12.832305269310357
    }
}