{
    "0": {
        "estimate": NaN,
        "std": NaN
    },
    "1": {
        "estimate": 14.891450809814083,
        "std": 3.080586234389233
    },
    "2": {
        "estimate": 14.11358603239427,
        "std": 5.857637516931951
    },
    "3": {
        "estimate": 14.617789989975835,
        "std": 7.2304468350282125
    },
    "4": {
        "estimate": 15.506501492684741,
        "std": 7.705692638075177
    },
    "5": {
        "estimate": 17.221545493241837,
        "std": 7.942718137927325
    },
    "6": {
        "estimate": 18.739405014996418,
        "std": 8.903757343420002
    },
    "7": {
        "estimate": 21.730904818197086,
        "std": 9.177942187635244
    },
    "8": {
        "estimate": 24.118834688881183,
        "std": 9.485630621570701
    },
    "9": {
        "estimate": 24.903386209491327,
        "std": 9.621554974128117
    },
    "10": {
        "estimate": 25.544413578359794,
        "std": 9.242796757228168
    },
    "11": {
        "estimate": 26.770467345792767,
        "std": 8.857487205610862
    },
    "12": {
        "estimate": 26.78321613856951,
        "std": 8.659042055652181
    },
    "13": {
        "estimate": 27.016199537458796,
        "std": 8.353760839891667
    },
    "14": {
        "estimate": 26.935054619135904,
        "std": 7.976470913822527
    },
    "15": {
        "estimate": 27.230023398293252,
        "std": 7.921097176743013
    },
    "16": {
        "estimate": 27.336611256390512,
        "std": 7.875958663583615
    },
    "17": {
        "estimate": 27.360265928892698,
        "std": 7.706362049116098
    },
    "18": {
        "estimate": 27.64650473745199,
        "std": 7.731475475571871
    },
    "19": {
        "estimate": 27.765794666542718,
        "std": 7.658212421105026
    },
    "20": {
        "estimate": 27.990153990754006,
        "std": 7.641189467241295
    },
    "21": {
        "estimate": 27.98540428443228,
        "std": 7.4944106230583705
    },
    "22": {
        "estimate": 28.146524238863623,
        "std": 7.352107747486851
    },
    "23": {
        "estimate": 28.1747868236518,
        "std": 7.262337633888084
    },
    "24": {
        "estimate": 28.19659589968831,
        "std": 7.178217939770618
    },
    "25": {
        "estimate": 28.17615018189562,
        "std": 7.12544598600012
    },
    "26": {
        "estimate": 28.254623369218248,
        "std": 7.148498939518342
    },
    "27": {
        "estimate": 28.352124188156058,
        "std": 7.125875817851776
    },
    "28": {
        "estimate": 28.351779821414656,
        "std": 7.09085254681494
    },
    "29": {
        "estimate": 28.57108659823453,
        "std": 7.12971831218035
    },
    "30": {
        "estimate": 28.528248254899413,
        "std": 7.090954929189873
    },
    "31": {
        "estimate": 28.668384139363102,
        "std": 7.079432160533558
    },
    "32": {
        "estimate": 28.77456528799166,
        "std": 7.161247495182593
    },
    "33": {
        "estimate": 29.38151538843311,
        "std": 7.274130633573112
    },
    "34": {
        "estimate": 29.411096349000243,
        "std": 7.2362700692759585
    },
    "35": {
        "estimate": 29.481423890020455,
        "std": 7.236331808166368
    },
    "36": {
        "estimate": 29.64007861674202,
        "std": 7.128941870020996
    },
    "37": {
        "estimate": 29.855194793485698,
        "std": 7.1740219944862975
    },
    "38": {
        "estimate": 30.079206179824205,
        "std": 7.090051625389923
    },
    "39": {
        "estimate": 30.78170113710406,
        "std": 7.199333029042907
    },
    "40": {
        "estimate": 32.17538881916675,
        "std": 7.328579408739114
    }
}