{
    "0": {
        "estimate": NaN,
        "std": NaN
    },
    "1": {
        "estimate": 14.314485650442572,
        "std": 2.8193944787745187
    },
    "2": {
        "estimate": 14.138915046987258,
        "std": 5.279662272323478
    },
    "3": {
        "estimate": 14.793176690940873,
        "std": 6.627180932123266
    },
    "4": {
        "estimate": 15.826461291772663,
        "std": 7.085007458588844
    },
    "5": {
        "estimate": 17.45291307891152,
        "std": 7.322154085578158
    },
    "6": {
        "estimate": 18.938660800619445,
        "std": 8.459848099425836
    },
    "7": {
        "estimate": 21.769384351621856,
        "std": 8.675450850468733
    },
    "8": {
        "estimate": 24.040551200194106,
        "std": 8.959501544231564
    },
    "9": {
        "estimate": 24.777923663178523,
        "std": 9.123849376489787
    },
    "10": {
        "estimate": 25.301866430439784,
        "std": 8.710029847371617
    },
    "11": {
        "estimate": 26.403991165793354,
        "std": 8.392069356929555
    },
    "12": {
        "estimate": 26.339455087365607,
        "std": 8.173831209274859
    },
    "13": {
        "estimate": 26.455496056503716,
        "std": 7.837212001320335
    },
    "14": {
        "estimate": 26.287365273308875,
        "std": 7.482871670819779
    },
    "15": {
        "estimate": 26.527470854941452,
        "std": 7.489719727857253
    },
    "16": {
        "estimate": 26.58565441860843,
        "std": 7.405422582996624
    },
    "17": {
        "estimate": 26.559234800115938,
        "std": 7.204843628891798
    },
    "18": {
        "estimate": 26.891404407746176,
        "std": 7.23554478722748
    },
    "19": {
        "estimate": 27.02052113170544,
        "std": 7.149460828527755
    },
    "20": {
        "estimate": 27.19575342399397,
        "std": 7.15559248776124
    },
    "21": {
        "estimate": 27.140941393083125,
        "std": 6.944981047426826
    },
    "22": {
        "estimate": 27.321959365078143,
        "std": 6.897550682192784
    },
    "23": {
        "estimate": 27.302836698241943,
        "std": 6.7566458520972725
    },
    "24": {
        "estimate": 27.372605990017902,
        "std": 6.7489559341347976
    },
    "25": {
        "estimate": 27.33011547077462,
        "std": 6.670363576213812
    },
    "26": {
        "estimate": 27.38407836469918,
        "std": 6.642310590158112
    },
    "27": {
        "estimate": 27.495685915448018,
        "std": 6.6385944781598
    },
    "28": {
        "estimate": 27.48253672994218,
        "std": 6.623869679004012
    },
    "29": {
        "estimate": 27.63600885345451,
        "std": 6.631889679544279
    },
    "30": {
        "estimate": 27.670316428849997,
        "std": 6.618476453723499
    },
    "31": {
        "estimate": 27.783515649199753,
        "std": 6.62359255374756
    },
    "32": {
        "estimate": 27.85033454929107,
        "std": 6.625621484537689
    },
    "33": {
        "estimate": 28.439710200739267,
        "std": 6.753142281136627
    },
    "34": {
        "estimate": 28.46652794023545,
        "std": 6.706825865896517
    },
    "35": {
        "estimate": 28.505445538464137,
        "std": 6.695555408416796
    },
    "36": {
        "estimate": 28.65891085365489,
        "std": 6.651220350142984
    },
    "37": {
        "estimate": 28.84909668168812,
        "std": 6.670333280745858
    },
    "38": {
        "estimate": 29.039977905185108,
        "std": 6.603671497020263
    },
    "39": {
        "estimate": 29.72440254122942,
        "std": 6.693348386826644
    },
    "40": {
        "estimate": 31.184475025605177,
        "std": 6.810257111098476
    }
}