{
    "0": {
        "estimate": NaN,
        "std": NaN
    },
    "1": {
        "estimate": 17.71124943483092,
        "std": 7.2134801916427636
    },
    "2": {
        "estimate": 19.416917416901256,
        "std": 8.246630276896646
    },
    "3": {
        "estimate": 21.23417821836606,
        "std": 8.819661015745988
    },
    "4": {
        "estimate": 21.778643652585465,
        "std": 9.525261850234813
    },
    "5": {
        "estimate": 23.165136366654963,
        "std": 10.385285204582306
    },
    "6": {
        "estimate": 22.541859012420108,
        "std": 9.981783974885499
    },
    "7": {
        "estimate": 23.322688490107478,
        "std": 9.90154091050706
    },
    "8": {
        "estimate": 23.665167365376018,
        "std": 10.287347579233122
    },
    "9": {
        "estimate": 24.092766130924225,
        "std": 10.604673757392368
    },
    "10": {
        "estimate": 23.798486772094634,
        "std": 10.351920686953992
    },
    "11": {
        "estimate": 24.30240460615123,
        "std": 10.11029142761185
    },
    "12": {
        "estimate": 24.425143798034092,
        "std": 10.151998294616739
    },
    "13": {
        "estimate": 24.267210624740397,
        "std": 10.071064805004728
    },
    "14": {
        "estimate": 24.24815604855379,
        "std": 9.9744769466173
    },
    "15": {
        "estimate": 24.163587143871595,
        "std": 10.081843063890506
    },
    "16": {
        "estimate": 23.747926198071998,
        "std": 9.845960819048155
    },
    "17": {
        "estimate": 23.469816303265233,
        "std": 9.792695099751455
    },
    "18": {
        "estimate": 22.763330383400632,
        "std": 9.507098111685174
    },
    "19": {
        "estimate": 22.14070023105489,
        "std": 9.024107974806302
    },
    "20": {
        "estimate": 22.146855258084845,
        "std": 9.250448327368941
    },
    "21": {
        "estimate": 22.20583551971066,
        "std": 8.930258494929829
    },
    "22": {
        "estimate": 22.46285059280648,
        "std": 9.095126086709813
    },
    "23": {
        "estimate": 22.685874379239873,
        "std": 9.391976819860066
    },
    "24": {
        "estimate": 23.26088945838743,
        "std": 9.621750898854982
    },
    "25": {
        "estimate": 24.14500693532886,
        "std": 10.324623394634253
    },
    "26": {
        "estimate": 24.40094212660183,
        "std": 10.52650762915934
    },
    "27": {
        "estimate": 25.677246801314865,
        "std": 11.89907797859337
    },
    "28": {
        "estimate": 25.669865917043744,
        "std": 11.733440845978569
    },
    "29": {
        "estimate": 25.83295204223004,
        "std": 11.808725479681884
    },
    "30": {
        "estimate": 26.156236656622337,
        "std": 12.503179025226332
    },
    "31": {
        "estimate": 26.13165771600464,
        "std": 12.547623244583958
    },
    "32": {
        "estimate": 22.975833291992046,
        "std": 9.983678366105844
    }
}