{
    "0": {
        "estimate": NaN,
        "std": NaN
    },
    "1": {
        "estimate": 16.19713948208395,
        "std": 5.51996518299167
    },
    "2": {
        "estimate": 17.903348288463842,
        "std": 6.4338643772447135
    },
    "3": {
        "estimate": 19.749293558212877,
        "std": 6.779777895024567
    },
    "4": {
        "estimate": 20.46397925875374,
        "std": 7.425171654553859
    },
    "5": {
        "estimate": 21.74753401781017,
        "std": 8.238575755397664
    },
    "6": {
        "estimate": 21.073770629135144,
        "std": 7.895607686733153
    },
    "7": {
        "estimate": 21.768014262745044,
        "std": 7.721834891080527
    },
    "8": {
        "estimate": 22.269266248290787,
        "std": 8.283301742261372
    },
    "9": {
        "estimate": 22.649500412396037,
        "std": 8.5221090022739
    },
    "10": {
        "estimate": 22.31089112199233,
        "std": 8.05358889630902
    },
    "11": {
        "estimate": 22.876628989583732,
        "std": 8.094152057833279
    },
    "12": {
        "estimate": 23.020072002306577,
        "std": 8.063786229590136
    },
    "13": {
        "estimate": 22.79250519047173,
        "std": 8.035453075676646
    },
    "14": {
        "estimate": 22.85198667770497,
        "std": 7.959200051512459
    },
    "15": {
        "estimate": 22.817340477794605,
        "std": 8.001085655854835
    },
    "16": {
        "estimate": 22.453688098738187,
        "std": 7.830158536699814
    },
    "17": {
        "estimate": 22.176355525419353,
        "std": 7.848033643245454
    },
    "18": {
        "estimate": 21.51848804214665,
        "std": 7.670548056636253
    },
    "19": {
        "estimate": 20.895464422545263,
        "std": 7.313109307974065
    },
    "20": {
        "estimate": 20.66106634798491,
        "std": 7.318047199134122
    },
    "21": {
        "estimate": 20.807720848757313,
        "std": 7.212429767012792
    },
    "22": {
        "estimate": 21.03248260456782,
        "std": 7.24461941274835
    },
    "23": {
        "estimate": 21.195280344098403,
        "std": 7.5169267227615935
    },
    "24": {
        "estimate": 21.710205969310486,
        "std": 7.71644254970668
    },
    "25": {
        "estimate": 22.59051239752795,
        "std": 8.311195131059831
    },
    "26": {
        "estimate": 22.74446410942313,
        "std": 8.408966656494684
    },
    "27": {
        "estimate": 24.221235012316527,
        "std": 9.571317161113116
    },
    "28": {
        "estimate": 24.159561878625123,
        "std": 9.409343379817853
    },
    "29": {
        "estimate": 24.379769239993713,
        "std": 9.556594912456132
    },
    "30": {
        "estimate": 24.811125768230305,
        "std": 10.043966488568694
    },
    "31": {
        "estimate": 24.70889381170902,
        "std": 9.91430579295989
    },
    "32": {
        "estimate": 21.586418998044664,
        "std": 8.091000408585577
    }
}