{
    "0": {
        "estimate": NaN,
        "std": NaN
    },
    "1": {
        "estimate": 18.545876802434545,
        "std": 9.497923642488422
    },
    "2": {
        "estimate": 19.87595026159139,
        "std": 9.077587021264037
    },
    "3": {
        "estimate": 20.220391180536378,
        "std": 8.195342396123808
    },
    "4": {
        "estimate": 18.79713842923803,
        "std": 6.87077006071441
    },
    "5": {
        "estimate": 20.01862662043671,
        "std": 7.2522376642682795
    },
    "6": {
        "estimate": 19.87899236411447,
        "std": 7.081916660849751
    },
    "7": {
        "estimate": 19.307249103445898,
        "std": 6.618671398890566
    },
    "8": {
        "estimate": 19.432619137921282,
        "std": 6.76535757301101
    },
    "9": {
        "estimate": 19.427208231600556,
        "std": 7.007924383212986
    },
    "10": {
        "estimate": 19.431145445111547,
        "std": 6.720331799265203
    },
    "11": {
        "estimate": 19.81701961260503,
        "std": 6.83469041893068
    },
    "12": {
        "estimate": 19.798440347373568,
        "std": 6.789902074417263
    },
    "13": {
        "estimate": 19.977459517029022,
        "std": 6.866061291055894
    },
    "14": {
        "estimate": 20.68886359263163,
        "std": 7.227212094203985
    },
    "15": {
        "estimate": 20.183277123415902,
        "std": 6.852314548815822
    },
    "16": {
        "estimate": 19.858538695957336,
        "std": 6.5389923510563905
    },
    "17": {
        "estimate": 19.437931300957896,
        "std": 6.241688706116295
    },
    "18": {
        "estimate": 20.107818533765613,
        "std": 6.6222698839491185
    },
    "19": {
        "estimate": 19.453050694370383,
        "std": 6.306973235941219
    },
    "20": {
        "estimate": 19.438000806834538,
        "std": 6.259859298356701
    },
    "21": {
        "estimate": 19.70310414157321,
        "std": 6.431390015888125
    },
    "22": {
        "estimate": 20.01365002110593,
        "std": 6.611977905371855
    },
    "23": {
        "estimate": 20.935585643929844,
        "std": 7.158085093418113
    },
    "24": {
        "estimate": 21.911333914780254,
        "std": 7.563063297318764
    },
    "25": {
        "estimate": 23.088155686099906,
        "std": 8.124727915559237
    },
    "26": {
        "estimate": 24.32968634169373,
        "std": 8.588666660588242
    },
    "27": {
        "estimate": 25.181317519930097,
        "std": 9.308592379942025
    },
    "28": {
        "estimate": 25.879428002501776,
        "std": 9.877060179039786
    },
    "29": {
        "estimate": 26.664684726261644,
        "std": 10.306659434937945
    },
    "30": {
        "estimate": 26.311387392004782,
        "std": 10.39268855813232
    },
    "31": {
        "estimate": 26.676667914808018,
        "std": 10.68125265964914
    },
    "32": {
        "estimate": 24.644285336464883,
        "std": 9.398697196285953
    }
}