{
    "0": {
        "estimate": NaN,
        "std": NaN
    },
    "1": {
        "estimate": 16.765237068696432,
        "std": 7.596572283590613
    },
    "2": {
        "estimate": 18.150242095999005,
        "std": 7.433047360958391
    },
    "3": {
        "estimate": 18.576501927723474,
        "std": 6.44058322010112
    },
    "4": {
        "estimate": 17.014874812026722,
        "std": 5.613643106808593
    },
    "5": {
        "estimate": 18.132180636647558,
        "std": 6.007117091243092
    },
    "6": {
        "estimate": 18.042818211458425,
        "std": 5.786071243505874
    },
    "7": {
        "estimate": 17.538692975387185,
        "std": 5.419819746998061
    },
    "8": {
        "estimate": 17.712554539226165,
        "std": 5.4205899525144146
    },
    "9": {
        "estimate": 17.698836662811164,
        "std": 5.507163715484608
    },
    "10": {
        "estimate": 17.76568337452944,
        "std": 5.546775534065754
    },
    "11": {
        "estimate": 18.16853803972396,
        "std": 5.564990495147128
    },
    "12": {
        "estimate": 18.13621226755553,
        "std": 5.615406863449475
    },
    "13": {
        "estimate": 18.282223544214897,
        "std": 5.592941223641655
    },
    "14": {
        "estimate": 18.88687771302574,
        "std": 5.747771965363502
    },
    "15": {
        "estimate": 18.46716927299142,
        "std": 5.5829375857682475
    },
    "16": {
        "estimate": 18.065476018243253,
        "std": 5.163660362460479
    },
    "17": {
        "estimate": 17.600908620504185,
        "std": 4.945571561387379
    },
    "18": {
        "estimate": 18.2600996635861,
        "std": 5.184645532830309
    },
    "19": {
        "estimate": 17.620379341430564,
        "std": 4.996145078159328
    },
    "20": {
        "estimate": 17.61230887976453,
        "std": 4.952432276680682
    },
    "21": {
        "estimate": 17.857655565984786,
        "std": 5.036521916043476
    },
    "22": {
        "estimate": 18.171769918927293,
        "std": 5.208045392692421
    },
    "23": {
        "estimate": 19.035387855754617,
        "std": 5.648048552757001
    },
    "24": {
        "estimate": 19.9875424568671,
        "std": 6.03866417727426
    },
    "25": {
        "estimate": 21.110107692226375,
        "std": 6.444714883826708
    },
    "26": {
        "estimate": 22.361152693436875,
        "std": 6.895235430895523
    },
    "27": {
        "estimate": 23.13952327817982,
        "std": 7.331296912759985
    },
    "28": {
        "estimate": 24.087801182618556,
        "std": 8.020573744946809
    },
    "29": {
        "estimate": 24.87539994793566,
        "std": 8.315490068880063
    },
    "30": {
        "estimate": 24.621834927407022,
        "std": 8.41933413585085
    },
    "31": {
        "estimate": 25.073547425165227,
        "std": 8.781613186779056
    },
    "32": {
        "estimate": 22.755496320409375,
        "std": 7.554691882359089
    }
}