{
    "0": NaN,
    "1": 13.725550651550293,
    "2": 15.142032623291016,
    "3": 16.18682861328125,
    "4": 18.113719940185547,
    "5": 18.954919815063477,
    "6": 19.335208892822266,
    "7": 19.772689819335938,
    "8": 19.836435317993164,
    "9": 19.851032257080078,
    "10": 19.734661102294922,
    "11": 19.674381256103516,
    "12": 19.632631301879883,
    "13": 19.186227798461914,
    "14": 19.34195327758789,
    "15": 19.04010772705078,
    "16": 19.138975143432617,
    "17": 19.165401458740234,
    "18": 19.359586715698242,
    "19": 18.89440155029297,
    "20": 18.884180068969727,
    "21": 19.072235107421875,
    "22": 19.255327224731445,
    "23": 19.67304039001465,
    "24": 19.58256721496582,
    "25": 19.919544219970703,
    "26": 19.898902893066406,
    "27": 19.812074661254883,
    "28": 18.73932647705078,
    "29": 18.11354637145996,
    "30": 17.52162742614746,
    "31": 17.345470428466797,
    "32": 18.52771759033203
}