{
    "0": {
        "estimate": NaN,
        "std": NaN
    },
    "1": {
        "estimate": 16.167956175149264,
        "std": 4.712836734818405
    },
    "2": {
        "estimate": 17.616596136237657,
        "std": 5.315610766757501
    },
    "3": {
        "estimate": 19.18018666399077,
        "std": 6.1564829741673
    },
    "4": {
        "estimate": 21.480415920868772,
        "std": 6.985445418200146
    },
    "5": {
        "estimate": 23.576441325520477,
        "std": 7.697511608661884
    },
    "6": {
        "estimate": 24.482716557107935,
        "std": 8.357149657993203
    },
    "7": {
        "estimate": 26.16410792141424,
        "std": 8.993259726360298
    },
    "8": {
        "estimate": 27.02127136332161,
        "std": 9.616902173921657
    },
    "9": {
        "estimate": 28.1151188002573,
        "std": 9.928571150782284
    },
    "10": {
        "estimate": 29.081889994237166,
        "std": 9.9519975417842
    },
    "11": {
        "estimate": 28.3267847902785,
        "std": 9.325696324273725
    },
    "12": {
        "estimate": 28.97599639743878,
        "std": 8.801901633239119
    },
    "13": {
        "estimate": 29.04519597014678,
        "std": 8.623212363753641
    },
    "14": {
        "estimate": 30.24773664897234,
        "std": 8.59071282514903
    },
    "15": {
        "estimate": 29.87178716457023,
        "std": 8.31773605492292
    },
    "16": {
        "estimate": 29.156238004713284,
        "std": 7.779295970849345
    },
    "17": {
        "estimate": 27.68820877012121,
        "std": 7.173160355505036
    },
    "18": {
        "estimate": 26.490130695982,
        "std": 7.135736591338818
    },
    "19": {
        "estimate": 25.316836830905046,
        "std": 6.7340636551303845
    },
    "20": {
        "estimate": 24.36113579149836,
        "std": 6.539234213113713
    },
    "21": {
        "estimate": 23.404353491010315,
        "std": 6.399161700022451
    },
    "22": {
        "estimate": 22.746621116683528,
        "std": 6.096643182396262
    },
    "23": {
        "estimate": 21.205967394245814,
        "std": 5.910713414119151
    },
    "24": {
        "estimate": 20.54493572682743,
        "std": 5.745537097407679
    },
    "25": {
        "estimate": 19.906419380769385,
        "std": 5.627857885547408
    },
    "26": {
        "estimate": 19.54250005402145,
        "std": 5.5905310032560696
    },
    "27": {
        "estimate": 18.73087008117667,
        "std": 5.481480055796167
    },
    "28": {
        "estimate": 18.23633612872766,
        "std": 5.296454210997873
    },
    "29": {
        "estimate": 17.94672278515065,
        "std": 5.245864498572196
    },
    "30": {
        "estimate": 17.707584465075882,
        "std": 5.252571262705942
    },
    "31": {
        "estimate": 17.566426724148435,
        "std": 5.182874766473861
    },
    "32": {
        "estimate": 17.22996701214853,
        "std": 5.180083226034502
    },
    "33": {
        "estimate": 17.17242909301936,
        "std": 5.216907539717507
    },
    "34": {
        "estimate": 17.098373586734525,
        "std": 5.207439841003855
    },
    "35": {
        "estimate": 17.193993804028334,
        "std": 5.242184890574725
    },
    "36": {
        "estimate": 17.173949680269025,
        "std": 5.258040922027868
    },
    "37": {
        "estimate": 17.337266973993216,
        "std": 5.330860690814023
    },
    "38": {
        "estimate": 17.838500681773336,
        "std": 5.37247762208626
    },
    "39": {
        "estimate": 18.84253896715577,
        "std": 5.7620789783908295
    },
    "40": {
        "estimate": 19.745003953278477,
        "std": 6.494485597858784
    }
}