{
    "0": {
        "estimate": NaN,
        "std": NaN
    },
    "1": {
        "estimate": 14.49933225566431,
        "std": 4.24250050530972
    },
    "2": {
        "estimate": 15.799039358708606,
        "std": 4.677593795023655
    },
    "3": {
        "estimate": 17.187781056718308,
        "std": 5.525988430922768
    },
    "4": {
        "estimate": 19.35045758282697,
        "std": 6.125415561534674
    },
    "5": {
        "estimate": 21.449433121574856,
        "std": 6.844666251706864
    },
    "6": {
        "estimate": 22.30403835952701,
        "std": 7.44308322175705
    },
    "7": {
        "estimate": 23.85390451339794,
        "std": 8.099797817354759
    },
    "8": {
        "estimate": 24.662688945846796,
        "std": 8.570171867698246
    },
    "9": {
        "estimate": 25.785254766074008,
        "std": 8.884333395111902
    },
    "10": {
        "estimate": 26.557557672241707,
        "std": 8.949730393343515
    },
    "11": {
        "estimate": 25.889931258628312,
        "std": 8.473724255375478
    },
    "12": {
        "estimate": 26.680797528111032,
        "std": 7.808774642046922
    },
    "13": {
        "estimate": 26.694003630197827,
        "std": 7.62619777306142
    },
    "14": {
        "estimate": 27.993746653439896,
        "std": 7.641931618973599
    },
    "15": {
        "estimate": 27.588456526849285,
        "std": 7.252872746883153
    },
    "16": {
        "estimate": 26.971334088145966,
        "std": 6.8301100235471495
    },
    "17": {
        "estimate": 25.640259400192484,
        "std": 6.405718069837058
    },
    "18": {
        "estimate": 24.45576270188084,
        "std": 6.218978182174579
    },
    "19": {
        "estimate": 23.336795697221344,
        "std": 5.853260295927383
    },
    "20": {
        "estimate": 22.471904572176555,
        "std": 5.703823576540962
    },
    "21": {
        "estimate": 21.507833554328023,
        "std": 5.544283598811262
    },
    "22": {
        "estimate": 20.88172011307514,
        "std": 5.303742640224243
    },
    "23": {
        "estimate": 19.43509595496971,
        "std": 5.164450810961874
    },
    "24": {
        "estimate": 18.799892582877494,
        "std": 5.020995523096916
    },
    "25": {
        "estimate": 18.23810592561106,
        "std": 4.927977562567361
    },
    "26": {
        "estimate": 17.881604618267332,
        "std": 4.835077078930577
    },
    "27": {
        "estimate": 17.180624512022693,
        "std": 4.754239277573505
    },
    "28": {
        "estimate": 16.689958543663494,
        "std": 4.62781626313895
    },
    "29": {
        "estimate": 16.408387490874233,
        "std": 4.542746686479867
    },
    "30": {
        "estimate": 16.191150231141897,
        "std": 4.559117964668802
    },
    "31": {
        "estimate": 16.059596496035788,
        "std": 4.538467543875493
    },
    "32": {
        "estimate": 15.774303062133512,
        "std": 4.550979376387336
    },
    "33": {
        "estimate": 15.713535420266364,
        "std": 4.548896557349461
    },
    "34": {
        "estimate": 15.627672132075645,
        "std": 4.5415415923196045
    },
    "35": {
        "estimate": 15.71444454106912,
        "std": 4.581620443740342
    },
    "36": {
        "estimate": 15.677387309819247,
        "std": 4.5712248157973425
    },
    "37": {
        "estimate": 15.805404790462438,
        "std": 4.6077959952255565
    },
    "38": {
        "estimate": 16.258557976572746,
        "std": 4.665877679770408
    },
    "39": {
        "estimate": 17.170434279517025,
        "std": 5.031662844306037
    },
    "40": {
        "estimate": 18.10404098937133,
        "std": 5.9475848121752755
    }
}