{
    "0": NaN,
    "1": 20.724992752075195,
    "2": 22.360897064208984,
    "3": 24.873071670532227,
    "4": 26.68230438232422,
    "5": 30.168752670288086,
    "6": 30.67809295654297,
    "7": 32.638877868652344,
    "8": 33.51191711425781,
    "9": 34.46817398071289,
    "10": 35.688621520996094,
    "11": 35.598548889160156,
    "12": 35.574981689453125,
    "13": 35.24947738647461,
    "14": 36.2341194152832,
    "15": 35.29256057739258,
    "16": 34.91999816894531,
    "17": 33.016700744628906,
    "18": 31.80547523498535,
    "19": 30.499149322509766,
    "20": 29.34067153930664,
    "21": 28.315298080444336,
    "22": 27.61298370361328,
    "23": 25.69921875,
    "24": 24.878215789794922,
    "25": 23.95783805847168,
    "26": 23.626222610473633,
    "27": 22.75917625427246,
    "28": 22.383285522460938,
    "29": 22.110519409179688,
    "30": 21.771808624267578,
    "31": 21.65386199951172,
    "32": 21.428421020507812,
    "33": 21.32845687866211,
    "34": 21.16729164123535,
    "35": 21.332509994506836,
    "36": 21.40997886657715,
    "37": 21.487918853759766,
    "38": 22.1981143951416,
    "39": 23.37246322631836,
    "40": 23.87646484375
}