{
    "0": NaN,
    "1": 13.506244659423828,
    "2": 11.67641544342041,
    "3": 13.978209495544434,
    "4": 12.77892780303955,
    "5": 13.605124473571777,
    "6": 14.381975173950195,
    "7": 15.448253631591797,
    "8": 16.33329963684082,
    "9": 17.017385482788086,
    "10": 18.356760025024414,
    "11": 18.635616302490234,
    "12": 18.720224380493164,
    "13": 19.842100143432617,
    "14": 18.245094299316406,
    "15": 18.008682250976562,
    "16": 18.106704711914062,
    "17": 18.887922286987305,
    "18": 18.656064987182617,
    "19": 18.609575271606445,
    "20": 17.92853355407715,
    "21": 17.67862319946289,
    "22": 17.763904571533203,
    "23": 17.468076705932617,
    "24": 17.90297508239746,
    "25": 18.244050979614258,
    "26": 18.663118362426758,
    "27": 18.480886459350586,
    "28": 18.238340377807617,
    "29": 18.255714416503906,
    "30": 17.97681999206543,
    "31": 17.15306282043457,
    "32": 17.45564079284668
}