{
    "0": {
        "estimate": NaN,
        "std": NaN
    },
    "1": {
        "estimate": 14.554650464221574,
        "std": 4.696133992220795
    },
    "2": {
        "estimate": 16.984690913389144,
        "std": 5.328361189187111
    },
    "3": {
        "estimate": 18.04959545343946,
        "std": 5.050866686330672
    },
    "4": {
        "estimate": 20.31238372104531,
        "std": 5.987063746617746
    },
    "5": {
        "estimate": 20.694098880555607,
        "std": 5.9450113175948935
    },
    "6": {
        "estimate": 20.95248968751898,
        "std": 6.037044357108192
    },
    "7": {
        "estimate": 22.144324160555943,
        "std": 6.065764671395933
    },
    "8": {
        "estimate": 21.53842611450609,
        "std": 6.01521951766638
    },
    "9": {
        "estimate": 20.914397936591435,
        "std": 6.337042340646609
    },
    "10": {
        "estimate": 20.653962569505193,
        "std": 6.649979868685539
    },
    "11": {
        "estimate": 21.53872996254355,
        "std": 7.262760487641992
    },
    "12": {
        "estimate": 21.41563710399026,
        "std": 7.346789024472322
    },
    "13": {
        "estimate": 21.299309551007806,
        "std": 7.511554404131896
    },
    "14": {
        "estimate": 22.358822048377778,
        "std": 8.391970933866233
    },
    "15": {
        "estimate": 22.58208503851399,
        "std": 8.21822202725354
    },
    "16": {
        "estimate": 22.267912865117932,
        "std": 7.778272569406667
    },
    "17": {
        "estimate": 21.273879595525486,
        "std": 7.265106055702084
    },
    "18": {
        "estimate": 18.142555739599043,
        "std": 5.871744378739022
    },
    "19": {
        "estimate": 17.210120037604693,
        "std": 5.362492631286232
    },
    "20": {
        "estimate": 17.488502981735827,
        "std": 5.323543752235989
    },
    "21": {
        "estimate": 17.35009266200621,
        "std": 5.204254219481404
    },
    "22": {
        "estimate": 17.042594541932882,
        "std": 5.014552354375857
    },
    "23": {
        "estimate": 17.01876320942031,
        "std": 4.946586342474769
    },
    "24": {
        "estimate": 16.98731569811966,
        "std": 4.931261116453086
    },
    "25": {
        "estimate": 16.815995113679705,
        "std": 4.910192678253234
    },
    "26": {
        "estimate": 17.094695908859592,
        "std": 5.119457086885115
    },
    "27": {
        "estimate": 16.986986018453912,
        "std": 5.094259009137113
    },
    "28": {
        "estimate": 17.009857283975595,
        "std": 5.283060177567882
    },
    "29": {
        "estimate": 16.764655523398513,
        "std": 5.252132178645012
    },
    "30": {
        "estimate": 16.48942736384256,
        "std": 5.188522898693199
    },
    "31": {
        "estimate": 17.093372445674067,
        "std": 5.68819033155697
    },
    "32": {
        "estimate": 16.155223301293628,
        "std": 5.848376380041274
    }
}