{
    "0": {
        "estimate": NaN,
        "std": NaN
    },
    "1": {
        "estimate": 15.821759182243934,
        "std": 7.019573910965774
    },
    "2": {
        "estimate": 20.542990603235726,
        "std": 7.871946687919647
    },
    "3": {
        "estimate": 17.058345660130907,
        "std": 6.797471322662651
    },
    "4": {
        "estimate": 16.670324310589688,
        "std": 6.884339693553943
    },
    "5": {
        "estimate": 17.801540398960572,
        "std": 7.695860476750456
    },
    "6": {
        "estimate": 17.62495923029977,
        "std": 7.335337818741427
    },
    "7": {
        "estimate": 18.297362100015288,
        "std": 7.734902437264146
    },
    "8": {
        "estimate": 19.19894470156384,
        "std": 8.190885309397748
    },
    "9": {
        "estimate": 20.394782298964937,
        "std": 8.921222990735933
    },
    "10": {
        "estimate": 21.414267094296818,
        "std": 9.06642989894989
    },
    "11": {
        "estimate": 21.960350190837193,
        "std": 9.412848325198746
    },
    "12": {
        "estimate": 21.53158275928585,
        "std": 9.036182864777235
    },
    "13": {
        "estimate": 23.620774352788878,
        "std": 10.190468185517826
    },
    "14": {
        "estimate": 22.303434822526505,
        "std": 9.874279629479798
    },
    "15": {
        "estimate": 21.562460083608947,
        "std": 9.655447654733354
    },
    "16": {
        "estimate": 21.042480408754976,
        "std": 9.60212014858479
    },
    "17": {
        "estimate": 20.93234068972923,
        "std": 9.660921684512289
    },
    "18": {
        "estimate": 19.26338061174156,
        "std": 8.494548340134115
    },
    "19": {
        "estimate": 18.797515470784855,
        "std": 8.460372676381777
    },
    "20": {
        "estimate": 18.535202680425257,
        "std": 8.490473236756843
    },
    "21": {
        "estimate": 18.30859658146066,
        "std": 8.337444624634076
    },
    "22": {
        "estimate": 18.134887458557095,
        "std": 7.962480332069585
    },
    "23": {
        "estimate": 18.134601913301218,
        "std": 7.82696055469834
    },
    "24": {
        "estimate": 17.664075184336532,
        "std": 7.349334904346356
    },
    "25": {
        "estimate": 18.765784261976492,
        "std": 7.521566950540047
    },
    "26": {
        "estimate": 19.23822055279184,
        "std": 7.561870174142234
    },
    "27": {
        "estimate": 19.319098447123256,
        "std": 7.621209056567336
    },
    "28": {
        "estimate": 19.89616035348098,
        "std": 7.826363091298003
    },
    "29": {
        "estimate": 20.61112440171104,
        "std": 8.281841727729914
    },
    "30": {
        "estimate": 19.71409664284088,
        "std": 7.74305834475951
    },
    "31": {
        "estimate": 20.011848154353796,
        "std": 7.819139365550587
    },
    "32": {
        "estimate": 18.855024894567936,
        "std": 7.892360031532731
    }
}