{
    "0": {
        "estimate": NaN,
        "std": NaN
    },
    "1": {
        "estimate": 18.298392986614346,
        "std": 8.211076912199799
    },
    "2": {
        "estimate": 23.15948580741097,
        "std": 9.822728227444495
    },
    "3": {
        "estimate": 19.937549008999277,
        "std": 8.393113621779378
    },
    "4": {
        "estimate": 19.250843816374122,
        "std": 8.481721690728577
    },
    "5": {
        "estimate": 20.34093175935001,
        "std": 9.141352898419576
    },
    "6": {
        "estimate": 20.039465144860348,
        "std": 8.642268714639386
    },
    "7": {
        "estimate": 20.70719611528594,
        "std": 9.25939957045943
    },
    "8": {
        "estimate": 21.624684336228093,
        "std": 9.736325967828947
    },
    "9": {
        "estimate": 23.13091164104309,
        "std": 10.881818709698715
    },
    "10": {
        "estimate": 24.339147649205646,
        "std": 11.101405584413952
    },
    "11": {
        "estimate": 24.789852179005432,
        "std": 11.301103258383948
    },
    "12": {
        "estimate": 24.501897735353197,
        "std": 10.961048245713464
    },
    "13": {
        "estimate": 26.648179457418575,
        "std": 12.467012195619652
    },
    "14": {
        "estimate": 25.19042252318861,
        "std": 12.115294056613592
    },
    "15": {
        "estimate": 24.38030040604334,
        "std": 11.472848453535518
    },
    "16": {
        "estimate": 23.816489642805173,
        "std": 11.45194242552628
    },
    "17": {
        "estimate": 23.695669412593162,
        "std": 11.510648048129465
    },
    "18": {
        "estimate": 21.6483449205122,
        "std": 10.216112220674175
    },
    "19": {
        "estimate": 21.09663087864789,
        "std": 9.976103283770179
    },
    "20": {
        "estimate": 20.773963432491723,
        "std": 10.030443927060983
    },
    "21": {
        "estimate": 20.485814353607747,
        "std": 9.878089250519837
    },
    "22": {
        "estimate": 20.086464499713962,
        "std": 9.595722961972877
    },
    "23": {
        "estimate": 20.04106024260598,
        "std": 9.554308486168683
    },
    "24": {
        "estimate": 19.40112626905563,
        "std": 8.945430033867
    },
    "25": {
        "estimate": 20.170294989243814,
        "std": 9.15953314131107
    },
    "26": {
        "estimate": 20.68735355489654,
        "std": 9.216754330685221
    },
    "27": {
        "estimate": 20.55184875613508,
        "std": 9.223892075178961
    },
    "28": {
        "estimate": 20.921683005124134,
        "std": 9.545787443283036
    },
    "29": {
        "estimate": 21.60897782481775,
        "std": 10.238446384475244
    },
    "30": {
        "estimate": 20.63629100028567,
        "std": 9.551185364695849
    },
    "31": {
        "estimate": 20.979488975842415,
        "std": 9.676989262919204
    },
    "32": {
        "estimate": 20.147206610585457,
        "std": 9.552820182565245
    }
}