{
    "0": {
        "estimate": NaN,
        "std": NaN
    },
    "1": {
        "estimate": 16.67310031232052,
        "std": 7.383039094073791
    },
    "2": {
        "estimate": 21.479405711655243,
        "std": 8.405803411342664
    },
    "3": {
        "estimate": 18.024234600156237,
        "std": 7.20283412411232
    },
    "4": {
        "estimate": 17.5440978892212,
        "std": 7.267692369941392
    },
    "5": {
        "estimate": 18.635078912954427,
        "std": 8.003543899862485
    },
    "6": {
        "estimate": 18.423198837049508,
        "std": 7.69901516406227
    },
    "7": {
        "estimate": 19.026924728531238,
        "std": 8.102347273857553
    },
    "8": {
        "estimate": 20.002662718064144,
        "std": 8.60592537117871
    },
    "9": {
        "estimate": 21.26292675590944,
        "std": 9.476738961949424
    },
    "10": {
        "estimate": 22.396002109432477,
        "std": 9.542205554732313
    },
    "11": {
        "estimate": 22.910185027416595,
        "std": 9.900303283771121
    },
    "12": {
        "estimate": 22.533351081122273,
        "std": 9.59665314267512
    },
    "13": {
        "estimate": 24.682413663281167,
        "std": 10.847640796307527
    },
    "14": {
        "estimate": 23.322710626969354,
        "std": 10.522077062100355
    },
    "15": {
        "estimate": 22.539942327913927,
        "std": 10.188857265860996
    },
    "16": {
        "estimate": 22.05423597745754,
        "std": 10.19738826497039
    },
    "17": {
        "estimate": 21.88486203642965,
        "std": 10.142373280331212
    },
    "18": {
        "estimate": 20.06720970557122,
        "std": 9.014103758616859
    },
    "19": {
        "estimate": 19.579262956094176,
        "std": 8.856457845838294
    },
    "20": {
        "estimate": 19.317121888127215,
        "std": 8.87715508317426
    },
    "21": {
        "estimate": 19.09669020374209,
        "std": 8.717946178134671
    },
    "22": {
        "estimate": 18.875262467440177,
        "std": 8.405783033607984
    },
    "23": {
        "estimate": 18.85845743656157,
        "std": 8.31736445760564
    },
    "24": {
        "estimate": 18.250048684537333,
        "std": 7.778293178979634
    },
    "25": {
        "estimate": 19.265974236202087,
        "std": 8.038120891838973
    },
    "26": {
        "estimate": 19.732830184753663,
        "std": 8.05621756988924
    },
    "27": {
        "estimate": 19.74315914676605,
        "std": 8.061965701278387
    },
    "28": {
        "estimate": 20.22872773086325,
        "std": 8.330299934639475
    },
    "29": {
        "estimate": 20.94830898986868,
        "std": 8.870085184609211
    },
    "30": {
        "estimate": 20.05164082319811,
        "std": 8.325501740555042
    },
    "31": {
        "estimate": 20.314174823498004,
        "std": 8.392158291013043
    },
    "32": {
        "estimate": 19.308442690252246,
        "std": 8.393640668001144
    }
}