{
    "0": {
        "estimate": NaN,
        "std": NaN
    },
    "1": {
        "estimate": 19.868636156500873,
        "std": 9.953342775035281
    },
    "2": {
        "estimate": 24.50361461962636,
        "std": 11.658459661394804
    },
    "3": {
        "estimate": 21.764894326814915,
        "std": 10.43319224512002
    },
    "4": {
        "estimate": 20.904113070991862,
        "std": 10.392058615531496
    },
    "5": {
        "estimate": 21.982129035050217,
        "std": 10.788150092329614
    },
    "6": {
        "estimate": 21.515427667141203,
        "std": 10.112343351074331
    },
    "7": {
        "estimate": 22.190339302140096,
        "std": 10.73548429847887
    },
    "8": {
        "estimate": 23.116479747888086,
        "std": 11.407830584755072
    },
    "9": {
        "estimate": 24.757293165801897,
        "std": 12.588328727661548
    },
    "10": {
        "estimate": 26.06165268358513,
        "std": 12.796728413377323
    },
    "11": {
        "estimate": 26.495110714138736,
        "std": 13.029796684374796
    },
    "12": {
        "estimate": 26.213066411360515,
        "std": 12.71277040050705
    },
    "13": {
        "estimate": 28.564656988420396,
        "std": 14.545524847329371
    },
    "14": {
        "estimate": 26.984202441901655,
        "std": 13.921197554663927
    },
    "15": {
        "estimate": 26.28383699764595,
        "std": 13.42174545567407
    },
    "16": {
        "estimate": 25.573328711147088,
        "std": 13.215610242926717
    },
    "17": {
        "estimate": 25.48883562272619,
        "std": 13.647492924686762
    },
    "18": {
        "estimate": 23.202117318347696,
        "std": 11.84199356456952
    },
    "19": {
        "estimate": 22.480369756332532,
        "std": 11.574474102393351
    },
    "20": {
        "estimate": 22.160473325786217,
        "std": 11.514133059224442
    },
    "21": {
        "estimate": 21.794328325081196,
        "std": 11.195953436268029
    },
    "22": {
        "estimate": 21.314771100872154,
        "std": 11.190586373374709
    },
    "23": {
        "estimate": 21.26365772417133,
        "std": 11.006124639403957
    },
    "24": {
        "estimate": 20.53025834483388,
        "std": 10.63696001185303
    },
    "25": {
        "estimate": 21.237741729479488,
        "std": 10.774995149496972
    },
    "26": {
        "estimate": 21.731044856573927,
        "std": 11.041180018778366
    },
    "27": {
        "estimate": 21.47997750598974,
        "std": 11.003211736106497
    },
    "28": {
        "estimate": 21.739641782175056,
        "std": 11.430739285779456
    },
    "29": {
        "estimate": 22.31645783680871,
        "std": 11.934771911858107
    },
    "30": {
        "estimate": 21.44899277388968,
        "std": 11.217385562477268
    },
    "31": {
        "estimate": 21.750037021998338,
        "std": 11.386046206311399
    },
    "32": {
        "estimate": 20.919814792141104,
        "std": 10.91908652792791
    }
}