{
    "0": NaN,
    "1": 20.123516082763672,
    "2": 22.080490112304688,
    "3": 22.538061141967773,
    "4": 21.421306610107422,
    "5": 21.811248779296875,
    "6": 21.364700317382812,
    "7": 21.970947265625,
    "8": 23.01478385925293,
    "9": 23.91129493713379,
    "10": 24.926687240600586,
    "11": 24.863874435424805,
    "12": 25.003507614135742,
    "13": 27.455955505371094,
    "14": 25.49464225769043,
    "15": 24.757240295410156,
    "16": 24.37521743774414,
    "17": 23.935070037841797,
    "18": 22.221717834472656,
    "19": 21.301185607910156,
    "20": 20.735816955566406,
    "21": 20.472705841064453,
    "22": 19.35686683654785,
    "23": 19.16535758972168,
    "24": 18.31584930419922,
    "25": 17.88384246826172,
    "26": 18.044113159179688,
    "27": 17.508604049682617,
    "28": 17.255619049072266,
    "29": 17.11267852783203,
    "30": 16.307010650634766,
    "31": 16.654294967651367,
    "32": 16.57786750793457
}