{
    "0": {
        "estimate": NaN,
        "std": NaN
    },
    "1": {
        "estimate": 18.66243228851835,
        "std": 5.175542285431887
    },
    "2": {
        "estimate": 19.72163582057672,
        "std": 5.941618945134198
    },
    "3": {
        "estimate": 20.03888312403833,
        "std": 6.260482428670504
    },
    "4": {
        "estimate": 20.446664819602894,
        "std": 6.390686886474499
    },
    "5": {
        "estimate": 24.48068778380711,
        "std": 7.591102062057857
    },
    "6": {
        "estimate": 25.99776558248128,
        "std": 7.893022655990323
    },
    "7": {
        "estimate": 30.15348442048286,
        "std": 8.493975588911004
    },
    "8": {
        "estimate": 31.16717952232016,
        "std": 8.845237242284277
    },
    "9": {
        "estimate": 35.117154599430414,
        "std": 9.680974716852388
    },
    "10": {
        "estimate": 35.83118400580097,
        "std": 9.699377123887164
    },
    "11": {
        "estimate": 36.00925879851337,
        "std": 9.837699630911992
    },
    "12": {
        "estimate": 38.79077188274338,
        "std": 10.143652219923402
    },
    "13": {
        "estimate": 40.876885272034635,
        "std": 10.806355495817884
    },
    "14": {
        "estimate": 39.77041314734133,
        "std": 10.369302176579758
    },
    "15": {
        "estimate": 40.61673383854389,
        "std": 10.330543185704363
    },
    "16": {
        "estimate": 38.94536703276804,
        "std": 9.88843320122295
    },
    "17": {
        "estimate": 37.81600671975352,
        "std": 9.530355265695407
    },
    "18": {
        "estimate": 37.23384483545153,
        "std": 9.171821131777989
    },
    "19": {
        "estimate": 36.47445423122855,
        "std": 8.661199494193399
    },
    "20": {
        "estimate": 36.324371492240516,
        "std": 8.69880827036055
    },
    "21": {
        "estimate": 36.154046406803616,
        "std": 8.559098242231926
    },
    "22": {
        "estimate": 36.149114223242066,
        "std": 8.708362670349514
    },
    "23": {
        "estimate": 36.42520452345992,
        "std": 8.695670811286705
    },
    "24": {
        "estimate": 36.99602376980403,
        "std": 8.94604583699225
    },
    "25": {
        "estimate": 37.15614330488244,
        "std": 9.112100779818157
    },
    "26": {
        "estimate": 37.85173174500934,
        "std": 9.481649479959351
    },
    "27": {
        "estimate": 38.49620778098756,
        "std": 9.676629391781429
    },
    "28": {
        "estimate": 38.52403415944053,
        "std": 9.732519395315286
    },
    "29": {
        "estimate": 38.56230264312669,
        "std": 9.76171521710328
    },
    "30": {
        "estimate": 39.5236025881954,
        "std": 9.810848407268704
    },
    "31": {
        "estimate": 38.485969075224,
        "std": 9.551729738687536
    },
    "32": {
        "estimate": 27.522964008243644,
        "std": 7.229994866308471
    }
}