{
    "0": {
        "estimate": NaN,
        "std": NaN
    },
    "1": {
        "estimate": 20.096036989003284,
        "std": 6.85014286112189
    },
    "2": {
        "estimate": 21.53961052173177,
        "std": 7.793247503600854
    },
    "3": {
        "estimate": 20.993138015258314,
        "std": 8.211987945082393
    },
    "4": {
        "estimate": 21.833275141223414,
        "std": 8.367249811123905
    },
    "5": {
        "estimate": 25.512843435354107,
        "std": 9.913763067316165
    },
    "6": {
        "estimate": 26.73473322975411,
        "std": 10.444617464256845
    },
    "7": {
        "estimate": 31.238159862428613,
        "std": 11.332532884462053
    },
    "8": {
        "estimate": 31.893880638126063,
        "std": 11.873009071750184
    },
    "9": {
        "estimate": 36.56536938877264,
        "std": 13.222770121709981
    },
    "10": {
        "estimate": 37.383186915276305,
        "std": 13.125075296715336
    },
    "11": {
        "estimate": 37.730212296099346,
        "std": 13.162250555590356
    },
    "12": {
        "estimate": 41.0118859518407,
        "std": 14.00003138044605
    },
    "13": {
        "estimate": 43.29071088389816,
        "std": 14.462838922812038
    },
    "14": {
        "estimate": 42.13894541108072,
        "std": 14.30764350282113
    },
    "15": {
        "estimate": 43.03998260490333,
        "std": 14.257363241915398
    },
    "16": {
        "estimate": 41.25017052257068,
        "std": 13.496965291885706
    },
    "17": {
        "estimate": 40.225199304127166,
        "std": 12.96912979308208
    },
    "18": {
        "estimate": 39.81281113530415,
        "std": 12.706538837943274
    },
    "19": {
        "estimate": 38.88974275262855,
        "std": 11.935063518547546
    },
    "20": {
        "estimate": 38.859691932851234,
        "std": 11.866772581027776
    },
    "21": {
        "estimate": 38.679346436129684,
        "std": 11.708034401424541
    },
    "22": {
        "estimate": 38.680684310094,
        "std": 11.725229836497222
    },
    "23": {
        "estimate": 39.30104770771599,
        "std": 12.105422690898015
    },
    "24": {
        "estimate": 39.75275992276262,
        "std": 12.318856248731489
    },
    "25": {
        "estimate": 40.01459175329085,
        "std": 12.324566694268297
    },
    "26": {
        "estimate": 40.90275714833636,
        "std": 12.856553916556233
    },
    "27": {
        "estimate": 41.612717523505516,
        "std": 13.088287225187452
    },
    "28": {
        "estimate": 41.58241274250593,
        "std": 12.958500464773698
    },
    "29": {
        "estimate": 41.65288048485745,
        "std": 13.006415795776991
    },
    "30": {
        "estimate": 42.64754843670642,
        "std": 13.379117515060665
    },
    "31": {
        "estimate": 41.57744167642125,
        "std": 12.77792329066102
    },
    "32": {
        "estimate": 30.321577744045005,
        "std": 9.702182597567008
    }
}