{
    "0": {
        "estimate": Infinity,
        "std": NaN
    },
    "1": {
        "estimate": 26.760014664019387,
        "std": 8.728840301554945
    },
    "2": {
        "estimate": 24.08489777662055,
        "std": 8.374349753570348
    },
    "3": {
        "estimate": 24.34671592536659,
        "std": 8.038204186621078
    },
    "4": {
        "estimate": 26.73067964039166,
        "std": 9.068465687366867
    },
    "5": {
        "estimate": 26.818874950445736,
        "std": 9.854377638351115
    },
    "6": {
        "estimate": 30.57586543651845,
        "std": 10.676311420521706
    },
    "7": {
        "estimate": 32.75668693811194,
        "std": 11.271591859892752
    },
    "8": {
        "estimate": 34.62888055884772,
        "std": 11.972945201651783
    },
    "9": {
        "estimate": 35.44986158867646,
        "std": 11.943323621948334
    },
    "10": {
        "estimate": 35.70833344735228,
        "std": 12.291147481635901
    },
    "11": {
        "estimate": 36.27005897774062,
        "std": 12.898011523423401
    },
    "12": {
        "estimate": 39.00097931491457,
        "std": 13.370983729874956
    },
    "13": {
        "estimate": 39.347862896507934,
        "std": 13.059702375882708
    },
    "14": {
        "estimate": 40.9662199771845,
        "std": 13.51976907142645
    },
    "15": {
        "estimate": 41.881564107054764,
        "std": 13.445568002577385
    },
    "16": {
        "estimate": 41.74283100684166,
        "std": 13.122358291453448
    },
    "17": {
        "estimate": 41.39368154487252,
        "std": 13.175885227452527
    },
    "18": {
        "estimate": 39.57287128918031,
        "std": 12.5331838152161
    },
    "19": {
        "estimate": 38.503234470318226,
        "std": 11.942601004483947
    },
    "20": {
        "estimate": 37.7916461813497,
        "std": 11.787988509130134
    },
    "21": {
        "estimate": 36.88918995001147,
        "std": 11.44934047543073
    },
    "22": {
        "estimate": 36.748384888355,
        "std": 11.528261129979303
    },
    "23": {
        "estimate": 36.80480924889776,
        "std": 11.426170529273799
    },
    "24": {
        "estimate": 36.96555046920681,
        "std": 11.892906380902453
    },
    "25": {
        "estimate": 37.063193165124915,
        "std": 11.610955928062573
    },
    "26": {
        "estimate": 36.6729987720538,
        "std": 11.576043405143793
    },
    "27": {
        "estimate": 36.983445436348894,
        "std": 11.809116862659415
    },
    "28": {
        "estimate": 37.05560347330631,
        "std": 11.895596492828066
    },
    "29": {
        "estimate": 37.180516803225245,
        "std": 11.903811508699425
    },
    "30": {
        "estimate": 37.054121523041616,
        "std": 11.929890683714028
    },
    "31": {
        "estimate": 36.570919560095774,
        "std": 12.061434339519174
    },
    "32": {
        "estimate": 32.355240953106744,
        "std": 10.879133719053442
    }
}