{
    "0": {
        "estimate": Infinity,
        "std": NaN
    },
    "1": {
        "estimate": 24.474299936366464,
        "std": 6.527381214831259
    },
    "2": {
        "estimate": 22.270679517623485,
        "std": 6.427352875582388
    },
    "3": {
        "estimate": 22.257372392983267,
        "std": 6.117592437240928
    },
    "4": {
        "estimate": 24.81062361844649,
        "std": 7.084042393799721
    },
    "5": {
        "estimate": 25.918338665486996,
        "std": 7.352126755290423
    },
    "6": {
        "estimate": 29.127832830400752,
        "std": 7.990733479598417
    },
    "7": {
        "estimate": 31.206808345298715,
        "std": 8.391369702904505
    },
    "8": {
        "estimate": 33.01195494291642,
        "std": 8.935619064235418
    },
    "9": {
        "estimate": 33.99541954024761,
        "std": 9.133253349818505
    },
    "10": {
        "estimate": 34.22803234318085,
        "std": 9.331281311830004
    },
    "11": {
        "estimate": 34.67545604317044,
        "std": 9.53929071358234
    },
    "12": {
        "estimate": 36.792739168141,
        "std": 9.790180793492185
    },
    "13": {
        "estimate": 36.9491707948376,
        "std": 9.780514178150849
    },
    "14": {
        "estimate": 38.49272058502037,
        "std": 10.191348247185987
    },
    "15": {
        "estimate": 39.07335298248617,
        "std": 9.94827286938503
    },
    "16": {
        "estimate": 39.004942742110124,
        "std": 9.770856374910519
    },
    "17": {
        "estimate": 38.660651865734664,
        "std": 9.755446652019483
    },
    "18": {
        "estimate": 36.867893454186245,
        "std": 9.344946808330457
    },
    "19": {
        "estimate": 35.73379794252839,
        "std": 8.966866118581414
    },
    "20": {
        "estimate": 35.016862502729104,
        "std": 8.795829634208626
    },
    "21": {
        "estimate": 34.19654376563836,
        "std": 8.639218234857175
    },
    "22": {
        "estimate": 33.9914674580452,
        "std": 8.658778487322746
    },
    "23": {
        "estimate": 34.09281590539194,
        "std": 8.61631482040265
    },
    "24": {
        "estimate": 34.22701873779311,
        "std": 8.671227151830788
    },
    "25": {
        "estimate": 34.239964098945855,
        "std": 8.673615836269242
    },
    "26": {
        "estimate": 33.95370745623156,
        "std": 8.8649469587254
    },
    "27": {
        "estimate": 34.17772717507789,
        "std": 8.96927005979872
    },
    "28": {
        "estimate": 34.21693513014448,
        "std": 8.952307594111447
    },
    "29": {
        "estimate": 34.245196921116765,
        "std": 9.089902276059838
    },
    "30": {
        "estimate": 34.22923634666826,
        "std": 9.104601181784199
    },
    "31": {
        "estimate": 33.69251709613062,
        "std": 9.168067578722244
    },
    "32": {
        "estimate": 29.827951493386486,
        "std": 8.270368887726066
    }
}