{
    "0": {
        "estimate": Infinity,
        "std": NaN
    },
    "1": {
        "estimate": 19.226371042929078,
        "std": 3.8124879981734505
    },
    "2": {
        "estimate": 17.547142946192196,
        "std": 4.455150433741581
    },
    "3": {
        "estimate": 17.62876173325383,
        "std": 4.432659929789765
    },
    "4": {
        "estimate": 20.10368538395316,
        "std": 4.782119563113394
    },
    "5": {
        "estimate": 22.818895559313198,
        "std": 4.809771967503462
    },
    "6": {
        "estimate": 25.033344637996382,
        "std": 5.302442155202463
    },
    "7": {
        "estimate": 26.617804196094045,
        "std": 5.348211616265141
    },
    "8": {
        "estimate": 28.241980011255375,
        "std": 5.761612606445053
    },
    "9": {
        "estimate": 29.527929483606247,
        "std": 5.982388228071895
    },
    "10": {
        "estimate": 29.51126633047677,
        "std": 6.134467118234378
    },
    "11": {
        "estimate": 29.92611946551635,
        "std": 6.208056063558452
    },
    "12": {
        "estimate": 31.33971989465334,
        "std": 6.267688210151959
    },
    "13": {
        "estimate": 31.078083942089417,
        "std": 6.292006800271501
    },
    "14": {
        "estimate": 32.385346211440954,
        "std": 6.345750844283994
    },
    "15": {
        "estimate": 33.07195908415794,
        "std": 6.233673966228337
    },
    "16": {
        "estimate": 33.09003066262066,
        "std": 5.916031651931504
    },
    "17": {
        "estimate": 32.612161985499434,
        "std": 5.5988018028537
    },
    "18": {
        "estimate": 30.931170322324085,
        "std": 5.35896617866623
    },
    "19": {
        "estimate": 29.66856271619799,
        "std": 5.208639961511718
    },
    "20": {
        "estimate": 29.01533313232743,
        "std": 5.108893179269143
    },
    "21": {
        "estimate": 28.211030946250006,
        "std": 5.045780410670995
    },
    "22": {
        "estimate": 28.09128822872501,
        "std": 5.089971538314982
    },
    "23": {
        "estimate": 28.21198143836591,
        "std": 5.14475781249716
    },
    "24": {
        "estimate": 28.25489047289018,
        "std": 5.200072046766851
    },
    "25": {
        "estimate": 28.228042365136556,
        "std": 5.270256249117312
    },
    "26": {
        "estimate": 27.863884401435207,
        "std": 5.4640859825410395
    },
    "27": {
        "estimate": 28.009514705601056,
        "std": 5.566387144921343
    },
    "28": {
        "estimate": 28.02208270260924,
        "std": 5.578334801920112
    },
    "29": {
        "estimate": 27.970212409206475,
        "std": 5.767067410890126
    },
    "30": {
        "estimate": 27.958678894500522,
        "std": 5.814309099659324
    },
    "31": {
        "estimate": 27.31258611303328,
        "std": 5.859663299498243
    },
    "32": {
        "estimate": 23.829148692748735,
        "std": 5.021637967122261
    }
}