{
    "0": {
        "estimate": NaN,
        "std": NaN
    },
    "1": {
        "estimate": 14.761621082178866,
        "std": 6.061634637775441
    },
    "2": {
        "estimate": 17.034692183216052,
        "std": 6.510703822706384
    },
    "3": {
        "estimate": 19.341073269298708,
        "std": 7.2897097439566965
    },
    "4": {
        "estimate": 20.671000046821916,
        "std": 7.57862270929376
    },
    "5": {
        "estimate": 22.548965706305644,
        "std": 8.079339657450689
    },
    "6": {
        "estimate": 25.777310216517815,
        "std": 9.54874110600219
    },
    "7": {
        "estimate": 27.617592188534164,
        "std": 10.088295739365055
    },
    "8": {
        "estimate": 27.89655281877556,
        "std": 10.025959576109873
    },
    "9": {
        "estimate": 29.346825696957566,
        "std": 10.618799418715806
    },
    "10": {
        "estimate": 29.11271723228119,
        "std": 10.827230097171082
    },
    "11": {
        "estimate": 29.47462633043217,
        "std": 11.359194269822536
    },
    "12": {
        "estimate": 31.06221795852852,
        "std": 11.949911992921106
    },
    "13": {
        "estimate": 32.121557551414426,
        "std": 12.286602603737215
    },
    "14": {
        "estimate": 30.82684102234738,
        "std": 12.11509484957951
    },
    "15": {
        "estimate": 29.841922496807644,
        "std": 12.45428648191061
    },
    "16": {
        "estimate": 29.678656164744236,
        "std": 12.501599260986323
    },
    "17": {
        "estimate": 28.3186618210056,
        "std": 11.539985681086653
    },
    "18": {
        "estimate": 27.76143824937312,
        "std": 11.130828849066972
    },
    "19": {
        "estimate": 26.92993810522933,
        "std": 10.501502800139177
    },
    "20": {
        "estimate": 27.12569276621777,
        "std": 10.497260148282656
    },
    "21": {
        "estimate": 27.09165344667762,
        "std": 10.569827992790556
    },
    "22": {
        "estimate": 27.059097176813708,
        "std": 10.627741610925751
    },
    "23": {
        "estimate": 27.27549603103999,
        "std": 11.04173288946756
    },
    "24": {
        "estimate": 27.682108583965352,
        "std": 11.369995472580015
    },
    "25": {
        "estimate": 28.061799081087813,
        "std": 11.477785183824619
    },
    "26": {
        "estimate": 28.15107523122581,
        "std": 11.541257006595162
    },
    "27": {
        "estimate": 28.7238365011569,
        "std": 12.086760388045912
    },
    "28": {
        "estimate": 28.871155020192987,
        "std": 12.361780026827038
    },
    "29": {
        "estimate": 28.803864983432078,
        "std": 12.223676065409057
    },
    "30": {
        "estimate": 29.55959696120341,
        "std": 13.023525327394294
    },
    "31": {
        "estimate": 29.881500893589617,
        "std": 13.160807391507593
    },
    "32": {
        "estimate": 29.09195423106415,
        "std": 13.462242610117753
    }
}