{
    "0": {
        "estimate": NaN,
        "std": NaN
    },
    "1": {
        "estimate": 11.16155968856099,
        "std": 3.5867288427214925
    },
    "2": {
        "estimate": 12.59696814651074,
        "std": 3.2973018045875158
    },
    "3": {
        "estimate": 14.50249136033848,
        "std": 3.73452983211287
    },
    "4": {
        "estimate": 15.869416953570754,
        "std": 4.065605070899733
    },
    "5": {
        "estimate": 17.613631546930343,
        "std": 4.49047609652795
    },
    "6": {
        "estimate": 20.14870582965624,
        "std": 5.450814137354442
    },
    "7": {
        "estimate": 21.74020974384091,
        "std": 5.723117771386522
    },
    "8": {
        "estimate": 21.868903835212283,
        "std": 5.858029544977833
    },
    "9": {
        "estimate": 23.029097085467523,
        "std": 6.16142759554878
    },
    "10": {
        "estimate": 22.744877772349653,
        "std": 6.804063204505124
    },
    "11": {
        "estimate": 23.311285246473645,
        "std": 7.0884296751600235
    },
    "12": {
        "estimate": 24.49927537687867,
        "std": 7.290391689953479
    },
    "13": {
        "estimate": 25.569290164454316,
        "std": 7.692427065031155
    },
    "14": {
        "estimate": 24.79042080609442,
        "std": 7.73379887783492
    },
    "15": {
        "estimate": 23.76843082726596,
        "std": 7.658742708641712
    },
    "16": {
        "estimate": 23.618949275232172,
        "std": 7.818121084912139
    },
    "17": {
        "estimate": 22.388638330958024,
        "std": 7.191599576701255
    },
    "18": {
        "estimate": 21.94568882384296,
        "std": 7.109649955602987
    },
    "19": {
        "estimate": 20.99692699340171,
        "std": 6.731153143960751
    },
    "20": {
        "estimate": 21.074658347720135,
        "std": 6.7375349438019905
    },
    "21": {
        "estimate": 21.038822376852227,
        "std": 6.71400767326024
    },
    "22": {
        "estimate": 20.886803734066145,
        "std": 6.624803622175077
    },
    "23": {
        "estimate": 20.992357745768896,
        "std": 6.780449520632003
    },
    "24": {
        "estimate": 21.27435667236179,
        "std": 7.044907598817916
    },
    "25": {
        "estimate": 21.74884161042478,
        "std": 7.359605136941002
    },
    "26": {
        "estimate": 21.74908759865916,
        "std": 7.387471598281669
    },
    "27": {
        "estimate": 22.232591271228436,
        "std": 7.857926572691126
    },
    "28": {
        "estimate": 22.253337411782663,
        "std": 7.897937824665113
    },
    "29": {
        "estimate": 22.125742864887226,
        "std": 8.054036926249001
    },
    "30": {
        "estimate": 22.741414532359247,
        "std": 8.771669781499789
    },
    "31": {
        "estimate": 23.16065960441835,
        "std": 9.215132251859814
    },
    "32": {
        "estimate": 23.11101182970612,
        "std": 9.483910763633142
    }
}