{
    "0": NaN,
    "1": 15.820075035095215,
    "2": 19.06752586364746,
    "3": 20.987964630126953,
    "4": 22.656591415405273,
    "5": 24.123004913330078,
    "6": 27.219694137573242,
    "7": 29.003252029418945,
    "8": 29.40165138244629,
    "9": 31.046682357788086,
    "10": 31.203786849975586,
    "11": 31.271480560302734,
    "12": 32.545291900634766,
    "13": 32.88060760498047,
    "14": 30.31754493713379,
    "15": 29.195636749267578,
    "16": 29.045934677124023,
    "17": 27.702634811401367,
    "18": 27.45343780517578,
    "19": 27.365089416503906,
    "20": 27.45672035217285,
    "21": 27.607267379760742,
    "22": 27.863161087036133,
    "23": 27.70201873779297,
    "24": 27.929431915283203,
    "25": 27.930505752563477,
    "26": 27.896442413330078,
    "27": 28.257715225219727,
    "28": 28.1071834564209,
    "29": 28.543333053588867,
    "30": 29.241334915161133,
    "31": 29.19339942932129,
    "32": 28.281837463378906
}