{
    "0": {
        "estimate": NaN,
        "std": NaN
    },
    "1": {
        "estimate": 15.58994352511234,
        "std": 3.788089069103504
    },
    "2": {
        "estimate": 13.683313546963014,
        "std": 5.842133965493885
    },
    "3": {
        "estimate": 13.641143961359305,
        "std": 6.984156811174548
    },
    "4": {
        "estimate": 16.980555922563358,
        "std": 7.751121130416522
    },
    "5": {
        "estimate": 18.29967185892589,
        "std": 8.971273300082123
    },
    "6": {
        "estimate": 16.620936184092674,
        "std": 9.257681303613843
    },
    "7": {
        "estimate": 20.107035304510735,
        "std": 9.665139848594412
    },
    "8": {
        "estimate": 21.70038981391525,
        "std": 9.60969640574463
    },
    "9": {
        "estimate": 24.351093756747513,
        "std": 9.123817172754743
    },
    "10": {
        "estimate": 26.310095481901833,
        "std": 9.340629214929194
    },
    "11": {
        "estimate": 28.06801514543707,
        "std": 9.439629649493417
    },
    "12": {
        "estimate": 32.79770440268001,
        "std": 9.463365741974055
    },
    "13": {
        "estimate": 33.4934472477259,
        "std": 8.736383026781889
    },
    "14": {
        "estimate": 33.510001173979106,
        "std": 8.276858849306423
    },
    "15": {
        "estimate": 34.043909752013136,
        "std": 7.8705774949662
    },
    "16": {
        "estimate": 33.92987798903232,
        "std": 7.778578684548294
    },
    "17": {
        "estimate": 33.40132747075403,
        "std": 7.5323510818683355
    },
    "18": {
        "estimate": 33.167276396859684,
        "std": 7.409518542233103
    },
    "19": {
        "estimate": 32.17192813346845,
        "std": 7.16169887495069
    },
    "20": {
        "estimate": 32.42661853110848,
        "std": 7.21073516076132
    },
    "21": {
        "estimate": 32.73049434466057,
        "std": 7.627550979951207
    },
    "22": {
        "estimate": 33.793194860002714,
        "std": 8.12674046792953
    },
    "23": {
        "estimate": 34.33586310745246,
        "std": 8.615878892268933
    },
    "24": {
        "estimate": 35.016935366554044,
        "std": 9.182163091825707
    },
    "25": {
        "estimate": 35.461528137847445,
        "std": 9.868768831412224
    },
    "26": {
        "estimate": 35.34199823421425,
        "std": 9.726557375188111
    },
    "27": {
        "estimate": 35.536796452675446,
        "std": 10.046085555449372
    },
    "28": {
        "estimate": 35.78482030878223,
        "std": 10.187077789165103
    },
    "29": {
        "estimate": 35.62118578965745,
        "std": 10.186838503353455
    },
    "30": {
        "estimate": 35.56755851003179,
        "std": 10.467940532056872
    },
    "31": {
        "estimate": 35.17239090784737,
        "std": 10.530731540691225
    },
    "32": {
        "estimate": 31.26790021277268,
        "std": 9.203763776184084
    }
}