{
    "0": {
        "estimate": NaN,
        "std": NaN
    },
    "1": {
        "estimate": 18.215044737157484,
        "std": 6.377496649722502
    },
    "2": {
        "estimate": 13.369225308584724,
        "std": 9.343866057914282
    },
    "3": {
        "estimate": 13.358597479512659,
        "std": 10.993715796796286
    },
    "4": {
        "estimate": 16.44580739326039,
        "std": 12.200793004947146
    },
    "5": {
        "estimate": 17.187876639650874,
        "std": 13.643633194509768
    },
    "6": {
        "estimate": 15.191564447166503,
        "std": 12.908449559424604
    },
    "7": {
        "estimate": 18.71049877762604,
        "std": 13.74191129644541
    },
    "8": {
        "estimate": 20.718424755564374,
        "std": 13.794859159701543
    },
    "9": {
        "estimate": 24.621568313989545,
        "std": 13.743740764374836
    },
    "10": {
        "estimate": 27.236052989658667,
        "std": 14.107466442709548
    },
    "11": {
        "estimate": 29.93225320809898,
        "std": 14.520272769855723
    },
    "12": {
        "estimate": 36.057009878635036,
        "std": 14.980704521225775
    },
    "13": {
        "estimate": 38.10182314333578,
        "std": 14.111587407058765
    },
    "14": {
        "estimate": 38.452500178090936,
        "std": 13.672617035071474
    },
    "15": {
        "estimate": 39.427908306896505,
        "std": 13.327263498603045
    },
    "16": {
        "estimate": 39.66570053214476,
        "std": 13.431958338307687
    },
    "17": {
        "estimate": 39.232695131069576,
        "std": 12.844169280384424
    },
    "18": {
        "estimate": 39.13664513760244,
        "std": 12.732471759110975
    },
    "19": {
        "estimate": 38.15526874919982,
        "std": 12.285781206845604
    },
    "20": {
        "estimate": 38.4981029435919,
        "std": 12.526745748761057
    },
    "21": {
        "estimate": 38.999799350853856,
        "std": 12.867450219035266
    },
    "22": {
        "estimate": 40.184687567889554,
        "std": 13.712785338928954
    },
    "23": {
        "estimate": 40.40036736171296,
        "std": 14.067155984062437
    },
    "24": {
        "estimate": 40.8774320349894,
        "std": 14.612445211949682
    },
    "25": {
        "estimate": 40.848837654798004,
        "std": 15.1900561379969
    },
    "26": {
        "estimate": 40.82667950961337,
        "std": 15.074663647625453
    },
    "27": {
        "estimate": 40.67100827806697,
        "std": 15.361944123562337
    },
    "28": {
        "estimate": 40.904821487680195,
        "std": 15.673883180760473
    },
    "29": {
        "estimate": 40.765238146600666,
        "std": 15.508361965804253
    },
    "30": {
        "estimate": 40.33792323418734,
        "std": 15.892160712614801
    },
    "31": {
        "estimate": 39.62654064107038,
        "std": 16.104282650154772
    },
    "32": {
        "estimate": 36.09626814755162,
        "std": 14.368076656790953
    }
}