{
    "0": {
        "estimate": NaN,
        "std": NaN
    },
    "1": {
        "estimate": 14.766790037075465,
        "std": 3.337830675533958
    },
    "2": {
        "estimate": 13.678064868530742,
        "std": 5.012807342206585
    },
    "3": {
        "estimate": 13.772014082817492,
        "std": 6.083965582704624
    },
    "4": {
        "estimate": 17.076991940869522,
        "std": 6.773223896225097
    },
    "5": {
        "estimate": 18.606669312778997,
        "std": 8.055755688256586
    },
    "6": {
        "estimate": 17.131057739911284,
        "std": 8.48981992951876
    },
    "7": {
        "estimate": 20.498684474878107,
        "std": 8.752334284282206
    },
    "8": {
        "estimate": 21.851888752315205,
        "std": 8.709282293297857
    },
    "9": {
        "estimate": 24.080156494158082,
        "std": 8.2308501099325
    },
    "10": {
        "estimate": 25.881636144663826,
        "std": 8.515584253381272
    },
    "11": {
        "estimate": 27.451721727304008,
        "std": 8.556566116678503
    },
    "12": {
        "estimate": 31.640173769292062,
        "std": 8.461412097048512
    },
    "13": {
        "estimate": 32.08621407772033,
        "std": 7.865163044411512
    },
    "14": {
        "estimate": 31.96480700345501,
        "std": 7.2456778949318075
    },
    "15": {
        "estimate": 32.27917623477237,
        "std": 6.780562330866151
    },
    "16": {
        "estimate": 32.22557326862284,
        "std": 6.828230135874899
    },
    "17": {
        "estimate": 31.68640937877521,
        "std": 6.588442248509702
    },
    "18": {
        "estimate": 31.428220167912777,
        "std": 6.603701903596397
    },
    "19": {
        "estimate": 30.420037559214524,
        "std": 6.365356088559235
    },
    "20": {
        "estimate": 30.55399007934539,
        "std": 6.389274949351751
    },
    "21": {
        "estimate": 30.82973855588704,
        "std": 6.719907142969364
    },
    "22": {
        "estimate": 31.899217792581755,
        "std": 7.206181875062522
    },
    "23": {
        "estimate": 32.44029208376288,
        "std": 7.703437237367492
    },
    "24": {
        "estimate": 33.10401805185073,
        "std": 8.23810519818683
    },
    "25": {
        "estimate": 33.595694649673845,
        "std": 8.881345236293338
    },
    "26": {
        "estimate": 33.48644527733685,
        "std": 8.875177883568284
    },
    "27": {
        "estimate": 33.703374443221485,
        "std": 9.306249615171144
    },
    "28": {
        "estimate": 34.02063898215268,
        "std": 9.405332345823172
    },
    "29": {
        "estimate": 33.864813226257084,
        "std": 9.314408240452803
    },
    "30": {
        "estimate": 33.91109909407968,
        "std": 9.636995490751417
    },
    "31": {
        "estimate": 33.7016022523274,
        "std": 9.770750543001201
    },
    "32": {
        "estimate": 29.777347214208103,
        "std": 8.543359129597757
    }
}