{
    "0": {
        "estimate": Infinity,
        "std": NaN
    },
    "1": {
        "estimate": 22.59841209118471,
        "std": 3.974325942889082
    },
    "2": {
        "estimate": 20.252305085265405,
        "std": 4.305035441922555
    },
    "3": {
        "estimate": 17.054247178209312,
        "std": 3.356455833543788
    },
    "4": {
        "estimate": 19.679663875727517,
        "std": 3.981928742085123
    },
    "5": {
        "estimate": 22.921223472151528,
        "std": 4.529921146401957
    },
    "6": {
        "estimate": 24.533408572828627,
        "std": 4.829440724283803
    },
    "7": {
        "estimate": 24.89986721847696,
        "std": 4.796348718142091
    },
    "8": {
        "estimate": 24.578428238516736,
        "std": 4.858087549047584
    },
    "9": {
        "estimate": 24.673000994591078,
        "std": 5.285423688453269
    },
    "10": {
        "estimate": 23.37428782766917,
        "std": 5.119319584057934
    },
    "11": {
        "estimate": 21.292061933426595,
        "std": 4.350383777720116
    },
    "12": {
        "estimate": 21.55296003988482,
        "std": 4.393876275826739
    },
    "13": {
        "estimate": 22.661547934772983,
        "std": 4.598735577728195
    },
    "14": {
        "estimate": 22.349872778718233,
        "std": 4.482893894097498
    },
    "15": {
        "estimate": 22.38410830804233,
        "std": 4.54345037234813
    },
    "16": {
        "estimate": 21.928290095173956,
        "std": 4.593408328930288
    },
    "17": {
        "estimate": 22.045406352458144,
        "std": 4.702317804716307
    },
    "18": {
        "estimate": 21.502897478563835,
        "std": 4.558284829971631
    },
    "19": {
        "estimate": 20.829055708733822,
        "std": 4.359398262575004
    },
    "20": {
        "estimate": 20.32181689002338,
        "std": 4.19466945687531
    },
    "21": {
        "estimate": 19.52545716388099,
        "std": 3.995442102265481
    },
    "22": {
        "estimate": 19.479840227806275,
        "std": 4.0093170916749425
    },
    "23": {
        "estimate": 19.508045760606265,
        "std": 4.048842344282214
    },
    "24": {
        "estimate": 19.486897702656464,
        "std": 4.056166243042814
    },
    "25": {
        "estimate": 19.619068603517576,
        "std": 4.079586714323259
    },
    "26": {
        "estimate": 19.396909017722688,
        "std": 4.078247857245571
    },
    "27": {
        "estimate": 19.312554176589014,
        "std": 4.0764877809526086
    },
    "28": {
        "estimate": 19.24940296248132,
        "std": 4.098914006262887
    },
    "29": {
        "estimate": 19.10866945943891,
        "std": 4.118655465886962
    },
    "30": {
        "estimate": 19.187632577412366,
        "std": 4.175249622643626
    },
    "31": {
        "estimate": 19.156376852250983,
        "std": 4.241160391413119
    },
    "32": {
        "estimate": 18.827471967608247,
        "std": 4.301358065876917
    }
}