{
    "0": {
        "estimate": Infinity,
        "std": NaN
    },
    "1": {
        "estimate": 23.703673310734498,
        "std": 4.376203508346822
    },
    "2": {
        "estimate": 21.352585237478827,
        "std": 4.663406653432755
    },
    "3": {
        "estimate": 18.113292268206248,
        "std": 3.6854180688121008
    },
    "4": {
        "estimate": 20.769733620226855,
        "std": 4.378239164917363
    },
    "5": {
        "estimate": 23.883907705745155,
        "std": 5.024213879283494
    },
    "6": {
        "estimate": 25.50928304957099,
        "std": 5.323275028278334
    },
    "7": {
        "estimate": 25.885221774526634,
        "std": 5.307908566148893
    },
    "8": {
        "estimate": 25.591991830923888,
        "std": 5.297434268176787
    },
    "9": {
        "estimate": 25.52754205950698,
        "std": 5.790240919841368
    },
    "10": {
        "estimate": 24.221593889634615,
        "std": 5.554570517129155
    },
    "11": {
        "estimate": 22.022096661239967,
        "std": 4.776712699870792
    },
    "12": {
        "estimate": 22.237898947809303,
        "std": 4.817626624125881
    },
    "13": {
        "estimate": 23.352191360867803,
        "std": 5.031270755910218
    },
    "14": {
        "estimate": 23.112026293011247,
        "std": 4.907407991728807
    },
    "15": {
        "estimate": 23.118362213749624,
        "std": 4.994079822363119
    },
    "16": {
        "estimate": 22.669788036376612,
        "std": 4.99991108882855
    },
    "17": {
        "estimate": 22.781693024252657,
        "std": 5.132758379235971
    },
    "18": {
        "estimate": 22.217022769318184,
        "std": 4.9683160319481745
    },
    "19": {
        "estimate": 21.549720827291026,
        "std": 4.731541788497729
    },
    "20": {
        "estimate": 21.05757439914552,
        "std": 4.5404931214366595
    },
    "21": {
        "estimate": 20.27362334432848,
        "std": 4.3472136776534525
    },
    "22": {
        "estimate": 20.23051555530223,
        "std": 4.357882559865659
    },
    "23": {
        "estimate": 20.25180078088239,
        "std": 4.349463083716708
    },
    "24": {
        "estimate": 20.24559702863179,
        "std": 4.367612202270977
    },
    "25": {
        "estimate": 20.388668308370246,
        "std": 4.412357453127753
    },
    "26": {
        "estimate": 20.18234211698677,
        "std": 4.369916954566627
    },
    "27": {
        "estimate": 20.12153182937011,
        "std": 4.369881652261792
    },
    "28": {
        "estimate": 20.059808933381273,
        "std": 4.38374434412288
    },
    "29": {
        "estimate": 19.9484737383393,
        "std": 4.397525592443991
    },
    "30": {
        "estimate": 20.076108458317982,
        "std": 4.465070223216623
    },
    "31": {
        "estimate": 20.085935354778282,
        "std": 4.562536111082584
    },
    "32": {
        "estimate": 19.832005059687685,
        "std": 4.609580133372174
    }
}