{
    "0": {
        "estimate": NaN,
        "std": NaN
    },
    "1": {
        "estimate": 20.13624918789104,
        "std": 7.70823849302421
    },
    "2": {
        "estimate": 22.29130216475955,
        "std": 8.136646597285665
    },
    "3": {
        "estimate": 26.09392395248938,
        "std": 8.985445253722691
    },
    "4": {
        "estimate": 30.34667443996513,
        "std": 10.43902634259628
    },
    "5": {
        "estimate": 30.756907607779535,
        "std": 10.384505575648292
    },
    "6": {
        "estimate": 32.94153927990599,
        "std": 11.008698884542744
    },
    "7": {
        "estimate": 33.5499902888896,
        "std": 11.247874496284753
    },
    "8": {
        "estimate": 36.0975755038474,
        "std": 12.322962036594035
    },
    "9": {
        "estimate": 38.090757350064486,
        "std": 12.398554544777651
    },
    "10": {
        "estimate": 40.61379137869621,
        "std": 13.738925538135996
    },
    "11": {
        "estimate": 41.46325364558549,
        "std": 13.744614384291022
    },
    "12": {
        "estimate": 40.29342570799497,
        "std": 12.770773906589321
    },
    "13": {
        "estimate": 38.99025152173872,
        "std": 12.259217857739282
    },
    "14": {
        "estimate": 39.0305833160577,
        "std": 12.513322101451607
    },
    "15": {
        "estimate": 37.32901929115931,
        "std": 11.78727839979725
    },
    "16": {
        "estimate": 36.64748468743458,
        "std": 11.345061970582332
    },
    "17": {
        "estimate": 36.248372088624464,
        "std": 11.627571495123314
    },
    "18": {
        "estimate": 35.573622852612715,
        "std": 11.283428333971132
    },
    "19": {
        "estimate": 35.084023941058675,
        "std": 11.060858622293836
    },
    "20": {
        "estimate": 34.531201543123906,
        "std": 10.712083093660011
    },
    "21": {
        "estimate": 33.70850215591914,
        "std": 10.546672421419636
    },
    "22": {
        "estimate": 33.30318391449495,
        "std": 10.530627361894332
    },
    "23": {
        "estimate": 32.60705908428955,
        "std": 10.299748326652926
    },
    "24": {
        "estimate": 32.385839679206256,
        "std": 10.144204542231005
    },
    "25": {
        "estimate": 31.9056864094181,
        "std": 10.130787852494343
    },
    "26": {
        "estimate": 32.080473808925525,
        "std": 10.225267157385467
    },
    "27": {
        "estimate": 32.23765446202112,
        "std": 10.584972590734818
    },
    "28": {
        "estimate": 31.949084458797774,
        "std": 10.457762087416286
    },
    "29": {
        "estimate": 32.10027108328122,
        "std": 10.660040291780168
    },
    "30": {
        "estimate": 31.944390615336648,
        "std": 10.689883879334694
    },
    "31": {
        "estimate": 31.90350727496984,
        "std": 10.614188995131192
    },
    "32": {
        "estimate": 31.956061356703348,
        "std": 10.821266316801696
    },
    "33": {
        "estimate": 32.50941460931323,
        "std": 11.115455151342994
    },
    "34": {
        "estimate": 32.55529247519436,
        "std": 11.27837894570042
    },
    "35": {
        "estimate": 32.75936450568127,
        "std": 11.552982328751453
    },
    "36": {
        "estimate": 32.826068753003355,
        "std": 11.685773153007815
    },
    "37": {
        "estimate": 33.3018559135354,
        "std": 11.886949102495405
    },
    "38": {
        "estimate": 33.67168564106543,
        "std": 12.147709083189481
    },
    "39": {
        "estimate": 34.56523626397227,
        "std": 12.615510232874476
    },
    "40": {
        "estimate": 34.80300963065606,
        "std": 13.156747294644212
    }
}