{
    "0": {
        "estimate": NaN,
        "std": NaN
    },
    "1": {
        "estimate": 18.1834383036778,
        "std": 4.373867723926131
    },
    "2": {
        "estimate": 19.248713539001184,
        "std": 4.6125062360209785
    },
    "3": {
        "estimate": 22.59624415347994,
        "std": 5.075437727761959
    },
    "4": {
        "estimate": 26.284074572885082,
        "std": 5.927335907525077
    },
    "5": {
        "estimate": 26.442485791733674,
        "std": 5.653678771266987
    },
    "6": {
        "estimate": 28.63970023011107,
        "std": 5.831444620470136
    },
    "7": {
        "estimate": 29.615239629432313,
        "std": 6.163615101839465
    },
    "8": {
        "estimate": 31.774732452897577,
        "std": 6.741464650136615
    },
    "9": {
        "estimate": 34.03520190207831,
        "std": 6.871393587508839
    },
    "10": {
        "estimate": 36.04982758277327,
        "std": 7.233576528431652
    },
    "11": {
        "estimate": 36.849663371314485,
        "std": 7.434916150413335
    },
    "12": {
        "estimate": 35.57353682256424,
        "std": 6.99966084081888
    },
    "13": {
        "estimate": 34.04242321604792,
        "std": 6.612481589656993
    },
    "14": {
        "estimate": 33.077242930575785,
        "std": 6.261595249152444
    },
    "15": {
        "estimate": 31.719629459422578,
        "std": 6.325688352247344
    },
    "16": {
        "estimate": 31.12716211070496,
        "std": 6.166612856445814
    },
    "17": {
        "estimate": 30.564214777874806,
        "std": 6.09374813951651
    },
    "18": {
        "estimate": 29.950575072784076,
        "std": 5.928563819479894
    },
    "19": {
        "estimate": 29.42393120701106,
        "std": 5.790479454555571
    },
    "20": {
        "estimate": 28.900784066160256,
        "std": 5.6954033399538275
    },
    "21": {
        "estimate": 28.137346486786345,
        "std": 5.625079114939099
    },
    "22": {
        "estimate": 27.743216923221848,
        "std": 5.571949712823056
    },
    "23": {
        "estimate": 26.961363982983084,
        "std": 5.488514239838797
    },
    "24": {
        "estimate": 26.67785833722623,
        "std": 5.47460795868485
    },
    "25": {
        "estimate": 26.313496024195658,
        "std": 5.494347438123126
    },
    "26": {
        "estimate": 26.363324668831098,
        "std": 5.599472336900321
    },
    "27": {
        "estimate": 26.453919817451904,
        "std": 5.827356285368076
    },
    "28": {
        "estimate": 26.1476487712944,
        "std": 5.9292479724074365
    },
    "29": {
        "estimate": 26.17174694793863,
        "std": 6.015849867823927
    },
    "30": {
        "estimate": 25.994721428806915,
        "std": 6.001860839178672
    },
    "31": {
        "estimate": 25.981898126736745,
        "std": 5.9889493575726
    },
    "32": {
        "estimate": 26.06261634773886,
        "std": 6.227793558147546
    },
    "33": {
        "estimate": 26.487776196966472,
        "std": 6.5739695694891545
    },
    "34": {
        "estimate": 26.516538974179433,
        "std": 6.648938905095777
    },
    "35": {
        "estimate": 26.676615461164747,
        "std": 6.814806257916625
    },
    "36": {
        "estimate": 26.666945281072042,
        "std": 6.9176489152361045
    },
    "37": {
        "estimate": 27.184553060694505,
        "std": 7.325490409039458
    },
    "38": {
        "estimate": 27.54925394706428,
        "std": 7.554512806269801
    },
    "39": {
        "estimate": 28.445881729097444,
        "std": 7.960000313486265
    },
    "40": {
        "estimate": 28.941603601839564,
        "std": 9.175759615104612
    }
}