{
    "0": {
        "estimate": NaN,
        "std": NaN
    },
    "1": {
        "estimate": 14.662866701531255,
        "std": 5.036577067891524
    },
    "2": {
        "estimate": 14.863292387560527,
        "std": 4.8409569347505945
    },
    "3": {
        "estimate": 16.499524846236174,
        "std": 5.459419187865424
    },
    "4": {
        "estimate": 16.238215965122777,
        "std": 5.633952096729093
    },
    "5": {
        "estimate": 15.660934622088462,
        "std": 5.73475790080771
    },
    "6": {
        "estimate": 15.967384621023724,
        "std": 6.294143420066419
    },
    "7": {
        "estimate": 15.911899387953413,
        "std": 6.599450000381572
    },
    "8": {
        "estimate": 16.82830443169372,
        "std": 6.796406745253358
    },
    "9": {
        "estimate": 17.13129200587081,
        "std": 7.112147699159628
    },
    "10": {
        "estimate": 17.84630731154771,
        "std": 7.500796937788229
    },
    "11": {
        "estimate": 17.85648037397656,
        "std": 7.392643711189824
    },
    "12": {
        "estimate": 18.084465196656915,
        "std": 7.401958354705202
    },
    "13": {
        "estimate": 18.339203313097453,
        "std": 7.530412374848361
    },
    "14": {
        "estimate": 18.644643245575374,
        "std": 7.656042357273796
    },
    "15": {
        "estimate": 18.743452575873775,
        "std": 7.534853065633157
    },
    "16": {
        "estimate": 18.337279241632828,
        "std": 7.230125277663451
    },
    "17": {
        "estimate": 18.449080256298465,
        "std": 7.1283347500567595
    },
    "18": {
        "estimate": 17.729445428746548,
        "std": 6.824976404583633
    },
    "19": {
        "estimate": 16.938475961029624,
        "std": 6.441879734311303
    },
    "20": {
        "estimate": 17.299683332514274,
        "std": 6.4286299277543515
    },
    "21": {
        "estimate": 17.513309227979317,
        "std": 6.352331508765048
    },
    "22": {
        "estimate": 17.683398739363795,
        "std": 6.442994584641138
    },
    "23": {
        "estimate": 17.645890813830476,
        "std": 6.393887115170563
    },
    "24": {
        "estimate": 17.753151610702634,
        "std": 6.465619656018835
    },
    "25": {
        "estimate": 18.42671711634747,
        "std": 6.528622286846606
    },
    "26": {
        "estimate": 18.58164176715687,
        "std": 6.639543256903907
    },
    "27": {
        "estimate": 19.510266465104507,
        "std": 6.873803294312181
    },
    "28": {
        "estimate": 19.379933017935794,
        "std": 6.793948360418564
    },
    "29": {
        "estimate": 19.599501818745868,
        "std": 6.853182201642473
    },
    "30": {
        "estimate": 20.137818057720832,
        "std": 7.054432146164135
    },
    "31": {
        "estimate": 19.837958139801696,
        "std": 6.892248495409375
    },
    "32": {
        "estimate": 18.549168834434276,
        "std": 6.08407256946609
    }
}