{
    "0": {
        "estimate": NaN,
        "std": NaN
    },
    "1": {
        "estimate": 16.422252700476687,
        "std": 5.546542255133258
    },
    "2": {
        "estimate": 16.62333691609289,
        "std": 5.5538101584255015
    },
    "3": {
        "estimate": 17.968839066132176,
        "std": 6.200854878063662
    },
    "4": {
        "estimate": 17.92801630322168,
        "std": 6.190758746473777
    },
    "5": {
        "estimate": 17.318938696118785,
        "std": 6.22482682312019
    },
    "6": {
        "estimate": 17.493871257057968,
        "std": 6.680264009967157
    },
    "7": {
        "estimate": 17.27070346330396,
        "std": 6.905057255189302
    },
    "8": {
        "estimate": 18.204905143903208,
        "std": 7.343654936953697
    },
    "9": {
        "estimate": 18.674268840752983,
        "std": 7.733843613664347
    },
    "10": {
        "estimate": 19.35871765474302,
        "std": 8.167601469437345
    },
    "11": {
        "estimate": 19.384942608340243,
        "std": 8.082118748117997
    },
    "12": {
        "estimate": 19.70582488886853,
        "std": 8.18074420057785
    },
    "13": {
        "estimate": 20.019758194457417,
        "std": 8.291419262743686
    },
    "14": {
        "estimate": 20.386827440220824,
        "std": 8.377724283488057
    },
    "15": {
        "estimate": 20.520647097214994,
        "std": 8.277575505534262
    },
    "16": {
        "estimate": 20.045286817125298,
        "std": 7.846700662302739
    },
    "17": {
        "estimate": 20.20423646558923,
        "std": 7.861989448726227
    },
    "18": {
        "estimate": 19.480605291023043,
        "std": 7.650541978476889
    },
    "19": {
        "estimate": 18.631626524488617,
        "std": 7.290183473427831
    },
    "20": {
        "estimate": 19.019678772697393,
        "std": 7.278394552575747
    },
    "21": {
        "estimate": 19.080609468654323,
        "std": 7.222121332327805
    },
    "22": {
        "estimate": 19.194970481118066,
        "std": 7.444214499956193
    },
    "23": {
        "estimate": 19.125835028000264,
        "std": 7.4051781522728914
    },
    "24": {
        "estimate": 19.25683928436982,
        "std": 7.472857872316565
    },
    "25": {
        "estimate": 19.71518727369237,
        "std": 7.5836149817922305
    },
    "26": {
        "estimate": 19.848530092960235,
        "std": 7.721279902060603
    },
    "27": {
        "estimate": 20.585838014106017,
        "std": 7.955533934409299
    },
    "28": {
        "estimate": 20.445599980020603,
        "std": 7.853996790924151
    },
    "29": {
        "estimate": 20.620296253466037,
        "std": 7.866480423915851
    },
    "30": {
        "estimate": 21.052698476784286,
        "std": 8.047411442494122
    },
    "31": {
        "estimate": 20.717447102459495,
        "std": 7.885667749033177
    },
    "32": {
        "estimate": 19.581497798126534,
        "std": 6.93475942085909
    }
}