{
    "0": {
        "estimate": NaN,
        "std": NaN
    },
    "1": {
        "estimate": 20.149327041537365,
        "std": 8.206925118201918
    },
    "2": {
        "estimate": 20.374757391588343,
        "std": 8.414985692340283
    },
    "3": {
        "estimate": 20.977432580139425,
        "std": 8.48609050463531
    },
    "4": {
        "estimate": 21.580242005461496,
        "std": 9.224754039141017
    },
    "5": {
        "estimate": 20.8988231575723,
        "std": 9.014154485973846
    },
    "6": {
        "estimate": 20.753102303773623,
        "std": 9.483435570069014
    },
    "7": {
        "estimate": 20.381964743037265,
        "std": 9.34308061017332
    },
    "8": {
        "estimate": 21.355991483239904,
        "std": 9.877739267674498
    },
    "9": {
        "estimate": 22.00686469914424,
        "std": 10.416762062247942
    },
    "10": {
        "estimate": 22.68783706794128,
        "std": 11.037112268278188
    },
    "11": {
        "estimate": 22.84357173092068,
        "std": 11.09015398008017
    },
    "12": {
        "estimate": 23.291425227072132,
        "std": 11.442080934899883
    },
    "13": {
        "estimate": 23.667988110443716,
        "std": 11.624290694212345
    },
    "14": {
        "estimate": 23.80698917813789,
        "std": 11.497154485961474
    },
    "15": {
        "estimate": 23.980754751064605,
        "std": 11.66832601193907
    },
    "16": {
        "estimate": 23.541564870631923,
        "std": 11.211252570971237
    },
    "17": {
        "estimate": 23.614640913417794,
        "std": 11.362072477617854
    },
    "18": {
        "estimate": 22.957142926448515,
        "std": 11.19121664286844
    },
    "19": {
        "estimate": 21.959700955965975,
        "std": 10.495787559636883
    },
    "20": {
        "estimate": 22.425379745007074,
        "std": 10.763271992627327
    },
    "21": {
        "estimate": 22.19515796950693,
        "std": 10.689214576875331
    },
    "22": {
        "estimate": 22.18544562686472,
        "std": 10.910482437040269
    },
    "23": {
        "estimate": 22.07026137646958,
        "std": 10.951241185769758
    },
    "24": {
        "estimate": 22.166862039183854,
        "std": 10.989929558336833
    },
    "25": {
        "estimate": 22.082252278231408,
        "std": 11.046349501687894
    },
    "26": {
        "estimate": 22.062829045298436,
        "std": 10.983293505741333
    },
    "27": {
        "estimate": 22.555601474480273,
        "std": 11.520038888489404
    },
    "28": {
        "estimate": 22.512353910391806,
        "std": 11.361246400223274
    },
    "29": {
        "estimate": 22.55839738078483,
        "std": 11.327800721744554
    },
    "30": {
        "estimate": 22.861084320563734,
        "std": 11.520777224959364
    },
    "31": {
        "estimate": 22.51185696408898,
        "std": 11.188326500254492
    },
    "32": {
        "estimate": 21.586335618973337,
        "std": 10.03676713238552
    }
}