{
    "0": NaN,
    "1": 20.810649871826172,
    "2": 20.163841247558594,
    "3": 21.549699783325195,
    "4": 22.139667510986328,
    "5": 21.857084274291992,
    "6": 21.005083084106445,
    "7": 20.2937068939209,
    "8": 20.969846725463867,
    "9": 21.38287353515625,
    "10": 21.635944366455078,
    "11": 21.35260772705078,
    "12": 21.932661056518555,
    "13": 22.089214324951172,
    "14": 22.493959426879883,
    "15": 22.431793212890625,
    "16": 22.1882381439209,
    "17": 21.995471954345703,
    "18": 21.45826530456543,
    "19": 20.923236846923828,
    "20": 20.95874786376953,
    "21": 20.340295791625977,
    "22": 19.97112274169922,
    "23": 19.720151901245117,
    "24": 19.83075523376465,
    "25": 19.133241653442383,
    "26": 19.005260467529297,
    "27": 18.554584503173828,
    "28": 18.796703338623047,
    "29": 18.830245971679688,
    "30": 18.66350746154785,
    "31": 18.60628890991211,
    "32": 18.202777862548828
}