{
    "0": {
        "estimate": NaN,
        "std": NaN
    },
    "1": {
        "estimate": 13.63902315093079,
        "std": 7.454408925754431
    },
    "2": {
        "estimate": 15.419537881821652,
        "std": 7.748354717342885
    },
    "3": {
        "estimate": 16.59108068566229,
        "std": 8.1847798568197
    },
    "4": {
        "estimate": 16.332951223817812,
        "std": 7.8071810306305585
    },
    "5": {
        "estimate": 16.440889599454163,
        "std": 7.965089111963116
    },
    "6": {
        "estimate": 16.32915433272337,
        "std": 7.7857614916553475
    },
    "7": {
        "estimate": 16.22893895983745,
        "std": 7.812704266122211
    },
    "8": {
        "estimate": 16.49468243307996,
        "std": 7.750982806525232
    },
    "9": {
        "estimate": 16.80982295061355,
        "std": 7.7740886458686695
    },
    "10": {
        "estimate": 17.245834959101753,
        "std": 7.944592263546097
    },
    "11": {
        "estimate": 17.49269615963626,
        "std": 8.170986176977564
    },
    "12": {
        "estimate": 17.684326584251686,
        "std": 8.200138344271656
    },
    "13": {
        "estimate": 18.32943711876715,
        "std": 8.681635401167616
    },
    "14": {
        "estimate": 19.298256475647545,
        "std": 8.987729154697064
    },
    "15": {
        "estimate": 20.725977378810555,
        "std": 9.82402151206973
    },
    "16": {
        "estimate": 20.766065953220345,
        "std": 9.67196979438665
    },
    "17": {
        "estimate": 20.10177121950837,
        "std": 9.418899334836317
    },
    "18": {
        "estimate": 19.746604324879907,
        "std": 9.087288393816793
    },
    "19": {
        "estimate": 19.162242162492063,
        "std": 8.732832911004612
    },
    "20": {
        "estimate": 19.184073075815625,
        "std": 8.556113790521875
    },
    "21": {
        "estimate": 19.444766688461275,
        "std": 8.882312801628727
    },
    "22": {
        "estimate": 19.482156701233922,
        "std": 8.955508177458128
    },
    "23": {
        "estimate": 19.947461944222344,
        "std": 9.307230074309803
    },
    "24": {
        "estimate": 20.515594099145957,
        "std": 9.662975393785217
    },
    "25": {
        "estimate": 21.84201713996279,
        "std": 10.693383311166524
    },
    "26": {
        "estimate": 23.491792968106402,
        "std": 11.987799955409685
    },
    "27": {
        "estimate": 24.07927700899773,
        "std": 12.155069527328582
    },
    "28": {
        "estimate": 25.280799968222667,
        "std": 13.204811697999254
    },
    "29": {
        "estimate": 26.161180200057746,
        "std": 14.056955328099894
    },
    "30": {
        "estimate": 24.13025738888105,
        "std": 12.548940362825627
    },
    "31": {
        "estimate": 25.4129503724154,
        "std": 13.50684032574143
    },
    "32": {
        "estimate": 22.49248514847397,
        "std": 11.388419982305502
    }
}