{
    "0": {
        "estimate": NaN,
        "std": NaN
    },
    "1": {
        "estimate": 10.072617785386498,
        "std": 4.19704879252246
    },
    "2": {
        "estimate": 11.491269154610983,
        "std": 4.18760119093899
    },
    "3": {
        "estimate": 12.75554333482458,
        "std": 4.719844059073344
    },
    "4": {
        "estimate": 12.904222905033246,
        "std": 5.005555383995968
    },
    "5": {
        "estimate": 12.953343842076354,
        "std": 4.92480128435893
    },
    "6": {
        "estimate": 12.950875564654048,
        "std": 4.877550293921955
    },
    "7": {
        "estimate": 12.93982842910635,
        "std": 4.784636157755983
    },
    "8": {
        "estimate": 13.193529656701093,
        "std": 4.897121133846997
    },
    "9": {
        "estimate": 13.565004557937195,
        "std": 5.035431479757825
    },
    "10": {
        "estimate": 14.062086236308405,
        "std": 5.345702504515668
    },
    "11": {
        "estimate": 14.31103860809129,
        "std": 5.4519690153918825
    },
    "12": {
        "estimate": 14.554166960855168,
        "std": 5.526028257837571
    },
    "13": {
        "estimate": 15.136103525177258,
        "std": 5.810985575734379
    },
    "14": {
        "estimate": 15.811636200373309,
        "std": 6.018087043681
    },
    "15": {
        "estimate": 16.929565464985085,
        "std": 6.2884717750365775
    },
    "16": {
        "estimate": 17.04593449871601,
        "std": 6.1898517634472014
    },
    "17": {
        "estimate": 16.501365145550167,
        "std": 5.9547680631567905
    },
    "18": {
        "estimate": 16.198059821519408,
        "std": 5.612234508177979
    },
    "19": {
        "estimate": 15.592265288749418,
        "std": 5.3463882146240485
    },
    "20": {
        "estimate": 15.661839553553827,
        "std": 5.393562962386034
    },
    "21": {
        "estimate": 15.873016412811644,
        "std": 5.573883985114776
    },
    "22": {
        "estimate": 15.953794547708227,
        "std": 5.664623903995371
    },
    "23": {
        "estimate": 16.295706404135913,
        "std": 5.898090528235922
    },
    "24": {
        "estimate": 16.917170520423138,
        "std": 6.375833703918129
    },
    "25": {
        "estimate": 18.03319032664402,
        "std": 7.13912495915062
    },
    "26": {
        "estimate": 19.518300500020416,
        "std": 8.171188580479045
    },
    "27": {
        "estimate": 20.217938732160068,
        "std": 8.605108976204304
    },
    "28": {
        "estimate": 21.38037096397244,
        "std": 9.358870361476724
    },
    "29": {
        "estimate": 22.49155874896245,
        "std": 9.966840440305585
    },
    "30": {
        "estimate": 21.193380291976535,
        "std": 9.20630020379207
    },
    "31": {
        "estimate": 22.667549838677807,
        "std": 10.142745159817498
    },
    "32": {
        "estimate": 19.262984061962438,
        "std": 8.452849908278305
    }
}