{
    "0": {
        "estimate": Infinity,
        "std": NaN
    },
    "1": {
        "estimate": 17.228126154235827,
        "std": 3.430507252426974
    },
    "2": {
        "estimate": 19.996600670553313,
        "std": 4.115553311306295
    },
    "3": {
        "estimate": 21.172759916290744,
        "std": 4.340035994170015
    },
    "4": {
        "estimate": 21.229090219819184,
        "std": 4.296343928835935
    },
    "5": {
        "estimate": 22.469269835299745,
        "std": 5.074879472348475
    },
    "6": {
        "estimate": 23.337524735250014,
        "std": 4.971898448351315
    },
    "7": {
        "estimate": 25.067270335581533,
        "std": 5.053642026323677
    },
    "8": {
        "estimate": 25.52080234978898,
        "std": 5.176693607632993
    },
    "9": {
        "estimate": 25.65594608289061,
        "std": 5.207024407013616
    },
    "10": {
        "estimate": 26.10054067495319,
        "std": 5.5730199671310165
    },
    "11": {
        "estimate": 27.237476097021283,
        "std": 5.674739334212675
    },
    "12": {
        "estimate": 29.268403058715585,
        "std": 5.79179178160774
    },
    "13": {
        "estimate": 28.202091690464936,
        "std": 5.964196647210823
    },
    "14": {
        "estimate": 28.254527548377308,
        "std": 5.727728837025804
    },
    "15": {
        "estimate": 27.42939321991658,
        "std": 5.68546977636798
    },
    "16": {
        "estimate": 26.76996087500658,
        "std": 5.6877349295311195
    },
    "17": {
        "estimate": 26.37682247650714,
        "std": 6.02635217328044
    },
    "18": {
        "estimate": 24.74893270255204,
        "std": 5.597175076786923
    },
    "19": {
        "estimate": 23.45692115685072,
        "std": 5.342172155319406
    },
    "20": {
        "estimate": 22.461498018991318,
        "std": 4.976628865550231
    },
    "21": {
        "estimate": 21.816695216964664,
        "std": 4.798972397337028
    },
    "22": {
        "estimate": 21.792828541431845,
        "std": 4.766445221554883
    },
    "23": {
        "estimate": 21.89181130990205,
        "std": 4.796503374871589
    },
    "24": {
        "estimate": 21.749605767180576,
        "std": 4.763445619308985
    },
    "25": {
        "estimate": 21.93034625529166,
        "std": 4.659969867971833
    },
    "26": {
        "estimate": 21.765769141714536,
        "std": 4.586708029525365
    },
    "27": {
        "estimate": 21.933266043654214,
        "std": 4.628135122158617
    },
    "28": {
        "estimate": 21.71006177509769,
        "std": 4.5565609502886275
    },
    "29": {
        "estimate": 22.48159794208724,
        "std": 4.7389510845748415
    },
    "30": {
        "estimate": 22.501278593245456,
        "std": 4.689809228260001
    },
    "31": {
        "estimate": 23.152068857419117,
        "std": 4.927099664043108
    },
    "32": {
        "estimate": 23.38896775809328,
        "std": 4.9708077819874905
    }
}