{
    "0": {
        "estimate": Infinity,
        "std": NaN
    },
    "1": {
        "estimate": 20.91210344577067,
        "std": 5.386899610242724
    },
    "2": {
        "estimate": 23.95416862833383,
        "std": 6.328009657400005
    },
    "3": {
        "estimate": 25.291372966084786,
        "std": 6.372101150922959
    },
    "4": {
        "estimate": 25.218698467228258,
        "std": 6.624151122556797
    },
    "5": {
        "estimate": 27.053695955615847,
        "std": 7.535691047559869
    },
    "6": {
        "estimate": 27.594134126632603,
        "std": 7.2900461673687085
    },
    "7": {
        "estimate": 29.396810171576416,
        "std": 7.585710244695958
    },
    "8": {
        "estimate": 30.026920915595507,
        "std": 7.858566780541876
    },
    "9": {
        "estimate": 30.249329197444126,
        "std": 8.032932656858096
    },
    "10": {
        "estimate": 30.738417796104134,
        "std": 8.41549112584006
    },
    "11": {
        "estimate": 31.915347988775327,
        "std": 8.677840493441868
    },
    "12": {
        "estimate": 34.035647110114354,
        "std": 8.780262681014332
    },
    "13": {
        "estimate": 32.8135952258115,
        "std": 8.788024365982455
    },
    "14": {
        "estimate": 32.86707007648797,
        "std": 8.488996682663572
    },
    "15": {
        "estimate": 31.84627596129297,
        "std": 8.224213332553411
    },
    "16": {
        "estimate": 31.313237268358563,
        "std": 8.498738590626553
    },
    "17": {
        "estimate": 31.004238367600326,
        "std": 8.772640802782638
    },
    "18": {
        "estimate": 29.24942257845197,
        "std": 8.228372631771082
    },
    "19": {
        "estimate": 27.80083220290154,
        "std": 7.721901317020059
    },
    "20": {
        "estimate": 26.724984885098564,
        "std": 7.260057014392285
    },
    "21": {
        "estimate": 26.054034799857927,
        "std": 7.005340175663725
    },
    "22": {
        "estimate": 26.15516534756173,
        "std": 7.109980218425436
    },
    "23": {
        "estimate": 26.368699813935823,
        "std": 7.1460166372092235
    },
    "24": {
        "estimate": 26.19898091115964,
        "std": 7.076627885905724
    },
    "25": {
        "estimate": 26.452701300714327,
        "std": 7.082622833306603
    },
    "26": {
        "estimate": 26.35102983368922,
        "std": 7.025197187116683
    },
    "27": {
        "estimate": 26.55857736625541,
        "std": 7.062713927296778
    },
    "28": {
        "estimate": 26.408858732606017,
        "std": 7.03666433862525
    },
    "29": {
        "estimate": 27.383023202759166,
        "std": 7.252200816233377
    },
    "30": {
        "estimate": 27.242875870391146,
        "std": 7.21720204999361
    },
    "31": {
        "estimate": 28.149872494310127,
        "std": 7.642430977005828
    },
    "32": {
        "estimate": 28.341302009052953,
        "std": 7.602954899388405
    }
}