{
    "0": NaN,
    "1": 24.479490280151367,
    "2": 29.538677215576172,
    "3": 29.48197364807129,
    "4": 28.904340744018555,
    "5": 31.108150482177734,
    "6": 32.904876708984375,
    "7": 34.24301528930664,
    "8": 35.169639587402344,
    "9": 34.9638671875,
    "10": 35.2764778137207,
    "11": 36.44820785522461,
    "12": 38.69655227661133,
    "13": 37.91166687011719,
    "14": 37.32489013671875,
    "15": 36.845916748046875,
    "16": 35.614994049072266,
    "17": 35.3602409362793,
    "18": 33.87000274658203,
    "19": 32.84389114379883,
    "20": 31.619232177734375,
    "21": 31.139631271362305,
    "22": 31.3792667388916,
    "23": 31.27972412109375,
    "24": 31.465057373046875,
    "25": 31.87734603881836,
    "26": 31.78573989868164,
    "27": 32.00764846801758,
    "28": 32.18309783935547,
    "29": 33.264366149902344,
    "30": 33.220115661621094,
    "31": 33.80317306518555,
    "32": 34.862064361572266
}