{
    "0": {
        "estimate": NaN,
        "std": NaN
    },
    "1": {
        "estimate": 17.220598957626123,
        "std": 3.9605199261885593
    },
    "2": {
        "estimate": 16.816998405689706,
        "std": 4.145152776374656
    },
    "3": {
        "estimate": 17.226139926212767,
        "std": 4.610257933900938
    },
    "4": {
        "estimate": 19.13260276924023,
        "std": 4.937416092777116
    },
    "5": {
        "estimate": 18.34462218147484,
        "std": 4.808779607137808
    },
    "6": {
        "estimate": 19.356339367420308,
        "std": 4.723382439866502
    },
    "7": {
        "estimate": 21.46545420229299,
        "std": 5.26466613648198
    },
    "8": {
        "estimate": 21.430183437260748,
        "std": 5.300640434767214
    },
    "9": {
        "estimate": 21.426960598145666,
        "std": 4.95890819150026
    },
    "10": {
        "estimate": 20.976208483005564,
        "std": 4.773511721639179
    },
    "11": {
        "estimate": 20.58480773488863,
        "std": 4.700876310321757
    },
    "12": {
        "estimate": 21.721144066712558,
        "std": 4.905619035378752
    },
    "13": {
        "estimate": 21.308971630847914,
        "std": 4.766669785129964
    },
    "14": {
        "estimate": 21.030910241449572,
        "std": 4.875419956456831
    },
    "15": {
        "estimate": 20.838731235002243,
        "std": 4.864504827496615
    },
    "16": {
        "estimate": 20.5381254618701,
        "std": 4.731122283676618
    },
    "17": {
        "estimate": 20.22127798250465,
        "std": 4.737864751153687
    },
    "18": {
        "estimate": 19.932241076980844,
        "std": 4.699875346216527
    },
    "19": {
        "estimate": 19.828424083492138,
        "std": 4.640485631746559
    },
    "20": {
        "estimate": 19.521646136823403,
        "std": 4.548214134469954
    },
    "21": {
        "estimate": 19.537721393126745,
        "std": 4.506497046475276
    },
    "22": {
        "estimate": 19.356781673787484,
        "std": 4.48045527043344
    },
    "23": {
        "estimate": 19.176915941643806,
        "std": 4.412805467108924
    },
    "24": {
        "estimate": 19.254196749243558,
        "std": 4.4619195189319845
    },
    "25": {
        "estimate": 19.100310745140167,
        "std": 4.458885922604634
    },
    "26": {
        "estimate": 19.49488771372633,
        "std": 4.659533136745618
    },
    "27": {
        "estimate": 19.671423582084408,
        "std": 4.746939356852545
    },
    "28": {
        "estimate": 19.64956538007403,
        "std": 4.778547140285215
    },
    "29": {
        "estimate": 19.714850454014403,
        "std": 4.843279304678495
    },
    "30": {
        "estimate": 19.700062970401248,
        "std": 4.84745861183393
    },
    "31": {
        "estimate": 19.810594275543817,
        "std": 4.9207750068778
    },
    "32": {
        "estimate": 19.990394888984426,
        "std": 4.996128756476968
    },
    "33": {
        "estimate": 20.462993181834282,
        "std": 5.22792309583769
    },
    "34": {
        "estimate": 20.510218889727135,
        "std": 5.23758186342707
    },
    "35": {
        "estimate": 20.748763708540412,
        "std": 5.389810291867542
    },
    "36": {
        "estimate": 20.858557359010405,
        "std": 5.513797725885081
    },
    "37": {
        "estimate": 21.62769620817123,
        "std": 5.932350170758049
    },
    "38": {
        "estimate": 22.376271094030383,
        "std": 6.4603618525009905
    },
    "39": {
        "estimate": 23.275072760974616,
        "std": 6.906077912537874
    },
    "40": {
        "estimate": 23.998482777908748,
        "std": 7.323701700558093
    }
}