{
    "0": {
        "estimate": NaN,
        "std": NaN
    },
    "1": {
        "estimate": 15.633742678222369,
        "std": 3.28230713239383
    },
    "2": {
        "estimate": 15.005892099142532,
        "std": 3.3951765319962406
    },
    "3": {
        "estimate": 15.621772829437637,
        "std": 3.8838186002617316
    },
    "4": {
        "estimate": 17.31828509222754,
        "std": 4.039870492188459
    },
    "5": {
        "estimate": 16.561478107210533,
        "std": 4.007898808321904
    },
    "6": {
        "estimate": 17.690710410194747,
        "std": 3.8473095153571246
    },
    "7": {
        "estimate": 19.777684751306072,
        "std": 4.249083287442228
    },
    "8": {
        "estimate": 19.922235600055764,
        "std": 4.320945193400982
    },
    "9": {
        "estimate": 19.86698007451375,
        "std": 4.098233235055177
    },
    "10": {
        "estimate": 19.507359529166838,
        "std": 3.9746208960937643
    },
    "11": {
        "estimate": 19.075661871989595,
        "std": 3.8106201833000872
    },
    "12": {
        "estimate": 20.271315295323816,
        "std": 3.8827588987070394
    },
    "13": {
        "estimate": 19.970057253304823,
        "std": 3.764725398969128
    },
    "14": {
        "estimate": 19.953801273853088,
        "std": 3.85082197953194
    },
    "15": {
        "estimate": 19.858102285382493,
        "std": 3.8339666835013064
    },
    "16": {
        "estimate": 19.71464839063441,
        "std": 3.7212540390849336
    },
    "17": {
        "estimate": 19.482259312508226,
        "std": 3.661231986705296
    },
    "18": {
        "estimate": 19.213685112977103,
        "std": 3.6662371502579525
    },
    "19": {
        "estimate": 19.12555494475213,
        "std": 3.6396419718494206
    },
    "20": {
        "estimate": 18.786703638642457,
        "std": 3.5966617849233833
    },
    "21": {
        "estimate": 18.68343003349173,
        "std": 3.6170557721280625
    },
    "22": {
        "estimate": 18.50086300044969,
        "std": 3.6297917463956737
    },
    "23": {
        "estimate": 18.27661718251485,
        "std": 3.6047024572586652
    },
    "24": {
        "estimate": 18.294348040759353,
        "std": 3.668663169766749
    },
    "25": {
        "estimate": 18.152967861290463,
        "std": 3.7059473204959223
    },
    "26": {
        "estimate": 18.544767837040133,
        "std": 3.900432383438663
    },
    "27": {
        "estimate": 18.687928097490694,
        "std": 4.01537586212968
    },
    "28": {
        "estimate": 18.600197315023284,
        "std": 4.1314600486224675
    },
    "29": {
        "estimate": 18.68383530699848,
        "std": 4.211018222932115
    },
    "30": {
        "estimate": 18.658437961541768,
        "std": 4.218861262629838
    },
    "31": {
        "estimate": 18.74486792404892,
        "std": 4.2503483395113655
    },
    "32": {
        "estimate": 18.899407157060068,
        "std": 4.383428988870562
    },
    "33": {
        "estimate": 19.275701533862353,
        "std": 4.663899006495283
    },
    "34": {
        "estimate": 19.327841516375997,
        "std": 4.703825290236403
    },
    "35": {
        "estimate": 19.57803295381174,
        "std": 4.855778080943366
    },
    "36": {
        "estimate": 19.689862108336527,
        "std": 4.974770821171135
    },
    "37": {
        "estimate": 20.41363509205852,
        "std": 5.494630270010364
    },
    "38": {
        "estimate": 21.211306104774494,
        "std": 5.869886567808808
    },
    "39": {
        "estimate": 22.152675338444386,
        "std": 6.233315140530328
    },
    "40": {
        "estimate": 22.823947517019224,
        "std": 6.226007351639261
    }
}