{
    "0": {
        "estimate": NaN,
        "std": NaN
    },
    "1": {
        "estimate": 15.85676371211655,
        "std": 6.145903024200202
    },
    "2": {
        "estimate": 14.179717408703686,
        "std": 8.765162091340768
    },
    "3": {
        "estimate": 17.889946621917456,
        "std": 9.515774908206591
    },
    "4": {
        "estimate": 19.896588554990263,
        "std": 9.504977773867532
    },
    "5": {
        "estimate": 20.557723859640706,
        "std": 9.57303655815569
    },
    "6": {
        "estimate": 23.551627750652912,
        "std": 8.424340085302575
    },
    "7": {
        "estimate": 24.434686985969357,
        "std": 8.504841421982611
    },
    "8": {
        "estimate": 23.773818924356284,
        "std": 8.373912088362772
    },
    "9": {
        "estimate": 25.53126509818312,
        "std": 8.249420389174754
    },
    "10": {
        "estimate": 25.906919316218268,
        "std": 8.051546944808086
    },
    "11": {
        "estimate": 26.16018001102195,
        "std": 8.050102332332923
    },
    "12": {
        "estimate": 26.793744126618638,
        "std": 7.770222909699366
    },
    "13": {
        "estimate": 25.79395536865942,
        "std": 7.047574481883168
    },
    "14": {
        "estimate": 25.868715485594446,
        "std": 6.777920698573952
    },
    "15": {
        "estimate": 26.404017123234375,
        "std": 6.7498325178201295
    },
    "16": {
        "estimate": 26.435324975265424,
        "std": 6.497451155043655
    },
    "17": {
        "estimate": 25.868023308840073,
        "std": 5.973668085235811
    },
    "18": {
        "estimate": 26.271093594623824,
        "std": 5.945378239734155
    },
    "19": {
        "estimate": 25.906329602897166,
        "std": 5.757253830050212
    },
    "20": {
        "estimate": 25.831091100450973,
        "std": 5.670968768607205
    },
    "21": {
        "estimate": 25.688691934647718,
        "std": 5.636541014628784
    },
    "22": {
        "estimate": 25.605195826729435,
        "std": 5.677845363995725
    },
    "23": {
        "estimate": 25.588703737243417,
        "std": 5.658327991545829
    },
    "24": {
        "estimate": 25.695922175802803,
        "std": 5.642681528396686
    },
    "25": {
        "estimate": 25.82869971549451,
        "std": 5.733115113960251
    },
    "26": {
        "estimate": 25.836653077957074,
        "std": 5.726008169444447
    },
    "27": {
        "estimate": 25.838994904375088,
        "std": 5.735366728605848
    },
    "28": {
        "estimate": 26.058113433595793,
        "std": 5.708989350426235
    },
    "29": {
        "estimate": 26.288997150977924,
        "std": 5.846405696982807
    },
    "30": {
        "estimate": 26.519136572552345,
        "std": 5.95487639588927
    },
    "31": {
        "estimate": 27.079319307598833,
        "std": 6.064569704854756
    },
    "32": {
        "estimate": 26.856742821030057,
        "std": 5.862821937000614
    }
}