{
    "0": {
        "estimate": NaN,
        "std": NaN
    },
    "1": {
        "estimate": 15.521020039870479,
        "std": 5.547144910671719
    },
    "2": {
        "estimate": 14.806084989772359,
        "std": 7.775269116358251
    },
    "3": {
        "estimate": 18.343172022557077,
        "std": 8.337785436165484
    },
    "4": {
        "estimate": 20.025124849408957,
        "std": 8.389553660897956
    },
    "5": {
        "estimate": 20.905076793506282,
        "std": 8.54201869129635
    },
    "6": {
        "estimate": 23.156873074475826,
        "std": 7.586026085846733
    },
    "7": {
        "estimate": 23.993294688846262,
        "std": 7.691584577111148
    },
    "8": {
        "estimate": 23.451960490129444,
        "std": 7.525253982453775
    },
    "9": {
        "estimate": 24.972995122349715,
        "std": 7.453632547274433
    },
    "10": {
        "estimate": 25.257416319813654,
        "std": 7.265191268689805
    },
    "11": {
        "estimate": 25.45274259267704,
        "std": 7.158932834791886
    },
    "12": {
        "estimate": 25.99456352417048,
        "std": 7.0066848280929
    },
    "13": {
        "estimate": 24.904339351025794,
        "std": 6.237276918615632
    },
    "14": {
        "estimate": 24.95189862188899,
        "std": 5.978910504068966
    },
    "15": {
        "estimate": 25.340218377896623,
        "std": 5.941241197873828
    },
    "16": {
        "estimate": 25.265372439451895,
        "std": 5.649283527638381
    },
    "17": {
        "estimate": 24.709405157098445,
        "std": 5.280681312211752
    },
    "18": {
        "estimate": 24.965247571044124,
        "std": 5.233005172029263
    },
    "19": {
        "estimate": 24.52367121189583,
        "std": 5.144962079183335
    },
    "20": {
        "estimate": 24.386983161731433,
        "std": 5.044534732968469
    },
    "21": {
        "estimate": 24.236350505589634,
        "std": 4.967037307720627
    },
    "22": {
        "estimate": 24.129937676346245,
        "std": 4.953172913751358
    },
    "23": {
        "estimate": 24.124898132825958,
        "std": 4.971927804867814
    },
    "24": {
        "estimate": 24.183112509211636,
        "std": 4.949794798775855
    },
    "25": {
        "estimate": 24.33204032296125,
        "std": 5.04099192522644
    },
    "26": {
        "estimate": 24.319825943181687,
        "std": 5.018852549995341
    },
    "27": {
        "estimate": 24.317601314447646,
        "std": 5.0317112902028
    },
    "28": {
        "estimate": 24.506484245434667,
        "std": 5.104250220918789
    },
    "29": {
        "estimate": 24.76502773669021,
        "std": 5.18393041671919
    },
    "30": {
        "estimate": 24.977674100540195,
        "std": 5.328651648521743
    },
    "31": {
        "estimate": 25.510737787765184,
        "std": 5.385911652521291
    },
    "32": {
        "estimate": 25.237304007316865,
        "std": 5.158076577541683
    }
}