{
    "0": NaN,
    "1": 9.723587989807129,
    "2": 2.806978702545166,
    "3": 5.1324968338012695,
    "4": 7.133798122406006,
    "5": 7.405387878417969,
    "6": 12.22137451171875,
    "7": 13.450966835021973,
    "8": 12.920440673828125,
    "9": 16.078704833984375,
    "10": 17.26494026184082,
    "11": 18.281543731689453,
    "12": 20.57154083251953,
    "13": 22.397483825683594,
    "14": 24.03000259399414,
    "15": 24.601165771484375,
    "16": 25.948999404907227,
    "17": 28.430397033691406,
    "18": 30.405160903930664,
    "19": 30.535720825195312,
    "20": 30.902936935424805,
    "21": 31.4100284576416,
    "22": 31.24008560180664,
    "23": 31.399303436279297,
    "24": 31.558216094970703,
    "25": 31.931964874267578,
    "26": 32.394378662109375,
    "27": 32.86640930175781,
    "28": 33.8106575012207,
    "29": 33.960166931152344,
    "30": 34.13385009765625,
    "31": 34.04658126831055,
    "32": 33.34229278564453
}