{
    "0": {
        "estimate": Infinity,
        "std": NaN
    },
    "1": {
        "estimate": 14.724255215506401,
        "std": 5.4917810210665206
    },
    "2": {
        "estimate": 16.144663087407228,
        "std": 6.050171063783176
    },
    "3": {
        "estimate": 14.929062056683527,
        "std": 5.52926768203363
    },
    "4": {
        "estimate": 16.16012145744147,
        "std": 6.041510133411534
    },
    "5": {
        "estimate": 17.06723068203171,
        "std": 6.4281552661228725
    },
    "6": {
        "estimate": 16.735097227823342,
        "std": 5.753245882639338
    },
    "7": {
        "estimate": 16.66333001807853,
        "std": 5.69106076145514
    },
    "8": {
        "estimate": 17.38975579204635,
        "std": 5.919278626934059
    },
    "9": {
        "estimate": 18.765636687728314,
        "std": 6.361841716012294
    },
    "10": {
        "estimate": 18.842410572037135,
        "std": 6.150554496319165
    },
    "11": {
        "estimate": 18.421253122939305,
        "std": 5.975756654483005
    },
    "12": {
        "estimate": 18.61534673185143,
        "std": 6.042664533536563
    },
    "13": {
        "estimate": 17.888924577043614,
        "std": 5.661426602768499
    },
    "14": {
        "estimate": 17.586331515890343,
        "std": 5.500727456278752
    },
    "15": {
        "estimate": 17.732291022459766,
        "std": 5.5523960081562285
    },
    "16": {
        "estimate": 17.49108488338739,
        "std": 5.558798112688911
    },
    "17": {
        "estimate": 17.048532055753352,
        "std": 5.4459733520033975
    },
    "18": {
        "estimate": 16.59233312270559,
        "std": 5.440627309827644
    },
    "19": {
        "estimate": 16.185572958892752,
        "std": 5.331471773647495
    },
    "20": {
        "estimate": 15.768410650691203,
        "std": 5.137410520834446
    },
    "21": {
        "estimate": 15.618419460529136,
        "std": 5.136770578302354
    },
    "22": {
        "estimate": 15.553284681227282,
        "std": 4.983454685418962
    },
    "23": {
        "estimate": 15.429545852809254,
        "std": 4.853386907070395
    },
    "24": {
        "estimate": 15.438520832694643,
        "std": 4.842801575656789
    },
    "25": {
        "estimate": 15.51506512679371,
        "std": 4.834229549420734
    },
    "26": {
        "estimate": 15.724567549920245,
        "std": 4.885439064567871
    },
    "27": {
        "estimate": 15.964281963647421,
        "std": 5.023716471874559
    },
    "28": {
        "estimate": 16.353159573022275,
        "std": 5.180082558339381
    },
    "29": {
        "estimate": 16.983713858619698,
        "std": 5.58782391081578
    },
    "30": {
        "estimate": 19.065916767565238,
        "std": 6.613588031125565
    },
    "31": {
        "estimate": 19.667280679775835,
        "std": 7.132224868682374
    },
    "32": {
        "estimate": 20.093180989923106,
        "std": 7.187285435399009
    }
}