{
    "0": {
        "estimate": Infinity,
        "std": NaN
    },
    "1": {
        "estimate": 14.929612238932762,
        "std": 8.089060760574164
    },
    "2": {
        "estimate": 16.001040978361665,
        "std": 8.917156137745605
    },
    "3": {
        "estimate": 14.872290221354834,
        "std": 8.250577356894231
    },
    "4": {
        "estimate": 16.167945301116625,
        "std": 8.814189655622009
    },
    "5": {
        "estimate": 16.783112682022697,
        "std": 9.088535133943218
    },
    "6": {
        "estimate": 16.68282873580835,
        "std": 8.641740795709325
    },
    "7": {
        "estimate": 16.59851501242194,
        "std": 8.55255623266137
    },
    "8": {
        "estimate": 17.204506027265207,
        "std": 8.612233907464041
    },
    "9": {
        "estimate": 18.399608452928515,
        "std": 9.366197331055593
    },
    "10": {
        "estimate": 18.734873081073225,
        "std": 8.9798537582499
    },
    "11": {
        "estimate": 18.39237430352551,
        "std": 8.691293794259026
    },
    "12": {
        "estimate": 19.137964303753176,
        "std": 8.582281677525346
    },
    "13": {
        "estimate": 18.82440628338485,
        "std": 8.33413412237321
    },
    "14": {
        "estimate": 18.70746541410877,
        "std": 8.104630181826693
    },
    "15": {
        "estimate": 18.5816879667518,
        "std": 8.227403008838465
    },
    "16": {
        "estimate": 18.24000696804859,
        "std": 8.182812742568508
    },
    "17": {
        "estimate": 17.916934382110224,
        "std": 7.9464802428996135
    },
    "18": {
        "estimate": 17.249312115096114,
        "std": 7.739536045683784
    },
    "19": {
        "estimate": 17.001217425428926,
        "std": 7.511782429337334
    },
    "20": {
        "estimate": 16.802147391657176,
        "std": 7.470532988159163
    },
    "21": {
        "estimate": 16.714493718544713,
        "std": 7.478707318870483
    },
    "22": {
        "estimate": 16.71994548795312,
        "std": 7.409628469497725
    },
    "23": {
        "estimate": 16.71267624228312,
        "std": 7.30410150066605
    },
    "24": {
        "estimate": 16.779521598172263,
        "std": 7.288594273915716
    },
    "25": {
        "estimate": 16.870661027936013,
        "std": 7.259892370679012
    },
    "26": {
        "estimate": 17.10890611352246,
        "std": 7.347634553474254
    },
    "27": {
        "estimate": 17.378863962799876,
        "std": 7.641376417193233
    },
    "28": {
        "estimate": 17.524674756692555,
        "std": 7.904636987591524
    },
    "29": {
        "estimate": 17.70044985028337,
        "std": 8.356271636916139
    },
    "30": {
        "estimate": 19.210137464510378,
        "std": 9.924513514388057
    },
    "31": {
        "estimate": 19.50978407029253,
        "std": 10.612482410076135
    },
    "32": {
        "estimate": 19.529758653397,
        "std": 10.914222656444792
    }
}