{
    "0": NaN,
    "1": 4.29286527633667,
    "2": 4.260388374328613,
    "3": 4.435956001281738,
    "4": 4.68006706237793,
    "5": 4.9994707107543945,
    "6": 5.0703606605529785,
    "7": 5.227258682250977,
    "8": 5.424685955047607,
    "9": 5.726319789886475,
    "10": 6.234262943267822,
    "11": 6.281002521514893,
    "12": 7.308812618255615,
    "13": 7.593989849090576,
    "14": 7.783694744110107,
    "15": 7.560827255249023,
    "16": 7.462843418121338,
    "17": 7.6725664138793945,
    "18": 7.5099921226501465,
    "19": 7.636566638946533,
    "20": 7.70741605758667,
    "21": 7.728901386260986,
    "22": 7.770976543426514,
    "23": 7.895712852478027,
    "24": 7.908126354217529,
    "25": 7.914788246154785,
    "26": 7.949750900268555,
    "27": 7.885330677032471,
    "28": 7.664743423461914,
    "29": 7.104944705963135,
    "30": 6.1807332038879395,
    "31": 5.797562122344971,
    "32": 5.524982929229736
}