{
    "0": {
        "estimate": NaN,
        "std": NaN
    },
    "1": {
        "estimate": 18.117842643679644,
        "std": 7.713987633114665
    },
    "2": {
        "estimate": 18.572110954814075,
        "std": 7.684907323692517
    },
    "3": {
        "estimate": 18.08781205372691,
        "std": 7.474989123449795
    },
    "4": {
        "estimate": 18.764731318218818,
        "std": 8.26403868015531
    },
    "5": {
        "estimate": 18.334661681382123,
        "std": 8.018501957774467
    },
    "6": {
        "estimate": 18.107077487655022,
        "std": 7.825667135280102
    },
    "7": {
        "estimate": 18.00570907550075,
        "std": 7.54867965885953
    },
    "8": {
        "estimate": 18.000999922003874,
        "std": 7.334274237961519
    },
    "9": {
        "estimate": 18.208231812228362,
        "std": 7.350625551126833
    },
    "10": {
        "estimate": 19.24778857539185,
        "std": 7.527808285975236
    },
    "11": {
        "estimate": 18.686054247835628,
        "std": 6.993842533103057
    },
    "12": {
        "estimate": 18.97974565250434,
        "std": 7.004957562763972
    },
    "13": {
        "estimate": 19.81375821412855,
        "std": 6.9972050881626116
    },
    "14": {
        "estimate": 19.11728072870761,
        "std": 6.492400555126776
    },
    "15": {
        "estimate": 18.74846843550842,
        "std": 6.272022056782792
    },
    "16": {
        "estimate": 18.186172588528795,
        "std": 6.11534288376848
    },
    "17": {
        "estimate": 17.618089058386918,
        "std": 5.758149495423192
    },
    "18": {
        "estimate": 16.84960687715854,
        "std": 5.47261058210083
    },
    "19": {
        "estimate": 16.24357259356344,
        "std": 5.154035807771548
    },
    "20": {
        "estimate": 16.211914968852856,
        "std": 5.108894267318881
    },
    "21": {
        "estimate": 16.17743850908472,
        "std": 5.067280108367215
    },
    "22": {
        "estimate": 15.873704586779558,
        "std": 4.928419481749149
    },
    "23": {
        "estimate": 16.064252372556044,
        "std": 4.964331751319322
    },
    "24": {
        "estimate": 16.50237997569113,
        "std": 5.166237028667866
    },
    "25": {
        "estimate": 16.959279494331277,
        "std": 5.359723867116571
    },
    "26": {
        "estimate": 18.168976465560608,
        "std": 5.9049175262205855
    },
    "27": {
        "estimate": 18.895865778799767,
        "std": 6.3606012897028
    },
    "28": {
        "estimate": 19.123808064144487,
        "std": 6.494411574199986
    },
    "29": {
        "estimate": 20.45804416801671,
        "std": 7.494634673019081
    },
    "30": {
        "estimate": 19.885844607687027,
        "std": 8.023608092878748
    },
    "31": {
        "estimate": 22.486052755784083,
        "std": 10.171783126894457
    },
    "32": {
        "estimate": 20.407703520291744,
        "std": 9.631248292341379
    }
}