{
    "0": {
        "estimate": NaN,
        "std": NaN
    },
    "1": {
        "estimate": 13.451841194752761,
        "std": 6.687981946250126
    },
    "2": {
        "estimate": 17.627485499830076,
        "std": 7.212939439267287
    },
    "3": {
        "estimate": 17.437090626638458,
        "std": 7.389172803572818
    },
    "4": {
        "estimate": 18.05317181266242,
        "std": 6.7681519377273185
    },
    "5": {
        "estimate": 20.39634494691148,
        "std": 7.511700734690964
    },
    "6": {
        "estimate": 18.900031494243223,
        "std": 7.004285722732897
    },
    "7": {
        "estimate": 19.845875085120564,
        "std": 7.610934611004415
    },
    "8": {
        "estimate": 20.30871516813475,
        "std": 7.656824370296397
    },
    "9": {
        "estimate": 20.853573220665456,
        "std": 7.676241326092871
    },
    "10": {
        "estimate": 21.123843312482702,
        "std": 7.451403874087927
    },
    "11": {
        "estimate": 20.75703491025104,
        "std": 6.9822962385209495
    },
    "12": {
        "estimate": 20.465965590544233,
        "std": 6.62379588394726
    },
    "13": {
        "estimate": 20.339652572797025,
        "std": 6.782693801047123
    },
    "14": {
        "estimate": 19.904070850875403,
        "std": 6.703668481139636
    },
    "15": {
        "estimate": 20.387414751330827,
        "std": 7.041289312028823
    },
    "16": {
        "estimate": 19.61602084274111,
        "std": 6.701286553286455
    },
    "17": {
        "estimate": 18.820341848259243,
        "std": 6.557163265987548
    },
    "18": {
        "estimate": 18.196469465544073,
        "std": 6.279452103217426
    },
    "19": {
        "estimate": 17.903512415462387,
        "std": 6.071012147230809
    },
    "20": {
        "estimate": 17.751136219379212,
        "std": 5.894104567990128
    },
    "21": {
        "estimate": 17.186234801729285,
        "std": 5.815919046403443
    },
    "22": {
        "estimate": 17.154800411383093,
        "std": 5.76064328295939
    },
    "23": {
        "estimate": 17.463026640285108,
        "std": 5.876943116774705
    },
    "24": {
        "estimate": 18.071752295157854,
        "std": 6.16210059174374
    },
    "25": {
        "estimate": 19.329796712866443,
        "std": 6.826687061894126
    },
    "26": {
        "estimate": 20.48503091473466,
        "std": 7.568876181640332
    },
    "27": {
        "estimate": 21.108085348180158,
        "std": 8.034919000599979
    },
    "28": {
        "estimate": 21.42349606394602,
        "std": 8.739142090992615
    },
    "29": {
        "estimate": 22.118579352721614,
        "std": 9.123187813900504
    },
    "30": {
        "estimate": 21.03968211086182,
        "std": 9.009157798774675
    },
    "31": {
        "estimate": 21.564483300329787,
        "std": 9.491795850713686
    },
    "32": {
        "estimate": 21.385090758917237,
        "std": 8.81604707142169
    }
}