{
    "0": {
        "estimate": NaN,
        "std": NaN
    },
    "1": {
        "estimate": 14.121413475190213,
        "std": 10.126966684022932
    },
    "2": {
        "estimate": 16.170735029956646,
        "std": 12.048723089564978
    },
    "3": {
        "estimate": 17.239991058216134,
        "std": 12.166873357768434
    },
    "4": {
        "estimate": 17.97174407293434,
        "std": 11.745141224092983
    },
    "5": {
        "estimate": 19.30187895583677,
        "std": 13.116087607477034
    },
    "6": {
        "estimate": 18.401137715742042,
        "std": 11.603382109283233
    },
    "7": {
        "estimate": 18.810505512973176,
        "std": 12.294309828428423
    },
    "8": {
        "estimate": 18.832663287019624,
        "std": 12.57692872236761
    },
    "9": {
        "estimate": 19.701264560029546,
        "std": 12.468083424164467
    },
    "10": {
        "estimate": 20.125468665732484,
        "std": 12.314210109159335
    },
    "11": {
        "estimate": 19.97341525222331,
        "std": 12.017860971100257
    },
    "12": {
        "estimate": 20.438382863525423,
        "std": 12.225463393578822
    },
    "13": {
        "estimate": 20.481299232873436,
        "std": 12.003036936150819
    },
    "14": {
        "estimate": 20.10961946106542,
        "std": 11.570249696549704
    },
    "15": {
        "estimate": 20.314042581373013,
        "std": 11.941838387805003
    },
    "16": {
        "estimate": 19.894633354527254,
        "std": 11.559818744471254
    },
    "17": {
        "estimate": 18.73623938638311,
        "std": 10.881022413039592
    },
    "18": {
        "estimate": 18.5623883438521,
        "std": 10.530802134283546
    },
    "19": {
        "estimate": 18.560396558486037,
        "std": 10.3626259629228
    },
    "20": {
        "estimate": 18.567090464372793,
        "std": 10.339792114637957
    },
    "21": {
        "estimate": 17.83107018704391,
        "std": 9.848867336067991
    },
    "22": {
        "estimate": 17.93446538998098,
        "std": 10.011507329052549
    },
    "23": {
        "estimate": 17.926879753363767,
        "std": 9.894254478502749
    },
    "24": {
        "estimate": 18.56648853884673,
        "std": 10.890439585480927
    },
    "25": {
        "estimate": 19.186238793468622,
        "std": 12.092534526378104
    },
    "26": {
        "estimate": 19.690110064731666,
        "std": 13.19418233894693
    },
    "27": {
        "estimate": 19.78538629350205,
        "std": 13.735505299125919
    },
    "28": {
        "estimate": 19.74105038663645,
        "std": 14.648253865778866
    },
    "29": {
        "estimate": 20.152696307101923,
        "std": 15.198001397127966
    },
    "30": {
        "estimate": 18.984611630892296,
        "std": 14.148953584674684
    },
    "31": {
        "estimate": 18.961309538745542,
        "std": 14.628053388046345
    },
    "32": {
        "estimate": 18.645379583231687,
        "std": 13.920856331841678
    }
}