{
    "0": {
        "estimate": NaN,
        "std": NaN
    },
    "1": {
        "estimate": 13.905289308991653,
        "std": 6.988805337200221
    },
    "2": {
        "estimate": 17.244456612843013,
        "std": 8.35761704492014
    },
    "3": {
        "estimate": 17.636420502889663,
        "std": 8.459725198349313
    },
    "4": {
        "estimate": 18.28112028594988,
        "std": 7.745977774405643
    },
    "5": {
        "estimate": 20.21970713592525,
        "std": 8.741324101152422
    },
    "6": {
        "estimate": 19.06875907930746,
        "std": 8.00823410125007
    },
    "7": {
        "estimate": 19.771592934386565,
        "std": 8.647267653265915
    },
    "8": {
        "estimate": 20.054891071846697,
        "std": 8.724978350874531
    },
    "9": {
        "estimate": 20.73922787033639,
        "std": 8.747998969238163
    },
    "10": {
        "estimate": 21.041310254965836,
        "std": 8.628521938675721
    },
    "11": {
        "estimate": 20.764481955850197,
        "std": 8.210197293439698
    },
    "12": {
        "estimate": 20.621720879464014,
        "std": 7.815780184739816
    },
    "13": {
        "estimate": 20.611737154246015,
        "std": 7.937506980436381
    },
    "14": {
        "estimate": 20.206246068353487,
        "std": 7.7943561239333565
    },
    "15": {
        "estimate": 20.55203859330649,
        "std": 8.152318110354337
    },
    "16": {
        "estimate": 19.913022822474815,
        "std": 7.8423528731718966
    },
    "17": {
        "estimate": 18.99907802543794,
        "std": 7.524525678239652
    },
    "18": {
        "estimate": 18.506620943911486,
        "std": 7.237252761371345
    },
    "19": {
        "estimate": 18.272520760023408,
        "std": 6.973941603011273
    },
    "20": {
        "estimate": 18.18857302414111,
        "std": 6.895351296654147
    },
    "21": {
        "estimate": 17.60540646605298,
        "std": 6.716149230104738
    },
    "22": {
        "estimate": 17.613623326988357,
        "std": 6.674532611264765
    },
    "23": {
        "estimate": 17.86125637607661,
        "std": 6.860939611305122
    },
    "24": {
        "estimate": 18.505849869440908,
        "std": 7.274959019687289
    },
    "25": {
        "estimate": 19.487540648708055,
        "std": 8.144518361213827
    },
    "26": {
        "estimate": 20.399130627889654,
        "std": 8.989530002598741
    },
    "27": {
        "estimate": 20.834730703468086,
        "std": 9.471064597627812
    },
    "28": {
        "estimate": 20.96849009580983,
        "std": 10.149945022379192
    },
    "29": {
        "estimate": 21.590487750274093,
        "std": 10.656191884802311
    },
    "30": {
        "estimate": 20.35094384506116,
        "std": 10.257362383302821
    },
    "31": {
        "estimate": 20.706367883758343,
        "std": 10.872801401165567
    },
    "32": {
        "estimate": 20.48608784953418,
        "std": 10.153381660581912
    }
}