{
    "0": {
        "estimate": NaN,
        "std": NaN
    },
    "1": {
        "estimate": 20.017044069127795,
        "std": 10.21121122662191
    },
    "2": {
        "estimate": 24.586159242663275,
        "std": 10.74619348249563
    },
    "3": {
        "estimate": 25.10783247064116,
        "std": 9.720618919857317
    },
    "4": {
        "estimate": 26.773343909081746,
        "std": 10.330970966309323
    },
    "5": {
        "estimate": 28.829739064093072,
        "std": 11.360769739924246
    },
    "6": {
        "estimate": 27.67708792898611,
        "std": 10.936220350589704
    },
    "7": {
        "estimate": 28.416005661995943,
        "std": 11.343257820265631
    },
    "8": {
        "estimate": 28.54935227385459,
        "std": 11.023696265498169
    },
    "9": {
        "estimate": 27.29175706094881,
        "std": 10.138764554394404
    },
    "10": {
        "estimate": 26.832504417691577,
        "std": 9.738286391557953
    },
    "11": {
        "estimate": 26.888247966305947,
        "std": 9.352450427457999
    },
    "12": {
        "estimate": 28.542456804695526,
        "std": 9.485369389800237
    },
    "13": {
        "estimate": 27.966511405585212,
        "std": 9.2339361407521
    },
    "14": {
        "estimate": 26.94188706873653,
        "std": 8.772242802934088
    },
    "15": {
        "estimate": 26.762899310117216,
        "std": 8.789103126099388
    },
    "16": {
        "estimate": 25.030088441948923,
        "std": 8.240469893643679
    },
    "17": {
        "estimate": 23.799200021392238,
        "std": 8.006606617359528
    },
    "18": {
        "estimate": 22.058921815089374,
        "std": 7.347038421864397
    },
    "19": {
        "estimate": 21.139908223917377,
        "std": 7.104599765960597
    },
    "20": {
        "estimate": 20.869510365947725,
        "std": 7.040452782812798
    },
    "21": {
        "estimate": 20.27144980352287,
        "std": 6.874162030654361
    },
    "22": {
        "estimate": 18.96803999989782,
        "std": 6.566954542623691
    },
    "23": {
        "estimate": 18.36391752693759,
        "std": 6.329589757305436
    },
    "24": {
        "estimate": 17.50021405710112,
        "std": 6.147489113002526
    },
    "25": {
        "estimate": 16.72420031424452,
        "std": 6.019139864782986
    },
    "26": {
        "estimate": 16.53741056702511,
        "std": 5.937136744539992
    },
    "27": {
        "estimate": 16.369145513610444,
        "std": 5.888186594873394
    },
    "28": {
        "estimate": 16.466023382814996,
        "std": 5.979902516890584
    },
    "29": {
        "estimate": 16.457213150238054,
        "std": 6.065746035349914
    },
    "30": {
        "estimate": 16.310826661515243,
        "std": 6.0406955216077876
    },
    "31": {
        "estimate": 17.08910601436967,
        "std": 6.237019972309162
    },
    "32": {
        "estimate": 17.49673291558077,
        "std": 6.652136034771435
    }
}