{
    "0": {
        "estimate": NaN,
        "std": NaN
    },
    "1": {
        "estimate": 16.03543536422185,
        "std": 7.869657196355656
    },
    "2": {
        "estimate": 21.909083176133763,
        "std": 8.27747807666489
    },
    "3": {
        "estimate": 20.61171511923262,
        "std": 7.469904315641671
    },
    "4": {
        "estimate": 22.175924194735654,
        "std": 7.8621203412141565
    },
    "5": {
        "estimate": 23.822894594738017,
        "std": 8.583036255969278
    },
    "6": {
        "estimate": 22.642267081546184,
        "std": 8.098147067002262
    },
    "7": {
        "estimate": 23.532900229024225,
        "std": 8.468719700327277
    },
    "8": {
        "estimate": 23.57024529402025,
        "std": 7.902352953436752
    },
    "9": {
        "estimate": 22.84466361747512,
        "std": 7.1760265071720175
    },
    "10": {
        "estimate": 22.580794693621097,
        "std": 6.92324162033164
    },
    "11": {
        "estimate": 22.625544960153796,
        "std": 6.700482170309221
    },
    "12": {
        "estimate": 23.927525941599864,
        "std": 6.54602778527527
    },
    "13": {
        "estimate": 23.52156356772553,
        "std": 6.2445848559118895
    },
    "14": {
        "estimate": 22.273580953552873,
        "std": 5.88089468508704
    },
    "15": {
        "estimate": 22.20569742667349,
        "std": 5.996748548756835
    },
    "16": {
        "estimate": 21.083602012679254,
        "std": 5.705866474941099
    },
    "17": {
        "estimate": 20.02871187180914,
        "std": 5.688912366441014
    },
    "18": {
        "estimate": 18.393566217081794,
        "std": 5.214782536470106
    },
    "19": {
        "estimate": 17.41732448155793,
        "std": 5.029788230503343
    },
    "20": {
        "estimate": 17.20095914601522,
        "std": 4.973638806223007
    },
    "21": {
        "estimate": 16.70408356291096,
        "std": 4.869960603781806
    },
    "22": {
        "estimate": 15.709084033984004,
        "std": 4.65505748511554
    },
    "23": {
        "estimate": 15.17264891004146,
        "std": 4.52321241509498
    },
    "24": {
        "estimate": 14.483248807620216,
        "std": 4.364085277011239
    },
    "25": {
        "estimate": 13.938069626523088,
        "std": 4.225836327365136
    },
    "26": {
        "estimate": 13.811701054261833,
        "std": 4.186141171213751
    },
    "27": {
        "estimate": 13.635900924342765,
        "std": 4.12906784703101
    },
    "28": {
        "estimate": 13.69333058500252,
        "std": 4.134973589051897
    },
    "29": {
        "estimate": 13.71174353393454,
        "std": 4.284854733838145
    },
    "30": {
        "estimate": 13.579519724787486,
        "std": 4.292111443351446
    },
    "31": {
        "estimate": 14.227207891162735,
        "std": 4.457787825380392
    },
    "32": {
        "estimate": 14.6362685043851,
        "std": 5.088165172587741
    }
}