{
    "0": {
        "estimate": NaN,
        "std": NaN
    },
    "1": {
        "estimate": 17.884041177994067,
        "std": 9.299104244642251
    },
    "2": {
        "estimate": 23.266482622096174,
        "std": 9.12216147947558
    },
    "3": {
        "estimate": 22.731859904983413,
        "std": 8.434699315313484
    },
    "4": {
        "estimate": 24.288993426599795,
        "std": 8.815389374031813
    },
    "5": {
        "estimate": 26.11881877842324,
        "std": 9.666591965622489
    },
    "6": {
        "estimate": 24.944629166160272,
        "std": 9.261807157137458
    },
    "7": {
        "estimate": 25.74002760850539,
        "std": 9.640871864325923
    },
    "8": {
        "estimate": 25.898785471993044,
        "std": 9.213805208013559
    },
    "9": {
        "estimate": 24.93681467559344,
        "std": 8.383687857294078
    },
    "10": {
        "estimate": 24.5568074736592,
        "std": 8.016604345902314
    },
    "11": {
        "estimate": 24.6192129005967,
        "std": 7.871088512588258
    },
    "12": {
        "estimate": 26.00099389131563,
        "std": 7.639327578089678
    },
    "13": {
        "estimate": 25.566270630549347,
        "std": 7.386333459149536
    },
    "14": {
        "estimate": 24.45243464266755,
        "std": 7.03124247195158
    },
    "15": {
        "estimate": 24.302127047570895,
        "std": 6.983299062831866
    },
    "16": {
        "estimate": 22.90813736824058,
        "std": 6.6198440069297435
    },
    "17": {
        "estimate": 21.789787502979483,
        "std": 6.518655066546669
    },
    "18": {
        "estimate": 20.129232532019994,
        "std": 6.117016808507293
    },
    "19": {
        "estimate": 19.2521125754732,
        "std": 5.849477290968656
    },
    "20": {
        "estimate": 18.981251078693436,
        "std": 5.791475075216888
    },
    "21": {
        "estimate": 18.449484958582026,
        "std": 5.701785248578452
    },
    "22": {
        "estimate": 17.23882052928089,
        "std": 5.37555544309227
    },
    "23": {
        "estimate": 16.69096087034634,
        "std": 5.227509359853479
    },
    "24": {
        "estimate": 15.881537108569555,
        "std": 5.09322429407177
    },
    "25": {
        "estimate": 15.140161948612926,
        "std": 4.907602876747166
    },
    "26": {
        "estimate": 14.987985303727195,
        "std": 4.841898212986435
    },
    "27": {
        "estimate": 14.806074292859147,
        "std": 4.7719960215144
    },
    "28": {
        "estimate": 14.86016930624137,
        "std": 4.8398110130890855
    },
    "29": {
        "estimate": 14.84862024878044,
        "std": 4.966128884687773
    },
    "30": {
        "estimate": 14.710542393171071,
        "std": 4.942332656557047
    },
    "31": {
        "estimate": 15.4352389187027,
        "std": 5.144977931537543
    },
    "32": {
        "estimate": 15.915410068360295,
        "std": 5.6243405742714385
    }
}