{
    "0": {
        "estimate": Infinity,
        "std": NaN
    },
    "1": {
        "estimate": 16.960601232344377,
        "std": 5.425871909115312
    },
    "2": {
        "estimate": 16.899998908580205,
        "std": 5.282193303087941
    },
    "3": {
        "estimate": 17.988568912272175,
        "std": 6.057983149799879
    },
    "4": {
        "estimate": 16.717627919443878,
        "std": 6.237265323280999
    },
    "5": {
        "estimate": 17.159659935634593,
        "std": 6.666386533571829
    },
    "6": {
        "estimate": 17.58057322422593,
        "std": 6.9230002717410395
    },
    "7": {
        "estimate": 18.037934342503203,
        "std": 7.296902162072655
    },
    "8": {
        "estimate": 18.94432563109127,
        "std": 7.931374933063583
    },
    "9": {
        "estimate": 20.176633772631675,
        "std": 8.50927013857759
    },
    "10": {
        "estimate": 20.832798969390872,
        "std": 8.48444660230677
    },
    "11": {
        "estimate": 21.31789197468225,
        "std": 8.72201678254643
    },
    "12": {
        "estimate": 22.239595965185362,
        "std": 9.072501687890268
    },
    "13": {
        "estimate": 21.366655837526213,
        "std": 8.581144420305167
    },
    "14": {
        "estimate": 21.316407941144966,
        "std": 8.261131610745432
    },
    "15": {
        "estimate": 21.51502454801502,
        "std": 8.418597006598326
    },
    "16": {
        "estimate": 20.409193660036156,
        "std": 7.908189468039067
    },
    "17": {
        "estimate": 19.46775440759729,
        "std": 7.444964613582286
    },
    "18": {
        "estimate": 19.153719269785608,
        "std": 7.200272188947344
    },
    "19": {
        "estimate": 18.302023597039053,
        "std": 6.800462108187072
    },
    "20": {
        "estimate": 17.541092783505768,
        "std": 6.390538356079661
    },
    "21": {
        "estimate": 16.869234725564297,
        "std": 6.127964968425703
    },
    "22": {
        "estimate": 16.591783011769483,
        "std": 5.9885891189789335
    },
    "23": {
        "estimate": 16.465020681549138,
        "std": 5.974366574527518
    },
    "24": {
        "estimate": 16.312972726421194,
        "std": 5.917580628122445
    },
    "25": {
        "estimate": 17.1104271951154,
        "std": 6.10562467899173
    },
    "26": {
        "estimate": 17.634849395357307,
        "std": 6.269173091595464
    },
    "27": {
        "estimate": 18.196986724296135,
        "std": 6.496409581465985
    },
    "28": {
        "estimate": 18.730902865737747,
        "std": 6.661052429484931
    },
    "29": {
        "estimate": 20.60571815076122,
        "std": 7.288255205457012
    },
    "30": {
        "estimate": 22.222886828274707,
        "std": 7.552464382817001
    },
    "31": {
        "estimate": 23.007274659358117,
        "std": 7.756574286272108
    },
    "32": {
        "estimate": 22.723178905995884,
        "std": 8.446183321772185
    }
}