{
    "0": {
        "estimate": Infinity,
        "std": NaN
    },
    "1": {
        "estimate": 20.93373762309248,
        "std": 8.875387387855662
    },
    "2": {
        "estimate": 21.31848016177664,
        "std": 8.69411657417154
    },
    "3": {
        "estimate": 22.691649306882812,
        "std": 9.432911181491594
    },
    "4": {
        "estimate": 21.647506261318625,
        "std": 9.485373718841508
    },
    "5": {
        "estimate": 21.42819616282535,
        "std": 10.041468302342189
    },
    "6": {
        "estimate": 21.27225255869499,
        "std": 9.733831661542686
    },
    "7": {
        "estimate": 21.79056377382722,
        "std": 10.190657567498562
    },
    "8": {
        "estimate": 22.729459189245013,
        "std": 10.690137360654399
    },
    "9": {
        "estimate": 24.330438427621242,
        "std": 11.625613242994767
    },
    "10": {
        "estimate": 25.288687559556355,
        "std": 11.647909070357697
    },
    "11": {
        "estimate": 25.870266903211135,
        "std": 12.16542345065674
    },
    "12": {
        "estimate": 27.33192107156145,
        "std": 13.172307159194828
    },
    "13": {
        "estimate": 26.452041181925754,
        "std": 12.325764827408632
    },
    "14": {
        "estimate": 26.49026270296505,
        "std": 12.241403226319795
    },
    "15": {
        "estimate": 26.679174137037645,
        "std": 12.291988637660992
    },
    "16": {
        "estimate": 25.56438728381276,
        "std": 11.92373149481379
    },
    "17": {
        "estimate": 24.285860019207202,
        "std": 11.145338567860485
    },
    "18": {
        "estimate": 23.92085145430583,
        "std": 11.059348629450952
    },
    "19": {
        "estimate": 22.812761202697317,
        "std": 10.399515461445478
    },
    "20": {
        "estimate": 21.837397381866044,
        "std": 9.791452558704382
    },
    "21": {
        "estimate": 21.14241709315743,
        "std": 9.427149935410128
    },
    "22": {
        "estimate": 20.826873039225383,
        "std": 9.38432896830511
    },
    "23": {
        "estimate": 20.575006270601282,
        "std": 9.173748087917836
    },
    "24": {
        "estimate": 20.557716906903668,
        "std": 9.260696599497999
    },
    "25": {
        "estimate": 21.310385677657223,
        "std": 9.527595589864308
    },
    "26": {
        "estimate": 21.95894727726561,
        "std": 9.765064115281996
    },
    "27": {
        "estimate": 22.562321966925257,
        "std": 10.065963028365106
    },
    "28": {
        "estimate": 23.00160101949673,
        "std": 10.323871268242245
    },
    "29": {
        "estimate": 24.88040853714767,
        "std": 11.511679639871023
    },
    "30": {
        "estimate": 25.338046098468073,
        "std": 12.163847702777524
    },
    "31": {
        "estimate": 25.88660031082384,
        "std": 12.38014440220884
    },
    "32": {
        "estimate": 24.76213677899418,
        "std": 12.129721074856826
    }
}