{
    "0": {
        "estimate": Infinity,
        "std": NaN
    },
    "1": {
        "estimate": 18.63483790846399,
        "std": 4.084993736020971
    },
    "2": {
        "estimate": 18.665699718970455,
        "std": 4.474921379591553
    },
    "3": {
        "estimate": 18.117077837776293,
        "std": 4.604103236152626
    },
    "4": {
        "estimate": 20.434377840073786,
        "std": 5.033675667479962
    },
    "5": {
        "estimate": 21.42611220021062,
        "std": 5.360608284837818
    },
    "6": {
        "estimate": 21.316156651283293,
        "std": 5.547538761805355
    },
    "7": {
        "estimate": 20.739793513076442,
        "std": 5.513658099264397
    },
    "8": {
        "estimate": 19.94202132148087,
        "std": 5.322759115053829
    },
    "9": {
        "estimate": 20.968556148194075,
        "std": 5.276944200769285
    },
    "10": {
        "estimate": 21.569358368760522,
        "std": 5.212705049138962
    },
    "11": {
        "estimate": 21.835754207352775,
        "std": 5.087995158252036
    },
    "12": {
        "estimate": 21.729754067245295,
        "std": 5.018568001276494
    },
    "13": {
        "estimate": 21.477779198085802,
        "std": 4.881814448653585
    },
    "14": {
        "estimate": 20.99584197505353,
        "std": 4.730627297376128
    },
    "15": {
        "estimate": 20.56160930778049,
        "std": 4.59739932935697
    },
    "16": {
        "estimate": 21.225395017616,
        "std": 4.644727210930438
    },
    "17": {
        "estimate": 20.74868749774817,
        "std": 4.557668694805538
    },
    "18": {
        "estimate": 20.345107291287178,
        "std": 4.510788077477239
    },
    "19": {
        "estimate": 20.043946562380114,
        "std": 4.491674313952324
    },
    "20": {
        "estimate": 19.628034261167368,
        "std": 4.378855787420578
    },
    "21": {
        "estimate": 19.18083216282673,
        "std": 4.2847059977905815
    },
    "22": {
        "estimate": 19.2740347284418,
        "std": 4.309885771221101
    },
    "23": {
        "estimate": 19.46231994964206,
        "std": 4.455980141860149
    },
    "24": {
        "estimate": 19.43544675396842,
        "std": 4.5095876386427936
    },
    "25": {
        "estimate": 20.124709770466836,
        "std": 4.856189453805881
    },
    "26": {
        "estimate": 20.320624102182478,
        "std": 5.037620206837223
    },
    "27": {
        "estimate": 20.869663092145444,
        "std": 5.324511474374038
    },
    "28": {
        "estimate": 21.210102698529766,
        "std": 5.3672262667838755
    },
    "29": {
        "estimate": 22.28991225635879,
        "std": 5.965383698407526
    },
    "30": {
        "estimate": 23.31647219645675,
        "std": 6.653223540317286
    },
    "31": {
        "estimate": 24.05087793009397,
        "std": 7.449256887059462
    },
    "32": {
        "estimate": 24.999992116188352,
        "std": 8.20300720483928
    }
}