{
    "0": NaN,
    "1": 19.032121658325195,
    "2": 19.679046630859375,
    "3": 14.101402282714844,
    "4": 17.1385555267334,
    "5": 19.215482711791992,
    "6": 16.782310485839844,
    "7": 15.910725593566895,
    "8": 15.629159927368164,
    "9": 17.93584442138672,
    "10": 19.092103958129883,
    "11": 18.067914962768555,
    "12": 17.126611709594727,
    "13": 16.35533332824707,
    "14": 15.739677429199219,
    "15": 15.116863250732422,
    "16": 16.45174217224121,
    "17": 16.03175926208496,
    "18": 15.934020042419434,
    "19": 15.6580171585083,
    "20": 15.354109764099121,
    "21": 15.309569358825684,
    "22": 15.645502090454102,
    "23": 15.80920124053955,
    "24": 15.94871997833252,
    "25": 16.742212295532227,
    "26": 16.466630935668945,
    "27": 16.527511596679688,
    "28": 16.93830108642578,
    "29": 17.261844635009766,
    "30": 16.664630889892578,
    "31": 15.848834037780762,
    "32": 15.545722961425781
}