{
    "0": NaN,
    "1": 18.118831634521484,
    "2": 18.455970764160156,
    "3": 18.028850555419922,
    "4": 17.72264289855957,
    "5": 17.642486572265625,
    "6": 17.134981155395508,
    "7": 16.68705940246582,
    "8": 16.866809844970703,
    "9": 17.08368682861328,
    "10": 17.245092391967773,
    "11": 17.518665313720703,
    "12": 18.652584075927734,
    "13": 18.529767990112305,
    "14": 18.785228729248047,
    "15": 19.06188201904297,
    "16": 18.999052047729492,
    "17": 18.708118438720703,
    "18": 19.131656646728516,
    "19": 18.648786544799805,
    "20": 18.53512191772461,
    "21": 17.330459594726562,
    "22": 14.751840591430664,
    "23": 14.5599946975708,
    "24": 14.628626823425293,
    "25": 13.667292594909668,
    "26": 13.625261306762695,
    "27": 13.316810607910156,
    "28": 13.333019256591797,
    "29": 13.038138389587402,
    "30": 12.87473201751709,
    "31": 12.674551963806152,
    "32": 12.51561164855957
}