{
    "0": {
        "estimate": NaN,
        "std": NaN
    },
    "1": {
        "estimate": 21.91884223429705,
        "std": 4.968335200265525
    },
    "2": {
        "estimate": 23.046305863432522,
        "std": 5.050787256201708
    },
    "3": {
        "estimate": 21.827802432591785,
        "std": 4.356980614368448
    },
    "4": {
        "estimate": 25.202150030109006,
        "std": 5.610945588413762
    },
    "5": {
        "estimate": 26.607259645063976,
        "std": 6.75802938799275
    },
    "6": {
        "estimate": 25.90819814157247,
        "std": 6.37789225589698
    },
    "7": {
        "estimate": 25.6560144109471,
        "std": 5.830415249631232
    },
    "8": {
        "estimate": 24.481454337673053,
        "std": 5.1654755602822355
    },
    "9": {
        "estimate": 23.810552008121462,
        "std": 4.657264116824389
    },
    "10": {
        "estimate": 24.030783412264626,
        "std": 4.824013697695281
    },
    "11": {
        "estimate": 24.55990407605297,
        "std": 4.9084409082792355
    },
    "12": {
        "estimate": 24.554252101157427,
        "std": 5.213250660397347
    },
    "13": {
        "estimate": 24.28828463994302,
        "std": 5.12465687255036
    },
    "14": {
        "estimate": 24.38818347255401,
        "std": 5.389879749860359
    },
    "15": {
        "estimate": 24.354279226759953,
        "std": 5.425131974451805
    },
    "16": {
        "estimate": 23.30269132586913,
        "std": 5.028255647337793
    },
    "17": {
        "estimate": 22.44125382833276,
        "std": 4.869833871418911
    },
    "18": {
        "estimate": 21.951299802631755,
        "std": 4.789770322870595
    },
    "19": {
        "estimate": 21.409992638536593,
        "std": 4.606454563064663
    },
    "20": {
        "estimate": 21.28558884866025,
        "std": 4.632188246412029
    },
    "21": {
        "estimate": 20.865807810274465,
        "std": 4.548492579690055
    },
    "22": {
        "estimate": 20.088458218725243,
        "std": 4.164050906091236
    },
    "23": {
        "estimate": 20.007941836660514,
        "std": 4.166555036189145
    },
    "24": {
        "estimate": 20.01126542388801,
        "std": 4.1814406542892755
    },
    "25": {
        "estimate": 19.412672220635333,
        "std": 4.153477597430722
    },
    "26": {
        "estimate": 19.389603391234722,
        "std": 4.194052079107574
    },
    "27": {
        "estimate": 19.35301880628712,
        "std": 4.271275514339059
    },
    "28": {
        "estimate": 19.255887059212455,
        "std": 4.347842301339808
    },
    "29": {
        "estimate": 19.2424217873757,
        "std": 4.396933374478726
    },
    "30": {
        "estimate": 19.140191020810796,
        "std": 4.434614575656756
    },
    "31": {
        "estimate": 18.774350523470126,
        "std": 4.532561862031692
    },
    "32": {
        "estimate": 15.701534239030355,
        "std": 4.040133708549747
    }
}