{
    "0": {
        "estimate": NaN,
        "std": NaN
    },
    "1": {
        "estimate": 27.93417598848518,
        "std": 9.909046725149397
    },
    "2": {
        "estimate": 29.48226317531955,
        "std": 10.355308682524841
    },
    "3": {
        "estimate": 28.396489722603903,
        "std": 9.223145532448347
    },
    "4": {
        "estimate": 32.29231662061543,
        "std": 10.98709551427268
    },
    "5": {
        "estimate": 33.46718796813708,
        "std": 12.229570902607982
    },
    "6": {
        "estimate": 33.09710463527714,
        "std": 11.847899264016045
    },
    "7": {
        "estimate": 31.397951187527138,
        "std": 11.195876531868668
    },
    "8": {
        "estimate": 29.781528894658898,
        "std": 10.071568083763385
    },
    "9": {
        "estimate": 29.074181415144132,
        "std": 9.867294357196721
    },
    "10": {
        "estimate": 29.084905173465796,
        "std": 9.770813320499627
    },
    "11": {
        "estimate": 29.618251170893817,
        "std": 9.743748696685518
    },
    "12": {
        "estimate": 29.279855493324668,
        "std": 9.503017556931491
    },
    "13": {
        "estimate": 29.647314275483136,
        "std": 9.830842898513493
    },
    "14": {
        "estimate": 29.62239045824298,
        "std": 10.141830878922018
    },
    "15": {
        "estimate": 29.689671299548856,
        "std": 10.100586698579226
    },
    "16": {
        "estimate": 28.549087888640038,
        "std": 9.544740062558198
    },
    "17": {
        "estimate": 27.633405121067156,
        "std": 9.169435730972912
    },
    "18": {
        "estimate": 27.077137540215325,
        "std": 8.875904268088554
    },
    "19": {
        "estimate": 26.669870647415646,
        "std": 8.926264713270436
    },
    "20": {
        "estimate": 26.519512557507568,
        "std": 8.78353257084788
    },
    "21": {
        "estimate": 26.00066689195117,
        "std": 8.689436589651987
    },
    "22": {
        "estimate": 24.99995811860062,
        "std": 8.13164243462831
    },
    "23": {
        "estimate": 24.964876135855313,
        "std": 8.295067523530369
    },
    "24": {
        "estimate": 25.010556452805496,
        "std": 8.407731216871083
    },
    "25": {
        "estimate": 24.423617703643178,
        "std": 7.972259557849212
    },
    "26": {
        "estimate": 24.43733412086312,
        "std": 8.00913482995624
    },
    "27": {
        "estimate": 24.545579298516625,
        "std": 8.041273556273396
    },
    "28": {
        "estimate": 24.520180188640627,
        "std": 8.071869941868176
    },
    "29": {
        "estimate": 24.73024483887635,
        "std": 8.107995025049512
    },
    "30": {
        "estimate": 24.749854640118922,
        "std": 8.195731807889826
    },
    "31": {
        "estimate": 24.754851173549056,
        "std": 8.100944420431688
    },
    "32": {
        "estimate": 21.341509768033106,
        "std": 7.341757941775837
    }
}