{
    "0": {
        "estimate": NaN,
        "std": NaN
    },
    "1": {
        "estimate": 23.240965457517234,
        "std": 5.628407830261808
    },
    "2": {
        "estimate": 24.50730865423585,
        "std": 5.719208362123023
    },
    "3": {
        "estimate": 23.285216156678885,
        "std": 5.0422961491876155
    },
    "4": {
        "estimate": 26.785561335673346,
        "std": 6.436826734756432
    },
    "5": {
        "estimate": 28.187848721817765,
        "std": 7.542224575606139
    },
    "6": {
        "estimate": 27.444221086510403,
        "std": 7.010581505494862
    },
    "7": {
        "estimate": 26.854699603081723,
        "std": 6.540483344763456
    },
    "8": {
        "estimate": 25.579418863131764,
        "std": 5.89960189329684
    },
    "9": {
        "estimate": 24.922887249648383,
        "std": 5.427467046329157
    },
    "10": {
        "estimate": 25.155470618106403,
        "std": 5.594404483842696
    },
    "11": {
        "estimate": 25.637727484687233,
        "std": 5.683726344380844
    },
    "12": {
        "estimate": 25.63296243484201,
        "std": 5.930252811152811
    },
    "13": {
        "estimate": 25.414578026920868,
        "std": 5.897681910346568
    },
    "14": {
        "estimate": 25.530806183553235,
        "std": 6.1003326209085795
    },
    "15": {
        "estimate": 25.463515943765344,
        "std": 6.226607965187325
    },
    "16": {
        "estimate": 24.425855042352097,
        "std": 5.752110269300188
    },
    "17": {
        "estimate": 23.583611177488113,
        "std": 5.565545062697683
    },
    "18": {
        "estimate": 23.112440675871277,
        "std": 5.443238206568522
    },
    "19": {
        "estimate": 22.57230557720604,
        "std": 5.199571014629312
    },
    "20": {
        "estimate": 22.415759364958546,
        "std": 5.190119517292884
    },
    "21": {
        "estimate": 22.011755020645513,
        "std": 5.115439552703413
    },
    "22": {
        "estimate": 21.189586883248865,
        "std": 4.7513493838765255
    },
    "23": {
        "estimate": 21.08690882722925,
        "std": 4.73966507430791
    },
    "24": {
        "estimate": 21.09012886556802,
        "std": 4.758699943804892
    },
    "25": {
        "estimate": 20.49053991450451,
        "std": 4.685217590921659
    },
    "26": {
        "estimate": 20.49789864655196,
        "std": 4.7409357234206215
    },
    "27": {
        "estimate": 20.49868959399978,
        "std": 4.796637642902184
    },
    "28": {
        "estimate": 20.456028544966287,
        "std": 4.905690215896801
    },
    "29": {
        "estimate": 20.4868843554843,
        "std": 4.933362870205057
    },
    "30": {
        "estimate": 20.372035471943796,
        "std": 4.938023283908933
    },
    "31": {
        "estimate": 20.047916141429905,
        "std": 5.073099907750702
    },
    "32": {
        "estimate": 16.999786745094088,
        "std": 4.548021569032691
    }
}