{
    "0": NaN,
    "1": 29.06310272216797,
    "2": 29.73007583618164,
    "3": 30.94371795654297,
    "4": 33.294029235839844,
    "5": 33.319435119628906,
    "6": 34.647037506103516,
    "7": 30.37724494934082,
    "8": 29.768299102783203,
    "9": 29.423805236816406,
    "10": 29.669872283935547,
    "11": 30.504173278808594,
    "12": 30.29291343688965,
    "13": 30.36944007873535,
    "14": 29.8454647064209,
    "15": 30.344331741333008,
    "16": 29.53412628173828,
    "17": 28.45574188232422,
    "18": 28.375682830810547,
    "19": 27.68520164489746,
    "20": 27.582571029663086,
    "21": 27.251850128173828,
    "22": 26.36448097229004,
    "23": 26.222820281982422,
    "24": 26.312288284301758,
    "25": 26.087690353393555,
    "26": 26.320693969726562,
    "27": 26.66539764404297,
    "28": 27.32925796508789,
    "29": 27.685901641845703,
    "30": 27.8764591217041,
    "31": 28.042919158935547,
    "32": 24.59390640258789
}