{
    "0": {
        "estimate": NaN,
        "std": NaN
    },
    "1": {
        "estimate": 19.78502731116722,
        "std": 7.131813662728089
    },
    "2": {
        "estimate": 21.95149846201703,
        "std": 7.894153196219618
    },
    "3": {
        "estimate": 23.004244427295827,
        "std": 8.18151180063859
    },
    "4": {
        "estimate": 20.02140129485576,
        "std": 7.004950802576431
    },
    "5": {
        "estimate": 23.61265741238589,
        "std": 8.749891795365006
    },
    "6": {
        "estimate": 22.76312610273771,
        "std": 8.861161768181017
    },
    "7": {
        "estimate": 22.62378785730634,
        "std": 8.739118896455116
    },
    "8": {
        "estimate": 21.57342833613206,
        "std": 8.493316070857414
    },
    "9": {
        "estimate": 22.137781885112165,
        "std": 8.67386767647711
    },
    "10": {
        "estimate": 21.549267992172815,
        "std": 8.417360434139791
    },
    "11": {
        "estimate": 20.64751621798728,
        "std": 8.254528453527671
    },
    "12": {
        "estimate": 20.820399985317852,
        "std": 8.592866562900014
    },
    "13": {
        "estimate": 20.924939263343195,
        "std": 8.672669253347497
    },
    "14": {
        "estimate": 20.242216693390567,
        "std": 8.569804760850156
    },
    "15": {
        "estimate": 19.315784124495188,
        "std": 8.710707853351092
    },
    "16": {
        "estimate": 19.24070157697983,
        "std": 8.790007427642749
    },
    "17": {
        "estimate": 18.39157216135654,
        "std": 8.318753163243622
    },
    "18": {
        "estimate": 18.234530424995317,
        "std": 8.043157421986486
    },
    "19": {
        "estimate": 18.37728041096858,
        "std": 8.024485876969937
    },
    "20": {
        "estimate": 18.61444899682506,
        "std": 8.133230274190899
    },
    "21": {
        "estimate": 19.45404144147908,
        "std": 8.430950583416546
    },
    "22": {
        "estimate": 21.106092254675286,
        "std": 8.988181486527722
    },
    "23": {
        "estimate": 21.610615703383818,
        "std": 9.132381453452876
    },
    "24": {
        "estimate": 21.881393485193268,
        "std": 9.286383440996557
    },
    "25": {
        "estimate": 23.811047800890023,
        "std": 10.444742522065955
    },
    "26": {
        "estimate": 24.030058161052352,
        "std": 10.621554694295261
    },
    "27": {
        "estimate": 24.52049572912152,
        "std": 11.446599846705144
    },
    "28": {
        "estimate": 24.40552962589207,
        "std": 11.337382621683995
    },
    "29": {
        "estimate": 24.27050296770706,
        "std": 11.529635517834821
    },
    "30": {
        "estimate": 24.465218299436057,
        "std": 12.01997909780689
    },
    "31": {
        "estimate": 24.567837209720533,
        "std": 11.948954897838295
    },
    "32": {
        "estimate": 24.23285688787566,
        "std": 11.480032845313424
    }
}