{
    "0": {
        "estimate": NaN,
        "std": NaN
    },
    "1": {
        "estimate": 18.280730592079227,
        "std": 5.44812603234419
    },
    "2": {
        "estimate": 20.355964579239807,
        "std": 6.260505109823131
    },
    "3": {
        "estimate": 21.618579274105112,
        "std": 6.318818559803204
    },
    "4": {
        "estimate": 18.598957574821547,
        "std": 5.391001699617109
    },
    "5": {
        "estimate": 22.0794514165555,
        "std": 6.79684998158582
    },
    "6": {
        "estimate": 21.87718943777144,
        "std": 7.0687018974141695
    },
    "7": {
        "estimate": 21.712802258245347,
        "std": 6.863854422694747
    },
    "8": {
        "estimate": 20.850135721837198,
        "std": 6.59824441480037
    },
    "9": {
        "estimate": 21.319763045317416,
        "std": 6.6890252578552305
    },
    "10": {
        "estimate": 20.72088443560357,
        "std": 6.324600705833093
    },
    "11": {
        "estimate": 20.094021010467277,
        "std": 6.270075737606092
    },
    "12": {
        "estimate": 20.31807311786549,
        "std": 6.509746404313461
    },
    "13": {
        "estimate": 20.388077887428025,
        "std": 6.636932056543336
    },
    "14": {
        "estimate": 19.962314366750856,
        "std": 6.65753623482089
    },
    "15": {
        "estimate": 19.32060870574533,
        "std": 6.805217928675936
    },
    "16": {
        "estimate": 19.268126319692623,
        "std": 6.824836618841677
    },
    "17": {
        "estimate": 18.4587986794787,
        "std": 6.454376698442014
    },
    "18": {
        "estimate": 18.25034839790562,
        "std": 6.277797087972907
    },
    "19": {
        "estimate": 18.265453836626286,
        "std": 6.202500174284242
    },
    "20": {
        "estimate": 18.484444867438967,
        "std": 6.337084846250959
    },
    "21": {
        "estimate": 19.199197349560883,
        "std": 6.477039493143354
    },
    "22": {
        "estimate": 20.812903206750743,
        "std": 6.973091972723808
    },
    "23": {
        "estimate": 21.295918576597945,
        "std": 7.155741649496181
    },
    "24": {
        "estimate": 21.66786476365466,
        "std": 7.343043913140015
    },
    "25": {
        "estimate": 23.506452987266822,
        "std": 8.222889448970808
    },
    "26": {
        "estimate": 23.833562262446545,
        "std": 8.46951138761676
    },
    "27": {
        "estimate": 24.56548143472698,
        "std": 9.1610081191262
    },
    "28": {
        "estimate": 24.53372990509058,
        "std": 9.26942282132888
    },
    "29": {
        "estimate": 24.57637260715,
        "std": 9.379542379577352
    },
    "30": {
        "estimate": 24.991121021645494,
        "std": 9.616901257701398
    },
    "31": {
        "estimate": 25.117802457944897,
        "std": 9.78606939202701
    },
    "32": {
        "estimate": 24.454197035000643,
        "std": 9.416089034629023
    }
}