{
    "0": {
        "estimate": NaN,
        "std": NaN
    },
    "1": {
        "estimate": 13.980769716763406,
        "std": 3.714336914973287
    },
    "2": {
        "estimate": 13.760904279301863,
        "std": 3.8649456403001134
    },
    "3": {
        "estimate": 15.156093083631772,
        "std": 3.8989119640750776
    },
    "4": {
        "estimate": 16.162337456581305,
        "std": 4.204995894556384
    },
    "5": {
        "estimate": 16.24125489767238,
        "std": 4.583704764076865
    },
    "6": {
        "estimate": 17.450339611947637,
        "std": 5.425737019746142
    },
    "7": {
        "estimate": 18.067233496968303,
        "std": 5.746161475454896
    },
    "8": {
        "estimate": 17.906769881612988,
        "std": 5.734520781158327
    },
    "9": {
        "estimate": 17.690884153716134,
        "std": 5.674653202304331
    },
    "10": {
        "estimate": 17.611915981430606,
        "std": 5.504313604173819
    },
    "11": {
        "estimate": 17.156673208799667,
        "std": 5.23242617861638
    },
    "12": {
        "estimate": 16.484617552308947,
        "std": 4.816206336239994
    },
    "13": {
        "estimate": 16.347444629681267,
        "std": 4.693952110876105
    },
    "14": {
        "estimate": 16.3021183275817,
        "std": 4.664724157461424
    },
    "15": {
        "estimate": 16.208616579940855,
        "std": 4.597029016570063
    },
    "16": {
        "estimate": 16.33543919146452,
        "std": 4.530056091303322
    },
    "17": {
        "estimate": 16.699272470335597,
        "std": 4.544392858404373
    },
    "18": {
        "estimate": 16.961927801256074,
        "std": 4.456236505394647
    },
    "19": {
        "estimate": 16.98273134610308,
        "std": 4.471457769433006
    },
    "20": {
        "estimate": 17.522285148941535,
        "std": 4.7031190621350865
    },
    "21": {
        "estimate": 18.243518194860613,
        "std": 4.921562822202539
    },
    "22": {
        "estimate": 19.592258526826107,
        "std": 5.422753904206364
    },
    "23": {
        "estimate": 19.802230165617782,
        "std": 5.499494339083829
    },
    "24": {
        "estimate": 19.737668396174076,
        "std": 5.5005407135403175
    },
    "25": {
        "estimate": 19.53867792807564,
        "std": 5.368171547217739
    },
    "26": {
        "estimate": 20.055882772985083,
        "std": 5.668024863545496
    },
    "27": {
        "estimate": 20.0008525429675,
        "std": 5.620832270626071
    },
    "28": {
        "estimate": 19.932963804130644,
        "std": 5.609361086164964
    },
    "29": {
        "estimate": 20.37214055023293,
        "std": 5.8364816161315884
    },
    "30": {
        "estimate": 19.97084710992765,
        "std": 5.659875117625254
    },
    "31": {
        "estimate": 19.889698888693896,
        "std": 5.580614836596652
    },
    "32": {
        "estimate": 19.78977654673873,
        "std": 5.513681901068557
    },
    "33": {
        "estimate": 19.708806353344446,
        "std": 5.477927519494937
    },
    "34": {
        "estimate": 19.71002321220555,
        "std": 5.482677204560521
    },
    "35": {
        "estimate": 19.683532297636308,
        "std": 5.441097689378215
    },
    "36": {
        "estimate": 19.774649825986607,
        "std": 5.480234194835467
    },
    "37": {
        "estimate": 19.638401667533774,
        "std": 5.406381806807976
    },
    "38": {
        "estimate": 19.574297213101207,
        "std": 5.510415081171716
    },
    "39": {
        "estimate": 19.553427969561547,
        "std": 5.466338470811986
    },
    "40": {
        "estimate": 19.497541166516417,
        "std": 5.455441242747466
    }
}