{
    "0": {
        "estimate": NaN,
        "std": NaN
    },
    "1": {
        "estimate": 16.48110850793632,
        "std": 4.883787780447474
    },
    "2": {
        "estimate": 17.69524268432959,
        "std": 5.464746975915264
    },
    "3": {
        "estimate": 19.14331381202914,
        "std": 6.5086452752176385
    },
    "4": {
        "estimate": 20.09607602027888,
        "std": 6.7000458610772045
    },
    "5": {
        "estimate": 20.29120036687963,
        "std": 6.7456816177816945
    },
    "6": {
        "estimate": 21.20353229291125,
        "std": 7.3854496765617474
    },
    "7": {
        "estimate": 21.864560320761807,
        "std": 7.990381728793723
    },
    "8": {
        "estimate": 23.157368359307313,
        "std": 8.63261371848553
    },
    "9": {
        "estimate": 23.934574043444194,
        "std": 8.605084781196002
    },
    "10": {
        "estimate": 25.4672111766006,
        "std": 8.63291813321127
    },
    "11": {
        "estimate": 23.999885774210465,
        "std": 8.095596391074748
    },
    "12": {
        "estimate": 24.244798672433035,
        "std": 7.895574697694843
    },
    "13": {
        "estimate": 24.827406248690455,
        "std": 8.049120052104708
    },
    "14": {
        "estimate": 22.978686994979174,
        "std": 7.0579705777436015
    },
    "15": {
        "estimate": 22.774573660495687,
        "std": 7.055159909839782
    },
    "16": {
        "estimate": 22.848637029808877,
        "std": 6.727595224316313
    },
    "17": {
        "estimate": 22.49621031478156,
        "std": 6.672304338628199
    },
    "18": {
        "estimate": 22.1311289011274,
        "std": 6.562149107858966
    },
    "19": {
        "estimate": 21.40162134830339,
        "std": 6.450529897110118
    },
    "20": {
        "estimate": 21.036204932237258,
        "std": 6.553435566185519
    },
    "21": {
        "estimate": 20.57352399028985,
        "std": 6.347356410603869
    },
    "22": {
        "estimate": 20.167792780965883,
        "std": 6.400483400720008
    },
    "23": {
        "estimate": 18.813781753812997,
        "std": 6.114803412371751
    },
    "24": {
        "estimate": 18.254430168784822,
        "std": 5.977443058080212
    },
    "25": {
        "estimate": 17.81656036359648,
        "std": 5.795530222680654
    },
    "26": {
        "estimate": 17.57654463385242,
        "std": 5.767271753707484
    },
    "27": {
        "estimate": 17.121934052909683,
        "std": 5.715500071974472
    },
    "28": {
        "estimate": 16.704670223147556,
        "std": 5.540213337910746
    },
    "29": {
        "estimate": 16.601628992455993,
        "std": 5.573154529170244
    },
    "30": {
        "estimate": 16.55022985657915,
        "std": 5.670753169368704
    },
    "31": {
        "estimate": 16.590940102510064,
        "std": 5.776485985935255
    },
    "32": {
        "estimate": 16.315665559488995,
        "std": 5.793861642054183
    },
    "33": {
        "estimate": 16.36439474776968,
        "std": 5.798276730269829
    },
    "34": {
        "estimate": 16.353521480270196,
        "std": 5.822514711449925
    },
    "35": {
        "estimate": 16.593668532492867,
        "std": 5.958781030009612
    },
    "36": {
        "estimate": 16.66226895568303,
        "std": 6.047496858642602
    },
    "37": {
        "estimate": 16.930599406732515,
        "std": 6.141844866259814
    },
    "38": {
        "estimate": 17.390423781322507,
        "std": 6.280406487054962
    },
    "39": {
        "estimate": 18.32495861561152,
        "std": 6.834447882602514
    },
    "40": {
        "estimate": 19.50911058069503,
        "std": 8.454873353255765
    }
}