{
    "0": {
        "estimate": NaN,
        "std": NaN
    },
    "1": {
        "estimate": 14.746765291799942,
        "std": 4.348797201381504
    },
    "2": {
        "estimate": 16.0403488088809,
        "std": 4.7462571193972485
    },
    "3": {
        "estimate": 17.43206263354446,
        "std": 5.691127652958243
    },
    "4": {
        "estimate": 18.30224539546639,
        "std": 6.019285281377774
    },
    "5": {
        "estimate": 18.74103631223623,
        "std": 6.029141826626885
    },
    "6": {
        "estimate": 19.630592693993595,
        "std": 6.737056182418596
    },
    "7": {
        "estimate": 20.180065915174783,
        "std": 7.270590906944117
    },
    "8": {
        "estimate": 21.485832584190252,
        "std": 7.86252516166025
    },
    "9": {
        "estimate": 22.310239773456626,
        "std": 7.851409986382365
    },
    "10": {
        "estimate": 24.011300681938742,
        "std": 7.891235665927868
    },
    "11": {
        "estimate": 22.5659260010252,
        "std": 7.333978073746037
    },
    "12": {
        "estimate": 22.977371301175772,
        "std": 7.1363347518940525
    },
    "13": {
        "estimate": 23.449983076174487,
        "std": 7.230761732437
    },
    "14": {
        "estimate": 21.587017007194227,
        "std": 6.09567322754424
    },
    "15": {
        "estimate": 21.331043001943033,
        "std": 6.138478149907845
    },
    "16": {
        "estimate": 21.389141559302075,
        "std": 5.79837510072257
    },
    "17": {
        "estimate": 20.910694607611514,
        "std": 5.717462600978615
    },
    "18": {
        "estimate": 20.529442539933363,
        "std": 5.55844982647189
    },
    "19": {
        "estimate": 19.618407415743587,
        "std": 5.467896730686197
    },
    "20": {
        "estimate": 19.167331502661302,
        "std": 5.609490418535579
    },
    "21": {
        "estimate": 18.704521827025303,
        "std": 5.504856238558981
    },
    "22": {
        "estimate": 18.31896973566443,
        "std": 5.471699586015732
    },
    "23": {
        "estimate": 17.01985551011385,
        "std": 5.261257019737694
    },
    "24": {
        "estimate": 16.491296374135867,
        "std": 5.147916711249626
    },
    "25": {
        "estimate": 16.197388531087835,
        "std": 4.999024642305432
    },
    "26": {
        "estimate": 16.07029178210272,
        "std": 5.030843315952538
    },
    "27": {
        "estimate": 15.790627114388236,
        "std": 4.910743472008308
    },
    "28": {
        "estimate": 15.422842502097666,
        "std": 4.801846514227917
    },
    "29": {
        "estimate": 15.342802764329829,
        "std": 4.81905487610472
    },
    "30": {
        "estimate": 15.3033462934593,
        "std": 4.917789243473088
    },
    "31": {
        "estimate": 15.35516702873121,
        "std": 4.98832844771213
    },
    "32": {
        "estimate": 15.130493357866426,
        "std": 4.963232078437777
    },
    "33": {
        "estimate": 15.203459680661961,
        "std": 5.002854665624822
    },
    "34": {
        "estimate": 15.200128790257237,
        "std": 5.032192668621903
    },
    "35": {
        "estimate": 15.413314609342391,
        "std": 5.154648127404922
    },
    "36": {
        "estimate": 15.480104540551098,
        "std": 5.212262207049964
    },
    "37": {
        "estimate": 15.75260694960311,
        "std": 5.364241952306951
    },
    "38": {
        "estimate": 16.165446212789508,
        "std": 5.46196820031206
    },
    "39": {
        "estimate": 17.052772209388785,
        "std": 5.99078297801178
    },
    "40": {
        "estimate": 18.27513668085122,
        "std": 7.676902990928413
    }
}