{
    "0": {
        "estimate": NaN,
        "std": NaN
    },
    "1": {
        "estimate": 20.0236674375932,
        "std": 7.331696664239262
    },
    "2": {
        "estimate": 21.16493659680055,
        "std": 8.273469020297817
    },
    "3": {
        "estimate": 22.748544455278388,
        "std": 9.40991515127893
    },
    "4": {
        "estimate": 23.786799001073337,
        "std": 9.666280855618687
    },
    "5": {
        "estimate": 23.674804460067275,
        "std": 9.570775011803253
    },
    "6": {
        "estimate": 24.73814544740347,
        "std": 10.384058850967543
    },
    "7": {
        "estimate": 25.374212602460084,
        "std": 10.820058425238976
    },
    "8": {
        "estimate": 26.5871578523598,
        "std": 11.538615714064525
    },
    "9": {
        "estimate": 27.35965765255125,
        "std": 11.680868778655269
    },
    "10": {
        "estimate": 28.39740575151022,
        "std": 11.81972100647782
    },
    "11": {
        "estimate": 26.74241738360717,
        "std": 10.889284463175809
    },
    "12": {
        "estimate": 26.863782063184573,
        "std": 10.95055760162521
    },
    "13": {
        "estimate": 27.57219395636588,
        "std": 11.355588468803681
    },
    "14": {
        "estimate": 24.942536497599516,
        "std": 10.371956877277865
    },
    "15": {
        "estimate": 24.700777845121664,
        "std": 10.220950122167768
    },
    "16": {
        "estimate": 25.068733808518783,
        "std": 10.218032879849227
    },
    "17": {
        "estimate": 24.999949370119012,
        "std": 10.02564348063296
    },
    "18": {
        "estimate": 24.819923394306166,
        "std": 9.857179750610085
    },
    "19": {
        "estimate": 24.452587910757813,
        "std": 9.860756685152143
    },
    "20": {
        "estimate": 24.351245079407256,
        "std": 9.880766917370764
    },
    "21": {
        "estimate": 23.932793577427464,
        "std": 9.683215793050831
    },
    "22": {
        "estimate": 23.399297355948473,
        "std": 9.547204143350106
    },
    "23": {
        "estimate": 21.960472627625045,
        "std": 9.503378446861673
    },
    "24": {
        "estimate": 21.32797783872425,
        "std": 9.062786735422124
    },
    "25": {
        "estimate": 20.6973658912312,
        "std": 8.730345935210064
    },
    "26": {
        "estimate": 20.420449209678807,
        "std": 8.642816968759886
    },
    "27": {
        "estimate": 19.612917187057135,
        "std": 8.443253498004529
    },
    "28": {
        "estimate": 19.235070481961756,
        "std": 8.340423759333847
    },
    "29": {
        "estimate": 19.06916529342382,
        "std": 8.1989405951772
    },
    "30": {
        "estimate": 19.006536564243298,
        "std": 8.294083858184118
    },
    "31": {
        "estimate": 18.9908754467051,
        "std": 8.420316244462505
    },
    "32": {
        "estimate": 18.704522732136002,
        "std": 8.323212021350727
    },
    "33": {
        "estimate": 18.767543714084482,
        "std": 8.390577822082879
    },
    "34": {
        "estimate": 18.768878109907504,
        "std": 8.403103218461846
    },
    "35": {
        "estimate": 19.068540049632738,
        "std": 8.795406257048704
    },
    "36": {
        "estimate": 19.145402445747482,
        "std": 8.84870424372385
    },
    "37": {
        "estimate": 19.481858071697786,
        "std": 9.108116177679358
    },
    "38": {
        "estimate": 19.97341998172155,
        "std": 9.306875050739258
    },
    "39": {
        "estimate": 20.966830450941874,
        "std": 9.68079980634559
    },
    "40": {
        "estimate": 22.056733097052362,
        "std": 10.979378631729476
    }
}