{
    "0": NaN,
    "1": 21.161081314086914,
    "2": 22.009801864624023,
    "3": 23.01974868774414,
    "4": 24.576013565063477,
    "5": 23.96435546875,
    "6": 24.788841247558594,
    "7": 24.760358810424805,
    "8": 25.45847511291504,
    "9": 26.231111526489258,
    "10": 25.564945220947266,
    "11": 23.45905113220215,
    "12": 23.028194427490234,
    "13": 23.949586868286133,
    "14": 19.382291793823242,
    "15": 18.87106704711914,
    "16": 20.01027488708496,
    "17": 20.62985610961914,
    "18": 21.356748580932617,
    "19": 21.440505981445312,
    "20": 21.780811309814453,
    "21": 21.87795066833496,
    "22": 21.3635196685791,
    "23": 20.829914093017578,
    "24": 20.331642150878906,
    "25": 19.7967586517334,
    "26": 19.511539459228516,
    "27": 18.664268493652344,
    "28": 18.353092193603516,
    "29": 18.355167388916016,
    "30": 18.302465438842773,
    "31": 18.284643173217773,
    "32": 18.025300979614258,
    "33": 18.056411743164062,
    "34": 18.075153350830078,
    "35": 18.230756759643555,
    "36": 18.29031753540039,
    "37": 18.47650146484375,
    "38": 18.742740631103516,
    "39": 19.405109405517578,
    "40": 19.824308395385742
}