{
    "0": {
        "estimate": Infinity,
        "std": NaN
    },
    "1": {
        "estimate": 19.80370125253389,
        "std": 7.411659662028301
    },
    "2": {
        "estimate": 24.524822874617833,
        "std": 8.269894317714707
    },
    "3": {
        "estimate": 23.364893821958695,
        "std": 7.612283673624377
    },
    "4": {
        "estimate": 22.854837985454214,
        "std": 7.825517686639677
    },
    "5": {
        "estimate": 23.9549471668277,
        "std": 7.841621180391961
    },
    "6": {
        "estimate": 23.63217083226645,
        "std": 7.834053380509742
    },
    "7": {
        "estimate": 24.768352669111525,
        "std": 8.002306507003654
    },
    "8": {
        "estimate": 25.660318413689478,
        "std": 8.278792992180579
    },
    "9": {
        "estimate": 26.65796689101395,
        "std": 8.443577948585231
    },
    "10": {
        "estimate": 27.439772673774716,
        "std": 9.000463136390431
    },
    "11": {
        "estimate": 28.436434105186972,
        "std": 9.331743117367932
    },
    "12": {
        "estimate": 28.630640053480853,
        "std": 9.205819775209859
    },
    "13": {
        "estimate": 27.271495277334388,
        "std": 8.854578513312726
    },
    "14": {
        "estimate": 28.12099928605812,
        "std": 8.758860052465744
    },
    "15": {
        "estimate": 28.159962885727047,
        "std": 8.805682936128077
    },
    "16": {
        "estimate": 28.599155916665488,
        "std": 8.859128978367526
    },
    "17": {
        "estimate": 28.3081054751696,
        "std": 9.008133038390119
    },
    "18": {
        "estimate": 27.13484084371865,
        "std": 8.52921155532351
    },
    "19": {
        "estimate": 26.186940577211878,
        "std": 8.214855008195943
    },
    "20": {
        "estimate": 25.0757310843143,
        "std": 7.985734258730523
    },
    "21": {
        "estimate": 24.83123650237671,
        "std": 7.822899920821043
    },
    "22": {
        "estimate": 25.220651968727626,
        "std": 8.126651552092286
    },
    "23": {
        "estimate": 25.70645502947968,
        "std": 8.481011648304577
    },
    "24": {
        "estimate": 26.134395207407774,
        "std": 8.731993348907567
    },
    "25": {
        "estimate": 26.462777631288866,
        "std": 8.678242630444569
    },
    "26": {
        "estimate": 26.502734063744846,
        "std": 8.72634055317358
    },
    "27": {
        "estimate": 27.005278864297434,
        "std": 8.942142189430037
    },
    "28": {
        "estimate": 26.94469371170252,
        "std": 9.044104149447811
    },
    "29": {
        "estimate": 28.502188450038947,
        "std": 9.554311068263146
    },
    "30": {
        "estimate": 29.386973665597726,
        "std": 10.172768471497868
    },
    "31": {
        "estimate": 30.231104663218122,
        "std": 10.749020835672734
    },
    "32": {
        "estimate": 30.19139267673117,
        "std": 10.331636760057764
    }
}