{
    "0": {
        "estimate": Infinity,
        "std": NaN
    },
    "1": {
        "estimate": 18.649928780691774,
        "std": 5.41355366343829
    },
    "2": {
        "estimate": 22.88067188035218,
        "std": 6.206895766560659
    },
    "3": {
        "estimate": 21.55443821407844,
        "std": 5.822747325713561
    },
    "4": {
        "estimate": 21.10899955015696,
        "std": 5.721938201963967
    },
    "5": {
        "estimate": 21.98349567405163,
        "std": 5.928676335069341
    },
    "6": {
        "estimate": 21.65414756943017,
        "std": 5.763869720692131
    },
    "7": {
        "estimate": 22.978695139875118,
        "std": 5.975202950725731
    },
    "8": {
        "estimate": 23.970413754484362,
        "std": 6.116483172575331
    },
    "9": {
        "estimate": 24.874130154791875,
        "std": 6.398136210493272
    },
    "10": {
        "estimate": 25.547532267966215,
        "std": 6.6054582642475586
    },
    "11": {
        "estimate": 26.52050323417416,
        "std": 7.02712297211068
    },
    "12": {
        "estimate": 26.639785721229064,
        "std": 7.041063068293675
    },
    "13": {
        "estimate": 25.038573734879126,
        "std": 6.601339582797872
    },
    "14": {
        "estimate": 25.973808083176053,
        "std": 6.61024060908708
    },
    "15": {
        "estimate": 26.159727450091705,
        "std": 6.71001814974143
    },
    "16": {
        "estimate": 26.411858062675933,
        "std": 6.705159027348033
    },
    "17": {
        "estimate": 26.023175591747563,
        "std": 6.7691297271393225
    },
    "18": {
        "estimate": 24.869614545763206,
        "std": 6.4416172377901795
    },
    "19": {
        "estimate": 23.901310483314347,
        "std": 6.22610554077362
    },
    "20": {
        "estimate": 22.948766327325433,
        "std": 5.966752719013151
    },
    "21": {
        "estimate": 22.70706479793918,
        "std": 5.954461118250908
    },
    "22": {
        "estimate": 22.995143764033187,
        "std": 6.044358136432954
    },
    "23": {
        "estimate": 23.504487514876903,
        "std": 6.3583705258937275
    },
    "24": {
        "estimate": 23.788215338902944,
        "std": 6.53224357750112
    },
    "25": {
        "estimate": 24.041236886814847,
        "std": 6.552877114490528
    },
    "26": {
        "estimate": 24.168666546932027,
        "std": 6.676794347996992
    },
    "27": {
        "estimate": 24.588402270162916,
        "std": 6.857308429363852
    },
    "28": {
        "estimate": 24.51277661475178,
        "std": 6.908313531067978
    },
    "29": {
        "estimate": 25.959440180716296,
        "std": 7.3572289225790986
    },
    "30": {
        "estimate": 26.931104599173217,
        "std": 7.83031997953005
    },
    "31": {
        "estimate": 27.83229327239311,
        "std": 8.434051404849052
    },
    "32": {
        "estimate": 27.988104072022008,
        "std": 8.196952013764504
    }
}