{
    "0": {
        "estimate": Infinity,
        "std": NaN
    },
    "1": {
        "estimate": 17.29084227545949,
        "std": 4.023196430508471
    },
    "2": {
        "estimate": 20.78176128783735,
        "std": 4.627649052872039
    },
    "3": {
        "estimate": 19.290775366177513,
        "std": 4.335683977461905
    },
    "4": {
        "estimate": 19.337951179817257,
        "std": 4.38605420788609
    },
    "5": {
        "estimate": 19.72762500943989,
        "std": 4.372531030104131
    },
    "6": {
        "estimate": 19.532543271193568,
        "std": 4.25591170008221
    },
    "7": {
        "estimate": 21.016838221936755,
        "std": 4.442010132534827
    },
    "8": {
        "estimate": 21.956713378874078,
        "std": 4.657313793788457
    },
    "9": {
        "estimate": 22.77717314889258,
        "std": 4.8096289062945425
    },
    "10": {
        "estimate": 23.436824877783295,
        "std": 5.192301826986242
    },
    "11": {
        "estimate": 24.377002564379808,
        "std": 5.35720077229278
    },
    "12": {
        "estimate": 24.41817218820978,
        "std": 5.29553668158116
    },
    "13": {
        "estimate": 22.4035177599343,
        "std": 5.02922172879524
    },
    "14": {
        "estimate": 23.38179513382953,
        "std": 4.90061967519196
    },
    "15": {
        "estimate": 23.547110253478213,
        "std": 4.937519920772944
    },
    "16": {
        "estimate": 23.802198859537853,
        "std": 4.965948150564049
    },
    "17": {
        "estimate": 23.379674700113764,
        "std": 5.173903638496056
    },
    "18": {
        "estimate": 22.224117839187628,
        "std": 4.9805249246991385
    },
    "19": {
        "estimate": 21.297326364739426,
        "std": 4.786573264486433
    },
    "20": {
        "estimate": 20.43549061929771,
        "std": 4.587949577378923
    },
    "21": {
        "estimate": 20.240997470154056,
        "std": 4.616081643328989
    },
    "22": {
        "estimate": 20.494623804978996,
        "std": 4.761042738394917
    },
    "23": {
        "estimate": 20.90440437792883,
        "std": 4.94644110926592
    },
    "24": {
        "estimate": 21.187433034506668,
        "std": 5.126559519540707
    },
    "25": {
        "estimate": 21.47354831291572,
        "std": 5.17980043593536
    },
    "26": {
        "estimate": 21.53463362621082,
        "std": 5.236380144809766
    },
    "27": {
        "estimate": 21.89472752105327,
        "std": 5.392444854250038
    },
    "28": {
        "estimate": 21.796135284234328,
        "std": 5.333802302885851
    },
    "29": {
        "estimate": 23.134531364769238,
        "std": 5.790214527226923
    },
    "30": {
        "estimate": 24.00830832645768,
        "std": 6.040069650114608
    },
    "31": {
        "estimate": 24.948799159586123,
        "std": 6.492183035747632
    },
    "32": {
        "estimate": 25.403630715936927,
        "std": 6.399113851219471
    }
}