{
    "0": {
        "estimate": NaN,
        "std": NaN
    },
    "1": {
        "estimate": 17.190626387051065,
        "std": 6.1692111607216225
    },
    "2": {
        "estimate": 18.78235958323079,
        "std": 6.891423758072503
    },
    "3": {
        "estimate": 20.11642631745668,
        "std": 7.2762879436404715
    },
    "4": {
        "estimate": 20.212132453814363,
        "std": 8.084503265270545
    },
    "5": {
        "estimate": 21.441336327965256,
        "std": 8.882888485327326
    },
    "6": {
        "estimate": 19.712395270285924,
        "std": 8.98684055197398
    },
    "7": {
        "estimate": 19.00597673718748,
        "std": 8.764177147449963
    },
    "8": {
        "estimate": 19.733980390708172,
        "std": 9.311349786618877
    },
    "9": {
        "estimate": 21.07911259280132,
        "std": 9.43803089526849
    },
    "10": {
        "estimate": 21.638423759300576,
        "std": 9.401052504977349
    },
    "11": {
        "estimate": 21.476837510152887,
        "std": 9.1757285775622
    },
    "12": {
        "estimate": 22.40546817581768,
        "std": 9.573633689199795
    },
    "13": {
        "estimate": 22.877544881520542,
        "std": 9.372469057247134
    },
    "14": {
        "estimate": 22.781520450995657,
        "std": 8.965051279065305
    },
    "15": {
        "estimate": 22.487948756943933,
        "std": 8.93947471569226
    },
    "16": {
        "estimate": 21.530337034701585,
        "std": 8.341891298969017
    },
    "17": {
        "estimate": 19.896199928794058,
        "std": 8.208069061197829
    },
    "18": {
        "estimate": 18.608229431905063,
        "std": 7.519684543577506
    },
    "19": {
        "estimate": 17.80872848684783,
        "std": 7.204827418351862
    },
    "20": {
        "estimate": 17.636027052513015,
        "std": 7.119373740783584
    },
    "21": {
        "estimate": 17.08174342500791,
        "std": 7.113678318509286
    },
    "22": {
        "estimate": 17.136554364383027,
        "std": 7.352938900532184
    },
    "23": {
        "estimate": 17.155994583645207,
        "std": 7.490811348131042
    },
    "24": {
        "estimate": 17.262750234531694,
        "std": 7.643090408711792
    },
    "25": {
        "estimate": 17.408693664091587,
        "std": 8.011936630521872
    },
    "26": {
        "estimate": 17.390609919243104,
        "std": 8.019975146608699
    },
    "27": {
        "estimate": 17.31544422037003,
        "std": 8.217724592782792
    },
    "28": {
        "estimate": 17.34738764914852,
        "std": 8.195142845048181
    },
    "29": {
        "estimate": 17.20124357669478,
        "std": 8.216087717091108
    },
    "30": {
        "estimate": 17.296102586834,
        "std": 8.342909494503678
    },
    "31": {
        "estimate": 16.49345101654901,
        "std": 7.884198005926832
    },
    "32": {
        "estimate": 15.45889505087337,
        "std": 6.931280718587689
    }
}