{
    "0": {
        "estimate": NaN,
        "std": NaN
    },
    "1": {
        "estimate": 17.84399433662942,
        "std": 7.951480642080744
    },
    "2": {
        "estimate": 19.41611620658975,
        "std": 8.889467345598483
    },
    "3": {
        "estimate": 20.463981702888496,
        "std": 9.156934385710127
    },
    "4": {
        "estimate": 20.64022313803865,
        "std": 10.362397185643943
    },
    "5": {
        "estimate": 21.43465443798274,
        "std": 11.011266908959344
    },
    "6": {
        "estimate": 19.688949673557303,
        "std": 10.862268845075358
    },
    "7": {
        "estimate": 18.95381639901423,
        "std": 10.611546928077814
    },
    "8": {
        "estimate": 19.73823125984695,
        "std": 11.359844549545283
    },
    "9": {
        "estimate": 21.0430411379368,
        "std": 11.474340711368681
    },
    "10": {
        "estimate": 21.77953224717466,
        "std": 11.627223261283122
    },
    "11": {
        "estimate": 21.62813035894444,
        "std": 11.260355910049224
    },
    "12": {
        "estimate": 22.51652073894044,
        "std": 11.590025956422007
    },
    "13": {
        "estimate": 23.1943979922877,
        "std": 11.665965163661188
    },
    "14": {
        "estimate": 23.26948890738167,
        "std": 11.171349280851233
    },
    "15": {
        "estimate": 23.011772591201147,
        "std": 11.0809211167826
    },
    "16": {
        "estimate": 22.233579699251283,
        "std": 10.501323522499986
    },
    "17": {
        "estimate": 20.42796818644278,
        "std": 9.982876720587157
    },
    "18": {
        "estimate": 19.196355341870103,
        "std": 9.161713783327373
    },
    "19": {
        "estimate": 18.530144126515097,
        "std": 8.819611561683278
    },
    "20": {
        "estimate": 18.343778070323612,
        "std": 8.762129346887473
    },
    "21": {
        "estimate": 17.720873561924034,
        "std": 8.659876148922363
    },
    "22": {
        "estimate": 17.716061244708303,
        "std": 8.801531838648952
    },
    "23": {
        "estimate": 17.741068765858778,
        "std": 8.971224228720537
    },
    "24": {
        "estimate": 17.799522799702764,
        "std": 9.152326324661733
    },
    "25": {
        "estimate": 17.823260999708886,
        "std": 9.362406818781382
    },
    "26": {
        "estimate": 17.790578801866385,
        "std": 9.47009284807897
    },
    "27": {
        "estimate": 17.60271156416971,
        "std": 9.784642860780131
    },
    "28": {
        "estimate": 17.624223409077047,
        "std": 9.699077489302253
    },
    "29": {
        "estimate": 17.345117406543192,
        "std": 9.519395224994227
    },
    "30": {
        "estimate": 17.37343556670684,
        "std": 9.623270232837145
    },
    "31": {
        "estimate": 16.647192569606506,
        "std": 9.310916782569617
    },
    "32": {
        "estimate": 15.690517600176932,
        "std": 8.149838496130878
    }
}