{
    "0": NaN,
    "1": 7.4572224617004395,
    "2": 7.9058709144592285,
    "3": 8.702765464782715,
    "4": 7.118002891540527,
    "5": 6.8398661613464355,
    "6": 5.720373153686523,
    "7": 5.749391555786133,
    "8": 5.9017653465271,
    "9": 6.622838973999023,
    "10": 6.9002685546875,
    "11": 7.477286338806152,
    "12": 7.957977771759033,
    "13": 8.865044593811035,
    "14": 9.433784484863281,
    "15": 9.821619987487793,
    "16": 10.786587715148926,
    "17": 10.193183898925781,
    "18": 10.776724815368652,
    "19": 10.923794746398926,
    "20": 11.017127990722656,
    "21": 10.562555313110352,
    "22": 10.155716896057129,
    "23": 9.943470001220703,
    "24": 9.68407154083252,
    "25": 8.977322578430176,
    "26": 8.798148155212402,
    "27": 8.133184432983398,
    "28": 8.11807632446289,
    "29": 7.8913726806640625,
    "30": 7.58381986618042,
    "31": 7.35601806640625,
    "32": 7.566359519958496
}