{
    "0": {
        "estimate": NaN,
        "std": NaN
    },
    "1": {
        "estimate": 18.429722324986347,
        "std": 6.2126482261191445
    },
    "2": {
        "estimate": 19.438890996907336,
        "std": 6.611147925404733
    },
    "3": {
        "estimate": 22.348063393757325,
        "std": 7.648012355919314
    },
    "4": {
        "estimate": 22.81176795883611,
        "std": 7.779657372652866
    },
    "5": {
        "estimate": 24.703531090562954,
        "std": 8.718055734968301
    },
    "6": {
        "estimate": 24.682324231365566,
        "std": 8.585283321140304
    },
    "7": {
        "estimate": 27.012693567604956,
        "std": 9.26944729493535
    },
    "8": {
        "estimate": 28.282481850367166,
        "std": 9.311605129538295
    },
    "9": {
        "estimate": 30.983631487502972,
        "std": 10.599565696899358
    },
    "10": {
        "estimate": 30.6753609732107,
        "std": 10.496882836260074
    },
    "11": {
        "estimate": 29.70370651935204,
        "std": 9.92050555148356
    },
    "12": {
        "estimate": 31.18469597850152,
        "std": 10.315092471916651
    },
    "13": {
        "estimate": 32.83058740420771,
        "std": 10.502582872926281
    },
    "14": {
        "estimate": 32.35953996792705,
        "std": 9.836488170419225
    },
    "15": {
        "estimate": 31.867065206729052,
        "std": 9.475782586962575
    },
    "16": {
        "estimate": 30.178494760059436,
        "std": 9.014031522605954
    },
    "17": {
        "estimate": 27.470020040555326,
        "std": 8.265009902863653
    },
    "18": {
        "estimate": 26.731879205504445,
        "std": 8.165724850897712
    },
    "19": {
        "estimate": 24.94509923042033,
        "std": 7.73932979952339
    },
    "20": {
        "estimate": 24.21477546075856,
        "std": 7.579819903312882
    },
    "21": {
        "estimate": 21.642183764313398,
        "std": 7.1944781555319315
    },
    "22": {
        "estimate": 20.442674714658054,
        "std": 7.057410792022646
    },
    "23": {
        "estimate": 20.176180834495046,
        "std": 7.019877398608911
    },
    "24": {
        "estimate": 19.727681454068005,
        "std": 6.932527035276575
    },
    "25": {
        "estimate": 19.056343093815684,
        "std": 6.644969247820988
    },
    "26": {
        "estimate": 19.123806893429354,
        "std": 6.734560892070144
    },
    "27": {
        "estimate": 19.326488629173777,
        "std": 6.870773377901907
    },
    "28": {
        "estimate": 19.408520274751854,
        "std": 7.0515598102146875
    },
    "29": {
        "estimate": 19.537400580591225,
        "std": 7.114261741661735
    },
    "30": {
        "estimate": 19.865223396149922,
        "std": 7.18698308740448
    },
    "31": {
        "estimate": 19.985103016968385,
        "std": 7.259267513704601
    },
    "32": {
        "estimate": 19.19805460594233,
        "std": 7.02111900758704
    }
}