{
    "0": {
        "estimate": NaN,
        "std": NaN
    },
    "1": {
        "estimate": 14.681942180073069,
        "std": 4.444342652281978
    },
    "2": {
        "estimate": 15.240138782653585,
        "std": 4.747585423997931
    },
    "3": {
        "estimate": 18.167322306068904,
        "std": 5.446665493162264
    },
    "4": {
        "estimate": 18.31133466547793,
        "std": 5.8294243802880255
    },
    "5": {
        "estimate": 19.761372929576133,
        "std": 6.411042876079873
    },
    "6": {
        "estimate": 19.75674406335617,
        "std": 6.386581059250986
    },
    "7": {
        "estimate": 21.605843442244023,
        "std": 6.752091348679533
    },
    "8": {
        "estimate": 22.871078928916596,
        "std": 7.066632776439507
    },
    "9": {
        "estimate": 25.033096528282734,
        "std": 7.849662648704484
    },
    "10": {
        "estimate": 25.716859170122653,
        "std": 7.642447847548501
    },
    "11": {
        "estimate": 25.362640618720885,
        "std": 7.1378894761185805
    },
    "12": {
        "estimate": 26.3581038270058,
        "std": 7.486029077381608
    },
    "13": {
        "estimate": 27.861671200343494,
        "std": 7.273654630490239
    },
    "14": {
        "estimate": 27.36846943713443,
        "std": 6.481554274920906
    },
    "15": {
        "estimate": 26.70379662704279,
        "std": 6.154585238598687
    },
    "16": {
        "estimate": 25.4342437934051,
        "std": 5.921608584997345
    },
    "17": {
        "estimate": 23.025065588002768,
        "std": 5.62201916844973
    },
    "18": {
        "estimate": 22.262031417005613,
        "std": 5.560856934860791
    },
    "19": {
        "estimate": 20.494826963661552,
        "std": 5.262255773428172
    },
    "20": {
        "estimate": 19.901771395239788,
        "std": 5.27160335217333
    },
    "21": {
        "estimate": 17.710361943785735,
        "std": 5.141201125422709
    },
    "22": {
        "estimate": 16.584391018545954,
        "std": 5.1243839064862415
    },
    "23": {
        "estimate": 16.339218572811596,
        "std": 5.115218876344946
    },
    "24": {
        "estimate": 15.905883310459673,
        "std": 4.972335258361934
    },
    "25": {
        "estimate": 15.372834044048501,
        "std": 4.920539875007236
    },
    "26": {
        "estimate": 15.318066843264425,
        "std": 4.924955256927049
    },
    "27": {
        "estimate": 15.45917063951285,
        "std": 4.976375665113856
    },
    "28": {
        "estimate": 15.599621494721337,
        "std": 5.0625358456554155
    },
    "29": {
        "estimate": 15.654271005242999,
        "std": 5.0649998924945745
    },
    "30": {
        "estimate": 15.946253655095875,
        "std": 5.1422082503567905
    },
    "31": {
        "estimate": 16.069855232389067,
        "std": 5.20225208041607
    },
    "32": {
        "estimate": 15.653548309545696,
        "std": 5.117621000214859
    }
}