{
    "0": {
        "estimate": NaN,
        "std": NaN
    },
    "1": {
        "estimate": 18.28306457353874,
        "std": 7.117671799439122
    },
    "2": {
        "estimate": 13.949033934848561,
        "std": 9.220199132467679
    },
    "3": {
        "estimate": 14.350059200277215,
        "std": 11.038912354513279
    },
    "4": {
        "estimate": 18.67136325817312,
        "std": 12.253480438992296
    },
    "5": {
        "estimate": 19.08492693847532,
        "std": 13.772559413887617
    },
    "6": {
        "estimate": 17.763672701924964,
        "std": 13.587661044816993
    },
    "7": {
        "estimate": 20.638782163434225,
        "std": 14.706526570185273
    },
    "8": {
        "estimate": 22.70206818484785,
        "std": 14.745018446776932
    },
    "9": {
        "estimate": 25.42520632094507,
        "std": 13.950351216328
    },
    "10": {
        "estimate": 27.129245915903336,
        "std": 14.428342437883753
    },
    "11": {
        "estimate": 28.70550689566864,
        "std": 14.426209319675708
    },
    "12": {
        "estimate": 30.244465875400994,
        "std": 13.952897215094067
    },
    "13": {
        "estimate": 30.759758125555337,
        "std": 13.779297526860624
    },
    "14": {
        "estimate": 30.816891028936812,
        "std": 13.678396983845348
    },
    "15": {
        "estimate": 31.110651455692494,
        "std": 13.574569462982428
    },
    "16": {
        "estimate": 31.258369053482625,
        "std": 13.367602853528954
    },
    "17": {
        "estimate": 31.253565984514765,
        "std": 12.990958388779072
    },
    "18": {
        "estimate": 31.2049543975638,
        "std": 12.736000962447276
    },
    "19": {
        "estimate": 31.43410623423559,
        "std": 12.455836798810834
    },
    "20": {
        "estimate": 31.40046051077665,
        "std": 12.43514863384365
    },
    "21": {
        "estimate": 31.503750272445718,
        "std": 12.420059476206035
    },
    "22": {
        "estimate": 31.774841315588883,
        "std": 12.681560123513991
    },
    "23": {
        "estimate": 31.8290364821867,
        "std": 12.58411450470906
    },
    "24": {
        "estimate": 32.35911499722594,
        "std": 12.624757998361494
    },
    "25": {
        "estimate": 32.41901584788363,
        "std": 12.750906635733811
    },
    "26": {
        "estimate": 32.65672689487713,
        "std": 12.604897913700432
    },
    "27": {
        "estimate": 33.12601906610104,
        "std": 12.853552338067573
    },
    "28": {
        "estimate": 33.369017024881906,
        "std": 12.930670196128903
    },
    "29": {
        "estimate": 33.67108378043115,
        "std": 12.56575733538285
    },
    "30": {
        "estimate": 34.9777207080311,
        "std": 13.238284465195692
    },
    "31": {
        "estimate": 35.31299263907551,
        "std": 13.124278420705945
    },
    "32": {
        "estimate": 34.93059004258685,
        "std": 12.918387356912605
    }
}