{
    "0": {
        "estimate": NaN,
        "std": NaN
    },
    "1": {
        "estimate": 17.116102923625917,
        "std": 5.616747073701181
    },
    "2": {
        "estimate": 14.086849777899525,
        "std": 7.629426175598201
    },
    "3": {
        "estimate": 14.373674990136083,
        "std": 9.031246100500518
    },
    "4": {
        "estimate": 18.681302137447307,
        "std": 9.895286685492403
    },
    "5": {
        "estimate": 19.491750461180576,
        "std": 11.58540538718873
    },
    "6": {
        "estimate": 18.27760267343267,
        "std": 11.683595155258839
    },
    "7": {
        "estimate": 21.049035686922412,
        "std": 12.367476632123005
    },
    "8": {
        "estimate": 23.10239758802064,
        "std": 12.563951987365904
    },
    "9": {
        "estimate": 25.355630186436848,
        "std": 11.614428340308086
    },
    "10": {
        "estimate": 26.86101928714682,
        "std": 11.840878447892946
    },
    "11": {
        "estimate": 28.25870992623883,
        "std": 12.08418213477848
    },
    "12": {
        "estimate": 29.36089105576356,
        "std": 11.47623637711915
    },
    "13": {
        "estimate": 29.76473575966117,
        "std": 11.257933597055255
    },
    "14": {
        "estimate": 29.59730395134381,
        "std": 11.160964265458775
    },
    "15": {
        "estimate": 29.861049006051758,
        "std": 10.902464565017654
    },
    "16": {
        "estimate": 29.92584680688268,
        "std": 10.715759350713801
    },
    "17": {
        "estimate": 29.958199279278418,
        "std": 10.442883450876174
    },
    "18": {
        "estimate": 29.86854272699611,
        "std": 10.142695921473228
    },
    "19": {
        "estimate": 30.012092348503955,
        "std": 9.88368917683036
    },
    "20": {
        "estimate": 29.920993271577032,
        "std": 9.711479178725218
    },
    "21": {
        "estimate": 29.987652782782522,
        "std": 9.77271374000208
    },
    "22": {
        "estimate": 30.499561071385013,
        "std": 10.010568161397766
    },
    "23": {
        "estimate": 30.489197579201765,
        "std": 9.891394653141546
    },
    "24": {
        "estimate": 30.83275590023267,
        "std": 9.808801414124183
    },
    "25": {
        "estimate": 30.89755591477776,
        "std": 9.785277186996488
    },
    "26": {
        "estimate": 31.18484534800914,
        "std": 9.747956840762498
    },
    "27": {
        "estimate": 31.570672294755692,
        "std": 9.875421431911748
    },
    "28": {
        "estimate": 31.646905324369634,
        "std": 9.718579577531067
    },
    "29": {
        "estimate": 32.123907722148104,
        "std": 9.77154847767463
    },
    "30": {
        "estimate": 33.30729367231726,
        "std": 10.168480098110194
    },
    "31": {
        "estimate": 33.55543346722091,
        "std": 10.088945782339184
    },
    "32": {
        "estimate": 33.111412641223275,
        "std": 9.947705947556521
    }
}