{
    "0": {
        "estimate": NaN,
        "std": NaN
    },
    "1": {
        "estimate": 14.256499475779496,
        "std": 3.758746094991193
    },
    "2": {
        "estimate": 14.221443813920132,
        "std": 4.68046010682288
    },
    "3": {
        "estimate": 14.895913543182841,
        "std": 5.739605542620506
    },
    "4": {
        "estimate": 18.65149391223716,
        "std": 6.0740663038084275
    },
    "5": {
        "estimate": 20.32521161552694,
        "std": 7.6629937462073245
    },
    "6": {
        "estimate": 20.001385070213217,
        "std": 8.411379089762187
    },
    "7": {
        "estimate": 22.565484913529573,
        "std": 8.815817552915833
    },
    "8": {
        "estimate": 23.8035219018778,
        "std": 8.96149190411739
    },
    "9": {
        "estimate": 24.75046413193053,
        "std": 8.390851332899382
    },
    "10": {
        "estimate": 25.640532208488164,
        "std": 8.385196233995178
    },
    "11": {
        "estimate": 26.334637974559246,
        "std": 8.38369213747963
    },
    "12": {
        "estimate": 26.861179886936053,
        "std": 7.9112460871218415
    },
    "13": {
        "estimate": 26.870483858365855,
        "std": 7.7119982566634615
    },
    "14": {
        "estimate": 26.525712827779493,
        "std": 7.483181796482523
    },
    "15": {
        "estimate": 26.62539865016892,
        "std": 7.335460452052242
    },
    "16": {
        "estimate": 26.740285342435243,
        "std": 7.1905328625574505
    },
    "17": {
        "estimate": 26.640733110000607,
        "std": 6.942719352102668
    },
    "18": {
        "estimate": 26.44426546175473,
        "std": 6.640769503011881
    },
    "19": {
        "estimate": 26.425122829775106,
        "std": 6.466773086544662
    },
    "20": {
        "estimate": 26.259640851866884,
        "std": 6.270358493892449
    },
    "21": {
        "estimate": 26.2665273139172,
        "std": 6.23289502551917
    },
    "22": {
        "estimate": 26.95645520017564,
        "std": 6.3148580893319135
    },
    "23": {
        "estimate": 26.81428417527274,
        "std": 6.222348366571043
    },
    "24": {
        "estimate": 27.14401915741601,
        "std": 6.203736920575942
    },
    "25": {
        "estimate": 27.098236729840195,
        "std": 6.153933900700288
    },
    "26": {
        "estimate": 27.251512583922356,
        "std": 6.122852357330217
    },
    "27": {
        "estimate": 27.56411079357712,
        "std": 6.210556529311872
    },
    "28": {
        "estimate": 27.541500631462206,
        "std": 6.134690747346015
    },
    "29": {
        "estimate": 27.994326775859424,
        "std": 6.1527809686265895
    },
    "30": {
        "estimate": 29.005015890398866,
        "std": 6.284489208670701
    },
    "31": {
        "estimate": 29.157163575007697,
        "std": 6.315885464153874
    },
    "32": {
        "estimate": 28.674080126723393,
        "std": 6.134719214499874
    }
}