{
    "0": {
        "estimate": NaN,
        "std": NaN
    },
    "1": {
        "estimate": 11.830794760140208,
        "std": 3.8416449598567475
    },
    "2": {
        "estimate": 12.90657886433774,
        "std": 4.679751112282035
    },
    "3": {
        "estimate": 14.593313897500991,
        "std": 5.244574369300245
    },
    "4": {
        "estimate": 15.67674023229361,
        "std": 5.794200657714664
    },
    "5": {
        "estimate": 15.35339925607323,
        "std": 5.648767887496716
    },
    "6": {
        "estimate": 16.000025285967883,
        "std": 5.833784599462339
    },
    "7": {
        "estimate": 16.851405025993895,
        "std": 6.293178956200085
    },
    "8": {
        "estimate": 17.779669447474877,
        "std": 6.67444558583364
    },
    "9": {
        "estimate": 17.999600067839797,
        "std": 6.412293148881493
    },
    "10": {
        "estimate": 18.35773654545417,
        "std": 6.321344907219092
    },
    "11": {
        "estimate": 18.399902868930234,
        "std": 6.186085653179682
    },
    "12": {
        "estimate": 18.3330461924246,
        "std": 6.0516541832756126
    },
    "13": {
        "estimate": 18.151707985435188,
        "std": 5.96340996102845
    },
    "14": {
        "estimate": 18.700813873363476,
        "std": 6.066041264585163
    },
    "15": {
        "estimate": 18.369428698027676,
        "std": 5.922687521823871
    },
    "16": {
        "estimate": 18.319151365053603,
        "std": 5.907324148614003
    },
    "17": {
        "estimate": 17.879659657054606,
        "std": 5.813675303779235
    },
    "18": {
        "estimate": 17.453059410314196,
        "std": 5.5492285441192815
    },
    "19": {
        "estimate": 16.947555464496293,
        "std": 5.267874711105216
    },
    "20": {
        "estimate": 17.1177969927984,
        "std": 5.28054368299635
    },
    "21": {
        "estimate": 17.704369617722165,
        "std": 5.919591185365499
    },
    "22": {
        "estimate": 17.83696204678695,
        "std": 5.88851595218924
    },
    "23": {
        "estimate": 17.490756950228306,
        "std": 5.65291832561389
    },
    "24": {
        "estimate": 17.95700043900487,
        "std": 5.638467677549111
    },
    "25": {
        "estimate": 18.17492233807814,
        "std": 5.741243542150893
    },
    "26": {
        "estimate": 18.510471757417086,
        "std": 5.866435684114392
    },
    "27": {
        "estimate": 18.946556512273887,
        "std": 5.937718741317275
    },
    "28": {
        "estimate": 18.95897363524158,
        "std": 5.818610510802501
    },
    "29": {
        "estimate": 19.24652122628054,
        "std": 5.891348743605494
    },
    "30": {
        "estimate": 19.279542157567732,
        "std": 5.927565441083662
    },
    "31": {
        "estimate": 19.452397458407823,
        "std": 5.997827239685868
    },
    "32": {
        "estimate": 19.455341994649913,
        "std": 5.954837170114124
    },
    "33": {
        "estimate": 20.047702440163185,
        "std": 6.175621152157431
    },
    "34": {
        "estimate": 20.30184403064691,
        "std": 6.37072059176277
    },
    "35": {
        "estimate": 20.58621703641859,
        "std": 6.518433101485746
    },
    "36": {
        "estimate": 20.736402774918325,
        "std": 6.531863053393646
    },
    "37": {
        "estimate": 21.031234026158995,
        "std": 6.706990612227093
    },
    "38": {
        "estimate": 21.460188422892987,
        "std": 6.893782056221592
    },
    "39": {
        "estimate": 21.862535088133875,
        "std": 7.245299518386213
    },
    "40": {
        "estimate": 22.045028448760398,
        "std": 7.286245800552992
    }
}