{
    "0": {
        "estimate": NaN,
        "std": NaN
    },
    "1": {
        "estimate": 12.123893303400147,
        "std": 4.073973891429086
    },
    "2": {
        "estimate": 13.210809445198992,
        "std": 4.956398278004747
    },
    "3": {
        "estimate": 14.862860045555083,
        "std": 5.516229466077653
    },
    "4": {
        "estimate": 15.892716689596941,
        "std": 6.072448689576502
    },
    "5": {
        "estimate": 15.606278395596874,
        "std": 6.017179952650683
    },
    "6": {
        "estimate": 16.176786653138155,
        "std": 6.159536490501444
    },
    "7": {
        "estimate": 17.02089940449992,
        "std": 6.60654098713194
    },
    "8": {
        "estimate": 17.93843628646366,
        "std": 7.038340864980277
    },
    "9": {
        "estimate": 18.07664894680198,
        "std": 6.728247996055234
    },
    "10": {
        "estimate": 18.46938189450641,
        "std": 6.65764951971827
    },
    "11": {
        "estimate": 18.587374776719212,
        "std": 6.544569163821087
    },
    "12": {
        "estimate": 18.55535927176284,
        "std": 6.463094110292923
    },
    "13": {
        "estimate": 18.41648556584857,
        "std": 6.3697961855129375
    },
    "14": {
        "estimate": 18.998136887011352,
        "std": 6.519138565571873
    },
    "15": {
        "estimate": 18.681358053658077,
        "std": 6.327848814994195
    },
    "16": {
        "estimate": 18.606160781261615,
        "std": 6.3750917019464355
    },
    "17": {
        "estimate": 18.17012709034344,
        "std": 6.2169393162368545
    },
    "18": {
        "estimate": 17.795462550288043,
        "std": 5.950407618535136
    },
    "19": {
        "estimate": 17.344200038608715,
        "std": 5.672250890085213
    },
    "20": {
        "estimate": 17.512672778098988,
        "std": 5.707002498400473
    },
    "21": {
        "estimate": 17.994720603499864,
        "std": 6.315846501496224
    },
    "22": {
        "estimate": 18.180223913777965,
        "std": 6.256313797170098
    },
    "23": {
        "estimate": 17.920644473630556,
        "std": 6.067166762900474
    },
    "24": {
        "estimate": 18.42110702898121,
        "std": 6.120702678156475
    },
    "25": {
        "estimate": 18.635723637991532,
        "std": 6.180693092953826
    },
    "26": {
        "estimate": 18.981211504060077,
        "std": 6.315298278113104
    },
    "27": {
        "estimate": 19.399087492407457,
        "std": 6.404285417587411
    },
    "28": {
        "estimate": 19.463117773130367,
        "std": 6.312518865434764
    },
    "29": {
        "estimate": 19.790415766336125,
        "std": 6.41818492830873
    },
    "30": {
        "estimate": 19.80697267348842,
        "std": 6.469419629416431
    },
    "31": {
        "estimate": 19.9797400915355,
        "std": 6.527059836415473
    },
    "32": {
        "estimate": 19.98984097875641,
        "std": 6.474849842009024
    },
    "33": {
        "estimate": 20.566683499224418,
        "std": 6.734142550673974
    },
    "34": {
        "estimate": 20.815114162896045,
        "std": 6.927074811571654
    },
    "35": {
        "estimate": 21.06932652109898,
        "std": 7.062062426792994
    },
    "36": {
        "estimate": 21.213614672811758,
        "std": 7.113672670153485
    },
    "37": {
        "estimate": 21.464002576237768,
        "std": 7.292509605455825
    },
    "38": {
        "estimate": 21.891011893428175,
        "std": 7.563785857631896
    },
    "39": {
        "estimate": 22.17204655530857,
        "std": 7.876029308207136
    },
    "40": {
        "estimate": 22.251057902629817,
        "std": 7.955620793972254
    }
}