{
    "0": {
        "estimate": NaN,
        "std": NaN
    },
    "1": {
        "estimate": 15.238110817817464,
        "std": 10.504705338176548
    },
    "2": {
        "estimate": 12.668630661018412,
        "std": 13.71587361227034
    },
    "3": {
        "estimate": 17.62150109245043,
        "std": 12.514531956995683
    },
    "4": {
        "estimate": 20.330555964563708,
        "std": 13.290261584616474
    },
    "5": {
        "estimate": 19.735548038668956,
        "std": 14.01114187129351
    },
    "6": {
        "estimate": 26.433170454720536,
        "std": 12.793690867846445
    },
    "7": {
        "estimate": 31.207067410960335,
        "std": 12.507548006253046
    },
    "8": {
        "estimate": 32.368123755772736,
        "std": 11.973057769100889
    },
    "9": {
        "estimate": 37.259008022173354,
        "std": 12.926786136018281
    },
    "10": {
        "estimate": 39.442476432807325,
        "std": 13.327623647462676
    },
    "11": {
        "estimate": 39.5747368517203,
        "std": 13.014596776015685
    },
    "12": {
        "estimate": 39.08481829438309,
        "std": 12.65502856732447
    },
    "13": {
        "estimate": 39.347463214577445,
        "std": 12.919485828165014
    },
    "14": {
        "estimate": 39.95621244783478,
        "std": 13.11753975642395
    },
    "15": {
        "estimate": 39.73725333623004,
        "std": 13.254125388224816
    },
    "16": {
        "estimate": 37.89204407384178,
        "std": 12.235270929098744
    },
    "17": {
        "estimate": 36.140078867431825,
        "std": 11.768622725871044
    },
    "18": {
        "estimate": 32.666858772625915,
        "std": 10.773374815297792
    },
    "19": {
        "estimate": 31.608732768336445,
        "std": 10.380370638236588
    },
    "20": {
        "estimate": 30.777813879036852,
        "std": 9.842140653700941
    },
    "21": {
        "estimate": 30.457109503422444,
        "std": 9.90198626523431
    },
    "22": {
        "estimate": 30.067740646713304,
        "std": 9.728330306094978
    },
    "23": {
        "estimate": 30.250304683171095,
        "std": 10.102995139261852
    },
    "24": {
        "estimate": 30.577370677270817,
        "std": 10.130055760660829
    },
    "25": {
        "estimate": 30.92274695353195,
        "std": 10.021393783991273
    },
    "26": {
        "estimate": 32.502177511841886,
        "std": 11.122451506059686
    },
    "27": {
        "estimate": 33.03862183805577,
        "std": 11.542697571298978
    },
    "28": {
        "estimate": 33.63197749959029,
        "std": 11.87562873691907
    },
    "29": {
        "estimate": 34.05599893616409,
        "std": 11.880835104320811
    },
    "30": {
        "estimate": 33.09403349644945,
        "std": 11.603168084398257
    },
    "31": {
        "estimate": 33.095075590854826,
        "std": 11.844492604161978
    },
    "32": {
        "estimate": 28.22974406469341,
        "std": 10.221053885848647
    }
}