{
    "0": {
        "estimate": NaN,
        "std": NaN
    },
    "1": {
        "estimate": 14.739222196196957,
        "std": 5.995729291631197
    },
    "2": {
        "estimate": 14.319220315099022,
        "std": 7.162754985876033
    },
    "3": {
        "estimate": 18.95650313086214,
        "std": 6.614690791515314
    },
    "4": {
        "estimate": 20.860040783136178,
        "std": 7.03885370383469
    },
    "5": {
        "estimate": 21.41311055850004,
        "std": 7.509235224535741
    },
    "6": {
        "estimate": 24.063950975548916,
        "std": 6.5442297561079705
    },
    "7": {
        "estimate": 26.380240436798136,
        "std": 6.1843238217669345
    },
    "8": {
        "estimate": 26.89314354126855,
        "std": 5.8441472736138325
    },
    "9": {
        "estimate": 30.11660926746049,
        "std": 6.368437552502149
    },
    "10": {
        "estimate": 31.529376412750768,
        "std": 6.8013952250107135
    },
    "11": {
        "estimate": 31.207950514254065,
        "std": 6.164973877322348
    },
    "12": {
        "estimate": 30.030670917548274,
        "std": 5.961242305966835
    },
    "13": {
        "estimate": 30.62106789114708,
        "std": 6.119076380122701
    },
    "14": {
        "estimate": 30.836419546852262,
        "std": 6.075539904788646
    },
    "15": {
        "estimate": 30.90935048568251,
        "std": 6.230651987362562
    },
    "16": {
        "estimate": 29.259459267502994,
        "std": 6.035187651234306
    },
    "17": {
        "estimate": 27.81950093476891,
        "std": 5.783080883075604
    },
    "18": {
        "estimate": 24.23001267266476,
        "std": 5.025897869294529
    },
    "19": {
        "estimate": 23.028119645897526,
        "std": 4.7405479644331345
    },
    "20": {
        "estimate": 22.22696495207153,
        "std": 4.543280779297337
    },
    "21": {
        "estimate": 21.88899671698262,
        "std": 4.562428415384316
    },
    "22": {
        "estimate": 21.5651170364971,
        "std": 4.523093902814095
    },
    "23": {
        "estimate": 21.476506429756792,
        "std": 4.646259039641652
    },
    "24": {
        "estimate": 21.537520896595254,
        "std": 4.814034071389586
    },
    "25": {
        "estimate": 21.819556915280323,
        "std": 5.015501221664185
    },
    "26": {
        "estimate": 22.734231379806072,
        "std": 5.450803304990731
    },
    "27": {
        "estimate": 22.971523137151298,
        "std": 5.631669134942249
    },
    "28": {
        "estimate": 23.179844452592317,
        "std": 6.004130574768801
    },
    "29": {
        "estimate": 23.543708112150693,
        "std": 6.343028616898164
    },
    "30": {
        "estimate": 22.892759178894757,
        "std": 6.28781874696966
    },
    "31": {
        "estimate": 23.015110157368024,
        "std": 6.876721619639083
    },
    "32": {
        "estimate": 20.86299770345089,
        "std": 5.576662002503012
    }
}