{
    "0": NaN,
    "1": 8.958845138549805,
    "2": 2.270317792892456,
    "3": 7.237126350402832,
    "4": 9.42995834350586,
    "5": 8.703604698181152,
    "6": 16.511260986328125,
    "7": 24.265295028686523,
    "8": 27.55322265625,
    "9": 34.894866943359375,
    "10": 37.427711486816406,
    "11": 39.62119674682617,
    "12": 41.765506744384766,
    "13": 40.91502380371094,
    "14": 41.67909240722656,
    "15": 40.169864654541016,
    "16": 39.66713333129883,
    "17": 37.670597076416016,
    "18": 34.95656204223633,
    "19": 34.87385559082031,
    "20": 33.659088134765625,
    "21": 33.21870803833008,
    "22": 33.007965087890625,
    "23": 33.160037994384766,
    "24": 33.87718963623047,
    "25": 34.3742790222168,
    "26": 35.39715576171875,
    "27": 36.47010040283203,
    "28": 36.2929801940918,
    "29": 36.16413116455078,
    "30": 34.966678619384766,
    "31": 34.10763168334961,
    "32": 29.025876998901367
}