{
    "0": {
        "estimate": NaN,
        "std": NaN
    },
    "1": {
        "estimate": 14.317246755488199,
        "std": 3.50768864448286
    },
    "2": {
        "estimate": 12.682488770583786,
        "std": 3.972248691939384
    },
    "3": {
        "estimate": 13.75446512950667,
        "std": 4.535106423722813
    },
    "4": {
        "estimate": 15.921546025421138,
        "std": 5.669017078284709
    },
    "5": {
        "estimate": 15.523020867612734,
        "std": 5.862536587405407
    },
    "6": {
        "estimate": 15.15650163635629,
        "std": 5.987054686290557
    },
    "7": {
        "estimate": 16.612094954531816,
        "std": 6.184786566184819
    },
    "8": {
        "estimate": 17.082188999447617,
        "std": 6.15672205372825
    },
    "9": {
        "estimate": 17.705615941920428,
        "std": 6.286658141298662
    },
    "10": {
        "estimate": 18.119962214681813,
        "std": 6.430284590016388
    },
    "11": {
        "estimate": 18.604975683753775,
        "std": 6.570306617905806
    },
    "12": {
        "estimate": 18.612821624262775,
        "std": 6.476882923879288
    },
    "13": {
        "estimate": 18.720178609941424,
        "std": 6.466541276248997
    },
    "14": {
        "estimate": 18.77707736893711,
        "std": 6.422048056825244
    },
    "15": {
        "estimate": 18.60135983395785,
        "std": 6.2704271653286865
    },
    "16": {
        "estimate": 18.380143175710053,
        "std": 6.040535288866945
    },
    "17": {
        "estimate": 17.894944159500117,
        "std": 5.6828049194276655
    },
    "18": {
        "estimate": 17.5052642360567,
        "std": 5.699620899915833
    },
    "19": {
        "estimate": 17.046727177518942,
        "std": 5.46028099678487
    },
    "20": {
        "estimate": 16.735902928320634,
        "std": 5.34445119921945
    },
    "21": {
        "estimate": 16.562719833745362,
        "std": 5.307861767622625
    },
    "22": {
        "estimate": 16.29796900669791,
        "std": 5.135791013113303
    },
    "23": {
        "estimate": 16.028780524415662,
        "std": 5.020219930935752
    },
    "24": {
        "estimate": 15.949035179955544,
        "std": 5.021607191622898
    },
    "25": {
        "estimate": 15.827112953542395,
        "std": 5.002158750338581
    },
    "26": {
        "estimate": 15.877487836618139,
        "std": 5.039117054434221
    },
    "27": {
        "estimate": 15.890975694172235,
        "std": 5.055331619728215
    },
    "28": {
        "estimate": 15.82368814818663,
        "std": 4.998720734297161
    },
    "29": {
        "estimate": 15.730379695750761,
        "std": 4.891057821003295
    },
    "30": {
        "estimate": 15.759853131142364,
        "std": 4.924420263697798
    },
    "31": {
        "estimate": 15.792071616982815,
        "std": 4.979528197726467
    },
    "32": {
        "estimate": 15.890254627780255,
        "std": 5.028692576123459
    },
    "33": {
        "estimate": 16.11891571792085,
        "std": 5.127023973419071
    },
    "34": {
        "estimate": 16.244216096618732,
        "std": 5.173055757436409
    },
    "35": {
        "estimate": 16.401709892609734,
        "std": 5.2386284108479595
    },
    "36": {
        "estimate": 16.532443561644506,
        "std": 5.269433433840976
    },
    "37": {
        "estimate": 16.74961717302698,
        "std": 5.446126460361404
    },
    "38": {
        "estimate": 17.189512695962282,
        "std": 5.672988762906095
    },
    "39": {
        "estimate": 17.55878832086971,
        "std": 5.8400886335790725
    },
    "40": {
        "estimate": 17.380819849936444,
        "std": 5.673537423763079
    }
}