{
    "0": {
        "estimate": NaN,
        "std": NaN
    },
    "1": {
        "estimate": 15.376344191611675,
        "std": 5.27247416856574
    },
    "2": {
        "estimate": 13.199848530184175,
        "std": 5.425136793683145
    },
    "3": {
        "estimate": 13.795760657685902,
        "std": 6.059772318660882
    },
    "4": {
        "estimate": 14.76852798405044,
        "std": 7.82777486607547
    },
    "5": {
        "estimate": 13.579944465651037,
        "std": 8.088866597939726
    },
    "6": {
        "estimate": 12.74233446929061,
        "std": 7.914073757370835
    },
    "7": {
        "estimate": 13.822005636572237,
        "std": 8.481319351387064
    },
    "8": {
        "estimate": 14.66577437109618,
        "std": 8.92928120731578
    },
    "9": {
        "estimate": 15.225753734647146,
        "std": 8.798520130466347
    },
    "10": {
        "estimate": 15.676993321747059,
        "std": 8.872709305958947
    },
    "11": {
        "estimate": 16.20092380438079,
        "std": 9.005811249927369
    },
    "12": {
        "estimate": 16.316902150962978,
        "std": 8.982714059024
    },
    "13": {
        "estimate": 16.4438255208755,
        "std": 9.028721029856493
    },
    "14": {
        "estimate": 16.616900797186766,
        "std": 8.93405259779701
    },
    "15": {
        "estimate": 16.658968797277105,
        "std": 9.072251189352873
    },
    "16": {
        "estimate": 16.605942773368145,
        "std": 8.775106984372407
    },
    "17": {
        "estimate": 16.40967236602638,
        "std": 8.351745396406264
    },
    "18": {
        "estimate": 16.10329210656308,
        "std": 8.29451326201291
    },
    "19": {
        "estimate": 15.8023900491659,
        "std": 7.823980573217622
    },
    "20": {
        "estimate": 15.67093622641003,
        "std": 7.632211046973636
    },
    "21": {
        "estimate": 15.590306082957433,
        "std": 7.493590677502939
    },
    "22": {
        "estimate": 15.518565801197218,
        "std": 7.389497380330685
    },
    "23": {
        "estimate": 15.350002177850163,
        "std": 7.188761063225596
    },
    "24": {
        "estimate": 15.286938638832842,
        "std": 7.133012850713964
    },
    "25": {
        "estimate": 15.255575525298596,
        "std": 7.138794883241538
    },
    "26": {
        "estimate": 15.315096144814632,
        "std": 7.259386303974924
    },
    "27": {
        "estimate": 15.336382639507448,
        "std": 7.248230775797123
    },
    "28": {
        "estimate": 15.30371329820868,
        "std": 7.109535563453299
    },
    "29": {
        "estimate": 15.250267768151645,
        "std": 7.079093606557898
    },
    "30": {
        "estimate": 15.308061713284534,
        "std": 7.0514112925298145
    },
    "31": {
        "estimate": 15.327122391567949,
        "std": 7.113440812377247
    },
    "32": {
        "estimate": 15.41237819460533,
        "std": 7.209239251098136
    },
    "33": {
        "estimate": 15.61013798267354,
        "std": 7.424062596176407
    },
    "34": {
        "estimate": 15.724625919986195,
        "std": 7.49000249806509
    },
    "35": {
        "estimate": 15.8552275066494,
        "std": 7.569747041742479
    },
    "36": {
        "estimate": 15.950811401749547,
        "std": 7.633022792268233
    },
    "37": {
        "estimate": 16.07122215633069,
        "std": 7.584628808068475
    },
    "38": {
        "estimate": 16.38544388460508,
        "std": 8.013099317123155
    },
    "39": {
        "estimate": 16.58158905738815,
        "std": 8.158737365797721
    },
    "40": {
        "estimate": 16.459925395296626,
        "std": 7.940918389217482
    }
}