{
    "0": {
        "estimate": NaN,
        "std": NaN
    },
    "1": {
        "estimate": 13.86629753100512,
        "std": 3.2764405593518133
    },
    "2": {
        "estimate": 12.294786209795843,
        "std": 3.7813116954377177
    },
    "3": {
        "estimate": 13.413118067776109,
        "std": 4.389537499618573
    },
    "4": {
        "estimate": 15.871403573425463,
        "std": 5.434635381185294
    },
    "5": {
        "estimate": 15.728385458984185,
        "std": 5.621388363457176
    },
    "6": {
        "estimate": 15.547782596423616,
        "std": 5.76817374649734
    },
    "7": {
        "estimate": 17.04551454557108,
        "std": 5.881644375950242
    },
    "8": {
        "estimate": 17.401784518195566,
        "std": 5.864514840306018
    },
    "9": {
        "estimate": 17.966040765541088,
        "std": 6.013348607118121
    },
    "10": {
        "estimate": 18.341303631400084,
        "std": 6.136381787768745
    },
    "11": {
        "estimate": 18.797518086693284,
        "std": 6.289547334741786
    },
    "12": {
        "estimate": 18.799068003523573,
        "std": 6.201577702894482
    },
    "13": {
        "estimate": 18.915078773824433,
        "std": 6.2382761696013
    },
    "14": {
        "estimate": 18.924430850836846,
        "std": 6.131820727257489
    },
    "15": {
        "estimate": 18.6960182283801,
        "std": 5.934448417375784
    },
    "16": {
        "estimate": 18.421775072241644,
        "std": 5.724134006426536
    },
    "17": {
        "estimate": 17.906172785395647,
        "std": 5.418190447414925
    },
    "18": {
        "estimate": 17.471557658229866,
        "std": 5.352384023850621
    },
    "19": {
        "estimate": 16.97294881533751,
        "std": 5.1932113697096405
    },
    "20": {
        "estimate": 16.6465147663017,
        "std": 5.05191484219786
    },
    "21": {
        "estimate": 16.442192949819674,
        "std": 5.027727350107079
    },
    "22": {
        "estimate": 16.11179563790251,
        "std": 4.831791232555422
    },
    "23": {
        "estimate": 15.842397650910769,
        "std": 4.752984580701798
    },
    "24": {
        "estimate": 15.739882893845985,
        "std": 4.707526649176115
    },
    "25": {
        "estimate": 15.637965567542837,
        "std": 4.719740755687982
    },
    "26": {
        "estimate": 15.666991833013194,
        "std": 4.742038128669274
    },
    "27": {
        "estimate": 15.688615676911999,
        "std": 4.765540857773332
    },
    "28": {
        "estimate": 15.59084016786511,
        "std": 4.729141032808368
    },
    "29": {
        "estimate": 15.486693685799418,
        "std": 4.609391472883347
    },
    "30": {
        "estimate": 15.511093929642573,
        "std": 4.615390044898468
    },
    "31": {
        "estimate": 15.543538798265203,
        "std": 4.6938636586541715
    },
    "32": {
        "estimate": 15.644011437066291,
        "std": 4.738236247827627
    },
    "33": {
        "estimate": 15.879081230404525,
        "std": 4.830204506869367
    },
    "34": {
        "estimate": 15.98802456554288,
        "std": 4.853210201219728
    },
    "35": {
        "estimate": 16.163263669957697,
        "std": 4.9305491697705
    },
    "36": {
        "estimate": 16.29969944449255,
        "std": 4.9922501363705605
    },
    "37": {
        "estimate": 16.495459288327726,
        "std": 5.099659518056561
    },
    "38": {
        "estimate": 16.999565414231363,
        "std": 5.391119282298897
    },
    "39": {
        "estimate": 17.38950940120643,
        "std": 5.539205727088998
    },
    "40": {
        "estimate": 17.173042248486865,
        "std": 5.309031846418259
    }
}