{
    "0": {
        "estimate": NaN,
        "std": NaN
    },
    "1": {
        "estimate": 14.835556997732498,
        "std": 3.9625830304518006
    },
    "2": {
        "estimate": 13.06842711955322,
        "std": 4.3293234989618
    },
    "3": {
        "estimate": 14.010175271684284,
        "std": 4.865918736790836
    },
    "4": {
        "estimate": 15.740141601592692,
        "std": 6.198627401672879
    },
    "5": {
        "estimate": 14.964599529005339,
        "std": 6.404095345579591
    },
    "6": {
        "estimate": 14.366129622139642,
        "std": 6.4567471596855714
    },
    "7": {
        "estimate": 15.750203322058795,
        "std": 6.866980663636302
    },
    "8": {
        "estimate": 16.36056677858432,
        "std": 6.825728135086596
    },
    "9": {
        "estimate": 16.977887130371666,
        "std": 6.930695203776376
    },
    "10": {
        "estimate": 17.467794929607212,
        "std": 7.054961715103122
    },
    "11": {
        "estimate": 17.930135618409455,
        "std": 7.147176743667026
    },
    "12": {
        "estimate": 18.036921617397688,
        "std": 7.164225640271915
    },
    "13": {
        "estimate": 18.163745760263538,
        "std": 7.163392589257633
    },
    "14": {
        "estimate": 18.247735763610457,
        "std": 7.041695206451354
    },
    "15": {
        "estimate": 18.094884708881203,
        "std": 6.919678085430742
    },
    "16": {
        "estimate": 17.98628554299132,
        "std": 6.7378736531830485
    },
    "17": {
        "estimate": 17.631190088026166,
        "std": 6.429502940424551
    },
    "18": {
        "estimate": 17.23017480600867,
        "std": 6.337033456309966
    },
    "19": {
        "estimate": 16.85137708045307,
        "std": 6.107451149677129
    },
    "20": {
        "estimate": 16.59060089333254,
        "std": 5.959369073055661
    },
    "21": {
        "estimate": 16.45655599621134,
        "std": 5.8512892270923205
    },
    "22": {
        "estimate": 16.266438278883207,
        "std": 5.7513368821161865
    },
    "23": {
        "estimate": 16.060089955437558,
        "std": 5.596416970693715
    },
    "24": {
        "estimate": 15.955668239999294,
        "std": 5.553040029825678
    },
    "25": {
        "estimate": 15.875024600884114,
        "std": 5.539853486354569
    },
    "26": {
        "estimate": 15.902219071003632,
        "std": 5.564578539111737
    },
    "27": {
        "estimate": 15.906885225386853,
        "std": 5.5531974714779295
    },
    "28": {
        "estimate": 15.869972401943512,
        "std": 5.5676812625343395
    },
    "29": {
        "estimate": 15.802012015382887,
        "std": 5.4616172791687925
    },
    "30": {
        "estimate": 15.819656890897074,
        "std": 5.481776782371441
    },
    "31": {
        "estimate": 15.85601140422697,
        "std": 5.542134732506805
    },
    "32": {
        "estimate": 15.943172945987776,
        "std": 5.55618010187067
    },
    "33": {
        "estimate": 16.181104597647877,
        "std": 5.723987527869324
    },
    "34": {
        "estimate": 16.297856140677393,
        "std": 5.806862025216885
    },
    "35": {
        "estimate": 16.457913068461888,
        "std": 5.915259828173623
    },
    "36": {
        "estimate": 16.548549051260878,
        "std": 5.850486999557601
    },
    "37": {
        "estimate": 16.72621345150464,
        "std": 5.978554209511043
    },
    "38": {
        "estimate": 17.110427481150015,
        "std": 6.225766986475229
    },
    "39": {
        "estimate": 17.465037270264265,
        "std": 6.446541487778391
    },
    "40": {
        "estimate": 17.313558116826414,
        "std": 6.236472398384915
    }
}