{
    "0": NaN,
    "1": 5.013469219207764,
    "2": 2.8809142112731934,
    "3": 2.5745749473571777,
    "4": 2.013260841369629,
    "5": 1.6858769655227661,
    "6": 1.52168869972229,
    "7": 1.5926705598831177,
    "8": 1.7336431741714478,
    "9": 1.9058141708374023,
    "10": 2.0207414627075195,
    "11": 2.0900208950042725,
    "12": 2.1479332447052,
    "13": 2.1731505393981934,
    "14": 2.246161460876465,
    "15": 2.286975860595703,
    "16": 2.3678109645843506,
    "17": 2.451439619064331,
    "18": 2.440587282180786,
    "19": 2.4832510948181152,
    "20": 2.531512498855591,
    "21": 2.5671958923339844,
    "22": 2.6487433910369873,
    "23": 2.689096212387085,
    "24": 2.6814959049224854,
    "25": 2.6922988891601562,
    "26": 2.6970787048339844,
    "27": 2.705538272857666,
    "28": 2.73038649559021,
    "29": 2.736064910888672,
    "30": 2.7444801330566406,
    "31": 2.743131399154663,
    "32": 2.750755786895752,
    "33": 2.7429628372192383,
    "34": 2.760573625564575,
    "35": 2.754917860031128,
    "36": 2.763866424560547,
    "37": 2.7524571418762207,
    "38": 2.718500852584839,
    "39": 2.6690447330474854,
    "40": 2.629918098449707
}