{
    "0": {
        "estimate": NaN,
        "std": NaN
    },
    "1": {
        "estimate": 15.308244378928494,
        "std": 3.9059411767416785
    },
    "2": {
        "estimate": 16.8659708988817,
        "std": 4.051852772014375
    },
    "3": {
        "estimate": 13.904199794858313,
        "std": 3.167228788778155
    },
    "4": {
        "estimate": 16.757429731074286,
        "std": 3.8089451354110015
    },
    "5": {
        "estimate": 18.499591343986296,
        "std": 4.106766847556535
    },
    "6": {
        "estimate": 19.555524351616402,
        "std": 4.28037573285086
    },
    "7": {
        "estimate": 20.1208023410156,
        "std": 4.159000692506367
    },
    "8": {
        "estimate": 21.801318399406114,
        "std": 4.430149335680315
    },
    "9": {
        "estimate": 21.966861400306858,
        "std": 4.39147287534787
    },
    "10": {
        "estimate": 22.44715521045861,
        "std": 4.3990257345105475
    },
    "11": {
        "estimate": 22.036800092509466,
        "std": 4.343099902214896
    },
    "12": {
        "estimate": 22.361157447022237,
        "std": 4.445104750164153
    },
    "13": {
        "estimate": 24.228335580189096,
        "std": 4.6255799450107915
    },
    "14": {
        "estimate": 24.123709343773978,
        "std": 4.53490527292306
    },
    "15": {
        "estimate": 24.268839399664987,
        "std": 4.5633218493500785
    },
    "16": {
        "estimate": 22.963307870639284,
        "std": 4.453892395946634
    },
    "17": {
        "estimate": 22.278143235203782,
        "std": 4.353722918509482
    },
    "18": {
        "estimate": 22.14524985427233,
        "std": 4.7017093655379805
    },
    "19": {
        "estimate": 21.526062809034286,
        "std": 4.782991951992798
    },
    "20": {
        "estimate": 21.28236250044662,
        "std": 4.785719433018423
    },
    "21": {
        "estimate": 21.113553918471794,
        "std": 4.881415984050412
    },
    "22": {
        "estimate": 20.621980310299875,
        "std": 4.612496561909074
    },
    "23": {
        "estimate": 20.833624678280106,
        "std": 4.759808699062733
    },
    "24": {
        "estimate": 21.5346112478478,
        "std": 4.9211409584030505
    },
    "25": {
        "estimate": 21.883717759779433,
        "std": 5.088637419037321
    },
    "26": {
        "estimate": 23.200671254590244,
        "std": 5.525407810855329
    },
    "27": {
        "estimate": 23.96635928424493,
        "std": 5.845008061333526
    },
    "28": {
        "estimate": 23.75802250278806,
        "std": 5.988337324884916
    },
    "29": {
        "estimate": 23.9736742058325,
        "std": 6.0465910850437465
    },
    "30": {
        "estimate": 24.3051831194553,
        "std": 6.163749146367356
    },
    "31": {
        "estimate": 25.836652051517884,
        "std": 6.558654189028027
    },
    "32": {
        "estimate": 25.418502972422512,
        "std": 6.431458918362143
    }
}