{
    "0": {
        "estimate": NaN,
        "std": NaN
    },
    "1": {
        "estimate": 16.062461299304665,
        "std": 4.255781781905383
    },
    "2": {
        "estimate": 17.7613880023344,
        "std": 4.365320077747299
    },
    "3": {
        "estimate": 14.774941982982547,
        "std": 3.3548333744747025
    },
    "4": {
        "estimate": 17.516350121160094,
        "std": 4.024371327871193
    },
    "5": {
        "estimate": 19.297840420773845,
        "std": 4.331861068875645
    },
    "6": {
        "estimate": 20.310662503017216,
        "std": 4.571191381630272
    },
    "7": {
        "estimate": 20.841949133734772,
        "std": 4.476982526049476
    },
    "8": {
        "estimate": 22.588447444938314,
        "std": 4.731081812559725
    },
    "9": {
        "estimate": 22.79298310627163,
        "std": 4.7536831225722045
    },
    "10": {
        "estimate": 23.345414463103378,
        "std": 4.722674565173131
    },
    "11": {
        "estimate": 23.050655795440182,
        "std": 4.685244312008231
    },
    "12": {
        "estimate": 23.369663867001538,
        "std": 4.741660354704436
    },
    "13": {
        "estimate": 25.301378692375636,
        "std": 5.028071904786295
    },
    "14": {
        "estimate": 25.122999218153495,
        "std": 4.938557556958023
    },
    "15": {
        "estimate": 25.265446333797346,
        "std": 4.9992028897148035
    },
    "16": {
        "estimate": 24.010601888622233,
        "std": 4.8620868474350765
    },
    "17": {
        "estimate": 23.303719521279167,
        "std": 4.717508997716389
    },
    "18": {
        "estimate": 23.120691357867955,
        "std": 5.027314436153185
    },
    "19": {
        "estimate": 22.514093350188393,
        "std": 5.1142236407912645
    },
    "20": {
        "estimate": 22.22005949378137,
        "std": 5.076015527127625
    },
    "21": {
        "estimate": 22.070667808639968,
        "std": 5.214636281005808
    },
    "22": {
        "estimate": 21.490569769453074,
        "std": 4.927674865166529
    },
    "23": {
        "estimate": 21.73971767263895,
        "std": 5.096225493728239
    },
    "24": {
        "estimate": 22.44914421476338,
        "std": 5.241378923625676
    },
    "25": {
        "estimate": 22.85159076580376,
        "std": 5.4743569381082615
    },
    "26": {
        "estimate": 24.176486943182805,
        "std": 5.8778802504064736
    },
    "27": {
        "estimate": 24.964194168948843,
        "std": 6.22887248840141
    },
    "28": {
        "estimate": 24.82274166883413,
        "std": 6.42934698905319
    },
    "29": {
        "estimate": 25.094809370858556,
        "std": 6.5392941685319705
    },
    "30": {
        "estimate": 25.385862013137128,
        "std": 6.601775539645761
    },
    "31": {
        "estimate": 26.923228309993085,
        "std": 6.987617617587822
    },
    "32": {
        "estimate": 26.467938913078186,
        "std": 6.844346916208527
    }
}