{
    "0": {
        "estimate": Infinity,
        "std": NaN
    },
    "1": {
        "estimate": 16.938824954908977,
        "std": 4.334931283533654
    },
    "2": {
        "estimate": 3.818885275596274,
        "std": 0.8555934762488328
    },
    "3": {
        "estimate": 5.538495310128715,
        "std": 1.5421174967563591
    },
    "4": {
        "estimate": 7.544512788210447,
        "std": 2.481473322922102
    },
    "5": {
        "estimate": 10.075862964531328,
        "std": 3.5464334419416277
    },
    "6": {
        "estimate": 11.910305184867905,
        "std": 4.297989259512568
    },
    "7": {
        "estimate": 13.214866398807542,
        "std": 4.660674185319493
    },
    "8": {
        "estimate": 13.931719937598315,
        "std": 4.93064210765396
    },
    "9": {
        "estimate": 14.507358954902625,
        "std": 5.065655491252423
    },
    "10": {
        "estimate": 15.127633088294242,
        "std": 5.3054878075159735
    },
    "11": {
        "estimate": 15.313617560753787,
        "std": 5.388750801823983
    },
    "12": {
        "estimate": 15.681723421015974,
        "std": 5.564286228786087
    },
    "13": {
        "estimate": 15.907894884903461,
        "std": 5.633978518460525
    },
    "14": {
        "estimate": 16.249456663086992,
        "std": 5.818118466403704
    },
    "15": {
        "estimate": 16.78731364460603,
        "std": 6.111908178118305
    },
    "16": {
        "estimate": 17.962175589813363,
        "std": 6.618329864966743
    },
    "17": {
        "estimate": 18.183593506593926,
        "std": 6.782989278179655
    },
    "18": {
        "estimate": 18.381555446232767,
        "std": 6.795781229092271
    },
    "19": {
        "estimate": 18.40346317372343,
        "std": 6.768954113628768
    },
    "20": {
        "estimate": 18.537691220512258,
        "std": 6.8226053000008395
    },
    "21": {
        "estimate": 18.79661144781065,
        "std": 6.975321332103953
    },
    "22": {
        "estimate": 18.975523596131506,
        "std": 7.0805442512610535
    },
    "23": {
        "estimate": 19.218731090397593,
        "std": 7.187656118918961
    },
    "24": {
        "estimate": 19.366303129332657,
        "std": 7.241840450163953
    },
    "25": {
        "estimate": 19.616563132970843,
        "std": 7.346129747111135
    },
    "26": {
        "estimate": 20.152256668379334,
        "std": 7.566189631852439
    },
    "27": {
        "estimate": 20.63108272482773,
        "std": 7.812800247563141
    },
    "28": {
        "estimate": 21.086453053119204,
        "std": 7.9953802787786605
    },
    "29": {
        "estimate": 22.03373540059665,
        "std": 8.400131380970155
    },
    "30": {
        "estimate": 22.774301522929537,
        "std": 8.584335110434663
    },
    "31": {
        "estimate": 24.596168911282806,
        "std": 9.517758222196635
    },
    "32": {
        "estimate": 25.63764573315551,
        "std": 10.842747733313342
    }
}