{
    "0": {
        "estimate": Infinity,
        "std": NaN
    },
    "1": {
        "estimate": 18.686416020537198,
        "std": 6.375026200350679
    },
    "2": {
        "estimate": 4.643755331007299,
        "std": 1.253616516289887
    },
    "3": {
        "estimate": 7.759450190638984,
        "std": 2.597902041498571
    },
    "4": {
        "estimate": 10.711014346291375,
        "std": 3.962942094414032
    },
    "5": {
        "estimate": 13.564930513844162,
        "std": 5.149824915811405
    },
    "6": {
        "estimate": 15.407670394533286,
        "std": 5.9948560870312955
    },
    "7": {
        "estimate": 16.408114803114962,
        "std": 6.462637260776757
    },
    "8": {
        "estimate": 16.995150157802005,
        "std": 6.848731263589316
    },
    "9": {
        "estimate": 17.330400461066773,
        "std": 7.041520226078853
    },
    "10": {
        "estimate": 17.72476859543607,
        "std": 7.41981285487342
    },
    "11": {
        "estimate": 17.8261281454522,
        "std": 7.464035984837149
    },
    "12": {
        "estimate": 18.147117055978427,
        "std": 7.7130084560893595
    },
    "13": {
        "estimate": 18.257162162396842,
        "std": 7.788123339075786
    },
    "14": {
        "estimate": 18.584760726792236,
        "std": 8.026389791891619
    },
    "15": {
        "estimate": 19.180170975896885,
        "std": 8.438104245025407
    },
    "16": {
        "estimate": 20.384671678741977,
        "std": 9.239363504074023
    },
    "17": {
        "estimate": 20.47635074257637,
        "std": 9.450312736701564
    },
    "18": {
        "estimate": 20.65447854716865,
        "std": 9.494755077343358
    },
    "19": {
        "estimate": 20.447453470989842,
        "std": 9.364488725472713
    },
    "20": {
        "estimate": 20.589831428321123,
        "std": 9.473141998277185
    },
    "21": {
        "estimate": 20.806555998387058,
        "std": 9.622461753807633
    },
    "22": {
        "estimate": 20.922877969724198,
        "std": 9.764723513028908
    },
    "23": {
        "estimate": 21.16837803465636,
        "std": 9.913937872985713
    },
    "24": {
        "estimate": 21.301873962492564,
        "std": 9.927043527495822
    },
    "25": {
        "estimate": 21.53966640437179,
        "std": 10.029637832400471
    },
    "26": {
        "estimate": 22.018351019246435,
        "std": 10.293089908043816
    },
    "27": {
        "estimate": 22.52244703661002,
        "std": 10.511129029838965
    },
    "28": {
        "estimate": 22.949441200481033,
        "std": 10.796181079267809
    },
    "29": {
        "estimate": 23.9895321564917,
        "std": 11.258738259226206
    },
    "30": {
        "estimate": 24.757408014422875,
        "std": 11.552621839342844
    },
    "31": {
        "estimate": 26.436273390335415,
        "std": 12.8006092316569
    },
    "32": {
        "estimate": 26.85578310339497,
        "std": 14.14470818213328
    }
}