{
    "0": {
        "estimate": Infinity,
        "std": NaN
    },
    "1": {
        "estimate": 17.580462790204574,
        "std": 4.931326127754989
    },
    "2": {
        "estimate": 4.098989430910588,
        "std": 0.9604344113254455
    },
    "3": {
        "estimate": 6.266563242136423,
        "std": 1.856393688475607
    },
    "4": {
        "estimate": 8.636547656522458,
        "std": 2.926847882136239
    },
    "5": {
        "estimate": 11.362806128178091,
        "std": 4.051216217937745
    },
    "6": {
        "estimate": 13.2191583707388,
        "std": 4.810383398288284
    },
    "7": {
        "estimate": 14.423194184467299,
        "std": 5.180443930250077
    },
    "8": {
        "estimate": 15.101650328377383,
        "std": 5.463705684269544
    },
    "9": {
        "estimate": 15.614132660475875,
        "std": 5.6339226572080845
    },
    "10": {
        "estimate": 16.170757345144327,
        "std": 5.906200496490283
    },
    "11": {
        "estimate": 16.31900030229385,
        "std": 5.997272240507842
    },
    "12": {
        "estimate": 16.645647031663504,
        "std": 6.139406769817386
    },
    "13": {
        "estimate": 16.851699562092946,
        "std": 6.2616638145096415
    },
    "14": {
        "estimate": 17.18165285184943,
        "std": 6.4681470155689755
    },
    "15": {
        "estimate": 17.751733670762555,
        "std": 6.787554050593616
    },
    "16": {
        "estimate": 18.8811773558485,
        "std": 7.353121444042239
    },
    "17": {
        "estimate": 19.035713940824312,
        "std": 7.522802595938619
    },
    "18": {
        "estimate": 19.245948260836524,
        "std": 7.594893812302292
    },
    "19": {
        "estimate": 19.161838518733198,
        "std": 7.531942131222038
    },
    "20": {
        "estimate": 19.27362849162348,
        "std": 7.583665468572749
    },
    "21": {
        "estimate": 19.532356099805572,
        "std": 7.759224625155296
    },
    "22": {
        "estimate": 19.698145510850324,
        "std": 7.888594287690266
    },
    "23": {
        "estimate": 19.93976020837283,
        "std": 8.009467980759034
    },
    "24": {
        "estimate": 20.08181669619385,
        "std": 8.0675200229202
    },
    "25": {
        "estimate": 20.34014966542202,
        "std": 8.196162758806029
    },
    "26": {
        "estimate": 20.86897711798931,
        "std": 8.39905608998604
    },
    "27": {
        "estimate": 21.354049483189858,
        "std": 8.666110757251793
    },
    "28": {
        "estimate": 21.832942331198133,
        "std": 8.907220336841878
    },
    "29": {
        "estimate": 22.78683543593246,
        "std": 9.338436227733316
    },
    "30": {
        "estimate": 23.538017614364477,
        "std": 9.506768892513524
    },
    "31": {
        "estimate": 25.326740537295013,
        "std": 10.611487916464236
    },
    "32": {
        "estimate": 26.135143086227014,
        "std": 11.932217194916968
    }
}