{
    "0": NaN,
    "1": 17.229732513427734,
    "2": 6.196573734283447,
    "3": 12.02236557006836,
    "4": 14.780837059020996,
    "5": 15.829394340515137,
    "6": 16.332155227661133,
    "7": 16.144481658935547,
    "8": 16.222885131835938,
    "9": 16.030269622802734,
    "10": 15.987318992614746,
    "11": 16.06194496154785,
    "12": 16.293277740478516,
    "13": 16.397035598754883,
    "14": 16.58725357055664,
    "15": 16.998199462890625,
    "16": 16.62192726135254,
    "17": 16.393678665161133,
    "18": 16.454299926757812,
    "19": 16.251615524291992,
    "20": 16.31976890563965,
    "21": 16.19386863708496,
    "22": 16.04399871826172,
    "23": 16.115131378173828,
    "24": 16.131004333496094,
    "25": 16.25801658630371,
    "26": 16.572433471679688,
    "27": 16.87886619567871,
    "28": 17.194665908813477,
    "29": 17.88396644592285,
    "30": 18.191295623779297,
    "31": 17.826812744140625,
    "32": 16.4366512298584
}