{
    "0": {
        "estimate": NaN,
        "std": NaN
    },
    "1": {
        "estimate": 17.210192886760282,
        "std": 6.194606676296619
    },
    "2": {
        "estimate": 18.844411093028793,
        "std": 10.936354919566286
    },
    "3": {
        "estimate": 20.333397808127962,
        "std": 12.149171776774436
    },
    "4": {
        "estimate": 20.68635974610493,
        "std": 13.019069275884052
    },
    "5": {
        "estimate": 22.206325388729077,
        "std": 13.970172080036168
    },
    "6": {
        "estimate": 21.505483798465022,
        "std": 18.224502335934638
    },
    "7": {
        "estimate": 21.314654278100758,
        "std": 10.965031956126788
    },
    "8": {
        "estimate": 21.246109426550543,
        "std": 13.360717351230415
    },
    "9": {
        "estimate": 20.993758993923585,
        "std": 11.943313487319292
    },
    "10": {
        "estimate": 20.803970684183824,
        "std": 11.003551490880644
    },
    "11": {
        "estimate": 20.94637440531455,
        "std": 12.807321738014009
    },
    "12": {
        "estimate": 21.672726279054118,
        "std": 20.10646264803816
    },
    "13": {
        "estimate": 21.90501776331206,
        "std": 19.12360404815024
    },
    "14": {
        "estimate": 22.15915310238416,
        "std": 13.501131123676224
    },
    "15": {
        "estimate": 22.4454021737895,
        "std": 10.172826167611058
    },
    "16": {
        "estimate": 22.42511384666768,
        "std": 9.382171125000681
    },
    "17": {
        "estimate": 22.396505431399703,
        "std": 9.26695332464171
    },
    "18": {
        "estimate": 22.439372368950593,
        "std": 8.510051113250618
    },
    "19": {
        "estimate": 22.68807061739065,
        "std": 8.461627995743063
    },
    "20": {
        "estimate": 22.913648369481752,
        "std": 8.486232243416461
    },
    "21": {
        "estimate": 22.929024091537723,
        "std": 8.210698928147279
    },
    "22": {
        "estimate": 23.065697303581878,
        "std": 8.316493087440426
    },
    "23": {
        "estimate": 23.20504196534018,
        "std": 8.487727816941362
    },
    "24": {
        "estimate": 23.243951894948836,
        "std": 8.572825641032559
    },
    "25": {
        "estimate": 23.465430642859907,
        "std": 8.602580062766103
    },
    "26": {
        "estimate": 23.50384749179391,
        "std": 8.703943302099232
    },
    "27": {
        "estimate": 23.8601881973338,
        "std": 8.85773553091487
    },
    "28": {
        "estimate": 23.886945952998534,
        "std": 8.934238329915257
    },
    "29": {
        "estimate": 24.10716220738571,
        "std": 9.1632733446351
    },
    "30": {
        "estimate": 24.495687051225268,
        "std": 9.520922815873151
    },
    "31": {
        "estimate": 23.851824583969567,
        "std": 9.747381695682144
    },
    "32": {
        "estimate": 22.346427987266,
        "std": 9.069992883525419
    }
}