{
    "0": {
        "estimate": NaN,
        "std": NaN
    },
    "1": {
        "estimate": 15.543058663127237,
        "std": 4.44543984970291
    },
    "2": {
        "estimate": 17.086841060205227,
        "std": 8.398538726797112
    },
    "3": {
        "estimate": 18.762574085548927,
        "std": 11.348549943989635
    },
    "4": {
        "estimate": 19.533886490942184,
        "std": 11.941269599110118
    },
    "5": {
        "estimate": 21.27450974428776,
        "std": 16.585847783827138
    },
    "6": {
        "estimate": 20.44563449718601,
        "std": 10.290756590710616
    },
    "7": {
        "estimate": 20.348886781934212,
        "std": 9.060990664274579
    },
    "8": {
        "estimate": 20.44417420040947,
        "std": 12.797000946194933
    },
    "9": {
        "estimate": 20.36906681325377,
        "std": 10.955527821052216
    },
    "10": {
        "estimate": 19.975343550101407,
        "std": 7.6849143909746775
    },
    "11": {
        "estimate": 20.0648394926003,
        "std": 9.66324739247242
    },
    "12": {
        "estimate": 20.568606338256142,
        "std": 13.660578246284633
    },
    "13": {
        "estimate": 20.859081917564243,
        "std": 15.816326328611424
    },
    "14": {
        "estimate": 21.042262265323416,
        "std": 10.61143348586292
    },
    "15": {
        "estimate": 21.20633878447271,
        "std": 8.185493039715139
    },
    "16": {
        "estimate": 21.086597536865774,
        "std": 6.8996805271995845
    },
    "17": {
        "estimate": 21.040989216855127,
        "std": 7.553491729782063
    },
    "18": {
        "estimate": 20.983072149331072,
        "std": 6.214439852631602
    },
    "19": {
        "estimate": 21.036874942517166,
        "std": 5.7716493613236155
    },
    "20": {
        "estimate": 21.20481911187793,
        "std": 5.765911250671756
    },
    "21": {
        "estimate": 21.220937074479068,
        "std": 5.696107766485904
    },
    "22": {
        "estimate": 21.451441952062318,
        "std": 5.717925025967329
    },
    "23": {
        "estimate": 21.55564584267802,
        "std": 5.82368849633581
    },
    "24": {
        "estimate": 21.627179363649553,
        "std": 5.80318953915011
    },
    "25": {
        "estimate": 21.89495520876266,
        "std": 5.890833427519369
    },
    "26": {
        "estimate": 22.016442603925476,
        "std": 6.006293256669768
    },
    "27": {
        "estimate": 22.395799801259198,
        "std": 6.245366799513104
    },
    "28": {
        "estimate": 22.46769748941512,
        "std": 6.344644602165663
    },
    "29": {
        "estimate": 22.741256634414764,
        "std": 6.588681723914005
    },
    "30": {
        "estimate": 23.287664264263718,
        "std": 6.9775042339023345
    },
    "31": {
        "estimate": 23.22954775751818,
        "std": 7.153537512587691
    },
    "32": {
        "estimate": 21.917693972727584,
        "std": 6.884223531833526
    }
}