{
    "0": {
        "estimate": NaN,
        "std": NaN
    },
    "1": {
        "estimate": 16.23503833685953,
        "std": 4.878513811396344
    },
    "2": {
        "estimate": 17.82740989489988,
        "std": 9.283150105038668
    },
    "3": {
        "estimate": 19.41327607376513,
        "std": 11.723904515942975
    },
    "4": {
        "estimate": 19.992002151030523,
        "std": 11.150745408883855
    },
    "5": {
        "estimate": 21.712204023863727,
        "std": 15.396454142846085
    },
    "6": {
        "estimate": 20.84771175121462,
        "std": 10.889485484779234
    },
    "7": {
        "estimate": 20.764104506352204,
        "std": 9.634188222203118
    },
    "8": {
        "estimate": 20.799846231096243,
        "std": 12.910642831398953
    },
    "9": {
        "estimate": 20.711677986340586,
        "std": 11.389552012164334
    },
    "10": {
        "estimate": 20.410388408607695,
        "std": 9.789613570009758
    },
    "11": {
        "estimate": 20.471635923945623,
        "std": 10.420690140825728
    },
    "12": {
        "estimate": 21.04591910310331,
        "std": 13.646078883255107
    },
    "13": {
        "estimate": 21.38049131672067,
        "std": 17.692636840660306
    },
    "14": {
        "estimate": 21.526798972510306,
        "std": 11.757640020713524
    },
    "15": {
        "estimate": 21.72346698489748,
        "std": 8.885013716748562
    },
    "16": {
        "estimate": 21.634072488032725,
        "std": 7.5990028956293445
    },
    "17": {
        "estimate": 21.62736163937319,
        "std": 8.463805104765612
    },
    "18": {
        "estimate": 21.590681709459478,
        "std": 6.800897982758989
    },
    "19": {
        "estimate": 21.705251796550876,
        "std": 6.424012800019091
    },
    "20": {
        "estimate": 21.897275028358415,
        "std": 6.498640597385683
    },
    "21": {
        "estimate": 21.932768280658856,
        "std": 6.398590342690592
    },
    "22": {
        "estimate": 22.136190416752605,
        "std": 6.533169335144479
    },
    "23": {
        "estimate": 22.1998100048689,
        "std": 6.582333994981748
    },
    "24": {
        "estimate": 22.265590717502647,
        "std": 6.604201828962697
    },
    "25": {
        "estimate": 22.534934878563842,
        "std": 6.691195546996836
    },
    "26": {
        "estimate": 22.644804753415734,
        "std": 6.766190764703665
    },
    "27": {
        "estimate": 22.98757304642023,
        "std": 6.984121792048425
    },
    "28": {
        "estimate": 23.0528568397432,
        "std": 7.040301794872784
    },
    "29": {
        "estimate": 23.31785771526858,
        "std": 7.26894190378621
    },
    "30": {
        "estimate": 23.802114984821365,
        "std": 7.628811605915971
    },
    "31": {
        "estimate": 23.489740605071372,
        "std": 7.848942682664715
    },
    "32": {
        "estimate": 22.121664592061087,
        "std": 7.334258042610147
    }
}