{
    "0": {
        "estimate": NaN,
        "std": NaN
    },
    "1": {
        "estimate": 17.895141685265212,
        "std": 8.080065579589368
    },
    "2": {
        "estimate": 19.495038360398794,
        "std": 12.964715622519924
    },
    "3": {
        "estimate": 20.894214007806305,
        "std": 13.078122439071361
    },
    "4": {
        "estimate": 21.16379283900984,
        "std": 13.476416974990647
    },
    "5": {
        "estimate": 22.505304664202587,
        "std": 14.724591173757105
    },
    "6": {
        "estimate": 21.943196182630835,
        "std": 20.913689360939944
    },
    "7": {
        "estimate": 21.718395572242617,
        "std": 13.851773442652808
    },
    "8": {
        "estimate": 21.64991897546094,
        "std": 13.38990705771957
    },
    "9": {
        "estimate": 21.384928481066375,
        "std": 13.367365857737497
    },
    "10": {
        "estimate": 21.279283444639372,
        "std": 13.803200337849564
    },
    "11": {
        "estimate": 21.363855881899607,
        "std": 15.72008241155802
    },
    "12": {
        "estimate": 22.154682476641486,
        "std": 22.231901347788433
    },
    "13": {
        "estimate": 22.440058757759246,
        "std": 22.221470906465836
    },
    "14": {
        "estimate": 22.611611762135993,
        "std": 16.47107593850799
    },
    "15": {
        "estimate": 22.973008123362828,
        "std": 11.71483298635709
    },
    "16": {
        "estimate": 23.051145485051535,
        "std": 11.555561282198838
    },
    "17": {
        "estimate": 23.106101384716784,
        "std": 11.025598617300862
    },
    "18": {
        "estimate": 23.063950204138738,
        "std": 10.659842735957438
    },
    "19": {
        "estimate": 23.317836249432457,
        "std": 10.247912519317472
    },
    "20": {
        "estimate": 23.58414244351539,
        "std": 10.49472976050434
    },
    "21": {
        "estimate": 23.616838774021634,
        "std": 10.231123904465836
    },
    "22": {
        "estimate": 23.762218896414836,
        "std": 10.408163568780186
    },
    "23": {
        "estimate": 23.874230443615133,
        "std": 10.43814716792867
    },
    "24": {
        "estimate": 24.015154145654407,
        "std": 10.7003679586491
    },
    "25": {
        "estimate": 24.223170574721962,
        "std": 10.901333284466075
    },
    "26": {
        "estimate": 24.213574323136314,
        "std": 10.895386221386026
    },
    "27": {
        "estimate": 24.466824655363762,
        "std": 11.012015953852037
    },
    "28": {
        "estimate": 24.432044641685316,
        "std": 11.063085841081351
    },
    "29": {
        "estimate": 24.758639338994946,
        "std": 11.500415408747
    },
    "30": {
        "estimate": 24.95709062283456,
        "std": 11.745012461242453
    },
    "31": {
        "estimate": 24.111197766699078,
        "std": 12.076157509602385
    },
    "32": {
        "estimate": 22.615842410860743,
        "std": 11.125594692660586
    }
}