{
    "0": NaN,
    "1": 3.7286092996569633,
    "2": 3.6851642604747576,
    "3": 3.893935207332609,
    "4": 3.8358352093435437,
    "5": 3.6814631210216815,
    "6": 3.6256996068630083,
    "7": 3.9803853583265205,
    "8": 4.266317224109451,
    "9": 4.480565209611864,
    "10": 4.115955359580025,
    "11": 4.179017375410721,
    "12": 4.1971742007433,
    "13": 4.198411420672593,
    "14": 3.20617087784878,
    "15": 3.198187895715936,
    "16": 2.7965167189031965,
    "17": 2.5345122358150456,
    "18": 2.4190263955784443,
    "19": 2.116244759774916,
    "20": 2.084976708634136,
    "21": 2.0907625118036783,
    "22": 2.1836782321302044,
    "23": 2.223672274794735,
    "24": 2.197095761504266,
    "25": 2.2558786379995626,
    "26": 2.3019415339136,
    "27": 2.338624478586852,
    "28": 2.4383041609427183,
    "29": 2.5449809728495834,
    "30": 2.616839840483072,
    "31": 3.247748010919559,
    "32": 4.342789750535357
}