{
    "0": NaN,
    "1": 3.9422282023082733,
    "2": 3.879200065485059,
    "3": 3.720130990108186,
    "4": 3.6483339378572794,
    "5": 3.8913857757580286,
    "6": 4.064109380391771,
    "7": 4.227554471394374,
    "8": 4.434136514212999,
    "9": 4.078456119020245,
    "10": 3.5914081537639464,
    "11": 3.510375502796377,
    "12": 3.4883959261229265,
    "13": 3.35807268831345,
    "14": 3.137307971025231,
    "15": 2.9013012909426226,
    "16": 2.835593791684183,
    "17": 2.8300837253934574,
    "18": 2.883228340158445,
    "19": 2.956434846690928,
    "20": 3.0185647277699514,
    "21": 3.1169378846263363,
    "22": 3.2788459846484184,
    "23": 3.3742051489266665,
    "24": 3.404485932239121,
    "25": 3.5159988717442308,
    "26": 3.655978777989195,
    "27": 3.695178070552305,
    "28": 3.7468138451385125,
    "29": 3.8091799216007356,
    "30": 3.8329558537600077,
    "31": 3.8823677129616447,
    "32": 3.6211715509488407
}