{
    "0": NaN,
    "1": 3.2489582444009204,
    "2": 3.407644124808128,
    "3": 3.2185153593716125,
    "4": 2.9157936936265,
    "5": 2.696409155786724,
    "6": 2.6306929853640346,
    "7": 2.542325320968418,
    "8": 2.7211640672425568,
    "9": 2.8512276696608474,
    "10": 2.7833878688774885,
    "11": 3.0942095807315337,
    "12": 3.322161985044232,
    "13": 3.5747627946385614,
    "14": 3.762656805183552,
    "15": 3.8900710146367996,
    "16": 3.9185638386364814,
    "17": 3.729052840558053,
    "18": 3.986322834282804,
    "19": 4.17252423255073,
    "20": 4.525617775226634,
    "21": 4.580928638018708,
    "22": 4.799000740263862,
    "23": 5.084788833734836,
    "24": 5.220245701646178,
    "25": 5.339110029519355,
    "26": 5.3778834205919015,
    "27": 5.486015000815338,
    "28": 5.581191322052272,
    "29": 5.825445133141917,
    "30": 5.956654500232123,
    "31": 6.073344304755627,
    "32": 5.716006245728893
}