{
    "0": NaN,
    "1": 3.156197143853437,
    "2": 3.450413129999376,
    "3": 3.808703328004059,
    "4": 3.5790037521803217,
    "5": 3.501358238056073,
    "6": 4.0172359092970815,
    "7": 4.481910592082135,
    "8": 4.588579395355503,
    "9": 5.072506875132408,
    "10": 4.72977850435534,
    "11": 5.505481848442848,
    "12": 4.915922841399252,
    "13": 4.957286053543854,
    "14": 3.439221869950895,
    "15": 3.550496994158805,
    "16": 3.248784874770883,
    "17": 2.99686374482387,
    "18": 2.777496256204438,
    "19": 2.4401729341222365,
    "20": 2.4202232965717636,
    "21": 2.4281333129270823,
    "22": 2.5521058399393945,
    "23": 2.5049223711668485,
    "24": 2.5423457154489775,
    "25": 2.6098423118744787,
    "26": 2.608459230208083,
    "27": 2.68571985500989,
    "28": 2.7025019332698768,
    "29": 2.856982235588392,
    "30": 3.0032398435218375,
    "31": 3.5456066468275984,
    "32": 3.1499790016229654
}