{
    "0": NaN,
    "1": 3.4442608055381454,
    "2": 3.6471849911737855,
    "3": 3.6446177568504745,
    "4": 3.564283900750452,
    "5": 3.859739506169147,
    "6": 4.123099863959823,
    "7": 4.625265680261181,
    "8": 5.196767817766344,
    "9": 5.633522535709602,
    "10": 5.143704451289673,
    "11": 5.237369645386314,
    "12": 4.905899691726442,
    "13": 5.514283326725943,
    "14": 5.599051907278052,
    "15": 5.368887090937039,
    "16": 5.028027420514584,
    "17": 4.808537383749444,
    "18": 4.804827313991624,
    "19": 4.682660765762885,
    "20": 4.8191392963511985,
    "21": 4.875632683476664,
    "22": 4.983514518116097,
    "23": 5.039646105205595,
    "24": 4.906345348289366,
    "25": 4.94798301664379,
    "26": 5.098827997869965,
    "27": 5.062002773342695,
    "28": 5.2129826644616415,
    "29": 5.341149977214883,
    "30": 5.528878102642201,
    "31": 5.75373248194761,
    "32": 4.457968279592228
}