{
    "0": NaN,
    "1": 2.9692761489539725,
    "2": 3.2068223799006503,
    "3": 3.4617033504269408,
    "4": 3.8796130288298007,
    "5": 4.600951585110601,
    "6": 5.308357199255399,
    "7": 5.512122630865116,
    "8": 6.294642734942472,
    "9": 6.168828754942061,
    "10": 5.235109444200798,
    "11": 3.368500353995683,
    "12": 3.7187688661379754,
    "13": 2.0460907552769876,
    "14": 1.8325914482574654,
    "15": 1.8936900349512522,
    "16": 2.032528619750233,
    "17": 2.0931745731258573,
    "18": 2.0934336694145532,
    "19": 2.133468337217915,
    "20": 2.133972224980769,
    "21": 2.1886613085070374,
    "22": 2.272413281538101,
    "23": 2.399695677494993,
    "24": 3.807961180019735
}