{
    "0": NaN,
    "1": 2.9471915966059075,
    "2": 3.213914899107465,
    "3": 3.444121136748532,
    "4": 3.7514953147722045,
    "5": 3.7289996473143243,
    "6": 3.867031350876959,
    "7": 3.8406988961442265,
    "8": 3.8105063846321654,
    "9": 4.289725944914351,
    "10": 3.9499670581412447,
    "11": 3.7587037962700074,
    "12": 3.9135128394981127,
    "13": 3.6997619131423116,
    "14": 2.680497235589373,
    "15": 2.661471498315372,
    "16": 2.4782178606243987,
    "17": 2.2543676229866887,
    "18": 2.076959216202089,
    "19": 1.8733640814207766,
    "20": 1.8338242649334813,
    "21": 1.8530308843552605,
    "22": 1.8374579856882507,
    "23": 1.821960077488806,
    "24": 1.86686090469536,
    "25": 1.8856500818401556,
    "26": 1.8812488572574722,
    "27": 1.9164976396792603,
    "28": 1.9550085428625155,
    "29": 2.049277771745311,
    "30": 2.079069491659578,
    "31": 2.3866264362582488,
    "32": 2.7912277604551727
}