{
    "0": NaN,
    "1": 4.601125023525195,
    "2": 4.273423715073434,
    "3": 3.62175302919886,
    "4": 3.3289664484588783,
    "5": 3.6206808193324895,
    "6": 3.9336184297829706,
    "7": 4.389668775684948,
    "8": 4.724330669101428,
    "9": 4.7559732950990625,
    "10": 4.600762126200188,
    "11": 4.492686452788106,
    "12": 4.403566060056666,
    "13": 4.590239124218939,
    "14": 4.701878896648775,
    "15": 4.084097648364402,
    "16": 3.719824467458706,
    "17": 3.631217258283355,
    "18": 3.304962620529342,
    "19": 3.2338321184290817,
    "20": 3.2193113651403857,
    "21": 3.225534322443594,
    "22": 3.2357808170614195,
    "23": 3.3709685482211005,
    "24": 3.394358352382542,
    "25": 3.5442555444892396,
    "26": 3.6564548942187045,
    "27": 3.7853098674065073,
    "28": 3.8318859746588143,
    "29": 3.906459254682482,
    "30": 4.077429210712372,
    "31": 4.210980832697052,
    "32": 4.609787415085091
}