{
    "0": NaN,
    "1": 3.3464677215797107,
    "2": 3.487536722303493,
    "3": 3.5250419403089728,
    "4": 3.483253830017992,
    "5": 3.7500264282972995,
    "6": 4.443555920391646,
    "7": 5.1587935056385765,
    "8": 3.9841656854043355,
    "9": 3.939324370695601,
    "10": 3.755251791949509,
    "11": 3.528853545741335,
    "12": 3.634022267643665,
    "13": 3.744020380698684,
    "14": 3.9920479664301416,
    "15": 3.7786643205722164,
    "16": 3.472734835008847,
    "17": 3.527758594807185,
    "18": 3.407081737436322,
    "19": 3.262780406490981,
    "20": 2.879802935541129,
    "21": 3.0007118955784695,
    "22": 3.0121873923486837,
    "23": 2.929004151621697,
    "24": 3.111762629944342,
    "25": 3.264110119627953,
    "26": 3.2282498186876225,
    "27": 3.226643149119863,
    "28": 3.3691567132126115,
    "29": 3.3768578163243625,
    "30": 3.3633335196716656,
    "31": 3.4126887603142984,
    "32": 3.5247678082133858,
    "33": 3.535219659125173,
    "34": 3.7046883423779065,
    "35": 3.807475260523666,
    "36": 3.0084387418316223
}