{
    "0": NaN,
    "1": 2.864785015454598,
    "2": 3.2686172884873477,
    "3": 3.199132786245722,
    "4": 3.174272972979938,
    "5": 2.9651152493863537,
    "6": 2.9193216608112054,
    "7": 2.8558396722653527,
    "8": 2.852771939684847,
    "9": 2.8001022619582496,
    "10": 2.7832941346555664,
    "11": 2.7990620247520823,
    "12": 2.802603399988249,
    "13": 2.882827359622469,
    "14": 2.911086369471671,
    "15": 2.938719374133544,
    "16": 2.9916128021918107,
    "17": 3.1227356805292588,
    "18": 3.1606499921461095,
    "19": 3.1991621057997204,
    "20": 3.3070071837613293,
    "21": 3.460954275503974,
    "22": 3.5437717726864286,
    "23": 3.6039823574786842,
    "24": 3.7525255133799904,
    "25": 3.948944272618835,
    "26": 4.194714491496371,
    "27": 4.515867502382477,
    "28": 4.821085621009398,
    "29": 5.0003301398377715,
    "30": 5.198313572039186,
    "31": 5.305544481077224,
    "32": 5.380083839517773,
    "33": 5.5000096763494835,
    "34": 5.570663568654884,
    "35": 5.6348722776715485,
    "36": 5.5879691323791185
}