{
    "0": NaN,
    "1": 4.470470787854585,
    "2": 3.6576413697911434,
    "3": 3.5954529638839188,
    "4": 3.8332063547121864,
    "5": 4.191066743874834,
    "6": 4.359282581981004,
    "7": 5.2187165818910985,
    "8": 5.101343884637408,
    "9": 5.250175897627386,
    "10": 5.127457069555396,
    "11": 4.621448604826506,
    "12": 4.326535772669206,
    "13": 4.152239460261959,
    "14": 3.9634175094202275,
    "15": 3.863210746593912,
    "16": 3.253005671790124
}