{
    "0": NaN,
    "1": 3.100444742328641,
    "2": 3.42167053924236,
    "3": 3.81851854364981,
    "4": 3.3840130881397372,
    "5": 3.413115447850385,
    "6": 3.897792382252375,
    "7": 4.329447244059279,
    "8": 4.442953392315028,
    "9": 4.783380170765317,
    "10": 4.999925895857765,
    "11": 5.8391962683212295,
    "12": 5.965205245628022,
    "13": 6.020504017592099,
    "14": 4.655514684044973,
    "15": 4.533265070495575,
    "16": 4.05207641199333,
    "17": 3.6009476885336995,
    "18": 3.268677938554164,
    "19": 2.8896306540352428,
    "20": 2.8953926109221184,
    "21": 2.817735585016748,
    "22": 2.8090392273794555,
    "23": 2.9748393775342867,
    "24": 2.9118997717408366,
    "25": 2.95164147523956,
    "26": 2.9353145411765285,
    "27": 3.0127231198813766,
    "28": 3.045661401620221,
    "29": 3.124254687980586,
    "30": 3.2418238920269116,
    "31": 3.5180377654010626,
    "32": 2.769132190349629
}