{
    "0": NaN,
    "1": 3.4390712826316903,
    "2": 3.0509459519861437,
    "3": 3.329344065060089,
    "4": 3.1728286568903568,
    "5": 3.3152008440330976,
    "6": 3.7428025682576362,
    "7": 3.6235737304306586,
    "8": 3.7216160927444686,
    "9": 3.6961179056570383,
    "10": 3.872827737254159,
    "11": 2.9135143408732165,
    "12": 3.0348597326507862,
    "13": 2.9172596897673815,
    "14": 2.8784433650245975,
    "15": 2.8920944783952085,
    "16": 3.0023462477378264,
    "17": 2.9484288186885914,
    "18": 2.991968601738416,
    "19": 3.0985543195446796,
    "20": 3.28806540281221,
    "21": 3.4129832050114586,
    "22": 3.5274797454628994,
    "23": 3.816773273353866,
    "24": 4.721468894058419
}