{
    "0": NaN,
    "1": 3.1221866090699284,
    "2": 2.9930347107209747,
    "3": 3.043894093351968,
    "4": 2.6507011037271346,
    "5": 2.4903470895267237,
    "6": 2.785476957446584,
    "7": 2.873367624060549,
    "8": 2.958036726283225,
    "9": 3.0813990715964,
    "10": 3.2568357220880793,
    "11": 3.6430659610889533,
    "12": 4.075869062327996,
    "13": 4.178356716414375,
    "14": 4.395836600358466,
    "15": 4.907593223319481,
    "16": 5.900649069775161,
    "17": 5.739250139950812,
    "18": 6.245187943076417,
    "19": 6.539790858787402,
    "20": 6.846629318995375,
    "21": 6.9790524923428565,
    "22": 7.116856198946947,
    "23": 7.194416991259012,
    "24": 7.190938729403546
}