{
    "0": NaN,
    "1": 3.8653683306344577,
    "2": 3.3914642163567437,
    "3": 3.1088263386332655,
    "4": 2.831472139980746,
    "5": 2.842540536522817,
    "6": 3.303654199205865,
    "7": 3.8240648846518,
    "8": 3.813498903188556,
    "9": 3.798405949517573,
    "10": 3.83265214690693,
    "11": 3.9286623090110364,
    "12": 3.853442995628727,
    "13": 3.7252525234796536,
    "14": 3.713792090302607,
    "15": 3.560380968935415,
    "16": 3.3428107276419494,
    "17": 3.33411737516766,
    "18": 3.3456134640613633,
    "19": 3.0039796245899724,
    "20": 2.8112663013150683,
    "21": 2.8708060422352863,
    "22": 3.0165681881618287,
    "23": 2.910261693464476,
    "24": 2.991997043344596,
    "25": 3.0314393023743884,
    "26": 3.0498001049464345,
    "27": 3.1376611296063315,
    "28": 3.159671782704821,
    "29": 3.236420437663337,
    "30": 3.2741104610797316,
    "31": 3.3698162436129873,
    "32": 3.4294834521820325,
    "33": 3.51826631338755,
    "34": 3.6674059638905407,
    "35": 3.779653273369137,
    "36": 4.158940966898924
}