{
    "0": NaN,
    "1": 3.8746463139554432,
    "2": 3.5646705232311855,
    "3": 3.1598315943564095,
    "4": 2.856921436411698,
    "5": 2.8220258713318995,
    "6": 3.126730254395841,
    "7": 3.772258330320071,
    "8": 3.952001605857264,
    "9": 3.946400608720233,
    "10": 4.001531418987024,
    "11": 4.008612083659761,
    "12": 3.96135501068819,
    "13": 3.8825831419651258,
    "14": 3.9455504306950075,
    "15": 3.853074346903477,
    "16": 3.867330654183151,
    "17": 3.984471163300313,
    "18": 3.920637327485952,
    "19": 3.8601738289084317,
    "20": 3.761936050839788,
    "21": 3.795042487078697,
    "22": 3.7923592374371435,
    "23": 3.522972021003412,
    "24": 3.4638962981477173,
    "25": 3.584997110487687,
    "26": 3.59568113093685,
    "27": 3.6358999854061813,
    "28": 3.5624767113907483,
    "29": 3.6415722371296813,
    "30": 3.663972468341263,
    "31": 3.692525617435318,
    "32": 3.6932776697476184,
    "33": 3.773003249517325,
    "34": 3.8824629964385817,
    "35": 4.029189645080437,
    "36": 4.440197333064451
}