{
    "0": NaN,
    "1": 3.410145792697153,
    "2": 3.49498501960746,
    "3": 3.5469907343954112,
    "4": 3.626134964267164,
    "5": 3.463594199488794,
    "6": 3.2164964178371447,
    "7": 3.6307614124663146,
    "8": 3.488736999278876,
    "9": 3.5989564217590577,
    "10": 3.8436179802866373,
    "11": 3.784536362851003,
    "12": 4.298697014427234,
    "13": 5.212631317305602,
    "14": 5.122653917792545,
    "15": 5.449161370029595,
    "16": 5.246797277520476
}