{
    "0": NaN,
    "1": 4.414040175435756,
    "2": 4.344739548724609,
    "3": 3.2724968202431373,
    "4": 3.079571146035469,
    "5": 3.2095639211011555,
    "6": 3.3018716778440234,
    "7": 3.253201872581179,
    "8": 2.603503770949788,
    "9": 2.7151271645313018,
    "10": 2.8167147938336523,
    "11": 2.849784768651811,
    "12": 2.862394182094471,
    "13": 2.871368307598301,
    "14": 2.953099346118709,
    "15": 2.915054625809117,
    "16": 2.9198996333482534,
    "17": 2.936737243900151,
    "18": 2.9432375118075043,
    "19": 2.896821452434736,
    "20": 2.9022524876590454,
    "21": 2.866535078815768,
    "22": 2.803542609544523,
    "23": 2.8429599915659884,
    "24": 2.756760818854023,
    "25": 2.7691036865634877,
    "26": 2.8125065374101768,
    "27": 2.8296171163991866,
    "28": 2.873453937273121,
    "29": 3.097258922198235,
    "30": 3.1673965593863875,
    "31": 3.20124339705146,
    "32": 3.285033165067135,
    "33": 3.4734273352512472,
    "34": 3.581766101232236,
    "35": 3.7262952840671195,
    "36": 3.985150514930942
}