{
    "0": NaN,
    "1": 3.1741932099265133,
    "2": 3.5411833606567304,
    "3": 3.408034365202302,
    "4": 3.069417067987846,
    "5": 3.372145533944387,
    "6": 3.3633961801696377,
    "7": 3.794542758576946,
    "8": 3.208291195949365,
    "9": 3.0020540080187694,
    "10": 3.1244633949309573,
    "11": 3.0601737002634293,
    "12": 3.5688681574082133,
    "13": 3.8454720174124173,
    "14": 4.07378846635419,
    "15": 4.370670767661324,
    "16": 4.063372747460058
}