{
    "0": NaN,
    "1": 2.95041269189926,
    "2": 3.390446909801111,
    "3": 3.3877703954131415,
    "4": 3.3442479769305766,
    "5": 3.371139875739829,
    "6": 3.2697862414490837,
    "7": 3.3140989043604896,
    "8": 2.844506941824999,
    "9": 2.7257851357168557,
    "10": 2.6942773751248135,
    "11": 2.4853908671294893,
    "12": 2.5864788844140767,
    "13": 2.8098286864432684,
    "14": 3.0544130807919116,
    "15": 3.637072159520829,
    "16": 3.6672175805912373
}