{
    "0": NaN,
    "1": 2.8249984532685293,
    "2": 3.2241096146984622,
    "3": 3.1833726944667373,
    "4": 3.1362510021431858,
    "5": 2.951643537967557,
    "6": 2.950671142466679,
    "7": 2.835293896006362,
    "8": 2.872347243966399,
    "9": 2.786865622071519,
    "10": 2.7498440725060314,
    "11": 2.7776360427176128,
    "12": 2.795253026089832,
    "13": 2.8678552756033735,
    "14": 2.8996329433145913,
    "15": 2.9709903921267147,
    "16": 2.999718995571455,
    "17": 3.071913770525351,
    "18": 3.058845092211148,
    "19": 3.1521126532293313,
    "20": 3.2936877344839997,
    "21": 3.4766674818179366,
    "22": 3.608849884312196,
    "23": 3.622911961041001,
    "24": 3.682336492196446,
    "25": 3.9883321962889067,
    "26": 4.198729739851306,
    "27": 4.538058201142654,
    "28": 4.863489342735807,
    "29": 5.065400570725278,
    "30": 5.195096257197715,
    "31": 5.346001252449076,
    "32": 5.402859947104789,
    "33": 5.521277180892672,
    "34": 5.533710916538278,
    "35": 5.57627118078136,
    "36": 5.605850210214324
}