{
    "0": NaN,
    "1": 3.220675484615065,
    "2": 3.3642115525384844,
    "3": 3.3701544780970156,
    "4": 3.2926153252739248,
    "5": 3.5683728446634992,
    "6": 3.541044831052599,
    "7": 3.429906090365619,
    "8": 3.7498256940519377,
    "9": 3.8833175168826006,
    "10": 3.8456645612216773,
    "11": 3.879642133046749,
    "12": 3.8931481334792943,
    "13": 3.924374083466672,
    "14": 3.8249131548289412,
    "15": 3.6084216875387165,
    "16": 3.500633780223203,
    "17": 3.6122625705494724,
    "18": 3.617739162866056,
    "19": 3.6978694013881177,
    "20": 3.772520714414242,
    "21": 4.013906854414719,
    "22": 4.040973912339532,
    "23": 4.102466909919957,
    "24": 4.23845245573868,
    "25": 4.249838996266838,
    "26": 4.378084656089888,
    "27": 4.495067333624994,
    "28": 4.6394678989796985,
    "29": 4.627370316203635,
    "30": 4.665718037863103,
    "31": 4.676653857896667,
    "32": 4.3582812413571395
}