{
    "0": NaN,
    "1": 3.259221905628894,
    "2": 3.5140868318046925,
    "3": 3.8998784398940094,
    "4": 3.580299469558262,
    "5": 3.675330882374104,
    "6": 4.237351706434737,
    "7": 4.596041297472759,
    "8": 4.737185978298204,
    "9": 5.158008670780052,
    "10": 4.927697295481214,
    "11": 5.507574810047265,
    "12": 5.2698238903287775,
    "13": 5.5038283698982635,
    "14": 4.350184501865478,
    "15": 4.718057798521022,
    "16": 4.158816895812874,
    "17": 3.613378464957739,
    "18": 3.3536679014655597,
    "19": 2.8846859374822706,
    "20": 2.814305680083323,
    "21": 2.8313142757684684,
    "22": 2.878654143599417,
    "23": 2.927492717994683,
    "24": 2.977844888850434,
    "25": 3.0710892927805706,
    "26": 3.0947708035128367,
    "27": 3.1389367135043904,
    "28": 3.266762962730178,
    "29": 3.42050485474452,
    "30": 3.590959655918847,
    "31": 4.497263788232172,
    "32": 4.026298168183737
}