{
    "0": NaN,
    "1": 2.3724426210806002,
    "2": 3.0959538019814916,
    "3": 3.3264424944997173,
    "4": 3.324327168876717,
    "5": 3.083834318515776,
    "6": 3.633821204631107,
    "7": 3.9162250872604236,
    "8": 3.980472497322258,
    "9": 3.9123919327591454,
    "10": 3.7632914653510876,
    "11": 3.8327850274046344,
    "12": 3.755360654382593,
    "13": 4.138539038753391,
    "14": 3.9109304546278496,
    "15": 3.8734573676018433,
    "16": 4.138257128872089,
    "17": 4.225404034938261,
    "18": 4.590161429139693,
    "19": 4.630023668592904,
    "20": 4.6448677459717125,
    "21": 4.687296635193831,
    "22": 4.848313722061978,
    "23": 4.855464610405164,
    "24": 4.757582031239107,
    "25": 4.781624800377804,
    "26": 4.7712030054935575,
    "27": 4.703959476846019,
    "28": 4.751177296735943,
    "29": 4.6946072365755125,
    "30": 4.727324389434488,
    "31": 4.453531662749041,
    "32": 3.4180799608700956
}