{
    "0": NaN,
    "1": 4.123160376693409,
    "2": 3.6729855889686784,
    "3": 3.7754276964297135,
    "4": 4.023738374303625,
    "5": 4.481012333970956,
    "6": 4.618767258769044,
    "7": 5.495785131153632,
    "8": 4.624715907962781,
    "9": 5.140375533311857,
    "10": 5.201528242533037,
    "11": 5.283683244360838,
    "12": 5.174568896371332,
    "13": 5.008959846256349,
    "14": 4.869313333339265,
    "15": 4.914260816129589,
    "16": 4.569336935921902
}