{
    "0": NaN,
    "1": 4.4179702805428915,
    "2": 4.170449491284883,
    "3": 3.2320878342621633,
    "4": 3.182402191039056,
    "5": 3.2596131015301446,
    "6": 3.27351711261308,
    "7": 3.2194576108751938,
    "8": 2.6055840005237174,
    "9": 2.6802683429437253,
    "10": 2.76758962651438,
    "11": 2.826697380587738,
    "12": 2.881978318963052,
    "13": 2.8762226385522904,
    "14": 2.92383655288863,
    "15": 2.984514001117623,
    "16": 2.974305615338305,
    "17": 2.9608004183757077,
    "18": 2.9336539256899448,
    "19": 2.9347121295365173,
    "20": 2.874738572391358,
    "21": 2.87721109905675,
    "22": 2.7960029025827895,
    "23": 2.8453756728010693,
    "24": 2.763011722267026,
    "25": 2.7265557199240553,
    "26": 2.7737299781770437,
    "27": 2.873140357420549,
    "28": 2.886064134764733,
    "29": 3.1378298617913107,
    "30": 3.1808724480071713,
    "31": 3.269836398013851,
    "32": 3.3524795926736326,
    "33": 3.5403023745073963,
    "34": 3.605451341696168,
    "35": 3.8840229334190455,
    "36": 4.045395800186676
}