{
    "0": NaN,
    "1": 3.422241129079544,
    "2": 3.820242930185374,
    "3": 3.814742535429634,
    "4": 3.971248445904636,
    "5": 4.224651287914901,
    "6": 4.582732012673672,
    "7": 4.892537080490642,
    "8": 4.156292309720185,
    "9": 3.758659667402135,
    "10": 3.5597214521107197,
    "11": 3.3546773918264963,
    "12": 3.2999187757478,
    "13": 3.257891888128836,
    "14": 3.2713122379929978,
    "15": 3.0887728332939437,
    "16": 2.9179620935890145,
    "17": 2.7940720933409966,
    "18": 2.901907482060258,
    "19": 2.693619741820155,
    "20": 2.581656581875007,
    "21": 2.6719221047139654,
    "22": 2.7223689016391464,
    "23": 2.620481413332994,
    "24": 2.6637597555679045,
    "25": 2.6270183682471875,
    "26": 2.6416746120277157,
    "27": 2.700065529634573,
    "28": 2.8679410947428696,
    "29": 2.935233282157476,
    "30": 2.9781978747653874,
    "31": 2.9491756957025603,
    "32": 3.1434979512228893,
    "33": 3.0973066237334432,
    "34": 3.2690672200572135,
    "35": 3.580609536267295,
    "36": 3.757126913386167
}