{
    "0": NaN,
    "1": 2.9661015930556927,
    "2": 2.913746998546851,
    "3": 3.0156576817623573,
    "4": 2.719784266030258,
    "5": 2.824273079671024,
    "6": 3.0975242366720788,
    "7": 2.931485942207991,
    "8": 3.1281024194535476,
    "9": 3.43290739799445,
    "10": 3.739892433308508,
    "11": 3.6769616303683024,
    "12": 4.213678634920811,
    "13": 3.127042277481397,
    "14": 2.672961550022024,
    "15": 2.673563675641383,
    "16": 2.9389664280242576,
    "17": 2.881318140283613,
    "18": 2.968633743818689,
    "19": 3.1287574302342103,
    "20": 3.226931704333905,
    "21": 3.45761300306882,
    "22": 3.6154693394603994,
    "23": 3.8616607377652614,
    "24": 4.6803022964333385
}