{
    "0": NaN,
    "1": 3.256023416044911,
    "2": 3.2192920309026323,
    "3": 3.4020326743266387,
    "4": 3.5055997019561835,
    "5": 3.786394472134982,
    "6": 3.926028068429801,
    "7": 4.080731385815818,
    "8": 4.41283588939024,
    "9": 4.623457550679166,
    "10": 4.671971496732585,
    "11": 2.7267253848370263,
    "12": 2.700709058102757,
    "13": 2.30080685182467,
    "14": 2.1337955197071916,
    "15": 2.133725076578494,
    "16": 2.266041469703024,
    "17": 2.26978855792354,
    "18": 2.330670995589361,
    "19": 2.44810996234957,
    "20": 2.527153650000089,
    "21": 2.57424518345622,
    "22": 2.577368741984343,
    "23": 2.6945917918976527,
    "24": 2.5937344291842304
}