{
    "0": NaN,
    "1": 2.748850137609787,
    "2": 3.069094092197671,
    "3": 2.875464985242541,
    "4": 2.482742243819167,
    "5": 2.446712699685534,
    "6": 2.8406416133601162,
    "7": 3.169825921447532,
    "8": 3.4073115782582923,
    "9": 3.5712342342456056,
    "10": 3.494276530172521,
    "11": 3.8335247864272164,
    "12": 3.6034634134963923,
    "13": 3.833342718579286,
    "14": 2.8076294869866127,
    "15": 2.7689782352283623,
    "16": 2.5862843460590788,
    "17": 2.395613816157297,
    "18": 2.2080663034140597,
    "19": 1.9120608214666408,
    "20": 1.9014209689344233,
    "21": 1.940854242744108,
    "22": 1.916013668460982,
    "23": 1.9339642625491653,
    "24": 1.9880563720354585,
    "25": 1.9721126367655513,
    "26": 2.039707787429827,
    "27": 2.014587465206637,
    "28": 2.0621163956925748,
    "29": 2.1830295606485635,
    "30": 2.2223452890095143,
    "31": 2.6624039798467023,
    "32": 3.178577957051915
}