{
    "0": NaN,
    "1": 3.314851576968802,
    "2": 3.836347636324875,
    "3": 3.619207942579187,
    "4": 3.9089611604674857,
    "5": 4.504307006703774,
    "6": 5.042205766124941,
    "7": 6.1191495231003366,
    "8": 6.19680511444953,
    "9": 5.5961516207572215,
    "10": 5.4112027552532345,
    "11": 5.429992092852756,
    "12": 5.834250672422325,
    "13": 6.174697478634286,
    "14": 6.508806610212561,
    "15": 6.44487919118605,
    "16": 6.249683225971686,
    "17": 6.014920728735894,
    "18": 5.921392906059362,
    "19": 5.617989737888351,
    "20": 5.354150949862535,
    "21": 5.257105847066777,
    "22": 5.189926474080963,
    "23": 4.958977259645215,
    "24": 5.203550888696343,
    "25": 5.007178274879742,
    "26": 4.9401157050683775,
    "27": 5.038111298954138,
    "28": 5.022100066644188,
    "29": 5.034482604067096,
    "30": 5.112987922016328,
    "31": 5.106798431171415,
    "32": 5.139246392254912,
    "33": 5.241854083002234,
    "34": 5.24367508776091,
    "35": 5.267262522970635,
    "36": 5.176964858879951
}