{
    "0": NaN,
    "1": 4.875777523018162,
    "2": 4.132434790146041,
    "3": 3.893483347859146,
    "4": 3.6827939779930587,
    "5": 3.825846805101111,
    "6": 4.110272903242033,
    "7": 4.683680050143952,
    "8": 3.5298605735536226,
    "9": 3.309187941831253,
    "10": 3.1359449390221146,
    "11": 3.159653140576308,
    "12": 3.0639876051767763,
    "13": 3.129270799595565,
    "14": 3.096268632850929,
    "15": 3.0509903726328584,
    "16": 2.8576508251881427,
    "17": 3.0195357509098373,
    "18": 2.9986338305832962,
    "19": 2.7712433680249133,
    "20": 2.5551851605227096,
    "21": 2.5936734760172744,
    "22": 2.572645090479636,
    "23": 2.643274909673814,
    "24": 2.6627589190738825,
    "25": 2.6515354977347982,
    "26": 2.6774284073936596,
    "27": 2.6406922858560864,
    "28": 2.85065422065993,
    "29": 2.8241909313532108,
    "30": 2.839852608835373,
    "31": 2.8756242373583336,
    "32": 2.974771678918643,
    "33": 3.1317111109124927,
    "34": 3.187726891867696,
    "35": 3.2176156934292153,
    "36": 3.5586670053386467
}