{
    "0": NaN,
    "1": 3.4265615985525004,
    "2": 3.6108576095199294,
    "3": 3.6831063909622346,
    "4": 3.921544339288783,
    "5": 3.9532643428757765,
    "6": 4.716817781885645,
    "7": 5.14177564022906,
    "8": 5.366408638465821,
    "9": 5.783862646613448,
    "10": 5.558856354348551,
    "11": 5.8369804805106,
    "12": 5.385777600281504,
    "13": 5.543512717244328,
    "14": 4.960014175588105,
    "15": 5.427813232599036,
    "16": 5.09994922843824,
    "17": 4.72368651478131,
    "18": 4.319903475265337,
    "19": 3.806246410422856,
    "20": 3.6440571558786115,
    "21": 3.474808279681292,
    "22": 3.524189403315236,
    "23": 3.5184295314626084,
    "24": 3.5169601964516737,
    "25": 3.570035898154712,
    "26": 3.543489408661748,
    "27": 3.6200312254416067,
    "28": 3.6594987640628167,
    "29": 3.7577524130547455,
    "30": 3.890152226290548,
    "31": 4.507877942971208,
    "32": 4.6113711579153565
}