{
    "0": NaN,
    "1": 4.314798397834358,
    "2": 3.8863603468630994,
    "3": 3.6805730690279157,
    "4": 3.4539082444967044,
    "5": 3.6231695008016547,
    "6": 3.800433380147032,
    "7": 4.069651318099862,
    "8": 4.2074294719888226,
    "9": 3.5100109460782143,
    "10": 3.1065819860777273,
    "11": 3.158327868333832,
    "12": 3.007099321915283,
    "13": 3.0163277077319433,
    "14": 2.808257879495006,
    "15": 2.6142535788624035,
    "16": 2.6791951630990263,
    "17": 2.610645659137171,
    "18": 2.8596426537499524,
    "19": 2.826950259503084,
    "20": 2.91927073004479,
    "21": 2.9670354611356045,
    "22": 3.1396264460817287,
    "23": 3.3608984577257806,
    "24": 3.465327261594122,
    "25": 3.656245617485802,
    "26": 3.8201140749880422,
    "27": 3.9409548330385786,
    "28": 4.06244400557266,
    "29": 4.15145299241482,
    "30": 4.260871380902251,
    "31": 4.500525844779277,
    "32": 4.3342520155874364
}