{
    "0": NaN,
    "1": 3.1180646427711403,
    "2": 3.2157751812872255,
    "3": 3.748697788856281,
    "4": 4.05778050320086,
    "5": 4.655764513345354,
    "6": 4.815361108921627,
    "7": 5.307719987262435,
    "8": 5.226482032142457,
    "9": 4.873729969774632,
    "10": 5.615218140375839,
    "11": 5.253335276687843,
    "12": 5.330780354245183,
    "13": 5.4743864286371196,
    "14": 5.459999495189371,
    "15": 5.224729530786472,
    "16": 4.819904517460218
}