{
    "0": NaN,
    "1": 3.1488480017040508,
    "2": 3.4506675059078975,
    "3": 3.7805461725611114,
    "4": 3.525444322043118,
    "5": 3.5341414780110707,
    "6": 4.102276793975327,
    "7": 4.3967174708127335,
    "8": 4.5635005861957145,
    "9": 4.974041777002787,
    "10": 4.699785816516897,
    "11": 5.461703440780909,
    "12": 4.922776348032594,
    "13": 4.968946303879261,
    "14": 3.3454278808426734,
    "15": 3.579162423561623,
    "16": 3.1756481273710757,
    "17": 2.894596913549839,
    "18": 2.77227944629005,
    "19": 2.376947517469799,
    "20": 2.3934067461321664,
    "21": 2.3713697963954434,
    "22": 2.5045206668210858,
    "23": 2.504395191142313,
    "24": 2.5899517962654133,
    "25": 2.577158470514561,
    "26": 2.650989149020025,
    "27": 2.6797775536835258,
    "28": 2.743807867729049,
    "29": 2.820493447916306,
    "30": 3.080632295657339,
    "31": 3.726860726559886,
    "32": 3.23703551035757
}