{
    "0": NaN,
    "1": 3.8930214399596665,
    "2": 3.592829336294687,
    "3": 3.1818470717086376,
    "4": 2.8691031757828758,
    "5": 2.8062278270082577,
    "6": 3.086590672941168,
    "7": 3.8606607687500176,
    "8": 3.8724247481791245,
    "9": 3.9946470216907293,
    "10": 3.8337624222173456,
    "11": 3.9412753244265324,
    "12": 3.7616196216060995,
    "13": 3.721532677740095,
    "14": 3.7493899058564972,
    "15": 3.701498261370614,
    "16": 3.714221830202146,
    "17": 3.7875365577784788,
    "18": 3.9670210659595426,
    "19": 3.759160995888195,
    "20": 3.6627558300977143,
    "21": 3.7412436412020487,
    "22": 3.688748534226354,
    "23": 3.4991859548101436,
    "24": 3.4748869084525458,
    "25": 3.5743845812120147,
    "26": 3.4614042993808543,
    "27": 3.530905043835298,
    "28": 3.5909399495971863,
    "29": 3.6429497888109283,
    "30": 3.6579319082002892,
    "31": 3.5882476720817533,
    "32": 3.6167261990898263,
    "33": 3.7472753221549944,
    "34": 3.849973562876462,
    "35": 3.9639777164791643,
    "36": 4.17301598270843
}