{
    "0": NaN,
    "1": 3.261355821313405,
    "2": 3.4558584172812568,
    "3": 3.7897014715159854,
    "4": 3.68938130904769,
    "5": 3.680721164027219,
    "6": 4.065491348825316,
    "7": 4.285389159427375,
    "8": 4.274807357625069,
    "9": 4.469237340846611,
    "10": 4.45929560327201,
    "11": 5.20492438776802,
    "12": 4.64151726231056,
    "13": 4.872697636829064,
    "14": 4.419236776087293,
    "15": 4.995812355408411,
    "16": 4.8468676056839515,
    "17": 4.78315171793102,
    "18": 5.168993741330946,
    "19": 5.085890278219503,
    "20": 5.045458564295198,
    "21": 4.94916400008999,
    "22": 4.9250479234539135,
    "23": 4.823940566430562,
    "24": 4.864099036706523,
    "25": 4.873059737192068,
    "26": 5.066849220719569,
    "27": 5.136474901617384,
    "28": 5.228579314216605,
    "29": 5.453942042525087,
    "30": 5.818388757131506,
    "31": 6.396336463924788,
    "32": 4.984937839470997
}