{
    "0": NaN,
    "1": 2.8203323533605613,
    "2": 3.2589197231071108,
    "3": 3.1858416259210696,
    "4": 3.1268272281938914,
    "5": 2.928730329824653,
    "6": 2.914155684685466,
    "7": 2.857326701350626,
    "8": 2.8408741546951832,
    "9": 2.767105626055002,
    "10": 2.7698458206584977,
    "11": 2.7619224909870224,
    "12": 2.831762509090811,
    "13": 2.8614483634058887,
    "14": 2.9483030123016327,
    "15": 2.9835538509774056,
    "16": 2.9671886900742135,
    "17": 3.039247832379108,
    "18": 3.1275237822577395,
    "19": 3.1533809481842514,
    "20": 3.3154249935181994,
    "21": 3.486500178699683,
    "22": 3.572621649594081,
    "23": 3.6302204596200656,
    "24": 3.7530182818754065,
    "25": 3.953762573038079,
    "26": 4.19982856684755,
    "27": 4.560994979909274,
    "28": 4.782192184510118,
    "29": 4.986059914100675,
    "30": 5.207098326464388,
    "31": 5.304431699495395,
    "32": 5.4653933924473455,
    "33": 5.584253458791826,
    "34": 5.535001951620072,
    "35": 5.575103351303986,
    "36": 5.568579623146824
}