{
    "0": NaN,
    "1": 2.5908088735004737,
    "2": 2.928964315671322,
    "3": 3.050579716857486,
    "4": 2.64683722481177,
    "5": 2.535818168839863,
    "6": 2.7482936995345604,
    "7": 2.800062742954445,
    "8": 2.697414646134549,
    "9": 2.7538345743400483,
    "10": 2.5461716103516587,
    "11": 2.819165913398798,
    "12": 2.9112893947968637,
    "13": 2.933035634425386,
    "14": 2.6278279343772257,
    "15": 2.551313970584228,
    "16": 2.5347690791908946,
    "17": 2.4336226779384194,
    "18": 2.4204207849045773,
    "19": 2.2920426769647775,
    "20": 2.119855269749085,
    "21": 2.244213838321455,
    "22": 2.251415466702665,
    "23": 2.436374789923773,
    "24": 2.31937180094043,
    "25": 2.3945541937688746,
    "26": 2.4132198906120435,
    "27": 2.53558803365387,
    "28": 2.4925542299300587,
    "29": 2.7131918334879495,
    "30": 2.797351024407584,
    "31": 3.126892464752892,
    "32": 3.1731005151031617
}