{
    "0": NaN,
    "1": 3.938862825853426,
    "2": 3.8105332071022193,
    "3": 3.04645145510492,
    "4": 2.7351578885431733,
    "5": 2.754329165087855,
    "6": 2.8426281099164847,
    "7": 2.8873496065060142,
    "8": 2.8768079166985836,
    "9": 3.0693998279115786,
    "10": 3.278443303386312,
    "11": 3.3450004082483855,
    "12": 3.4309278878535534,
    "13": 3.5137492961597774,
    "14": 3.596421638792917,
    "15": 3.6433628121912616,
    "16": 3.630127622746498,
    "17": 3.8229748868656386,
    "18": 3.808519234256442,
    "19": 3.810391429441599,
    "20": 3.941692940672188,
    "21": 3.96935646099717,
    "22": 4.190827113232762,
    "23": 4.267999636726037,
    "24": 4.542774937259456,
    "25": 4.775968634910026,
    "26": 4.9462665476828604,
    "27": 5.324955108252864,
    "28": 5.462480125422056,
    "29": 5.6878459813582705,
    "30": 5.7846929407050185,
    "31": 5.9607980307482595,
    "32": 5.459305865494543
}