{
    "0": NaN,
    "1": 3.1247661056829066,
    "2": 3.0747335091578316,
    "3": 3.34285644633275,
    "4": 3.6971282808694705,
    "5": 3.9001701400348057,
    "6": 4.560901563095244,
    "7": 4.399662574815417,
    "8": 4.695130660901595,
    "9": 5.177869354043797,
    "10": 5.4513319443897315,
    "11": 3.4884902474709327,
    "12": 3.8344332503633836,
    "13": 2.1246927379741054,
    "14": 1.9932560288908612,
    "15": 2.027370639231263,
    "16": 2.149891331769503,
    "17": 2.2321267724875473,
    "18": 2.1850951125689075,
    "19": 2.3480800342227344,
    "20": 2.379271528841598,
    "21": 2.5202801925803593,
    "22": 2.6754460066192607,
    "23": 2.8077736636134087,
    "24": 3.576993443214854
}