{
    "0": NaN,
    "1": 3.2304647952383654,
    "2": 3.3429410777834687,
    "3": 3.2406099353142697,
    "4": 2.859841113332414,
    "5": 2.747256255679671,
    "6": 2.583025456689005,
    "7": 2.5454455534913247,
    "8": 2.7114122022654352,
    "9": 2.814135735663782,
    "10": 2.890204320241873,
    "11": 3.148805307669128,
    "12": 3.3444513463852967,
    "13": 3.5845069685483186,
    "14": 3.740481293108696,
    "15": 3.862623310309585,
    "16": 3.8770489593776034,
    "17": 3.7928553483028056,
    "18": 3.9436815559081655,
    "19": 4.293633673109287,
    "20": 4.5365775276159725,
    "21": 4.600578039352393,
    "22": 4.817054176863173,
    "23": 5.024881032470786,
    "24": 5.158443022943706,
    "25": 5.2916867557753555,
    "26": 5.482800851339286,
    "27": 5.302607497062467,
    "28": 5.715462490630214,
    "29": 5.817041451150775,
    "30": 5.897443205394006,
    "31": 6.02178083954305,
    "32": 5.926416304154806
}