{
    "0": NaN,
    "1": 3.3320438224427935,
    "2": 2.888042181997469,
    "3": 3.175653516362551,
    "4": 2.6740555422080696,
    "5": 2.688941512860569,
    "6": 2.955969134868217,
    "7": 2.994265827623749,
    "8": 3.204287162887491,
    "9": 3.1950009600498688,
    "10": 3.2941584471069536,
    "11": 2.378251945220137,
    "12": 2.416334565491888,
    "13": 2.4396589061475544,
    "14": 2.2028392998972537,
    "15": 2.168610541043413,
    "16": 2.3763330431404857,
    "17": 2.3725943039414807,
    "18": 2.690369505599565,
    "19": 2.8761778848483464,
    "20": 3.006846808891763,
    "21": 3.2125152395509122,
    "22": 3.2613118493648585,
    "23": 3.617848295356744,
    "24": 5.105766965813285
}