{
    "0": NaN,
    "1": 3.694670340181542,
    "2": 3.8559287580931887,
    "3": 3.7373183172875524,
    "4": 3.833376462919338,
    "5": 4.0077592208053705,
    "6": 4.728493702539803,
    "7": 4.233848111601878,
    "8": 4.567755743149799,
    "9": 4.618639554815183,
    "10": 4.4654735446697,
    "11": 4.329468006311685,
    "12": 4.41797474778054,
    "13": 4.627807501646055,
    "14": 4.914445963506435,
    "15": 4.94018031114529,
    "16": 4.488172947576802
}