{
    "0": NaN,
    "1": 3.339313199321875,
    "2": 3.1615699607506405,
    "3": 3.41379547746013,
    "4": 3.149136627718199,
    "5": 3.175541022812644,
    "6": 3.624772960143741,
    "7": 3.7208586596213085,
    "8": 3.9157285931891423,
    "9": 4.072336458757832,
    "10": 4.106809610243898,
    "11": 2.588699041369614,
    "12": 2.863741867779563,
    "13": 3.0804321524937346,
    "14": 2.910787495607442,
    "15": 3.0806050175280286,
    "16": 3.3443822688843827,
    "17": 3.3797508329060455,
    "18": 3.679433614994412,
    "19": 3.891780297776774,
    "20": 3.9425869914612695,
    "21": 4.113195964223997,
    "22": 4.2523660404630785,
    "23": 4.482400337230906,
    "24": 5.328402220951404
}