{
    "0": NaN,
    "1": 4.8545998614836225,
    "2": 4.428929562833221,
    "3": 3.6945693652671827,
    "4": 3.5291184808335454,
    "5": 3.3184706690383017,
    "6": 3.3418648246737503,
    "7": 3.783668912115977,
    "8": 3.9999517149416253,
    "9": 3.7431834089738834,
    "10": 3.767002540813481,
    "11": 3.5601062929454415,
    "12": 3.4639147976325164,
    "13": 3.5877042905854606,
    "14": 3.5725946378303646,
    "15": 3.3997193322954975,
    "16": 3.409793904762673,
    "17": 3.4162123169663774,
    "18": 3.3556996798711074,
    "19": 3.3168985222975107,
    "20": 3.1548889567689775,
    "21": 3.126156210311605,
    "22": 3.151144700077101,
    "23": 2.8985343741342287,
    "24": 2.977203729117642,
    "25": 3.0265156559630872,
    "26": 3.0098528972435803,
    "27": 3.0056063977239744,
    "28": 2.97250133640168,
    "29": 3.142308407363971,
    "30": 3.1266573639324906,
    "31": 3.116134899151583,
    "32": 3.213998363223705,
    "33": 3.279059980889131,
    "34": 3.336702450033119,
    "35": 3.3843522241903776,
    "36": 3.6927487597010806
}