{
    "0": NaN,
    "1": 2.97485713913225,
    "2": 3.301208389843242,
    "3": 3.522005798985696,
    "4": 3.993893572586159,
    "5": 4.722315851108345,
    "6": 5.290383161449443,
    "7": 5.68970768371244,
    "8": 6.28674991156692,
    "9": 6.445106250171395,
    "10": 5.395274708998342,
    "11": 3.6405586986844045,
    "12": 4.031830816302152,
    "13": 2.2817158235683137,
    "14": 2.067158508067102,
    "15": 2.0123259007310232,
    "16": 2.2797231190449323,
    "17": 2.2368225151880403,
    "18": 2.2517118184389875,
    "19": 2.2342246536849752,
    "20": 2.2869049731097713,
    "21": 2.379787291044796,
    "22": 2.391944348214428,
    "23": 2.615966468530495,
    "24": 4.081471832894315
}