{
    "0": NaN,
    "1": 2.74533097734205,
    "2": 3.122366283803652,
    "3": 2.8465838415213858,
    "4": 2.486905570798468,
    "5": 2.5025462420317,
    "6": 2.8747197844716013,
    "7": 3.1589769831491425,
    "8": 3.30828769697175,
    "9": 3.529769219542773,
    "10": 3.4592029558618473,
    "11": 3.802484005220099,
    "12": 3.5425797781985726,
    "13": 3.710664473021969,
    "14": 2.730930727671741,
    "15": 2.8308308172520116,
    "16": 2.5351705886544385,
    "17": 2.370423118731804,
    "18": 2.2062228959028447,
    "19": 1.910353845136421,
    "20": 1.848943894695435,
    "21": 1.9192919044957004,
    "22": 1.9151642178748938,
    "23": 1.9366664214656157,
    "24": 1.9920487350895222,
    "25": 1.9404342985189307,
    "26": 1.9646330544992934,
    "27": 2.050413904511882,
    "28": 2.0738884159330593,
    "29": 2.1153771005483315,
    "30": 2.202031764246903,
    "31": 2.7087768184745227,
    "32": 3.2236201940595204
}