{
    "0": NaN,
    "1": 3.941200512673043,
    "2": 3.621032296839686,
    "3": 3.769458862593828,
    "4": 3.9883276147668543,
    "5": 4.317095781809343,
    "6": 4.367380131834446,
    "7": 5.127884085001538,
    "8": 4.271825711525954,
    "9": 4.431973914260868,
    "10": 4.725035414254937,
    "11": 5.008060354086281,
    "12": 5.509499264342358,
    "13": 5.790760811074983,
    "14": 5.706368488110662,
    "15": 5.909374461947973,
    "16": 5.480408864542931
}