{
    "0": NaN,
    "1": 3.0090113915305103,
    "2": 2.9150762931681093,
    "3": 3.0404987732855524,
    "4": 2.7052613231878553,
    "5": 2.830889271232771,
    "6": 3.2238315083131637,
    "7": 3.0046412204009676,
    "8": 3.2867926413893644,
    "9": 3.6163477966225157,
    "10": 3.944447505644039,
    "11": 2.9325550731510965,
    "12": 3.1696124091530455,
    "13": 2.131341995229002,
    "14": 1.8950941987047454,
    "15": 1.8948421921394012,
    "16": 2.036347596127334,
    "17": 2.063790576083732,
    "18": 2.137636290138254,
    "19": 2.237060040373424,
    "20": 2.281614186509433,
    "21": 2.418958498295897,
    "22": 2.5604891703174837,
    "23": 2.7903311926223733,
    "24": 4.568932042422374
}