{
    "0": NaN,
    "1": 3.368115241430014,
    "2": 3.7700034449505897,
    "3": 3.8434083527414185,
    "4": 3.609611709605279,
    "5": 3.431542687594523,
    "6": 3.5204478204494665,
    "7": 3.6022958372263334,
    "8": 3.901336360775002,
    "9": 4.218876867524235,
    "10": 4.144120853259353,
    "11": 4.262707535545788,
    "12": 4.101110882310186,
    "13": 4.156687494511073,
    "14": 4.1471379787800515,
    "15": 3.8784043807302884,
    "16": 3.5343467517832505,
    "17": 3.4490918762791556,
    "18": 3.3010620464253924,
    "19": 3.1603750410243743,
    "20": 3.1614437517971012,
    "21": 3.111876723438904,
    "22": 3.126265322894391,
    "23": 3.231317110845555,
    "24": 3.331544066769631,
    "25": 3.352077588367963,
    "26": 3.4308845129888423,
    "27": 3.485431099855905,
    "28": 3.5674299046915383,
    "29": 3.6668245381170372,
    "30": 3.757139362926729,
    "31": 3.838387552939423,
    "32": 4.38959150604556
}