{
    "0": NaN,
    "1": 3.1500335098654766,
    "2": 3.4756468172056842,
    "3": 3.243526418243502,
    "4": 3.1796741759217024,
    "5": 3.335247434902462,
    "6": 3.3268961475152783,
    "7": 3.4313183916761294,
    "8": 3.5978739138243383,
    "9": 3.537614414181896,
    "10": 3.617126266936036,
    "11": 3.6770883457731953,
    "12": 3.8076665727874697,
    "13": 3.955848998205641,
    "14": 4.381477746977342,
    "15": 4.495772912713651,
    "16": 4.614949890989445,
    "17": 4.748243037405196,
    "18": 4.907832582018101,
    "19": 5.230787288929581,
    "20": 5.847750397956169,
    "21": 6.298212519767244,
    "22": 6.714823225403722,
    "23": 6.932831212562251,
    "24": 7.011117857761768,
    "25": 6.974212364373061,
    "26": 7.265449056348765,
    "27": 7.348405202047117,
    "28": 7.5779393379341755,
    "29": 7.484555204749216,
    "30": 7.475770339847657,
    "31": 7.426558954027985,
    "32": 7.526718750684524,
    "33": 7.603729251744583,
    "34": 7.558565477710872,
    "35": 7.442816788758825,
    "36": 6.1314737512719
}