{
    "0": NaN,
    "1": 3.577928677035223,
    "2": 3.527303916830379,
    "3": 3.7047339429345576,
    "4": 3.604177091520422,
    "5": 3.598364533999891,
    "6": 3.6171899327044597,
    "7": 3.9262438913561746,
    "8": 3.941101902505855,
    "9": 4.04107995711986,
    "10": 3.995205337434659,
    "11": 4.3285853285840075,
    "12": 4.4318513155462,
    "13": 4.861700665309764,
    "14": 3.7827267864616685,
    "15": 3.7937038937360255,
    "16": 3.551649286240726,
    "17": 3.1648278978986584,
    "18": 2.830184792866518,
    "19": 2.3925384720925935,
    "20": 2.308660236179653,
    "21": 2.349901160488248,
    "22": 2.317861311683365,
    "23": 2.450254778939337,
    "24": 2.480895158569056,
    "25": 2.4498388701950002,
    "26": 2.441213773393825,
    "27": 2.494413704626854,
    "28": 2.5692737169674187,
    "29": 2.6509455985989403,
    "30": 2.813305781240875,
    "31": 3.6066346402133234,
    "32": 4.474699706959369
}