{
    "0": {
        "estimate": NaN,
        "std": NaN
    },
    "1": {
        "estimate": 18.56408814271682,
        "std": 4.267927960138236
    },
    "2": {
        "estimate": 17.93325347240283,
        "std": 4.717144429048566
    },
    "3": {
        "estimate": 18.42544240992296,
        "std": 4.751804871910781
    },
    "4": {
        "estimate": 23.23245560032461,
        "std": 5.818863329044914
    },
    "5": {
        "estimate": 22.891231888363617,
        "std": 6.216785567482612
    },
    "6": {
        "estimate": 26.464093537566356,
        "std": 7.024336595271323
    },
    "7": {
        "estimate": 29.371067740868742,
        "std": 7.531275168131043
    },
    "8": {
        "estimate": 31.30847961387381,
        "std": 8.095720244895771
    },
    "9": {
        "estimate": 32.71669639019621,
        "std": 8.413913534247069
    },
    "10": {
        "estimate": 32.88192141006102,
        "std": 8.27189609541555
    },
    "11": {
        "estimate": 33.57847854787818,
        "std": 8.547232747882745
    },
    "12": {
        "estimate": 34.63716911397777,
        "std": 8.579493779886752
    },
    "13": {
        "estimate": 34.40535771439352,
        "std": 8.778708795738693
    },
    "14": {
        "estimate": 36.101930255131165,
        "std": 9.407830764619147
    },
    "15": {
        "estimate": 34.583496712936615,
        "std": 9.148134527717666
    },
    "16": {
        "estimate": 34.10807824588189,
        "std": 9.208054408097915
    },
    "17": {
        "estimate": 31.114927461651295,
        "std": 8.832210585242517
    },
    "18": {
        "estimate": 30.94113998629968,
        "std": 8.755081008992105
    },
    "19": {
        "estimate": 30.824528027837623,
        "std": 8.875113689524026
    },
    "20": {
        "estimate": 30.430661162356962,
        "std": 8.78847629836093
    },
    "21": {
        "estimate": 29.487650879114003,
        "std": 8.489958073162263
    },
    "22": {
        "estimate": 29.595987832569833,
        "std": 8.177704708298805
    },
    "23": {
        "estimate": 28.84751988748529,
        "std": 8.135728681820869
    },
    "24": {
        "estimate": 28.363238697080718,
        "std": 7.9957188810732704
    },
    "25": {
        "estimate": 28.24135868398474,
        "std": 7.901396012661208
    },
    "26": {
        "estimate": 28.044960743445763,
        "std": 7.78814769373888
    },
    "27": {
        "estimate": 27.742766718550836,
        "std": 7.679634685748128
    },
    "28": {
        "estimate": 27.67281980096445,
        "std": 7.7012848820722875
    },
    "29": {
        "estimate": 27.653897573492355,
        "std": 7.578874579705866
    },
    "30": {
        "estimate": 27.377182266196666,
        "std": 7.440632113191718
    },
    "31": {
        "estimate": 27.243518425276665,
        "std": 7.4192379700425874
    },
    "32": {
        "estimate": 26.974167403202156,
        "std": 7.3272955656049
    },
    "33": {
        "estimate": 26.890014626545696,
        "std": 7.308456066814052
    },
    "34": {
        "estimate": 26.853079390097193,
        "std": 7.291229060207658
    },
    "35": {
        "estimate": 26.892754041833168,
        "std": 7.331726608590724
    },
    "36": {
        "estimate": 26.958193138392904,
        "std": 7.32885746983081
    },
    "37": {
        "estimate": 26.924987988689647,
        "std": 7.300600373149401
    },
    "38": {
        "estimate": 27.09656512449358,
        "std": 7.291904818809228
    },
    "39": {
        "estimate": 27.995769809136494,
        "std": 7.534929320064643
    },
    "40": {
        "estimate": 27.928599978213303,
        "std": 7.335181394537204
    }
}