{
    "0": {
        "estimate": NaN,
        "std": NaN
    },
    "1": {
        "estimate": 15.049424288425795,
        "std": 2.625509471572992
    },
    "2": {
        "estimate": 14.64214937357598,
        "std": 3.0854241359641317
    },
    "3": {
        "estimate": 14.988535000008103,
        "std": 3.1406197910983678
    },
    "4": {
        "estimate": 19.18267835906946,
        "std": 3.789791758949526
    },
    "5": {
        "estimate": 18.943121711394703,
        "std": 4.085649796047388
    },
    "6": {
        "estimate": 22.226176124604287,
        "std": 4.589248757792149
    },
    "7": {
        "estimate": 24.59804571898292,
        "std": 4.864182674149927
    },
    "8": {
        "estimate": 26.47288997570708,
        "std": 5.180418204123076
    },
    "9": {
        "estimate": 27.534792059909996,
        "std": 5.197146833982637
    },
    "10": {
        "estimate": 27.84814940412203,
        "std": 5.4444411268709265
    },
    "11": {
        "estimate": 28.38977648123438,
        "std": 5.486607961161253
    },
    "12": {
        "estimate": 29.592849460640817,
        "std": 5.679979456302631
    },
    "13": {
        "estimate": 29.509851337371895,
        "std": 5.522391159661306
    },
    "14": {
        "estimate": 31.150092382919496,
        "std": 6.111605803377978
    },
    "15": {
        "estimate": 29.976734170494304,
        "std": 6.108811781317565
    },
    "16": {
        "estimate": 29.73797659670244,
        "std": 6.112609095715981
    },
    "17": {
        "estimate": 27.396799118184212,
        "std": 5.940872893636025
    },
    "18": {
        "estimate": 27.034962009456468,
        "std": 5.882824100826719
    },
    "19": {
        "estimate": 27.036046633334248,
        "std": 5.976209462271354
    },
    "20": {
        "estimate": 26.70813062501294,
        "std": 5.893915207521563
    },
    "21": {
        "estimate": 25.788105096500193,
        "std": 5.703847736672212
    },
    "22": {
        "estimate": 25.702379495083726,
        "std": 5.4208614204945755
    },
    "23": {
        "estimate": 25.104086010135124,
        "std": 5.293244058457353
    },
    "24": {
        "estimate": 24.62488136832157,
        "std": 5.226946442477279
    },
    "25": {
        "estimate": 24.498156494471164,
        "std": 5.141899764211822
    },
    "26": {
        "estimate": 24.20950808672528,
        "std": 5.09883953553507
    },
    "27": {
        "estimate": 23.873612867229756,
        "std": 5.044754625499407
    },
    "28": {
        "estimate": 23.747302484705404,
        "std": 4.9984198803389335
    },
    "29": {
        "estimate": 23.739456057729768,
        "std": 4.977491622472613
    },
    "30": {
        "estimate": 23.454520718870313,
        "std": 4.9456127035169475
    },
    "31": {
        "estimate": 23.26768580609212,
        "std": 4.903943735367975
    },
    "32": {
        "estimate": 23.025737640970625,
        "std": 4.888187957671857
    },
    "33": {
        "estimate": 22.93183929831153,
        "std": 4.883666354613305
    },
    "34": {
        "estimate": 22.868937953066478,
        "std": 4.899237726050122
    },
    "35": {
        "estimate": 22.827764919871615,
        "std": 4.909547888499878
    },
    "36": {
        "estimate": 22.82646632421053,
        "std": 4.88279317699743
    },
    "37": {
        "estimate": 22.774199016211327,
        "std": 4.926877641925592
    },
    "38": {
        "estimate": 22.816521090128855,
        "std": 4.95093740899447
    },
    "39": {
        "estimate": 23.483722782237205,
        "std": 5.052354873334776
    },
    "40": {
        "estimate": 23.25394349896921,
        "std": 4.830851796656886
    }
}