{
    "0": {
        "estimate": NaN,
        "std": NaN
    },
    "1": {
        "estimate": 16.297282456361202,
        "std": 3.0319364016295602
    },
    "2": {
        "estimate": 15.794586841371414,
        "std": 3.535775034310474
    },
    "3": {
        "estimate": 16.236181441111526,
        "std": 3.5513245198067374
    },
    "4": {
        "estimate": 20.692219672760004,
        "std": 4.296048517166044
    },
    "5": {
        "estimate": 20.39865385216776,
        "std": 4.727574558696821
    },
    "6": {
        "estimate": 23.720893637951818,
        "std": 5.203292125836492
    },
    "7": {
        "estimate": 26.279507918255753,
        "std": 5.563947930006702
    },
    "8": {
        "estimate": 28.198990780050647,
        "std": 5.998433954540152
    },
    "9": {
        "estimate": 29.377695679155448,
        "std": 6.06688623858649
    },
    "10": {
        "estimate": 29.651007232129388,
        "std": 6.194477898312128
    },
    "11": {
        "estimate": 30.28441015209098,
        "std": 6.308020967345312
    },
    "12": {
        "estimate": 31.41757499259674,
        "std": 6.479633470104897
    },
    "13": {
        "estimate": 31.238514060201705,
        "std": 6.460787920134669
    },
    "14": {
        "estimate": 32.85774861770904,
        "std": 7.004742814016427
    },
    "15": {
        "estimate": 31.669169455527573,
        "std": 7.001216199221254
    },
    "16": {
        "estimate": 31.359582446010556,
        "std": 6.969927607042323
    },
    "17": {
        "estimate": 28.76769537538941,
        "std": 6.734628640601776
    },
    "18": {
        "estimate": 28.467490281975085,
        "std": 6.60942600206465
    },
    "19": {
        "estimate": 28.417131342487455,
        "std": 6.735627151390487
    },
    "20": {
        "estimate": 28.130454278363672,
        "std": 6.661455013532855
    },
    "21": {
        "estimate": 27.198459682911146,
        "std": 6.469238165046839
    },
    "22": {
        "estimate": 27.14735250269965,
        "std": 6.217822940881033
    },
    "23": {
        "estimate": 26.48959512989188,
        "std": 6.052776956817714
    },
    "24": {
        "estimate": 26.03480169745022,
        "std": 6.000713645377376
    },
    "25": {
        "estimate": 25.864807916381036,
        "std": 5.942081903038579
    },
    "26": {
        "estimate": 25.59173848623928,
        "std": 5.828801007509704
    },
    "27": {
        "estimate": 25.284036471840036,
        "std": 5.76936532715051
    },
    "28": {
        "estimate": 25.192603805760875,
        "std": 5.760071178918631
    },
    "29": {
        "estimate": 25.22417716773377,
        "std": 5.7422277599041776
    },
    "30": {
        "estimate": 24.887557014134487,
        "std": 5.64964930957008
    },
    "31": {
        "estimate": 24.70646390052567,
        "std": 5.601779793718084
    },
    "32": {
        "estimate": 24.482471167039346,
        "std": 5.5882748628333685
    },
    "33": {
        "estimate": 24.395378323957573,
        "std": 5.568748909416742
    },
    "34": {
        "estimate": 24.345843128878048,
        "std": 5.580758119076097
    },
    "35": {
        "estimate": 24.283058874610514,
        "std": 5.580865610004832
    },
    "36": {
        "estimate": 24.307279143093822,
        "std": 5.5661343807099355
    },
    "37": {
        "estimate": 24.28295762580439,
        "std": 5.578327721474791
    },
    "38": {
        "estimate": 24.3711094260134,
        "std": 5.596432483433698
    },
    "39": {
        "estimate": 25.115049024642126,
        "std": 5.6930546894054
    },
    "40": {
        "estimate": 24.964375908905343,
        "std": 5.513893271478467
    }
}