{
    "0": NaN,
    "1": 22.471927642822266,
    "2": 22.73503875732422,
    "3": 23.51729393005371,
    "4": 28.404502868652344,
    "5": 28.702604293823242,
    "6": 32.1455192565918,
    "7": 36.61361312866211,
    "8": 37.62887191772461,
    "9": 38.44599533081055,
    "10": 38.392852783203125,
    "11": 39.31283187866211,
    "12": 39.43428039550781,
    "13": 39.74406051635742,
    "14": 40.58226776123047,
    "15": 37.47151184082031,
    "16": 35.6334228515625,
    "17": 30.236358642578125,
    "18": 30.574623107910156,
    "19": 28.961931228637695,
    "20": 28.25979232788086,
    "21": 27.829742431640625,
    "22": 28.726346969604492,
    "23": 27.10074234008789,
    "24": 27.053720474243164,
    "25": 27.386640548706055,
    "26": 27.618263244628906,
    "27": 27.821666717529297,
    "28": 27.921953201293945,
    "29": 28.103370666503906,
    "30": 27.97835922241211,
    "31": 28.05597496032715,
    "32": 28.01154136657715,
    "33": 28.177072525024414,
    "34": 28.254667282104492,
    "35": 28.531702041625977,
    "36": 28.607393264770508,
    "37": 28.7689151763916,
    "38": 29.319604873657227,
    "39": 30.786191940307617,
    "40": 31.934572219848633
}