{
    "0": {
        "estimate": Infinity,
        "std": NaN
    },
    "1": {
        "estimate": 20.079590673792186,
        "std": 3.4715068344838564
    },
    "2": {
        "estimate": 19.59952406843744,
        "std": 4.105719246799773
    },
    "3": {
        "estimate": 15.75214632434675,
        "std": 3.7303680686163787
    },
    "4": {
        "estimate": 18.34644876466558,
        "std": 3.9751428815828587
    },
    "5": {
        "estimate": 19.624815716778983,
        "std": 4.214406500988436
    },
    "6": {
        "estimate": 19.694085124694375,
        "std": 4.369616254933722
    },
    "7": {
        "estimate": 20.33130876012705,
        "std": 4.216712670068785
    },
    "8": {
        "estimate": 19.667323508642344,
        "std": 4.054178218663487
    },
    "9": {
        "estimate": 21.03170732850856,
        "std": 3.8288792203909887
    },
    "10": {
        "estimate": 21.499999869465753,
        "std": 3.877320642467597
    },
    "11": {
        "estimate": 22.587341476321434,
        "std": 3.8794083537845667
    },
    "12": {
        "estimate": 20.687265362685174,
        "std": 3.5229895866238974
    },
    "13": {
        "estimate": 21.12252004788109,
        "std": 3.571670178222706
    },
    "14": {
        "estimate": 20.382019227227726,
        "std": 3.3767903059964572
    },
    "15": {
        "estimate": 20.243001813621913,
        "std": 3.388193906643776
    },
    "16": {
        "estimate": 20.313000472663518,
        "std": 3.6880759862855483
    },
    "17": {
        "estimate": 20.321913955626485,
        "std": 3.980745568570262
    },
    "18": {
        "estimate": 19.507743622486696,
        "std": 4.0828729998079085
    },
    "19": {
        "estimate": 19.161394210781285,
        "std": 3.9833918942642828
    },
    "20": {
        "estimate": 18.845236320827244,
        "std": 3.9173469810262818
    },
    "21": {
        "estimate": 18.442505264369306,
        "std": 3.9360362019947503
    },
    "22": {
        "estimate": 18.517223371154373,
        "std": 3.928166140518262
    },
    "23": {
        "estimate": 18.679547157526127,
        "std": 3.9662006945908588
    },
    "24": {
        "estimate": 18.57887143907653,
        "std": 3.9545222356076857
    },
    "25": {
        "estimate": 18.90243513275021,
        "std": 4.17499818399864
    },
    "26": {
        "estimate": 18.871192997056795,
        "std": 4.213045566871729
    },
    "27": {
        "estimate": 19.13727697098286,
        "std": 4.3406718578557735
    },
    "28": {
        "estimate": 19.22520346490065,
        "std": 4.401865202854202
    },
    "29": {
        "estimate": 19.678059063047332,
        "std": 4.692448315718115
    },
    "30": {
        "estimate": 20.632372976864396,
        "std": 5.093440873557137
    },
    "31": {
        "estimate": 21.475237247847755,
        "std": 5.46508266728753
    },
    "32": {
        "estimate": 21.871570961572512,
        "std": 5.750840413086651
    }
}