{
    "0": {
        "estimate": Infinity,
        "std": NaN
    },
    "1": {
        "estimate": 25.337272086037295,
        "std": 8.277202810277684
    },
    "2": {
        "estimate": 25.659757008316177,
        "std": 8.636721991159849
    },
    "3": {
        "estimate": 21.81852421516463,
        "std": 7.39937874812114
    },
    "4": {
        "estimate": 24.64362131759417,
        "std": 8.392926468699795
    },
    "5": {
        "estimate": 26.86625730531625,
        "std": 9.036295304169514
    },
    "6": {
        "estimate": 27.16361581377036,
        "std": 9.141134778170212
    },
    "7": {
        "estimate": 27.292607950537693,
        "std": 8.989723560080112
    },
    "8": {
        "estimate": 26.363644845595992,
        "std": 8.778554353641256
    },
    "9": {
        "estimate": 27.86106175072908,
        "std": 9.25161492863991
    },
    "10": {
        "estimate": 27.881133613796795,
        "std": 9.140946028418892
    },
    "11": {
        "estimate": 28.43008327918194,
        "std": 9.104406204139075
    },
    "12": {
        "estimate": 27.06569006325719,
        "std": 8.639519253531033
    },
    "13": {
        "estimate": 27.88729553203933,
        "std": 8.794594132787914
    },
    "14": {
        "estimate": 27.090967744795897,
        "std": 8.389013514097302
    },
    "15": {
        "estimate": 27.100130384554483,
        "std": 8.380244522397497
    },
    "16": {
        "estimate": 27.436932006740086,
        "std": 8.780167194270943
    },
    "17": {
        "estimate": 27.549490366641535,
        "std": 8.664931036759816
    },
    "18": {
        "estimate": 26.796180180432707,
        "std": 8.394739691760943
    },
    "19": {
        "estimate": 26.332103118153302,
        "std": 8.127158468891672
    },
    "20": {
        "estimate": 26.086575063667663,
        "std": 8.406085024749549
    },
    "21": {
        "estimate": 25.73346095725778,
        "std": 8.288566388425407
    },
    "22": {
        "estimate": 25.74500361662959,
        "std": 8.205458365819975
    },
    "23": {
        "estimate": 26.066185044054215,
        "std": 8.36955099681523
    },
    "24": {
        "estimate": 26.045919976020443,
        "std": 8.32003239849648
    },
    "25": {
        "estimate": 26.527297607835493,
        "std": 8.616568013790012
    },
    "26": {
        "estimate": 26.651367172949573,
        "std": 8.704909699700785
    },
    "27": {
        "estimate": 27.07089786467849,
        "std": 8.837897210054116
    },
    "28": {
        "estimate": 27.29037532418592,
        "std": 8.924929112360166
    },
    "29": {
        "estimate": 28.08917661739152,
        "std": 9.449483270196678
    },
    "30": {
        "estimate": 29.211889802552566,
        "std": 10.200288753496661
    },
    "31": {
        "estimate": 30.280355605684598,
        "std": 10.980677465633443
    },
    "32": {
        "estimate": 30.602729677200777,
        "std": 11.24029530057515
    }
}