{
    "0": {
        "estimate": Infinity,
        "std": NaN
    },
    "1": {
        "estimate": 22.072094790028242,
        "std": 4.461676445058929
    },
    "2": {
        "estimate": 21.652843513816343,
        "std": 4.9152837375559715
    },
    "3": {
        "estimate": 17.99056293034377,
        "std": 4.399018899161329
    },
    "4": {
        "estimate": 20.60563896765691,
        "std": 4.790200309335195
    },
    "5": {
        "estimate": 22.16594164066463,
        "std": 5.149937042729004
    },
    "6": {
        "estimate": 22.392310677492258,
        "std": 5.283541243570071
    },
    "7": {
        "estimate": 22.873091164419087,
        "std": 5.13111012634391
    },
    "8": {
        "estimate": 22.08273462262388,
        "std": 4.972315211075888
    },
    "9": {
        "estimate": 23.318261793539023,
        "std": 5.011757675925435
    },
    "10": {
        "estimate": 23.59706201003465,
        "std": 5.004206290984002
    },
    "11": {
        "estimate": 24.489367283742162,
        "std": 4.971873615818075
    },
    "12": {
        "estimate": 22.835427836044182,
        "std": 4.548777861048579
    },
    "13": {
        "estimate": 23.49440687035055,
        "std": 4.634464215116082
    },
    "14": {
        "estimate": 22.6619750301544,
        "std": 4.332324482288123
    },
    "15": {
        "estimate": 22.61692726612286,
        "std": 4.315539681676092
    },
    "16": {
        "estimate": 22.755794905576842,
        "std": 4.607549453036113
    },
    "17": {
        "estimate": 22.876440894428583,
        "std": 4.800339506239768
    },
    "18": {
        "estimate": 22.113128413138902,
        "std": 4.766099891713742
    },
    "19": {
        "estimate": 21.767457990775014,
        "std": 4.681179260773094
    },
    "20": {
        "estimate": 21.414578558037284,
        "std": 4.639678318608873
    },
    "21": {
        "estimate": 21.017202071538133,
        "std": 4.594560941813067
    },
    "22": {
        "estimate": 21.139076041946513,
        "std": 4.645707425358211
    },
    "23": {
        "estimate": 21.365841724955004,
        "std": 4.714180287157439
    },
    "24": {
        "estimate": 21.289979995530356,
        "std": 4.744813445984418
    },
    "25": {
        "estimate": 21.673631981005176,
        "std": 5.018568689338873
    },
    "26": {
        "estimate": 21.716637216438475,
        "std": 5.084796863368551
    },
    "27": {
        "estimate": 22.062245301745385,
        "std": 5.254843800412031
    },
    "28": {
        "estimate": 22.16777831414692,
        "std": 5.291562904827024
    },
    "29": {
        "estimate": 22.761717366529407,
        "std": 5.632879209285042
    },
    "30": {
        "estimate": 23.774082004714742,
        "std": 6.051778332686112
    },
    "31": {
        "estimate": 24.706456924892123,
        "std": 6.459343790928959
    },
    "32": {
        "estimate": 25.154556198628455,
        "std": 6.795810800762915
    }
}