{
    "0": {
        "estimate": NaN,
        "std": NaN
    },
    "1": {
        "estimate": 16.61240355997335,
        "std": 3.5427603172425117
    },
    "2": {
        "estimate": 17.57073809284613,
        "std": 4.0742599625158515
    },
    "3": {
        "estimate": 19.890662392334676,
        "std": 4.211188668291081
    },
    "4": {
        "estimate": 16.725021155946678,
        "std": 3.408365511322003
    },
    "5": {
        "estimate": 21.157112558101357,
        "std": 4.766699077434597
    },
    "6": {
        "estimate": 22.822543465702637,
        "std": 5.2072630723866515
    },
    "7": {
        "estimate": 23.82674883810288,
        "std": 5.012243516990562
    },
    "8": {
        "estimate": 23.129152315017325,
        "std": 4.648365159916037
    },
    "9": {
        "estimate": 23.74996525342933,
        "std": 5.055986665675193
    },
    "10": {
        "estimate": 21.413546508349203,
        "std": 4.1688343094787355
    },
    "11": {
        "estimate": 21.23318778544167,
        "std": 3.8500572032179154
    },
    "12": {
        "estimate": 19.73268813873409,
        "std": 4.273613075637226
    },
    "13": {
        "estimate": 16.63445825039079,
        "std": 3.6249408249282014
    },
    "14": {
        "estimate": 18.22009959176905,
        "std": 4.0955473094854815
    },
    "15": {
        "estimate": 18.503366445717397,
        "std": 4.403395874375402
    },
    "16": {
        "estimate": 18.68102317716285,
        "std": 4.444649834571139
    },
    "17": {
        "estimate": 18.285854645807937,
        "std": 4.246810478234599
    },
    "18": {
        "estimate": 17.902243341904807,
        "std": 4.146523094794239
    },
    "19": {
        "estimate": 17.395717225713014,
        "std": 4.020811414786936
    },
    "20": {
        "estimate": 17.198416339073646,
        "std": 3.9569405426615245
    },
    "21": {
        "estimate": 17.029221095144354,
        "std": 3.932529642638618
    },
    "22": {
        "estimate": 17.238523056847356,
        "std": 3.9206846721465256
    },
    "23": {
        "estimate": 17.234882927520612,
        "std": 3.9312657312158947
    },
    "24": {
        "estimate": 17.312923945885764,
        "std": 3.9789875596045277
    },
    "25": {
        "estimate": 17.810663441225895,
        "std": 4.184412159283541
    },
    "26": {
        "estimate": 17.979324302383663,
        "std": 4.246398118034023
    },
    "27": {
        "estimate": 18.03286754300475,
        "std": 4.321600744670649
    },
    "28": {
        "estimate": 18.061794573791012,
        "std": 4.323335044016128
    },
    "29": {
        "estimate": 18.36736252487962,
        "std": 4.366013150505756
    },
    "30": {
        "estimate": 18.90134501911562,
        "std": 4.585207504668444
    },
    "31": {
        "estimate": 18.95750356531313,
        "std": 4.682310685763343
    },
    "32": {
        "estimate": 14.162796447113301,
        "std": 3.6896263260469326
    }
}