{
    "0": {
        "estimate": NaN,
        "std": NaN
    },
    "1": {
        "estimate": 20.35553130058228,
        "std": 5.80590749222497
    },
    "2": {
        "estimate": 22.457536681100883,
        "std": 6.5430098735797895
    },
    "3": {
        "estimate": 24.577537818054942,
        "std": 6.901644617488346
    },
    "4": {
        "estimate": 21.199222014393808,
        "std": 5.8839088073943735
    },
    "5": {
        "estimate": 26.161712840952173,
        "std": 7.550927068083993
    },
    "6": {
        "estimate": 27.250564569423652,
        "std": 8.218116779046928
    },
    "7": {
        "estimate": 28.22938690621117,
        "std": 8.292299173253692
    },
    "8": {
        "estimate": 27.7382911932976,
        "std": 7.768581508400752
    },
    "9": {
        "estimate": 28.251597609308728,
        "std": 7.8320038045085605
    },
    "10": {
        "estimate": 25.071493532507056,
        "std": 6.864696032764745
    },
    "11": {
        "estimate": 24.829450421943054,
        "std": 6.538650585079211
    },
    "12": {
        "estimate": 23.398488576899904,
        "std": 6.168916082984129
    },
    "13": {
        "estimate": 21.21536496639587,
        "std": 5.505550928790776
    },
    "14": {
        "estimate": 21.89170595368024,
        "std": 5.84041196259107
    },
    "15": {
        "estimate": 22.17253257703903,
        "std": 6.048983915491325
    },
    "16": {
        "estimate": 22.24176777897274,
        "std": 6.106829564388327
    },
    "17": {
        "estimate": 21.955193766584145,
        "std": 6.141660509147946
    },
    "18": {
        "estimate": 21.672241876598733,
        "std": 5.942211300540444
    },
    "19": {
        "estimate": 21.244431388730543,
        "std": 5.8640074636570825
    },
    "20": {
        "estimate": 21.088277353222047,
        "std": 5.8188607265405885
    },
    "21": {
        "estimate": 20.988350225337218,
        "std": 5.729270902948642
    },
    "22": {
        "estimate": 21.40994510808453,
        "std": 5.871999799828448
    },
    "23": {
        "estimate": 21.50964020814406,
        "std": 5.935519671824622
    },
    "24": {
        "estimate": 21.612282072325428,
        "std": 6.031601910705634
    },
    "25": {
        "estimate": 22.276957180689323,
        "std": 6.328525672440421
    },
    "26": {
        "estimate": 22.59608747081834,
        "std": 6.370937472916222
    },
    "27": {
        "estimate": 23.0237343437033,
        "std": 6.643091698747086
    },
    "28": {
        "estimate": 23.132602240475972,
        "std": 6.739771730453468
    },
    "29": {
        "estimate": 23.68165831448895,
        "std": 6.879262164746616
    },
    "30": {
        "estimate": 24.510807861260062,
        "std": 7.125743665794802
    },
    "31": {
        "estimate": 24.509999444731946,
        "std": 7.115876109624523
    },
    "32": {
        "estimate": 19.200222989229832,
        "std": 6.055163485172513
    }
}