{
    "0": {
        "estimate": NaN,
        "std": NaN
    },
    "1": {
        "estimate": 22.0726020605946,
        "std": 7.696764271815309
    },
    "2": {
        "estimate": 24.545363157305385,
        "std": 8.407445535435878
    },
    "3": {
        "estimate": 26.72915430843672,
        "std": 9.034493542117842
    },
    "4": {
        "estimate": 23.152717344145636,
        "std": 7.890530634064473
    },
    "5": {
        "estimate": 28.43241953246073,
        "std": 9.88505611840367
    },
    "6": {
        "estimate": 29.304917064060785,
        "std": 10.576785399630786
    },
    "7": {
        "estimate": 30.186602145901205,
        "std": 10.831196842416892
    },
    "8": {
        "estimate": 29.715191686697548,
        "std": 10.17335229677095
    },
    "9": {
        "estimate": 30.467969904628326,
        "std": 10.265668050595758
    },
    "10": {
        "estimate": 26.84348720795085,
        "std": 8.846290310148506
    },
    "11": {
        "estimate": 26.493524846150425,
        "std": 8.517796104589488
    },
    "12": {
        "estimate": 25.198921972976848,
        "std": 8.259685390517637
    },
    "13": {
        "estimate": 23.6447378330869,
        "std": 7.670154314121766
    },
    "14": {
        "estimate": 23.83000654306672,
        "std": 7.772924874878201
    },
    "15": {
        "estimate": 24.12176567273683,
        "std": 7.8261829876104185
    },
    "16": {
        "estimate": 24.028683844223547,
        "std": 7.953785491590625
    },
    "17": {
        "estimate": 23.784115476895483,
        "std": 7.836220302742229
    },
    "18": {
        "estimate": 23.51237367125517,
        "std": 7.576594048092299
    },
    "19": {
        "estimate": 23.06032604955901,
        "std": 7.708681484331517
    },
    "20": {
        "estimate": 23.01481740294309,
        "std": 7.629507539361598
    },
    "21": {
        "estimate": 22.97146858575053,
        "std": 7.633665375104156
    },
    "22": {
        "estimate": 23.43104690073116,
        "std": 7.7672027318354395
    },
    "23": {
        "estimate": 23.633275678875147,
        "std": 7.969514544473488
    },
    "24": {
        "estimate": 23.744188195576896,
        "std": 7.948465276692095
    },
    "25": {
        "estimate": 24.541157013810412,
        "std": 8.442230767344125
    },
    "26": {
        "estimate": 25.087703977493323,
        "std": 8.676208811292655
    },
    "27": {
        "estimate": 25.527807080873533,
        "std": 8.810096792190233
    },
    "28": {
        "estimate": 25.740902340564265,
        "std": 9.003350601904208
    },
    "29": {
        "estimate": 26.281046018268228,
        "std": 8.956840457441075
    },
    "30": {
        "estimate": 27.183537945432974,
        "std": 9.278725432776735
    },
    "31": {
        "estimate": 27.135568517352386,
        "std": 9.341330782371728
    },
    "32": {
        "estimate": 21.399760140375648,
        "std": 7.717005085537423
    }
}