{
    "0": NaN,
    "1": 22.834897994995117,
    "2": 27.777318954467773,
    "3": 28.527530670166016,
    "4": 25.176849365234375,
    "5": 30.476951599121094,
    "6": 28.656633377075195,
    "7": 30.333391189575195,
    "8": 30.950077056884766,
    "9": 32.10212326049805,
    "10": 27.457002639770508,
    "11": 27.341028213500977,
    "12": 27.291614532470703,
    "13": 26.683307647705078,
    "14": 26.375377655029297,
    "15": 26.343442916870117,
    "16": 25.637243270874023,
    "17": 25.391498565673828,
    "18": 25.56346321105957,
    "19": 25.072046279907227,
    "20": 25.108617782592773,
    "21": 25.321914672851562,
    "22": 26.107725143432617,
    "23": 26.72972297668457,
    "24": 26.889820098876953,
    "25": 27.90172004699707,
    "26": 28.32569122314453,
    "27": 29.190034866333008,
    "28": 29.35421371459961,
    "29": 30.12159538269043,
    "30": 31.16326904296875,
    "31": 30.876689910888672,
    "32": 25.284278869628906
}