{
    "0": {
        "estimate": Infinity,
        "std": NaN
    },
    "1": {
        "estimate": 17.479440766578733,
        "std": 6.161879238349609
    },
    "2": {
        "estimate": 17.676004191888257,
        "std": 5.385434614134147
    },
    "3": {
        "estimate": 18.757588574507093,
        "std": 6.120952582078565
    },
    "4": {
        "estimate": 18.40676952087274,
        "std": 7.11220020275178
    },
    "5": {
        "estimate": 19.39763649637401,
        "std": 7.253147722106544
    },
    "6": {
        "estimate": 19.441043860385648,
        "std": 7.102636280215308
    },
    "7": {
        "estimate": 19.308385952390886,
        "std": 6.754636777165634
    },
    "8": {
        "estimate": 19.491033520795295,
        "std": 6.491605424887182
    },
    "9": {
        "estimate": 20.21298789245723,
        "std": 6.337813031586179
    },
    "10": {
        "estimate": 20.46612022374616,
        "std": 6.254041462375001
    },
    "11": {
        "estimate": 20.231690685867296,
        "std": 6.1132956232118
    },
    "12": {
        "estimate": 20.322972559277748,
        "std": 6.1120381572161095
    },
    "13": {
        "estimate": 19.783931202003966,
        "std": 5.86739549134943
    },
    "14": {
        "estimate": 19.2799539675395,
        "std": 5.648423654615335
    },
    "15": {
        "estimate": 19.180501702598793,
        "std": 5.810336653398017
    },
    "16": {
        "estimate": 18.776862133190136,
        "std": 5.604223137857865
    },
    "17": {
        "estimate": 18.068186159376,
        "std": 5.26254179028896
    },
    "18": {
        "estimate": 17.721974080851304,
        "std": 5.3092259473672705
    },
    "19": {
        "estimate": 18.009466438234146,
        "std": 5.5750442536519795
    },
    "20": {
        "estimate": 17.738452971883948,
        "std": 5.499986214158727
    },
    "21": {
        "estimate": 17.7357301533586,
        "std": 5.497140068924534
    },
    "22": {
        "estimate": 17.839323696094382,
        "std": 5.611267941067556
    },
    "23": {
        "estimate": 17.961115987918266,
        "std": 5.638138783277765
    },
    "24": {
        "estimate": 17.897389459398905,
        "std": 5.591152294292871
    },
    "25": {
        "estimate": 18.412105829582956,
        "std": 5.836196948953846
    },
    "26": {
        "estimate": 18.905824345899134,
        "std": 6.034403052996057
    },
    "27": {
        "estimate": 19.141832876827657,
        "std": 6.24143704464693
    },
    "28": {
        "estimate": 19.425112782149203,
        "std": 6.407099020259483
    },
    "29": {
        "estimate": 20.61077476588976,
        "std": 6.990874861096315
    },
    "30": {
        "estimate": 21.713262301662024,
        "std": 7.488826934399016
    },
    "31": {
        "estimate": 22.42988287447628,
        "std": 8.039738612087259
    },
    "32": {
        "estimate": 22.536162219295303,
        "std": 8.291876630749702
    }
}