{
    "0": NaN,
    "1": 11.602770805358887,
    "2": 14.866783142089844,
    "3": 15.700210571289062,
    "4": 15.858865737915039,
    "5": 17.057104110717773,
    "6": 16.685386657714844,
    "7": 16.776464462280273,
    "8": 17.162097930908203,
    "9": 18.003793716430664,
    "10": 18.773284912109375,
    "11": 19.091510772705078,
    "12": 19.729032516479492,
    "13": 20.00252342224121,
    "14": 20.067365646362305,
    "15": 20.638404846191406,
    "16": 20.487316131591797,
    "17": 20.317941665649414,
    "18": 20.166393280029297,
    "19": 19.684585571289062,
    "20": 19.430818557739258,
    "21": 19.172395706176758,
    "22": 19.04177474975586,
    "23": 18.98006248474121,
    "24": 19.020998001098633,
    "25": 19.22864532470703,
    "26": 19.425634384155273,
    "27": 19.205244064331055,
    "28": 18.7420597076416,
    "29": 18.15358543395996,
    "30": 18.524938583374023,
    "31": 18.170263290405273,
    "32": 15.665018081665039
}