{
    "0": {
        "estimate": NaN,
        "std": NaN
    },
    "1": {
        "estimate": 13.259242849289969,
        "std": 3.3366251576482675
    },
    "2": {
        "estimate": 12.898709311603898,
        "std": 3.430355514346328
    },
    "3": {
        "estimate": 15.290915822983681,
        "std": 3.9483535485998735
    },
    "4": {
        "estimate": 16.45758552373742,
        "std": 4.279982016289263
    },
    "5": {
        "estimate": 16.507355639272337,
        "std": 4.578564131660064
    },
    "6": {
        "estimate": 17.501860532490962,
        "std": 5.463972629215282
    },
    "7": {
        "estimate": 17.56076705093183,
        "std": 5.434817936060105
    },
    "8": {
        "estimate": 17.586353579285102,
        "std": 5.065662750109046
    },
    "9": {
        "estimate": 17.628165845714253,
        "std": 5.1149757630260915
    },
    "10": {
        "estimate": 17.7345119735498,
        "std": 5.028037697558007
    },
    "11": {
        "estimate": 17.874802561145483,
        "std": 5.0279668950429075
    },
    "12": {
        "estimate": 17.738559538482914,
        "std": 4.902507952204221
    },
    "13": {
        "estimate": 17.832356737294276,
        "std": 4.964562609661361
    },
    "14": {
        "estimate": 17.716829044142727,
        "std": 4.947956541324989
    },
    "15": {
        "estimate": 17.932048780623102,
        "std": 5.048023146242258
    },
    "16": {
        "estimate": 17.583262962330114,
        "std": 4.860792422020608
    },
    "17": {
        "estimate": 17.142735400675242,
        "std": 4.647086521888955
    },
    "18": {
        "estimate": 16.510274932642726,
        "std": 4.437015300065074
    },
    "19": {
        "estimate": 16.055243111981028,
        "std": 4.263803878371384
    },
    "20": {
        "estimate": 16.01601649481292,
        "std": 4.2601620325654075
    },
    "21": {
        "estimate": 15.773056460475674,
        "std": 4.217830134752993
    },
    "22": {
        "estimate": 15.833896479108141,
        "std": 4.248801419749852
    },
    "23": {
        "estimate": 15.596757766926766,
        "std": 4.15646296913206
    },
    "24": {
        "estimate": 15.79395040426089,
        "std": 4.218706683745133
    },
    "25": {
        "estimate": 15.836788951519848,
        "std": 4.375049097183866
    },
    "26": {
        "estimate": 16.329470977581792,
        "std": 4.4826775652482995
    },
    "27": {
        "estimate": 16.666250072452794,
        "std": 4.6003711446543365
    },
    "28": {
        "estimate": 16.74205741933782,
        "std": 4.612597608837055
    },
    "29": {
        "estimate": 17.056719394977645,
        "std": 4.716881016851836
    },
    "30": {
        "estimate": 16.99851570254797,
        "std": 4.696599683087662
    },
    "31": {
        "estimate": 17.068511068381106,
        "std": 4.7026243046379745
    },
    "32": {
        "estimate": 17.205327618733218,
        "std": 4.722209624409987
    },
    "33": {
        "estimate": 17.536014718259352,
        "std": 4.863151774512876
    },
    "34": {
        "estimate": 17.64771900503937,
        "std": 4.9044636610700305
    },
    "35": {
        "estimate": 18.202348499725982,
        "std": 5.066867515309632
    },
    "36": {
        "estimate": 18.424834155240713,
        "std": 5.126576205490165
    },
    "37": {
        "estimate": 18.503270513092748,
        "std": 5.054926370077629
    },
    "38": {
        "estimate": 19.501998044592007,
        "std": 5.40347137049153
    },
    "39": {
        "estimate": 20.16532975155035,
        "std": 5.719998840962695
    },
    "40": {
        "estimate": 19.81634663446612,
        "std": 5.566512431726451
    }
}