{
    "0": {
        "estimate": NaN,
        "std": NaN
    },
    "1": {
        "estimate": 13.960267383343997,
        "std": 3.7271785520866074
    },
    "2": {
        "estimate": 13.567212513840559,
        "std": 3.7446330638317575
    },
    "3": {
        "estimate": 15.850122797784165,
        "std": 4.299179223055353
    },
    "4": {
        "estimate": 16.99740028727912,
        "std": 4.696983805012047
    },
    "5": {
        "estimate": 17.068268418522603,
        "std": 5.013301869214635
    },
    "6": {
        "estimate": 18.032976863407008,
        "std": 5.9405852590484765
    },
    "7": {
        "estimate": 18.160452991265757,
        "std": 5.893054871926226
    },
    "8": {
        "estimate": 18.158396157064725,
        "std": 5.495966385272444
    },
    "9": {
        "estimate": 18.23375652916053,
        "std": 5.511817382651226
    },
    "10": {
        "estimate": 18.301883612336265,
        "std": 5.387816511680604
    },
    "11": {
        "estimate": 18.423537709710295,
        "std": 5.370330265387424
    },
    "12": {
        "estimate": 18.34599394175333,
        "std": 5.282029857838919
    },
    "13": {
        "estimate": 18.388078770642082,
        "std": 5.3043289861571985
    },
    "14": {
        "estimate": 18.333473269255947,
        "std": 5.26151473624283
    },
    "15": {
        "estimate": 18.569093162695737,
        "std": 5.362710230084611
    },
    "16": {
        "estimate": 18.21501075452049,
        "std": 5.162071237500603
    },
    "17": {
        "estimate": 17.76168238618665,
        "std": 4.902518441054082
    },
    "18": {
        "estimate": 17.178877674335737,
        "std": 4.724070171765704
    },
    "19": {
        "estimate": 16.715181821053015,
        "std": 4.539317340286446
    },
    "20": {
        "estimate": 16.628711230121876,
        "std": 4.527560980156991
    },
    "21": {
        "estimate": 16.408968509259104,
        "std": 4.4938731020716105
    },
    "22": {
        "estimate": 16.504008216602823,
        "std": 4.547675209683237
    },
    "23": {
        "estimate": 16.248741965178233,
        "std": 4.468816972229147
    },
    "24": {
        "estimate": 16.46607587401476,
        "std": 4.558159568867091
    },
    "25": {
        "estimate": 16.467628458850108,
        "std": 4.695238905467595
    },
    "26": {
        "estimate": 17.00682987135766,
        "std": 4.821313070486085
    },
    "27": {
        "estimate": 17.358979611464875,
        "std": 4.940232853733512
    },
    "28": {
        "estimate": 17.434137394722836,
        "std": 4.9427781395423525
    },
    "29": {
        "estimate": 17.767916605023494,
        "std": 5.047361523956748
    },
    "30": {
        "estimate": 17.734771841598626,
        "std": 5.049282861003156
    },
    "31": {
        "estimate": 17.822794673263065,
        "std": 5.0624469717450316
    },
    "32": {
        "estimate": 17.97084982396534,
        "std": 5.110518966727927
    },
    "33": {
        "estimate": 18.334666398296573,
        "std": 5.28781564496019
    },
    "34": {
        "estimate": 18.446945917364584,
        "std": 5.315929344269688
    },
    "35": {
        "estimate": 19.01434379074499,
        "std": 5.534477137371638
    },
    "36": {
        "estimate": 19.252877978713617,
        "std": 5.584411784480967
    },
    "37": {
        "estimate": 19.349288069578638,
        "std": 5.5331475239554795
    },
    "38": {
        "estimate": 20.349308922093705,
        "std": 5.907560658768347
    },
    "39": {
        "estimate": 20.98162257569223,
        "std": 6.243791319865384
    },
    "40": {
        "estimate": 20.651445563856786,
        "std": 6.120313739234466
    }
}