{
    "0": {
        "estimate": NaN,
        "std": NaN
    },
    "1": {
        "estimate": 16.66856804483772,
        "std": 5.433497370576918
    },
    "2": {
        "estimate": 16.15488625199007,
        "std": 5.594202693537752
    },
    "3": {
        "estimate": 17.951983549407572,
        "std": 6.349895763957317
    },
    "4": {
        "estimate": 18.94394138382459,
        "std": 7.16370910942527
    },
    "5": {
        "estimate": 19.205494535952074,
        "std": 7.320905245198244
    },
    "6": {
        "estimate": 20.244932953181095,
        "std": 8.403555552465008
    },
    "7": {
        "estimate": 20.63442352044433,
        "std": 8.089750633100016
    },
    "8": {
        "estimate": 20.623700377287292,
        "std": 7.699331768741995
    },
    "9": {
        "estimate": 20.564466481848086,
        "std": 7.692930282927432
    },
    "10": {
        "estimate": 20.61191185634939,
        "std": 7.544690314149859
    },
    "11": {
        "estimate": 20.720845846881218,
        "std": 7.515928373272925
    },
    "12": {
        "estimate": 20.637580734215028,
        "std": 7.436122417550208
    },
    "13": {
        "estimate": 20.715588814469267,
        "std": 7.349784357969515
    },
    "14": {
        "estimate": 20.62123385141861,
        "std": 7.207433864094511
    },
    "15": {
        "estimate": 20.89488787714454,
        "std": 7.273650304500845
    },
    "16": {
        "estimate": 20.604265242506365,
        "std": 7.004090618944489
    },
    "17": {
        "estimate": 20.276450250208946,
        "std": 6.743762082533956
    },
    "18": {
        "estimate": 19.7191654182387,
        "std": 6.508610861059911
    },
    "19": {
        "estimate": 19.306807049259696,
        "std": 6.336801939103978
    },
    "20": {
        "estimate": 19.238978551128923,
        "std": 6.310139644837259
    },
    "21": {
        "estimate": 19.07677976747535,
        "std": 6.338244143157537
    },
    "22": {
        "estimate": 19.207754223185802,
        "std": 6.444530934797989
    },
    "23": {
        "estimate": 18.916305143634258,
        "std": 6.286818114971082
    },
    "24": {
        "estimate": 19.19718392571414,
        "std": 6.4042317065356205
    },
    "25": {
        "estimate": 19.123578633029574,
        "std": 6.6440188327554965
    },
    "26": {
        "estimate": 19.76402407509104,
        "std": 6.868137895194919
    },
    "27": {
        "estimate": 20.199906690257002,
        "std": 7.061176821767072
    },
    "28": {
        "estimate": 20.310769117886636,
        "std": 7.161820650409519
    },
    "29": {
        "estimate": 20.778208201118225,
        "std": 7.434547548824002
    },
    "30": {
        "estimate": 20.742822879710875,
        "std": 7.334144348605695
    },
    "31": {
        "estimate": 20.853829262051367,
        "std": 7.427516365588466
    },
    "32": {
        "estimate": 21.024547676407607,
        "std": 7.456026126123734
    },
    "33": {
        "estimate": 21.389736337605935,
        "std": 7.675032301830062
    },
    "34": {
        "estimate": 21.467205556523428,
        "std": 7.61915861860314
    },
    "35": {
        "estimate": 22.068427251754592,
        "std": 7.9325013355925575
    },
    "36": {
        "estimate": 22.418584781411482,
        "std": 8.018074872788826
    },
    "37": {
        "estimate": 22.581843426872954,
        "std": 8.038488194736138
    },
    "38": {
        "estimate": 23.428764069832443,
        "std": 8.703984758931266
    },
    "39": {
        "estimate": 23.965899143891512,
        "std": 9.104888036101267
    },
    "40": {
        "estimate": 23.79470123991427,
        "std": 8.74537448465113
    }
}