{
    "0": {
        "estimate": NaN,
        "std": NaN
    },
    "1": {
        "estimate": 18.091374897978316,
        "std": 7.179085928677734
    },
    "2": {
        "estimate": 17.50752057085873,
        "std": 7.222606714652321
    },
    "3": {
        "estimate": 19.025506346103693,
        "std": 7.901238207369509
    },
    "4": {
        "estimate": 19.992478150901228,
        "std": 8.81739888109234
    },
    "5": {
        "estimate": 20.550558480377568,
        "std": 9.34032216402607
    },
    "6": {
        "estimate": 21.573710459594704,
        "std": 10.198303027278945
    },
    "7": {
        "estimate": 22.10093776796596,
        "std": 10.199890048764658
    },
    "8": {
        "estimate": 22.027007392758108,
        "std": 9.497568458129573
    },
    "9": {
        "estimate": 21.980732610527856,
        "std": 9.669024234487296
    },
    "10": {
        "estimate": 21.95377047036285,
        "std": 9.299077863636791
    },
    "11": {
        "estimate": 22.071365333250792,
        "std": 9.279425452487558
    },
    "12": {
        "estimate": 21.93123048427412,
        "std": 9.221589690238597
    },
    "13": {
        "estimate": 21.92566623172978,
        "std": 9.02978965516265
    },
    "14": {
        "estimate": 21.85461407081631,
        "std": 8.858402374566214
    },
    "15": {
        "estimate": 22.20120983901385,
        "std": 9.074068367244262
    },
    "16": {
        "estimate": 21.958524107791426,
        "std": 8.660247912403912
    },
    "17": {
        "estimate": 21.667433457138266,
        "std": 8.541187013575323
    },
    "18": {
        "estimate": 21.22919107464099,
        "std": 8.29440041329748
    },
    "19": {
        "estimate": 20.816540477523674,
        "std": 8.092428016280653
    },
    "20": {
        "estimate": 20.7515297947459,
        "std": 8.119089920258778
    },
    "21": {
        "estimate": 20.520656883809345,
        "std": 7.961374514067501
    },
    "22": {
        "estimate": 20.65696273181386,
        "std": 8.10869619105589
    },
    "23": {
        "estimate": 20.37826225966032,
        "std": 8.029287354016919
    },
    "24": {
        "estimate": 20.668212640636256,
        "std": 8.038935705260277
    },
    "25": {
        "estimate": 20.676315535784546,
        "std": 8.332146977926703
    },
    "26": {
        "estimate": 21.376406379559423,
        "std": 8.603033866673389
    },
    "27": {
        "estimate": 21.929848591294885,
        "std": 9.012466774667155
    },
    "28": {
        "estimate": 21.997355004714933,
        "std": 8.997576990469137
    },
    "29": {
        "estimate": 22.410311834570717,
        "std": 9.244280300410692
    },
    "30": {
        "estimate": 22.365122839746384,
        "std": 9.23380085158597
    },
    "31": {
        "estimate": 22.54553329517134,
        "std": 9.404834942580846
    },
    "32": {
        "estimate": 22.763966641828247,
        "std": 9.45634050919788
    },
    "33": {
        "estimate": 23.144526219398138,
        "std": 9.611477926535462
    },
    "34": {
        "estimate": 23.27681465348058,
        "std": 9.729823681961625
    },
    "35": {
        "estimate": 24.020531903837405,
        "std": 10.175962698871933
    },
    "36": {
        "estimate": 24.25595889640917,
        "std": 10.209294747154408
    },
    "37": {
        "estimate": 24.383968121426737,
        "std": 10.167809018354792
    },
    "38": {
        "estimate": 25.07311621136918,
        "std": 10.864566056544188
    },
    "39": {
        "estimate": 25.68457174641359,
        "std": 11.413019286021544
    },
    "40": {
        "estimate": 25.411461223234806,
        "std": 11.067651083814932
    }
}