{
    "0": {
        "estimate": NaN,
        "std": NaN
    },
    "1": {
        "estimate": 17.457076371830098,
        "std": 5.670545851267634
    },
    "2": {
        "estimate": 17.96683664526845,
        "std": 6.041590262958118
    },
    "3": {
        "estimate": 19.180889578527182,
        "std": 6.822224906964718
    },
    "4": {
        "estimate": 21.510787898672373,
        "std": 8.507165847752171
    },
    "5": {
        "estimate": 20.09426544087315,
        "std": 8.38812113141603
    },
    "6": {
        "estimate": 20.505973064027984,
        "std": 8.859105581388013
    },
    "7": {
        "estimate": 20.40380445547367,
        "std": 9.147018588191203
    },
    "8": {
        "estimate": 19.642933347703966,
        "std": 8.781247174333789
    },
    "9": {
        "estimate": 20.27227413065726,
        "std": 9.047325772398601
    },
    "10": {
        "estimate": 21.118107275566707,
        "std": 9.424041277514592
    },
    "11": {
        "estimate": 21.989078929731278,
        "std": 9.409891061746146
    },
    "12": {
        "estimate": 22.655015465587674,
        "std": 9.679545933314607
    },
    "13": {
        "estimate": 23.52037903631648,
        "std": 9.799897534168585
    },
    "14": {
        "estimate": 24.024448297093983,
        "std": 9.669060250030203
    },
    "15": {
        "estimate": 23.950009536667356,
        "std": 9.311562431183047
    },
    "16": {
        "estimate": 23.620768781242067,
        "std": 8.904368802232137
    },
    "17": {
        "estimate": 22.767205831717128,
        "std": 8.83253945926537
    },
    "18": {
        "estimate": 21.114534807439203,
        "std": 8.305279571773873
    },
    "19": {
        "estimate": 20.065452502023742,
        "std": 7.736802337456254
    },
    "20": {
        "estimate": 19.227177286730292,
        "std": 7.477420626695469
    },
    "21": {
        "estimate": 18.7901561850612,
        "std": 7.438473147636991
    },
    "22": {
        "estimate": 18.313634880049594,
        "std": 7.32256547529084
    },
    "23": {
        "estimate": 17.62146476836952,
        "std": 7.149600778689992
    },
    "24": {
        "estimate": 17.40414113995354,
        "std": 7.085107729579511
    },
    "25": {
        "estimate": 17.249231366680267,
        "std": 7.050267463945463
    },
    "26": {
        "estimate": 17.295476718627935,
        "std": 7.183490403640615
    },
    "27": {
        "estimate": 17.18224674419754,
        "std": 7.266972333756697
    },
    "28": {
        "estimate": 17.178410922788046,
        "std": 7.262247716101185
    },
    "29": {
        "estimate": 17.26117765236625,
        "std": 7.278307130866831
    },
    "30": {
        "estimate": 17.25769049994393,
        "std": 7.296974846889064
    },
    "31": {
        "estimate": 17.291956514227927,
        "std": 7.318068669272593
    },
    "32": {
        "estimate": 17.33455100640897,
        "std": 7.422992703107739
    },
    "33": {
        "estimate": 17.490155550142568,
        "std": 7.645191373187619
    },
    "34": {
        "estimate": 17.633038286893182,
        "std": 7.700907117904079
    },
    "35": {
        "estimate": 17.881602209140045,
        "std": 7.873517010494371
    },
    "36": {
        "estimate": 18.035745011894488,
        "std": 7.94746188860245
    },
    "37": {
        "estimate": 18.04899507020722,
        "std": 8.07660127335462
    },
    "38": {
        "estimate": 18.24949873538635,
        "std": 8.084886380263159
    },
    "39": {
        "estimate": 18.052409679071932,
        "std": 8.031356461494484
    },
    "40": {
        "estimate": 16.890697842081014,
        "std": 7.46410724411655
    }
}