{
    "0": {
        "estimate": NaN,
        "std": NaN
    },
    "1": {
        "estimate": 14.830020319661003,
        "std": 2.8009703530217003
    },
    "2": {
        "estimate": 13.763974815300978,
        "std": 2.8520981179412987
    },
    "3": {
        "estimate": 14.093703501967184,
        "std": 3.056483706416892
    },
    "4": {
        "estimate": 18.108254122368184,
        "std": 3.700179983655823
    },
    "5": {
        "estimate": 17.979056641381316,
        "std": 3.738895368363055
    },
    "6": {
        "estimate": 20.9674833930108,
        "std": 4.236281698395632
    },
    "7": {
        "estimate": 23.2521396096022,
        "std": 4.506300358413516
    },
    "8": {
        "estimate": 24.898757042691653,
        "std": 4.711424827669627
    },
    "9": {
        "estimate": 25.88681956487769,
        "std": 4.716909352824772
    },
    "10": {
        "estimate": 25.890093589960916,
        "std": 5.298972246381413
    },
    "11": {
        "estimate": 26.249554443610997,
        "std": 5.451067498798715
    },
    "12": {
        "estimate": 26.479095386744017,
        "std": 5.65060833342552
    },
    "13": {
        "estimate": 27.710918690563535,
        "std": 6.018034147393651
    },
    "14": {
        "estimate": 29.148106790599645,
        "std": 6.698758476185305
    },
    "15": {
        "estimate": 29.478769825936713,
        "std": 6.821691238299072
    },
    "16": {
        "estimate": 29.681717788779626,
        "std": 6.764904959091425
    },
    "17": {
        "estimate": 27.966283975623547,
        "std": 6.350489340574612
    },
    "18": {
        "estimate": 27.39567021487156,
        "std": 6.304152992783704
    },
    "19": {
        "estimate": 27.554754198725526,
        "std": 6.447324493458595
    },
    "20": {
        "estimate": 27.18313714886168,
        "std": 6.442588820978105
    },
    "21": {
        "estimate": 26.31998453870489,
        "std": 6.249504622172546
    },
    "22": {
        "estimate": 26.267193151913986,
        "std": 6.119913072090852
    },
    "23": {
        "estimate": 25.783274340437917,
        "std": 5.978674607788325
    },
    "24": {
        "estimate": 25.219226585408304,
        "std": 5.847024170809169
    },
    "25": {
        "estimate": 25.049789604217835,
        "std": 5.77221842313058
    },
    "26": {
        "estimate": 24.845998605866036,
        "std": 5.719691116054243
    },
    "27": {
        "estimate": 24.50851917200119,
        "std": 5.705415198364938
    },
    "28": {
        "estimate": 24.365876863524846,
        "std": 5.673715725139365
    },
    "29": {
        "estimate": 24.388966661549247,
        "std": 5.688123761444392
    },
    "30": {
        "estimate": 24.079138867320715,
        "std": 5.633156998802397
    },
    "31": {
        "estimate": 23.905579967727455,
        "std": 5.585048735646616
    },
    "32": {
        "estimate": 23.642062059780542,
        "std": 5.523964341450097
    },
    "33": {
        "estimate": 23.57985357509795,
        "std": 5.532538413779869
    },
    "34": {
        "estimate": 23.54166417733223,
        "std": 5.524785882944709
    },
    "35": {
        "estimate": 23.505104454574738,
        "std": 5.552841675821017
    },
    "36": {
        "estimate": 23.59331400120578,
        "std": 5.571357001701726
    },
    "37": {
        "estimate": 23.6427391395115,
        "std": 5.601313353841076
    },
    "38": {
        "estimate": 23.724611604785583,
        "std": 5.692485615200173
    },
    "39": {
        "estimate": 24.5687480683022,
        "std": 5.797565787230708
    },
    "40": {
        "estimate": 24.68959341952845,
        "std": 5.717820055544764
    }
}