{
    "0": {
        "estimate": NaN,
        "std": NaN
    },
    "1": {
        "estimate": 16.11820619151682,
        "std": 3.246345174580696
    },
    "2": {
        "estimate": 14.852765147118468,
        "std": 3.288132849580594
    },
    "3": {
        "estimate": 15.259135677233385,
        "std": 3.5128352487906462
    },
    "4": {
        "estimate": 19.40318135283069,
        "std": 4.157756763827892
    },
    "5": {
        "estimate": 19.259453186456476,
        "std": 4.301086827796989
    },
    "6": {
        "estimate": 22.391180273837566,
        "std": 4.842808876152505
    },
    "7": {
        "estimate": 24.778862264857757,
        "std": 5.176055547734091
    },
    "8": {
        "estimate": 26.48030666170277,
        "std": 5.460537799129604
    },
    "9": {
        "estimate": 27.424289948697563,
        "std": 5.463896253365589
    },
    "10": {
        "estimate": 27.457805090691604,
        "std": 6.029059828090301
    },
    "11": {
        "estimate": 27.849694663862792,
        "std": 6.154921870922628
    },
    "12": {
        "estimate": 28.055913303659892,
        "std": 6.319100421113104
    },
    "13": {
        "estimate": 29.285758351047605,
        "std": 6.707198464569035
    },
    "14": {
        "estimate": 30.713805571521206,
        "std": 7.277300778070167
    },
    "15": {
        "estimate": 31.163080584793747,
        "std": 7.444139998083391
    },
    "16": {
        "estimate": 31.40570226169778,
        "std": 7.440816385219485
    },
    "17": {
        "estimate": 29.589119423362973,
        "std": 7.095836852349701
    },
    "18": {
        "estimate": 29.013049353583153,
        "std": 6.962690650009834
    },
    "19": {
        "estimate": 29.213123941864872,
        "std": 7.1967326833346466
    },
    "20": {
        "estimate": 28.799885938190297,
        "std": 7.1709649575902645
    },
    "21": {
        "estimate": 27.881766792322264,
        "std": 6.9155698945968656
    },
    "22": {
        "estimate": 27.95961312802073,
        "std": 6.800454825237243
    },
    "23": {
        "estimate": 27.404463374906143,
        "std": 6.643749492315008
    },
    "24": {
        "estimate": 26.812372854624986,
        "std": 6.530588077318252
    },
    "25": {
        "estimate": 26.659176766706498,
        "std": 6.4603241006698715
    },
    "26": {
        "estimate": 26.451747062593093,
        "std": 6.360411400647708
    },
    "27": {
        "estimate": 26.07483037078325,
        "std": 6.332979423495213
    },
    "28": {
        "estimate": 25.93205232973857,
        "std": 6.311848615629049
    },
    "29": {
        "estimate": 25.977139449571276,
        "std": 6.306712038048933
    },
    "30": {
        "estimate": 25.678354671865794,
        "std": 6.224931792855476
    },
    "31": {
        "estimate": 25.488423562268515,
        "std": 6.190467621097602
    },
    "32": {
        "estimate": 25.25573070833033,
        "std": 6.151176087272547
    },
    "33": {
        "estimate": 25.220042490462614,
        "std": 6.183678462265901
    },
    "34": {
        "estimate": 25.189797256403633,
        "std": 6.184941567145371
    },
    "35": {
        "estimate": 25.135151748115774,
        "std": 6.1802664683154225
    },
    "36": {
        "estimate": 25.25809038200655,
        "std": 6.241742101758825
    },
    "37": {
        "estimate": 25.30716268544775,
        "std": 6.3034205552263565
    },
    "38": {
        "estimate": 25.419780571507125,
        "std": 6.360894688806152
    },
    "39": {
        "estimate": 26.34600077842912,
        "std": 6.525505954466039
    },
    "40": {
        "estimate": 26.496922739144082,
        "std": 6.4340392713044885
    }
}