{
    "0": {
        "estimate": NaN,
        "std": NaN
    },
    "1": {
        "estimate": 20.281320755865867,
        "std": 6.120054973954284
    },
    "2": {
        "estimate": 18.84437027462382,
        "std": 6.002881928026546
    },
    "3": {
        "estimate": 19.289697129889102,
        "std": 6.542224955041435
    },
    "4": {
        "estimate": 23.51378576130107,
        "std": 7.4602885818174
    },
    "5": {
        "estimate": 23.69977306739947,
        "std": 7.813762977053136
    },
    "6": {
        "estimate": 27.130808895538426,
        "std": 8.83979361129235
    },
    "7": {
        "estimate": 29.74454010374616,
        "std": 9.547176200636946
    },
    "8": {
        "estimate": 31.644828462952457,
        "std": 10.21865334620712
    },
    "9": {
        "estimate": 32.88671326340046,
        "std": 10.386089561015512
    },
    "10": {
        "estimate": 32.831961392702524,
        "std": 10.313571853159242
    },
    "11": {
        "estimate": 33.392298607444005,
        "std": 10.773287990371676
    },
    "12": {
        "estimate": 33.61096143109752,
        "std": 10.855832650141599
    },
    "13": {
        "estimate": 34.85061077259868,
        "std": 11.283781000408524
    },
    "14": {
        "estimate": 36.353186247371845,
        "std": 11.865581893227578
    },
    "15": {
        "estimate": 36.94117614853008,
        "std": 12.341191935206568
    },
    "16": {
        "estimate": 37.20032761205557,
        "std": 12.38972835562063
    },
    "17": {
        "estimate": 35.01576317131682,
        "std": 12.058173810270963
    },
    "18": {
        "estimate": 34.46356908490325,
        "std": 11.749132560005172
    },
    "19": {
        "estimate": 34.5938690198811,
        "std": 12.035078016869491
    },
    "20": {
        "estimate": 33.80486574159516,
        "std": 11.35950098475264
    },
    "21": {
        "estimate": 32.9089760552238,
        "std": 11.379713526397484
    },
    "22": {
        "estimate": 33.30473209290233,
        "std": 11.489384724723104
    },
    "23": {
        "estimate": 32.64637799323739,
        "std": 11.263543775921127
    },
    "24": {
        "estimate": 32.12123753413381,
        "std": 11.12586041936964
    },
    "25": {
        "estimate": 31.924630202750127,
        "std": 11.08122420134544
    },
    "26": {
        "estimate": 31.76267774869753,
        "std": 10.910654120428257
    },
    "27": {
        "estimate": 31.525543759827233,
        "std": 10.892766890480994
    },
    "28": {
        "estimate": 31.414642924524927,
        "std": 10.789757448446332
    },
    "29": {
        "estimate": 31.518276164848825,
        "std": 10.875996003180813
    },
    "30": {
        "estimate": 31.17111714579896,
        "std": 10.734148384588407
    },
    "31": {
        "estimate": 30.98735955164174,
        "std": 10.71253898973685
    },
    "32": {
        "estimate": 30.71199486868726,
        "std": 10.556150728382862
    },
    "33": {
        "estimate": 30.782756688083893,
        "std": 10.747542615679311
    },
    "34": {
        "estimate": 30.800861262594804,
        "std": 10.733270957316964
    },
    "35": {
        "estimate": 30.677481984162668,
        "std": 10.547578219698519
    },
    "36": {
        "estimate": 30.805580561857823,
        "std": 10.541529246412612
    },
    "37": {
        "estimate": 30.93936077867829,
        "std": 10.708135767453625
    },
    "38": {
        "estimate": 30.99370379687192,
        "std": 10.439725985914018
    },
    "39": {
        "estimate": 32.35812027956498,
        "std": 11.152125433333161
    },
    "40": {
        "estimate": 32.49848059595758,
        "std": 11.074342470616292
    }
}