{
    "0": {
        "estimate": NaN,
        "std": NaN
    },
    "1": {
        "estimate": 18.407135326206248,
        "std": 4.431364623234419
    },
    "2": {
        "estimate": 16.928096862595254,
        "std": 4.490819235142281
    },
    "3": {
        "estimate": 17.43882356189961,
        "std": 4.802845891159617
    },
    "4": {
        "estimate": 21.68039422828809,
        "std": 5.608377715122098
    },
    "5": {
        "estimate": 21.59245471136349,
        "std": 5.734096705105428
    },
    "6": {
        "estimate": 24.911955977411463,
        "std": 6.477565269102765
    },
    "7": {
        "estimate": 27.392405363408464,
        "std": 7.084352884273486
    },
    "8": {
        "estimate": 29.225501156821334,
        "std": 7.532899257073584
    },
    "9": {
        "estimate": 30.211172379279823,
        "std": 7.492831939426901
    },
    "10": {
        "estimate": 30.43132918616057,
        "std": 7.984653007674186
    },
    "11": {
        "estimate": 30.760997336282152,
        "std": 7.8976371229066284
    },
    "12": {
        "estimate": 30.95829198016575,
        "std": 8.116062373527583
    },
    "13": {
        "estimate": 32.256254588386874,
        "std": 8.669977748227609
    },
    "14": {
        "estimate": 33.75362815950883,
        "std": 9.295040052616537
    },
    "15": {
        "estimate": 34.16550683443211,
        "std": 9.370722821639221
    },
    "16": {
        "estimate": 34.50411865888647,
        "std": 9.475234084635458
    },
    "17": {
        "estimate": 32.558505740352416,
        "std": 9.410864382345686
    },
    "18": {
        "estimate": 31.951884364237863,
        "std": 8.973845526601835
    },
    "19": {
        "estimate": 32.065113925441814,
        "std": 9.116458800914016
    },
    "20": {
        "estimate": 31.565683687100858,
        "std": 9.033872539672533
    },
    "21": {
        "estimate": 30.63096261922723,
        "std": 8.753472197053014
    },
    "22": {
        "estimate": 30.824877303935796,
        "std": 8.679126034732937
    },
    "23": {
        "estimate": 30.238468530997302,
        "std": 8.61977390673359
    },
    "24": {
        "estimate": 29.64078446770313,
        "std": 8.438174198311138
    },
    "25": {
        "estimate": 29.413489716141974,
        "std": 8.383732626367095
    },
    "26": {
        "estimate": 29.276922388484422,
        "std": 8.276964245578963
    },
    "27": {
        "estimate": 28.928925813004597,
        "std": 8.193120034105625
    },
    "28": {
        "estimate": 28.86787037455982,
        "std": 8.235202946874203
    },
    "29": {
        "estimate": 28.89850569752547,
        "std": 8.17859125750239
    },
    "30": {
        "estimate": 28.574887450132774,
        "std": 8.028903407250446
    },
    "31": {
        "estimate": 28.323018407877232,
        "std": 7.998031809358661
    },
    "32": {
        "estimate": 28.099350957948314,
        "std": 7.964482254548462
    },
    "33": {
        "estimate": 27.995940976555914,
        "std": 7.901358953473209
    },
    "34": {
        "estimate": 28.070104322710215,
        "std": 8.016943574079857
    },
    "35": {
        "estimate": 28.017588145470153,
        "std": 7.9918927128275685
    },
    "36": {
        "estimate": 28.154517694319917,
        "std": 8.022426080926605
    },
    "37": {
        "estimate": 28.23893841643961,
        "std": 8.011725340323098
    },
    "38": {
        "estimate": 28.457074421152246,
        "std": 8.131871784521458
    },
    "39": {
        "estimate": 29.495612053665415,
        "std": 8.349698876936062
    },
    "40": {
        "estimate": 29.670815007785666,
        "std": 8.24120491686703
    }
}