{
    "0": {
        "estimate": NaN,
        "std": NaN
    },
    "1": {
        "estimate": 13.92869466320553,
        "std": 2.520134427626059
    },
    "2": {
        "estimate": 12.949692547969608,
        "std": 2.6167371614279435
    },
    "3": {
        "estimate": 13.289431264250004,
        "std": 2.8458286585800385
    },
    "4": {
        "estimate": 17.16283060100166,
        "std": 3.4381478557907816
    },
    "5": {
        "estimate": 17.068342369226556,
        "std": 3.4931481821207444
    },
    "6": {
        "estimate": 19.96846743668759,
        "std": 3.921954156160609
    },
    "7": {
        "estimate": 22.166939536523227,
        "std": 4.149536736980018
    },
    "8": {
        "estimate": 23.803806077527387,
        "std": 4.34192993799826
    },
    "9": {
        "estimate": 24.770928955781308,
        "std": 4.331961188913467
    },
    "10": {
        "estimate": 24.830248127369916,
        "std": 4.928334007239067
    },
    "11": {
        "estimate": 25.13587170762328,
        "std": 5.061133366497248
    },
    "12": {
        "estimate": 25.378394035528927,
        "std": 5.290307878192715
    },
    "13": {
        "estimate": 26.609961319024336,
        "std": 5.632872065339634
    },
    "14": {
        "estimate": 27.987817969808837,
        "std": 6.314856585342321
    },
    "15": {
        "estimate": 28.287361759096722,
        "std": 6.425315739049189
    },
    "16": {
        "estimate": 28.485747555929247,
        "std": 6.334172975638223
    },
    "17": {
        "estimate": 26.82659554673049,
        "std": 5.967596404616612
    },
    "18": {
        "estimate": 26.250083737892925,
        "std": 5.846572103958064
    },
    "19": {
        "estimate": 26.40628671478342,
        "std": 6.037719497911987
    },
    "20": {
        "estimate": 25.98887494421472,
        "std": 6.015576374501753
    },
    "21": {
        "estimate": 25.152271419899773,
        "std": 5.829732517648652
    },
    "22": {
        "estimate": 25.08974751831475,
        "std": 5.745530566728933
    },
    "23": {
        "estimate": 24.661156859565143,
        "std": 5.596898304914269
    },
    "24": {
        "estimate": 24.112589571998488,
        "std": 5.470713588652149
    },
    "25": {
        "estimate": 23.947410888858272,
        "std": 5.404286917156074
    },
    "26": {
        "estimate": 23.73382717991216,
        "std": 5.37059453525599
    },
    "27": {
        "estimate": 23.378905946396372,
        "std": 5.351861573569983
    },
    "28": {
        "estimate": 23.240843012592688,
        "std": 5.3214993573513985
    },
    "29": {
        "estimate": 23.240167970098934,
        "std": 5.316574626040262
    },
    "30": {
        "estimate": 22.96387690463528,
        "std": 5.267192958689131
    },
    "31": {
        "estimate": 22.75643658473941,
        "std": 5.217404778764652
    },
    "32": {
        "estimate": 22.487518448723055,
        "std": 5.146358430348117
    },
    "33": {
        "estimate": 22.437479029043995,
        "std": 5.157040467745354
    },
    "34": {
        "estimate": 22.393965172666267,
        "std": 5.144256652865556
    },
    "35": {
        "estimate": 22.33476951040862,
        "std": 5.170041458174032
    },
    "36": {
        "estimate": 22.399256382319642,
        "std": 5.1635531828459005
    },
    "37": {
        "estimate": 22.45208749206576,
        "std": 5.215976469327815
    },
    "38": {
        "estimate": 22.52000672944052,
        "std": 5.269332469164744
    },
    "39": {
        "estimate": 23.30113748517623,
        "std": 5.358132678090112
    },
    "40": {
        "estimate": 23.433432283394435,
        "std": 5.301690907137965
    }
}