{
    "0": {
        "estimate": NaN,
        "std": NaN
    },
    "1": {
        "estimate": 18.50613235748863,
        "std": 6.2881877055696656
    },
    "2": {
        "estimate": 12.838540872703554,
        "std": 10.442965546809054
    },
    "3": {
        "estimate": 13.225510244153192,
        "std": 12.45278081801059
    },
    "4": {
        "estimate": 12.949148352891445,
        "std": 12.466260337714953
    },
    "5": {
        "estimate": 14.716987354689167,
        "std": 12.309652034253734
    },
    "6": {
        "estimate": 16.688881931655995,
        "std": 13.45759435636764
    },
    "7": {
        "estimate": 18.717492225431894,
        "std": 13.552697356503268
    },
    "8": {
        "estimate": 21.838231387517347,
        "std": 13.994000399403271
    },
    "9": {
        "estimate": 23.299276100095526,
        "std": 13.88693546540442
    },
    "10": {
        "estimate": 26.247834319075725,
        "std": 13.923132687488195
    },
    "11": {
        "estimate": 30.322180423653872,
        "std": 14.075969911016351
    },
    "12": {
        "estimate": 32.84047427973719,
        "std": 13.957919386870206
    },
    "13": {
        "estimate": 34.980638522878216,
        "std": 13.63859553371714
    },
    "14": {
        "estimate": 38.567685371992084,
        "std": 13.901110998592976
    },
    "15": {
        "estimate": 40.09929643266345,
        "std": 14.434770702451358
    },
    "16": {
        "estimate": 40.37031370638387,
        "std": 13.925075251364552
    },
    "17": {
        "estimate": 38.694226162910006,
        "std": 13.352644662302222
    },
    "18": {
        "estimate": 38.45334462850576,
        "std": 13.389991147000236
    },
    "19": {
        "estimate": 38.93712837035028,
        "std": 13.522053720988168
    },
    "20": {
        "estimate": 38.11572367872262,
        "std": 12.998463337058629
    },
    "21": {
        "estimate": 38.261322477599165,
        "std": 13.163135522466394
    },
    "22": {
        "estimate": 37.878551550314555,
        "std": 13.026857051279137
    },
    "23": {
        "estimate": 37.529772399057606,
        "std": 12.872435796038657
    },
    "24": {
        "estimate": 37.41548328532533,
        "std": 12.962411023170427
    },
    "25": {
        "estimate": 37.965242528379854,
        "std": 13.397822681550375
    },
    "26": {
        "estimate": 38.544755829679914,
        "std": 13.575736498239555
    },
    "27": {
        "estimate": 38.78905643683086,
        "std": 13.745648899473446
    },
    "28": {
        "estimate": 38.8836306707382,
        "std": 13.935025494955019
    },
    "29": {
        "estimate": 39.03327911299064,
        "std": 14.20441664133845
    },
    "30": {
        "estimate": 39.213284736398485,
        "std": 14.173728605437082
    },
    "31": {
        "estimate": 39.52035029208804,
        "std": 14.55941490600873
    },
    "32": {
        "estimate": 39.58116198808736,
        "std": 14.54606507898074
    },
    "33": {
        "estimate": 39.87921732769133,
        "std": 14.805264510276468
    },
    "34": {
        "estimate": 40.12646876022935,
        "std": 15.124853352398029
    },
    "35": {
        "estimate": 40.00194748841507,
        "std": 15.421911949168232
    },
    "36": {
        "estimate": 39.92455226920373,
        "std": 15.275309959049308
    },
    "37": {
        "estimate": 40.068311704240394,
        "std": 15.760982316710798
    },
    "38": {
        "estimate": 40.21497634282275,
        "std": 15.305726953934577
    },
    "39": {
        "estimate": 40.54911200156761,
        "std": 15.700567336266447
    },
    "40": {
        "estimate": 39.114194347245395,
        "std": 15.760366563361535
    }
}