{
    "0": {
        "estimate": NaN,
        "std": NaN
    },
    "1": {
        "estimate": 15.734927459281502,
        "std": 3.5277104823384153
    },
    "2": {
        "estimate": 13.381325299209246,
        "std": 6.744288198157574
    },
    "3": {
        "estimate": 13.82973551623376,
        "std": 8.23282456098854
    },
    "4": {
        "estimate": 14.064532877344742,
        "std": 8.377358483836753
    },
    "5": {
        "estimate": 15.98525042348982,
        "std": 8.354858539263823
    },
    "6": {
        "estimate": 18.061929840620053,
        "std": 9.559310604478897
    },
    "7": {
        "estimate": 20.009916279682464,
        "std": 9.890051082081866
    },
    "8": {
        "estimate": 22.44349246457664,
        "std": 9.85674794888999
    },
    "9": {
        "estimate": 23.516459527770515,
        "std": 9.719065593904997
    },
    "10": {
        "estimate": 25.746545345723767,
        "std": 9.45235339186058
    },
    "11": {
        "estimate": 28.60648131592198,
        "std": 9.21914237041941
    },
    "12": {
        "estimate": 30.36561999527287,
        "std": 9.159024101556737
    },
    "13": {
        "estimate": 31.364058191766624,
        "std": 8.41413139428927
    },
    "14": {
        "estimate": 33.68350165785904,
        "std": 8.159724616870887
    },
    "15": {
        "estimate": 34.650904794745216,
        "std": 8.087419054413036
    },
    "16": {
        "estimate": 34.83818503076586,
        "std": 7.847921858589324
    },
    "17": {
        "estimate": 32.995774805770075,
        "std": 7.751706134198299
    },
    "18": {
        "estimate": 32.59402516809249,
        "std": 7.738051296601006
    },
    "19": {
        "estimate": 32.782507490241464,
        "std": 7.917885472049712
    },
    "20": {
        "estimate": 32.1079274198493,
        "std": 7.678172125547827
    },
    "21": {
        "estimate": 32.26278642266032,
        "std": 7.813502981636627
    },
    "22": {
        "estimate": 31.59171613071202,
        "std": 7.814316324868872
    },
    "23": {
        "estimate": 31.46679628236469,
        "std": 7.85308281572124
    },
    "24": {
        "estimate": 31.0711773731113,
        "std": 7.822415695194287
    },
    "25": {
        "estimate": 31.61261197958158,
        "std": 8.034768189354201
    },
    "26": {
        "estimate": 32.29529614093231,
        "std": 8.471519027103504
    },
    "27": {
        "estimate": 32.74926243389789,
        "std": 8.772586245422751
    },
    "28": {
        "estimate": 32.62981281308353,
        "std": 8.935362208515127
    },
    "29": {
        "estimate": 32.82017804150091,
        "std": 9.12566378696465
    },
    "30": {
        "estimate": 32.94803109746759,
        "std": 9.236902924717784
    },
    "31": {
        "estimate": 33.28483395718361,
        "std": 9.415200152415748
    },
    "32": {
        "estimate": 33.42223356453644,
        "std": 9.38025486743706
    },
    "33": {
        "estimate": 33.911474728021545,
        "std": 9.837851613176799
    },
    "34": {
        "estimate": 33.969738744207156,
        "std": 9.817450937064176
    },
    "35": {
        "estimate": 33.79678366204987,
        "std": 10.09694678758731
    },
    "36": {
        "estimate": 33.65452818628943,
        "std": 10.10880451443497
    },
    "37": {
        "estimate": 33.673787462988926,
        "std": 10.35206059024115
    },
    "38": {
        "estimate": 34.0613063761376,
        "std": 10.498927395410945
    },
    "39": {
        "estimate": 34.64419459223051,
        "std": 10.701910707539277
    },
    "40": {
        "estimate": 34.5454497663996,
        "std": 10.403109610980579
    }
}