{
    "0": {
        "estimate": NaN,
        "std": NaN
    },
    "1": {
        "estimate": 14.876958133616322,
        "std": 3.9870169643839954
    },
    "2": {
        "estimate": 14.264316921472119,
        "std": 5.1701032926098485
    },
    "3": {
        "estimate": 14.739669565618845,
        "std": 6.396441858301175
    },
    "4": {
        "estimate": 18.334235379932366,
        "std": 6.603496131877861
    },
    "5": {
        "estimate": 19.200070300189765,
        "std": 8.040261951717772
    },
    "6": {
        "estimate": 18.27612178476493,
        "std": 8.691777700025925
    },
    "7": {
        "estimate": 20.992099506071803,
        "std": 9.185772676872766
    },
    "8": {
        "estimate": 22.422433284712106,
        "std": 9.31217236563349
    },
    "9": {
        "estimate": 24.178715871699872,
        "std": 8.850709608483303
    },
    "10": {
        "estimate": 25.67776539641958,
        "std": 9.208971604534476
    },
    "11": {
        "estimate": 26.08326074652566,
        "std": 8.955674114485404
    },
    "12": {
        "estimate": 26.42979905002826,
        "std": 8.365992494150412
    },
    "13": {
        "estimate": 26.300599135380182,
        "std": 8.115227219992782
    },
    "14": {
        "estimate": 25.927603018894285,
        "std": 8.011029798865628
    },
    "15": {
        "estimate": 26.13942349768038,
        "std": 7.887647692155882
    },
    "16": {
        "estimate": 26.07222655094145,
        "std": 7.788993845398354
    },
    "17": {
        "estimate": 25.870084502554654,
        "std": 7.602996214933232
    },
    "18": {
        "estimate": 25.755684634712246,
        "std": 7.3741046878706635
    },
    "19": {
        "estimate": 25.712367783347126,
        "std": 7.112905638309697
    },
    "20": {
        "estimate": 25.70637018146469,
        "std": 7.020323598677694
    },
    "21": {
        "estimate": 25.833621776855008,
        "std": 7.085972626239252
    },
    "22": {
        "estimate": 26.41154274337946,
        "std": 7.1781416161732965
    },
    "23": {
        "estimate": 26.511807504923617,
        "std": 7.224653077772847
    },
    "24": {
        "estimate": 26.71724329410128,
        "std": 7.213607470868873
    },
    "25": {
        "estimate": 26.752019792528404,
        "std": 7.233275115521205
    },
    "26": {
        "estimate": 26.935454899075157,
        "std": 7.15638797336666
    },
    "27": {
        "estimate": 26.968086489371256,
        "std": 7.123613275371338
    },
    "28": {
        "estimate": 26.881555972713628,
        "std": 6.97089676892249
    },
    "29": {
        "estimate": 27.017336256409333,
        "std": 6.934762297978284
    },
    "30": {
        "estimate": 27.713237289672776,
        "std": 7.046905289687176
    },
    "31": {
        "estimate": 27.944372638021793,
        "std": 7.110729088589123
    },
    "32": {
        "estimate": 27.70320471205389,
        "std": 6.903872357637156
    }
}