{
    "0": {
        "estimate": NaN,
        "std": NaN
    },
    "1": {
        "estimate": 14.272682090112655,
        "std": 3.760798099239342
    },
    "2": {
        "estimate": 14.190354185099602,
        "std": 4.695041344879706
    },
    "3": {
        "estimate": 14.781204565061465,
        "std": 5.887131652137928
    },
    "4": {
        "estimate": 18.190992136610706,
        "std": 6.044886176675721
    },
    "5": {
        "estimate": 19.171936950296903,
        "std": 7.464047531270226
    },
    "6": {
        "estimate": 18.527285430571585,
        "std": 8.247405266847641
    },
    "7": {
        "estimate": 21.162230551038014,
        "std": 8.67795193706648
    },
    "8": {
        "estimate": 22.46007589204745,
        "std": 8.853538247183701
    },
    "9": {
        "estimate": 23.952552347422355,
        "std": 8.429807443500954
    },
    "10": {
        "estimate": 25.359844370246577,
        "std": 8.717422599262367
    },
    "11": {
        "estimate": 25.683422029990833,
        "std": 8.534260437834655
    },
    "12": {
        "estimate": 25.85233694277478,
        "std": 7.887954891836561
    },
    "13": {
        "estimate": 25.675154562113818,
        "std": 7.675674293810515
    },
    "14": {
        "estimate": 25.266416936224473,
        "std": 7.588756428589715
    },
    "15": {
        "estimate": 25.44116051382888,
        "std": 7.479664363451623
    },
    "16": {
        "estimate": 25.33556398905011,
        "std": 7.3402328050716426
    },
    "17": {
        "estimate": 25.140685960926277,
        "std": 7.186820588236243
    },
    "18": {
        "estimate": 24.97268288711376,
        "std": 6.939257309606641
    },
    "19": {
        "estimate": 24.939354438192606,
        "std": 6.633431373310856
    },
    "20": {
        "estimate": 24.92475273737923,
        "std": 6.555302101111767
    },
    "21": {
        "estimate": 25.022126565218706,
        "std": 6.547651328800772
    },
    "22": {
        "estimate": 25.669383810860747,
        "std": 6.673879153949514
    },
    "23": {
        "estimate": 25.776146778212233,
        "std": 6.735334393934544
    },
    "24": {
        "estimate": 26.01239659722397,
        "std": 6.7525646572855775
    },
    "25": {
        "estimate": 25.98932777978319,
        "std": 6.697371668417348
    },
    "26": {
        "estimate": 26.18099632710804,
        "std": 6.664075154189535
    },
    "27": {
        "estimate": 26.18578288561676,
        "std": 6.592136398637008
    },
    "28": {
        "estimate": 26.071732133401813,
        "std": 6.47596734270684
    },
    "29": {
        "estimate": 26.139375245717478,
        "std": 6.369615505400385
    },
    "30": {
        "estimate": 26.843471017672634,
        "std": 6.492454554802751
    },
    "31": {
        "estimate": 27.058338043985074,
        "std": 6.52786103379917
    },
    "32": {
        "estimate": 26.860903564871393,
        "std": 6.438549292927773
    }
}