{
    "0": NaN,
    "1": 16.146507263183594,
    "2": 6.32939338684082,
    "3": 5.058091163635254,
    "4": 7.791586399078369,
    "5": 6.4063825607299805,
    "6": 5.719719409942627,
    "7": 7.530547618865967,
    "8": 8.958077430725098,
    "9": 11.849150657653809,
    "10": 13.790366172790527,
    "11": 15.590957641601562,
    "12": 18.45734214782715,
    "13": 19.512157440185547,
    "14": 20.07380485534668,
    "15": 21.34143829345703,
    "16": 21.15300941467285,
    "17": 21.37173843383789,
    "18": 21.678842544555664,
    "19": 22.365751266479492,
    "20": 22.70699691772461,
    "21": 23.019060134887695,
    "22": 20.742856979370117,
    "23": 21.293088912963867,
    "24": 21.56426239013672,
    "25": 21.864267349243164,
    "26": 22.299535751342773,
    "27": 22.70817756652832,
    "28": 23.319347381591797,
    "29": 23.95076560974121,
    "30": 24.0966796875,
    "31": 24.282114028930664,
    "32": 24.61774444580078
}