{
    "0": {
        "estimate": NaN,
        "std": NaN
    },
    "1": {
        "estimate": 18.05933895381025,
        "std": 8.191006065339263
    },
    "2": {
        "estimate": 23.85736215390787,
        "std": 9.188731437459246
    },
    "3": {
        "estimate": 22.292555480358015,
        "std": 8.36334283801407
    },
    "4": {
        "estimate": 22.625085652738505,
        "std": 8.529671750795995
    },
    "5": {
        "estimate": 24.05689735959797,
        "std": 8.948375869358594
    },
    "6": {
        "estimate": 24.118774231144954,
        "std": 8.796031676876396
    },
    "7": {
        "estimate": 25.19896559076647,
        "std": 9.434504336157374
    },
    "8": {
        "estimate": 26.296494958905807,
        "std": 9.181049819488953
    },
    "9": {
        "estimate": 27.321044788391447,
        "std": 9.299379306137673
    },
    "10": {
        "estimate": 28.288274473878793,
        "std": 9.317933177321816
    },
    "11": {
        "estimate": 28.094533767629507,
        "std": 8.650149847037344
    },
    "12": {
        "estimate": 27.85857477412615,
        "std": 7.983822301200031
    },
    "13": {
        "estimate": 28.601887990526645,
        "std": 8.206239589705952
    },
    "14": {
        "estimate": 25.67588585940802,
        "std": 7.029374814898227
    },
    "15": {
        "estimate": 25.3045983334573,
        "std": 7.044881528336958
    },
    "16": {
        "estimate": 21.651486859786917,
        "std": 6.042811939790512
    },
    "17": {
        "estimate": 20.474506632789197,
        "std": 5.9333426244865075
    },
    "18": {
        "estimate": 19.061047626719343,
        "std": 5.6307394921856435
    },
    "19": {
        "estimate": 18.244718508753607,
        "std": 5.336590301427659
    },
    "20": {
        "estimate": 17.709998040008358,
        "std": 5.247028321558074
    },
    "21": {
        "estimate": 17.324601644766588,
        "std": 5.144052103413886
    },
    "22": {
        "estimate": 16.86390132809813,
        "std": 4.898043449663319
    },
    "23": {
        "estimate": 16.386670699693774,
        "std": 4.700333799396752
    },
    "24": {
        "estimate": 16.111399280239745,
        "std": 4.5550404252439165
    },
    "25": {
        "estimate": 15.96525993382661,
        "std": 4.526083759565858
    },
    "26": {
        "estimate": 16.02713879718475,
        "std": 4.548314002878584
    },
    "27": {
        "estimate": 16.164959013674085,
        "std": 4.62007726983279
    },
    "28": {
        "estimate": 16.12299099299296,
        "std": 4.5655853724437385
    },
    "29": {
        "estimate": 16.296683576153537,
        "std": 4.74874768524254
    },
    "30": {
        "estimate": 16.40421345714708,
        "std": 4.8115552819363465
    },
    "31": {
        "estimate": 17.15345600668253,
        "std": 5.016478731477984
    },
    "32": {
        "estimate": 18.069284685458015,
        "std": 6.073755694626433
    }
}