{
    "0": {
        "estimate": NaN,
        "std": NaN
    },
    "1": {
        "estimate": 20.156661232221012,
        "std": 9.520764381319681
    },
    "2": {
        "estimate": 25.2917825288255,
        "std": 10.456315356523314
    },
    "3": {
        "estimate": 24.453023466593546,
        "std": 9.731892808363972
    },
    "4": {
        "estimate": 24.88030542293624,
        "std": 10.093157113850443
    },
    "5": {
        "estimate": 26.329083074130512,
        "std": 10.531034271913
    },
    "6": {
        "estimate": 26.296584196399607,
        "std": 10.371925186777993
    },
    "7": {
        "estimate": 27.422253614549934,
        "std": 10.866710989458634
    },
    "8": {
        "estimate": 28.56617561786006,
        "std": 10.829896915519251
    },
    "9": {
        "estimate": 29.56826858329845,
        "std": 11.06907176264043
    },
    "10": {
        "estimate": 30.615503314313568,
        "std": 10.990812412266612
    },
    "11": {
        "estimate": 30.328922912093216,
        "std": 10.370188726519142
    },
    "12": {
        "estimate": 29.921397184746237,
        "std": 9.91057267392562
    },
    "13": {
        "estimate": 30.746417543817557,
        "std": 10.077712429326557
    },
    "14": {
        "estimate": 27.592761307719407,
        "std": 8.69902348880259
    },
    "15": {
        "estimate": 27.28088413351506,
        "std": 8.734962787136158
    },
    "16": {
        "estimate": 23.605518342305103,
        "std": 7.422400552240343
    },
    "17": {
        "estimate": 22.34924316615314,
        "std": 7.148915725179583
    },
    "18": {
        "estimate": 20.74932799860205,
        "std": 6.7411352225804055
    },
    "19": {
        "estimate": 19.836179941882644,
        "std": 6.4048032980245875
    },
    "20": {
        "estimate": 19.233463391336294,
        "std": 6.247842154039271
    },
    "21": {
        "estimate": 18.77747510300131,
        "std": 6.129197748796489
    },
    "22": {
        "estimate": 18.259481611665404,
        "std": 5.987021297859754
    },
    "23": {
        "estimate": 17.695901272367493,
        "std": 5.769313360674614
    },
    "24": {
        "estimate": 17.307374236150487,
        "std": 5.637330954721108
    },
    "25": {
        "estimate": 17.107839413696258,
        "std": 5.545227699905267
    },
    "26": {
        "estimate": 17.14118346012087,
        "std": 5.52760447905029
    },
    "27": {
        "estimate": 17.314690742817834,
        "std": 5.62183867736168
    },
    "28": {
        "estimate": 17.312939985599293,
        "std": 5.656927063780642
    },
    "29": {
        "estimate": 17.470908628231783,
        "std": 5.771365071570589
    },
    "30": {
        "estimate": 17.572519805008127,
        "std": 5.825362015146874
    },
    "31": {
        "estimate": 18.43756049741378,
        "std": 6.125455876259208
    },
    "32": {
        "estimate": 19.414010927235573,
        "std": 7.130212382033159
    }
}