{
    "0": NaN,
    "1": 23.290922164916992,
    "2": 21.92229652404785,
    "3": 26.667877197265625,
    "4": 27.691875457763672,
    "5": 28.327463150024414,
    "6": 28.76981544494629,
    "7": 29.872495651245117,
    "8": 31.088092803955078,
    "9": 31.683496475219727,
    "10": 33.081275939941406,
    "11": 32.73731231689453,
    "12": 31.934789657592773,
    "13": 32.11878204345703,
    "14": 29.62630844116211,
    "15": 29.682018280029297,
    "16": 26.905696868896484,
    "17": 25.066816329956055,
    "18": 23.296802520751953,
    "19": 22.13966178894043,
    "20": 21.43374252319336,
    "21": 20.93268585205078,
    "22": 20.23996925354004,
    "23": 19.56151580810547,
    "24": 19.35837173461914,
    "25": 18.374011993408203,
    "26": 18.358535766601562,
    "27": 18.399478912353516,
    "28": 18.308378219604492,
    "29": 18.370512008666992,
    "30": 18.44097137451172,
    "31": 19.184600830078125,
    "32": 19.903583526611328
}