{
    "0": {
        "estimate": Infinity,
        "std": NaN
    },
    "1": {
        "estimate": 14.596217927114191,
        "std": 5.425654452952507
    },
    "2": {
        "estimate": 4.711181643118107,
        "std": 1.2802507720430136
    },
    "3": {
        "estimate": 8.221632330354435,
        "std": 2.678973043958776
    },
    "4": {
        "estimate": 11.493459865531879,
        "std": 4.2251110711614315
    },
    "5": {
        "estimate": 14.53080839411348,
        "std": 5.4867788664482315
    },
    "6": {
        "estimate": 16.481584216388466,
        "std": 6.590082780773395
    },
    "7": {
        "estimate": 17.2281959135029,
        "std": 7.083261838157681
    },
    "8": {
        "estimate": 17.546684141166946,
        "std": 7.397337547295556
    },
    "9": {
        "estimate": 17.662000059447735,
        "std": 7.542420371913711
    },
    "10": {
        "estimate": 17.781958946513612,
        "std": 7.706104567065226
    },
    "11": {
        "estimate": 17.780464256284798,
        "std": 7.75866895736405
    },
    "12": {
        "estimate": 17.841159614734032,
        "std": 7.8403055232847105
    },
    "13": {
        "estimate": 17.810691228890487,
        "std": 7.94529781776564
    },
    "14": {
        "estimate": 17.936337193074113,
        "std": 8.067254782226152
    },
    "15": {
        "estimate": 18.18719018233013,
        "std": 8.305837578206818
    },
    "16": {
        "estimate": 18.377462565398083,
        "std": 8.634700250168201
    },
    "17": {
        "estimate": 18.443797018138135,
        "std": 8.88806482035216
    },
    "18": {
        "estimate": 18.44013171528024,
        "std": 8.950828652630067
    },
    "19": {
        "estimate": 18.482971710072285,
        "std": 9.10472702308016
    },
    "20": {
        "estimate": 18.4924121626023,
        "std": 9.17738848633992
    },
    "21": {
        "estimate": 18.674481415494014,
        "std": 9.4852456603004
    },
    "22": {
        "estimate": 18.704973932247125,
        "std": 9.53511616640445
    },
    "23": {
        "estimate": 18.840126499425253,
        "std": 9.77288161993833
    },
    "24": {
        "estimate": 18.88688249336501,
        "std": 9.951237362875217
    },
    "25": {
        "estimate": 19.048682142407774,
        "std": 10.11271515890254
    },
    "26": {
        "estimate": 19.311170043270792,
        "std": 10.210351220697163
    },
    "27": {
        "estimate": 19.633146024718044,
        "std": 10.447732075242557
    },
    "28": {
        "estimate": 19.610784296632936,
        "std": 10.503544362839358
    },
    "29": {
        "estimate": 19.982912423117416,
        "std": 10.994057280366103
    },
    "30": {
        "estimate": 19.95097964720008,
        "std": 11.035038685827658
    },
    "31": {
        "estimate": 20.197540478301292,
        "std": 11.912251666489192
    },
    "32": {
        "estimate": 19.799218026342427,
        "std": 12.935885917902525
    }
}