{
    "0": {
        "estimate": Infinity,
        "std": NaN
    },
    "1": {
        "estimate": 14.320527918315108,
        "std": 3.3562906319509063
    },
    "2": {
        "estimate": 3.5468597335232466,
        "std": 0.7748669495639448
    },
    "3": {
        "estimate": 5.111585486464592,
        "std": 1.2897223189540952
    },
    "4": {
        "estimate": 6.993807796458458,
        "std": 2.0590230813201233
    },
    "5": {
        "estimate": 9.81196877461215,
        "std": 3.134022957644766
    },
    "6": {
        "estimate": 11.957278201925513,
        "std": 3.8738277750099583
    },
    "7": {
        "estimate": 13.392100432441197,
        "std": 4.275216001742087
    },
    "8": {
        "estimate": 14.03449748402011,
        "std": 4.461282106383968
    },
    "9": {
        "estimate": 14.495179473504217,
        "std": 4.534421668781526
    },
    "10": {
        "estimate": 14.903145722834397,
        "std": 4.669827897953618
    },
    "11": {
        "estimate": 15.04600988059144,
        "std": 4.668237961415308
    },
    "12": {
        "estimate": 15.246721854477865,
        "std": 4.705773482164711
    },
    "13": {
        "estimate": 15.44014029716848,
        "std": 4.721176370105122
    },
    "14": {
        "estimate": 15.698463633355457,
        "std": 4.7875862115817185
    },
    "15": {
        "estimate": 16.112839728167852,
        "std": 4.919003086115856
    },
    "16": {
        "estimate": 16.543442215885797,
        "std": 5.15944912376542
    },
    "17": {
        "estimate": 16.848554305329575,
        "std": 5.291076014216865
    },
    "18": {
        "estimate": 17.03684349681528,
        "std": 5.3254340948644785
    },
    "19": {
        "estimate": 17.379081462485843,
        "std": 5.433157034400084
    },
    "20": {
        "estimate": 17.510460169304512,
        "std": 5.485365413270517
    },
    "21": {
        "estimate": 17.764769049949518,
        "std": 5.54964909693083
    },
    "22": {
        "estimate": 17.93122048736584,
        "std": 5.613670716222354
    },
    "23": {
        "estimate": 18.19494574673559,
        "std": 5.683938153493579
    },
    "24": {
        "estimate": 18.384018580161747,
        "std": 5.738298780825141
    },
    "25": {
        "estimate": 18.624936422710874,
        "std": 5.791409440829364
    },
    "26": {
        "estimate": 19.19068211981639,
        "std": 5.866103157112565
    },
    "27": {
        "estimate": 19.638558863254882,
        "std": 5.978589604860149
    },
    "28": {
        "estimate": 20.036579640704407,
        "std": 6.0098034602738455
    },
    "29": {
        "estimate": 20.812956232072466,
        "std": 6.2570671738062735
    },
    "30": {
        "estimate": 21.64318523961069,
        "std": 6.262006206096446
    },
    "31": {
        "estimate": 23.133186957374587,
        "std": 7.042650900614411
    },
    "32": {
        "estimate": 24.08044633473984,
        "std": 7.927440309481066
    }
}