{
    "0": {
        "estimate": Infinity,
        "std": NaN
    },
    "1": {
        "estimate": 14.592927216090041,
        "std": 3.6141887179498107
    },
    "2": {
        "estimate": 3.7724035738737447,
        "std": 0.8511826220680573
    },
    "3": {
        "estimate": 5.666084046993227,
        "std": 1.5052033180305708
    },
    "4": {
        "estimate": 7.87472424986228,
        "std": 2.414127957113082
    },
    "5": {
        "estimate": 10.854135532315198,
        "std": 3.5154011059929386
    },
    "6": {
        "estimate": 13.03750348183628,
        "std": 4.269373982386094
    },
    "7": {
        "estimate": 14.379032831906962,
        "std": 4.673927074301168
    },
    "8": {
        "estimate": 14.94063542078593,
        "std": 4.802802039562918
    },
    "9": {
        "estimate": 15.368843876953843,
        "std": 4.8971590702847125
    },
    "10": {
        "estimate": 15.71760347900333,
        "std": 5.016307381615279
    },
    "11": {
        "estimate": 15.833201633573681,
        "std": 5.029281168266873
    },
    "12": {
        "estimate": 16.009193827418954,
        "std": 5.061495045629048
    },
    "13": {
        "estimate": 16.166763121539073,
        "std": 5.077905695394685
    },
    "14": {
        "estimate": 16.409333211702588,
        "std": 5.156045612006936
    },
    "15": {
        "estimate": 16.84441504098854,
        "std": 5.328237069972014
    },
    "16": {
        "estimate": 17.231014108631687,
        "std": 5.548447909856515
    },
    "17": {
        "estimate": 17.487764068915094,
        "std": 5.687684419728456
    },
    "18": {
        "estimate": 17.65588216810716,
        "std": 5.733923250580873
    },
    "19": {
        "estimate": 17.94891958391362,
        "std": 5.854114812938763
    },
    "20": {
        "estimate": 18.071961376633134,
        "std": 5.921017193175323
    },
    "21": {
        "estimate": 18.284358480457286,
        "std": 5.978068121810768
    },
    "22": {
        "estimate": 18.447091012519998,
        "std": 6.050152034404613
    },
    "23": {
        "estimate": 18.687943796675977,
        "std": 6.146714702431238
    },
    "24": {
        "estimate": 18.852080022750652,
        "std": 6.220115414943985
    },
    "25": {
        "estimate": 19.073889131863606,
        "std": 6.270893327361453
    },
    "26": {
        "estimate": 19.629667839890356,
        "std": 6.34096161236172
    },
    "27": {
        "estimate": 20.08756198738158,
        "std": 6.5059527216918
    },
    "28": {
        "estimate": 20.409100297378664,
        "std": 6.587186162738859
    },
    "29": {
        "estimate": 21.117071121308513,
        "std": 6.831654270306564
    },
    "30": {
        "estimate": 21.82507849693303,
        "std": 6.912922440249076
    },
    "31": {
        "estimate": 22.98750987716743,
        "std": 7.631112255652261
    },
    "32": {
        "estimate": 23.60718118268726,
        "std": 8.565858899347349
    }
}