{
    "0": NaN,
    "1": 3.2873220443725586,
    "2": 5.928045749664307,
    "3": 10.363231658935547,
    "4": 9.466139793395996,
    "5": 5.8362531661987305,
    "6": 4.353814125061035,
    "7": 3.6006991863250732,
    "8": 3.326030969619751,
    "9": 3.1438651084899902,
    "10": 2.9705653190612793,
    "11": 2.892589569091797,
    "12": 2.830471992492676,
    "13": 2.7380237579345703,
    "14": 2.6912245750427246,
    "15": 2.6411900520324707,
    "16": 2.528927803039551,
    "17": 2.4549989700317383,
    "18": 2.405799388885498,
    "19": 2.3189985752105713,
    "20": 2.289128303527832,
    "21": 2.251940965652466,
    "22": 2.2205326557159424,
    "23": 2.1785404682159424,
    "24": 2.14904522895813,
    "25": 2.132920026779175,
    "26": 2.127039909362793,
    "27": 2.1340513229370117,
    "28": 2.0932087898254395,
    "29": 2.099902629852295,
    "30": 2.1491189002990723,
    "31": 2.142569065093994,
    "32": 1.9922566413879395
}