{
    "0": {
        "estimate": NaN,
        "std": NaN
    },
    "1": {
        "estimate": 19.36402108889329,
        "std": 8.359124427991249
    },
    "2": {
        "estimate": 20.8497870567947,
        "std": 8.709978574767042
    },
    "3": {
        "estimate": 21.074084674472072,
        "std": 9.460022176313622
    },
    "4": {
        "estimate": 20.067598104673596,
        "std": 9.259937690735185
    },
    "5": {
        "estimate": 21.398625088982108,
        "std": 10.344960457538122
    },
    "6": {
        "estimate": 21.019980433668845,
        "std": 10.761329872786721
    },
    "7": {
        "estimate": 19.629474989890483,
        "std": 10.345898335133947
    },
    "8": {
        "estimate": 19.769633688208035,
        "std": 10.062501501627633
    },
    "9": {
        "estimate": 20.003836010629016,
        "std": 10.286582623272691
    },
    "10": {
        "estimate": 20.379469037628827,
        "std": 10.223799339741074
    },
    "11": {
        "estimate": 20.500589668467356,
        "std": 10.310852831523349
    },
    "12": {
        "estimate": 20.904682327447055,
        "std": 10.533398178014222
    },
    "13": {
        "estimate": 20.41074480869876,
        "std": 9.893832149707407
    },
    "14": {
        "estimate": 20.170803192060603,
        "std": 9.67211493620954
    },
    "15": {
        "estimate": 19.418692667640435,
        "std": 8.935021653946224
    },
    "16": {
        "estimate": 19.200861159778,
        "std": 8.815191227928713
    },
    "17": {
        "estimate": 18.432456873585167,
        "std": 8.667401745005812
    },
    "18": {
        "estimate": 18.170381354650633,
        "std": 8.544118912291493
    },
    "19": {
        "estimate": 17.88299788879177,
        "std": 8.321950391358026
    },
    "20": {
        "estimate": 18.533638543500686,
        "std": 8.889811108048715
    },
    "21": {
        "estimate": 19.351924132073666,
        "std": 9.922444470087006
    },
    "22": {
        "estimate": 19.773506082788536,
        "std": 10.93106585427457
    },
    "23": {
        "estimate": 20.290227874492004,
        "std": 11.68445519159547
    },
    "24": {
        "estimate": 20.587904452393246,
        "std": 12.219655694101661
    },
    "25": {
        "estimate": 21.59411947027271,
        "std": 14.490206538658754
    },
    "26": {
        "estimate": 21.693763739860753,
        "std": 14.661043904300909
    },
    "27": {
        "estimate": 22.771499425229475,
        "std": 16.44521342036294
    },
    "28": {
        "estimate": 22.636053694876573,
        "std": 16.141130660202183
    },
    "29": {
        "estimate": 22.46937728918496,
        "std": 16.203362091057258
    },
    "30": {
        "estimate": 23.163630965435342,
        "std": 17.05659962946397
    },
    "31": {
        "estimate": 22.26183824734016,
        "std": 16.331195352424203
    },
    "32": {
        "estimate": 20.72315755903769,
        "std": 14.380009502633872
    }
}