{
    "0": {
        "estimate": NaN,
        "std": NaN
    },
    "1": {
        "estimate": 18.07224380051422,
        "std": 6.634936039690225
    },
    "2": {
        "estimate": 19.588854835276987,
        "std": 7.207113600277671
    },
    "3": {
        "estimate": 19.7954990615698,
        "std": 7.485954787025766
    },
    "4": {
        "estimate": 18.844896426691403,
        "std": 7.396751345976032
    },
    "5": {
        "estimate": 20.23740881040057,
        "std": 8.495473926693922
    },
    "6": {
        "estimate": 20.014429974493034,
        "std": 9.160208900045049
    },
    "7": {
        "estimate": 18.603088828981527,
        "std": 8.534117608785643
    },
    "8": {
        "estimate": 18.65829486974189,
        "std": 8.40383106659395
    },
    "9": {
        "estimate": 18.93445781785086,
        "std": 8.554656967366807
    },
    "10": {
        "estimate": 19.289943409729485,
        "std": 8.534414724533242
    },
    "11": {
        "estimate": 19.479397447248246,
        "std": 8.78233132551948
    },
    "12": {
        "estimate": 19.683809275431848,
        "std": 8.59613893121002
    },
    "13": {
        "estimate": 19.204647719865577,
        "std": 8.108398971838922
    },
    "14": {
        "estimate": 19.023104604278615,
        "std": 7.931462236921518
    },
    "15": {
        "estimate": 18.315942268144763,
        "std": 7.390584946434566
    },
    "16": {
        "estimate": 18.033688175055676,
        "std": 7.118954687700061
    },
    "17": {
        "estimate": 17.485410698435775,
        "std": 7.160297226472204
    },
    "18": {
        "estimate": 17.207693661488776,
        "std": 7.062413309370182
    },
    "19": {
        "estimate": 16.933631249978184,
        "std": 6.871520745949419
    },
    "20": {
        "estimate": 17.590604562822882,
        "std": 7.4777497235206045
    },
    "21": {
        "estimate": 18.36844744138744,
        "std": 8.268647025738561
    },
    "22": {
        "estimate": 18.90955284664158,
        "std": 9.281344409788735
    },
    "23": {
        "estimate": 19.5168167636592,
        "std": 10.04308768931335
    },
    "24": {
        "estimate": 19.779601649549335,
        "std": 10.338561077467636
    },
    "25": {
        "estimate": 20.97687716138636,
        "std": 12.502746292220644
    },
    "26": {
        "estimate": 21.158389855384243,
        "std": 12.760208911729029
    },
    "27": {
        "estimate": 22.27733141219463,
        "std": 14.186463812983137
    },
    "28": {
        "estimate": 22.069491638969872,
        "std": 13.912462326708186
    },
    "29": {
        "estimate": 21.870989626174403,
        "std": 13.84924191944309
    },
    "30": {
        "estimate": 22.55748361842804,
        "std": 14.600682395418248
    },
    "31": {
        "estimate": 21.6827395020528,
        "std": 13.971694107494397
    },
    "32": {
        "estimate": 20.21613889619715,
        "std": 12.41450665648517
    }
}