{
    "0": {
        "estimate": NaN,
        "std": NaN
    },
    "1": {
        "estimate": 15.245240012588608,
        "std": 4.382653520051912
    },
    "2": {
        "estimate": 16.551296629845737,
        "std": 4.669004493472198
    },
    "3": {
        "estimate": 17.35797510633834,
        "std": 4.911850139594914
    },
    "4": {
        "estimate": 16.276111262572087,
        "std": 5.003080058332607
    },
    "5": {
        "estimate": 17.871624776988938,
        "std": 5.990847594756644
    },
    "6": {
        "estimate": 17.892617459536194,
        "std": 6.582515219507536
    },
    "7": {
        "estimate": 16.624635306737577,
        "std": 6.102694905430004
    },
    "8": {
        "estimate": 16.635929914671504,
        "std": 5.867147549413016
    },
    "9": {
        "estimate": 16.81114743531293,
        "std": 5.9386146530213715
    },
    "10": {
        "estimate": 17.070175095651084,
        "std": 5.95377529867244
    },
    "11": {
        "estimate": 17.353108556303543,
        "std": 6.107975703437942
    },
    "12": {
        "estimate": 17.572269880044693,
        "std": 5.9568059373866165
    },
    "13": {
        "estimate": 17.0284785759253,
        "std": 5.596050794098058
    },
    "14": {
        "estimate": 16.88698116882943,
        "std": 5.431373761795036
    },
    "15": {
        "estimate": 16.10510959829302,
        "std": 5.115040055938754
    },
    "16": {
        "estimate": 15.800624308160343,
        "std": 4.927398586028885
    },
    "17": {
        "estimate": 15.58653415111741,
        "std": 5.152139070063093
    },
    "18": {
        "estimate": 15.229505340299726,
        "std": 5.019377125856206
    },
    "19": {
        "estimate": 15.050011959241319,
        "std": 4.984618091624292
    },
    "20": {
        "estimate": 15.615055246514785,
        "std": 5.3938566024289525
    },
    "21": {
        "estimate": 16.334084555309854,
        "std": 5.905456409127338
    },
    "22": {
        "estimate": 17.328507723931757,
        "std": 6.701277114156717
    },
    "23": {
        "estimate": 18.01985498545469,
        "std": 7.271120073307633
    },
    "24": {
        "estimate": 18.237357584356193,
        "std": 7.469351326023291
    },
    "25": {
        "estimate": 19.939703240880842,
        "std": 9.1758567418361
    },
    "26": {
        "estimate": 20.121400837644753,
        "std": 9.367322298542017
    },
    "27": {
        "estimate": 21.351160623780768,
        "std": 10.451636227185551
    },
    "28": {
        "estimate": 21.114102287688013,
        "std": 10.2401226122694
    },
    "29": {
        "estimate": 21.008761511974384,
        "std": 10.161882133347486
    },
    "30": {
        "estimate": 21.794406506104472,
        "std": 10.63222581424714
    },
    "31": {
        "estimate": 21.046537424705363,
        "std": 10.269313968284344
    },
    "32": {
        "estimate": 19.36590952148986,
        "std": 9.109242305359974
    }
}