{
    "0": {
        "estimate": NaN,
        "std": NaN
    },
    "1": {
        "estimate": 15.822945423845754,
        "std": 4.696669569011403
    },
    "2": {
        "estimate": 17.17130266243019,
        "std": 5.010662395787413
    },
    "3": {
        "estimate": 17.851673051499006,
        "std": 5.300894437324667
    },
    "4": {
        "estimate": 16.808092251822593,
        "std": 5.425910195241383
    },
    "5": {
        "estimate": 18.34922474845025,
        "std": 6.42338681881829
    },
    "6": {
        "estimate": 18.310051414095014,
        "std": 6.965467261294227
    },
    "7": {
        "estimate": 17.019256630532023,
        "std": 6.482035523185306
    },
    "8": {
        "estimate": 17.0398954591937,
        "std": 6.273351945305274
    },
    "9": {
        "estimate": 17.254579058235716,
        "std": 6.3958339487281535
    },
    "10": {
        "estimate": 17.51120605413925,
        "std": 6.396953524537552
    },
    "11": {
        "estimate": 17.75347079071564,
        "std": 6.544732234497165
    },
    "12": {
        "estimate": 18.018034592356877,
        "std": 6.38703032736481
    },
    "13": {
        "estimate": 17.45269542970548,
        "std": 6.046212469566577
    },
    "14": {
        "estimate": 17.316682473092513,
        "std": 5.855546037777246
    },
    "15": {
        "estimate": 16.539984851439034,
        "std": 5.530792415922246
    },
    "16": {
        "estimate": 16.240889216499635,
        "std": 5.29153062336294
    },
    "17": {
        "estimate": 15.96970092516291,
        "std": 5.471455587221769
    },
    "18": {
        "estimate": 15.63616723099686,
        "std": 5.339705370810666
    },
    "19": {
        "estimate": 15.429001996104535,
        "std": 5.290184429545571
    },
    "20": {
        "estimate": 16.003962387914004,
        "std": 5.7453406522253205
    },
    "21": {
        "estimate": 16.74811051178988,
        "std": 6.281242205924742
    },
    "22": {
        "estimate": 17.6220122278554,
        "std": 7.117780678093896
    },
    "23": {
        "estimate": 18.30691561789664,
        "std": 7.766742611031426
    },
    "24": {
        "estimate": 18.54961751941758,
        "std": 8.004116926011207
    },
    "25": {
        "estimate": 20.196855543807377,
        "std": 9.813577493256656
    },
    "26": {
        "estimate": 20.382999036218163,
        "std": 10.024849401473066
    },
    "27": {
        "estimate": 21.605142613712513,
        "std": 11.216485398745192
    },
    "28": {
        "estimate": 21.359032684213783,
        "std": 10.963867461932177
    },
    "29": {
        "estimate": 21.21331927716983,
        "std": 10.827335863668278
    },
    "30": {
        "estimate": 22.006895774257618,
        "std": 11.404758323172544
    },
    "31": {
        "estimate": 21.220777125552594,
        "std": 10.982399250695153
    },
    "32": {
        "estimate": 19.55999073745873,
        "std": 9.741262014576382
    }
}