{
    "0": {
        "estimate": NaN,
        "std": NaN
    },
    "1": {
        "estimate": 12.59664861364594,
        "std": 4.458577413830424
    },
    "2": {
        "estimate": 14.024172111292497,
        "std": 5.348728153491995
    },
    "3": {
        "estimate": 14.977326728842899,
        "std": 5.546541504100951
    },
    "4": {
        "estimate": 15.10771910063345,
        "std": 5.923127034122563
    },
    "5": {
        "estimate": 16.24496549573173,
        "std": 6.333778283690777
    },
    "6": {
        "estimate": 16.49367299449934,
        "std": 6.254687047522271
    },
    "7": {
        "estimate": 17.089438544042817,
        "std": 6.376568349822651
    },
    "8": {
        "estimate": 17.13480122748676,
        "std": 6.536330589571247
    },
    "9": {
        "estimate": 17.55162211182507,
        "std": 6.771941077041336
    },
    "10": {
        "estimate": 18.57903267284823,
        "std": 6.669239862206785
    },
    "11": {
        "estimate": 18.264439053273325,
        "std": 6.465903427928394
    },
    "12": {
        "estimate": 18.236463139371462,
        "std": 6.383402373308057
    },
    "13": {
        "estimate": 18.11269945477892,
        "std": 6.324275477279658
    },
    "14": {
        "estimate": 18.4279356800428,
        "std": 6.735908882415645
    },
    "15": {
        "estimate": 18.0097708994864,
        "std": 6.409518540300673
    },
    "16": {
        "estimate": 17.36679535578447,
        "std": 6.036078104675662
    },
    "17": {
        "estimate": 17.089390658837896,
        "std": 6.15329457245983
    },
    "18": {
        "estimate": 16.83179894733238,
        "std": 6.0171035509153965
    },
    "19": {
        "estimate": 16.742115061733845,
        "std": 6.004401586871161
    },
    "20": {
        "estimate": 16.917405726915803,
        "std": 6.258306335393484
    },
    "21": {
        "estimate": 17.352514599432208,
        "std": 6.507527007315659
    },
    "22": {
        "estimate": 18.043018295533567,
        "std": 6.896048264962261
    },
    "23": {
        "estimate": 18.32903030856511,
        "std": 7.23736156400123
    },
    "24": {
        "estimate": 19.060198200891776,
        "std": 7.806570370942996
    },
    "25": {
        "estimate": 20.038769751578883,
        "std": 8.587555125575427
    },
    "26": {
        "estimate": 20.124788456959777,
        "std": 8.818631389009079
    },
    "27": {
        "estimate": 20.71866332467776,
        "std": 9.730711886213431
    },
    "28": {
        "estimate": 20.610033502982407,
        "std": 9.423725278398853
    },
    "29": {
        "estimate": 20.821394900683476,
        "std": 9.782544309690737
    },
    "30": {
        "estimate": 20.0716365328209,
        "std": 10.019199160876598
    },
    "31": {
        "estimate": 20.557082777735346,
        "std": 9.953456670794075
    },
    "32": {
        "estimate": 20.469807815906336,
        "std": 9.034374538488262
    }
}