{
    "0": {
        "estimate": NaN,
        "std": NaN
    },
    "1": {
        "estimate": 12.300773425743618,
        "std": 4.226084908762549
    },
    "2": {
        "estimate": 13.694367511306243,
        "std": 5.068207129432731
    },
    "3": {
        "estimate": 14.771388236668209,
        "std": 5.263598925049671
    },
    "4": {
        "estimate": 14.919811495189544,
        "std": 5.680186592784595
    },
    "5": {
        "estimate": 16.10173799684078,
        "std": 5.964373220951737
    },
    "6": {
        "estimate": 16.348213936103118,
        "std": 5.84668473107881
    },
    "7": {
        "estimate": 16.917175062601945,
        "std": 6.041998997358212
    },
    "8": {
        "estimate": 16.931544236887213,
        "std": 6.168974328117987
    },
    "9": {
        "estimate": 17.369819974851787,
        "std": 6.4412745250691525
    },
    "10": {
        "estimate": 18.384274504944827,
        "std": 6.30877426546325
    },
    "11": {
        "estimate": 18.04455405149815,
        "std": 6.071171672782883
    },
    "12": {
        "estimate": 17.945841813867986,
        "std": 5.9998405965160275
    },
    "13": {
        "estimate": 17.82093470941001,
        "std": 5.937229891884529
    },
    "14": {
        "estimate": 18.178367488038724,
        "std": 6.409101558341867
    },
    "15": {
        "estimate": 17.713543186186296,
        "std": 6.090600015901047
    },
    "16": {
        "estimate": 17.081702165460012,
        "std": 5.7363599884049
    },
    "17": {
        "estimate": 16.915238338866764,
        "std": 5.88374303776617
    },
    "18": {
        "estimate": 16.653994085986564,
        "std": 5.723204996757525
    },
    "19": {
        "estimate": 16.59448781197117,
        "std": 5.742679968352599
    },
    "20": {
        "estimate": 16.814675571465493,
        "std": 5.98568923187518
    },
    "21": {
        "estimate": 17.26140746636281,
        "std": 6.192792304023472
    },
    "22": {
        "estimate": 17.975544730641836,
        "std": 6.540092600588476
    },
    "23": {
        "estimate": 18.329392868755892,
        "std": 6.8472241936208205
    },
    "24": {
        "estimate": 19.083825814802836,
        "std": 7.351481982527614
    },
    "25": {
        "estimate": 20.127765040905448,
        "std": 8.108722323050806
    },
    "26": {
        "estimate": 20.236701820476238,
        "std": 8.318894878001409
    },
    "27": {
        "estimate": 20.958412379438922,
        "std": 9.208450665913727
    },
    "28": {
        "estimate": 20.84176835781308,
        "std": 8.903353555157265
    },
    "29": {
        "estimate": 21.094134515950838,
        "std": 9.24253003661289
    },
    "30": {
        "estimate": 20.50663009765601,
        "std": 9.639723580983066
    },
    "31": {
        "estimate": 20.954082779610047,
        "std": 9.532187436686959
    },
    "32": {
        "estimate": 20.674322550742605,
        "std": 8.469687589257385
    }
}