{
    "0": NaN,
    "1": 4.518026351928711,
    "2": 4.600728988647461,
    "3": 4.328566551208496,
    "4": 4.6204915046691895,
    "5": 4.843964576721191,
    "6": 4.914496421813965,
    "7": 4.991705417633057,
    "8": 5.131567001342773,
    "9": 5.324344158172607,
    "10": 6.192107677459717,
    "11": 6.263180732727051,
    "12": 6.494021892547607,
    "13": 6.708475589752197,
    "14": 6.672243118286133,
    "15": 6.683239459991455,
    "16": 6.818586826324463,
    "17": 6.5581955909729,
    "18": 6.603387832641602,
    "19": 6.5773234367370605,
    "20": 6.364551544189453,
    "21": 6.187424659729004,
    "22": 6.029616355895996,
    "23": 5.739242076873779,
    "24": 5.534561634063721,
    "25": 5.229730129241943,
    "26": 5.10312032699585,
    "27": 4.814754486083984,
    "28": 4.800426483154297,
    "29": 4.703028678894043,
    "30": 4.562265872955322,
    "31": 4.560798645019531,
    "32": 4.7184929847717285
}