{
    "0": {
        "estimate": Infinity,
        "std": NaN
    },
    "1": {
        "estimate": 18.272535389875866,
        "std": 6.444814548367078
    },
    "2": {
        "estimate": 19.091773009525117,
        "std": 6.319519976877038
    },
    "3": {
        "estimate": 20.926573336006783,
        "std": 6.41095694808754
    },
    "4": {
        "estimate": 21.054755489621613,
        "std": 6.64932352113303
    },
    "5": {
        "estimate": 21.913070224482016,
        "std": 7.327930913887491
    },
    "6": {
        "estimate": 22.328270999006374,
        "std": 7.353175250067601
    },
    "7": {
        "estimate": 22.959834089057683,
        "std": 7.108801993235216
    },
    "8": {
        "estimate": 24.600682231344756,
        "std": 7.8001495508683645
    },
    "9": {
        "estimate": 25.843340000332113,
        "std": 8.010327675327579
    },
    "10": {
        "estimate": 25.97752026609056,
        "std": 7.704271849852424
    },
    "11": {
        "estimate": 25.764273793592324,
        "std": 7.0054493684622345
    },
    "12": {
        "estimate": 26.929802234400697,
        "std": 7.152505824717611
    },
    "13": {
        "estimate": 27.69038893660226,
        "std": 6.780179898872265
    },
    "14": {
        "estimate": 26.79055554875982,
        "std": 6.607052855848601
    },
    "15": {
        "estimate": 26.996504191527595,
        "std": 6.34760955628411
    },
    "16": {
        "estimate": 24.954312214994204,
        "std": 5.994532964581164
    },
    "17": {
        "estimate": 23.4855033567834,
        "std": 5.663670875163893
    },
    "18": {
        "estimate": 22.061909590381557,
        "std": 5.329849276445599
    },
    "19": {
        "estimate": 20.769753134193003,
        "std": 5.185010194549113
    },
    "20": {
        "estimate": 19.19756308125851,
        "std": 4.917785633505629
    },
    "21": {
        "estimate": 18.02935360834315,
        "std": 4.755928770615344
    },
    "22": {
        "estimate": 16.96775632758911,
        "std": 4.707070954471095
    },
    "23": {
        "estimate": 16.248490728325066,
        "std": 4.587807882364048
    },
    "24": {
        "estimate": 15.839902179728938,
        "std": 4.546352840030312
    },
    "25": {
        "estimate": 15.62140285602033,
        "std": 4.6510376073646595
    },
    "26": {
        "estimate": 15.186291438796866,
        "std": 4.526729422194374
    },
    "27": {
        "estimate": 15.074051890792441,
        "std": 4.502736408794559
    },
    "28": {
        "estimate": 14.769724341690727,
        "std": 4.435332394113014
    },
    "29": {
        "estimate": 14.498181951491704,
        "std": 4.3600203605246515
    },
    "30": {
        "estimate": 14.639035875465433,
        "std": 4.470625688247334
    },
    "31": {
        "estimate": 15.05317319446461,
        "std": 4.5018708284370685
    },
    "32": {
        "estimate": 15.997204799742502,
        "std": 4.9273534613108065
    }
}