{
    "0": {
        "estimate": Infinity,
        "std": NaN
    },
    "1": {
        "estimate": 21.309786492838168,
        "std": 8.467864983717476
    },
    "2": {
        "estimate": 22.559702004827415,
        "std": 8.309976114324506
    },
    "3": {
        "estimate": 24.71603905735934,
        "std": 8.219517891132345
    },
    "4": {
        "estimate": 24.785404236000183,
        "std": 8.485008575626829
    },
    "5": {
        "estimate": 25.87860100446205,
        "std": 9.21396215547098
    },
    "6": {
        "estimate": 26.266826119511244,
        "std": 9.149464436640091
    },
    "7": {
        "estimate": 26.736183170523702,
        "std": 9.060647851558132
    },
    "8": {
        "estimate": 28.445842755035322,
        "std": 9.83998200986736
    },
    "9": {
        "estimate": 29.635461804210053,
        "std": 10.432286307407885
    },
    "10": {
        "estimate": 29.63985902884011,
        "std": 10.09464159369389
    },
    "11": {
        "estimate": 29.23997841347229,
        "std": 9.517025930548595
    },
    "12": {
        "estimate": 30.68144274274432,
        "std": 9.82380753752937
    },
    "13": {
        "estimate": 31.23959129079516,
        "std": 9.584323293262164
    },
    "14": {
        "estimate": 30.55963656804131,
        "std": 9.352270500536093
    },
    "15": {
        "estimate": 30.65355396657396,
        "std": 9.09745553865143
    },
    "16": {
        "estimate": 28.49616084584708,
        "std": 8.502186997932474
    },
    "17": {
        "estimate": 26.995877891696082,
        "std": 7.818853058471591
    },
    "18": {
        "estimate": 25.405055680010253,
        "std": 7.262690415474958
    },
    "19": {
        "estimate": 23.994389256847253,
        "std": 7.023824291357043
    },
    "20": {
        "estimate": 22.396794106784427,
        "std": 6.7402354199610635
    },
    "21": {
        "estimate": 21.10075492954573,
        "std": 6.428436358190831
    },
    "22": {
        "estimate": 19.889241366213543,
        "std": 6.260722464812221
    },
    "23": {
        "estimate": 19.14617028581386,
        "std": 6.122370959689427
    },
    "24": {
        "estimate": 18.692180201039704,
        "std": 6.0836775700393675
    },
    "25": {
        "estimate": 18.38181465939318,
        "std": 6.035353332826582
    },
    "26": {
        "estimate": 17.859716215787053,
        "std": 5.892875270041165
    },
    "27": {
        "estimate": 17.75309648144755,
        "std": 5.8278615131277
    },
    "28": {
        "estimate": 17.385493638308933,
        "std": 5.676488410422961
    },
    "29": {
        "estimate": 17.13366124923952,
        "std": 5.646417452320728
    },
    "30": {
        "estimate": 17.308759828241843,
        "std": 5.841505150302981
    },
    "31": {
        "estimate": 17.769953524299325,
        "std": 5.852474758020808
    },
    "32": {
        "estimate": 18.575844499361473,
        "std": 6.29958401860615
    }
}