{
    "0": {
        "estimate": NaN,
        "std": NaN
    },
    "1": {
        "estimate": 14.740244761922437,
        "std": 4.21244624267955
    },
    "2": {
        "estimate": 16.069434439969037,
        "std": 4.136253728712823
    },
    "3": {
        "estimate": 14.341888411018743,
        "std": 3.488153733480147
    },
    "4": {
        "estimate": 14.455879524019235,
        "std": 3.727307104471272
    },
    "5": {
        "estimate": 16.20579980200937,
        "std": 4.001992209267758
    },
    "6": {
        "estimate": 17.664422017018754,
        "std": 4.124684369790612
    },
    "7": {
        "estimate": 17.460822112532895,
        "std": 3.735403361742131
    },
    "8": {
        "estimate": 18.631717332012258,
        "std": 3.884431026176824
    },
    "9": {
        "estimate": 19.047969627552654,
        "std": 3.9184135125741144
    },
    "10": {
        "estimate": 20.63286039419249,
        "std": 4.114359340970953
    },
    "11": {
        "estimate": 21.17127388386669,
        "std": 4.350820330196235
    },
    "12": {
        "estimate": 21.439770359886182,
        "std": 4.419762330539343
    },
    "13": {
        "estimate": 22.931672096900048,
        "std": 4.528176208730274
    },
    "14": {
        "estimate": 22.77350462599337,
        "std": 4.457402321155346
    },
    "15": {
        "estimate": 22.913460579435544,
        "std": 4.618600666400803
    },
    "16": {
        "estimate": 21.58953553209642,
        "std": 4.245727247178725
    },
    "17": {
        "estimate": 21.130935216246424,
        "std": 4.072886336654276
    },
    "18": {
        "estimate": 21.52221904041814,
        "std": 4.336568248087141
    },
    "19": {
        "estimate": 20.22511240733892,
        "std": 4.201888051113665
    },
    "20": {
        "estimate": 20.11480285816916,
        "std": 4.196656989074818
    },
    "21": {
        "estimate": 19.988635690836436,
        "std": 4.290253738169506
    },
    "22": {
        "estimate": 19.706315673348097,
        "std": 4.1251446508503165
    },
    "23": {
        "estimate": 20.121551885686053,
        "std": 4.338951583328521
    },
    "24": {
        "estimate": 20.876223667105293,
        "std": 4.605015618926532
    },
    "25": {
        "estimate": 21.848333411054078,
        "std": 5.04354689011169
    },
    "26": {
        "estimate": 23.681919568855427,
        "std": 5.902419912545524
    },
    "27": {
        "estimate": 24.642803171588284,
        "std": 6.429921435350123
    },
    "28": {
        "estimate": 24.85568703328997,
        "std": 6.942867181260718
    },
    "29": {
        "estimate": 25.30557232643322,
        "std": 7.140260725795173
    },
    "30": {
        "estimate": 25.745927201412503,
        "std": 7.230719489722459
    },
    "31": {
        "estimate": 27.211717712963267,
        "std": 7.427374105754889
    },
    "32": {
        "estimate": 26.163663811536505,
        "std": 6.954410829992014
    }
}