{
    "0": {
        "estimate": Infinity,
        "std": NaN
    },
    "1": {
        "estimate": 17.924069369235024,
        "std": 5.8861083121893065
    },
    "2": {
        "estimate": 17.82776437314116,
        "std": 5.718451757662425
    },
    "3": {
        "estimate": 18.576653703374802,
        "std": 6.2359025860162856
    },
    "4": {
        "estimate": 17.301519707041013,
        "std": 6.4823727733663885
    },
    "5": {
        "estimate": 17.528904113856868,
        "std": 6.632567549309043
    },
    "6": {
        "estimate": 17.811563791066494,
        "std": 6.829327754514608
    },
    "7": {
        "estimate": 18.192478376830213,
        "std": 7.059134655463893
    },
    "8": {
        "estimate": 18.497436869148437,
        "std": 7.077075695101355
    },
    "9": {
        "estimate": 19.164582669224227,
        "std": 7.273438080177027
    },
    "10": {
        "estimate": 19.745669054296528,
        "std": 7.410128567722164
    },
    "11": {
        "estimate": 19.669951877269057,
        "std": 7.414921457764732
    },
    "12": {
        "estimate": 19.990403443783975,
        "std": 7.601585590811252
    },
    "13": {
        "estimate": 19.625746806439068,
        "std": 7.389367155178534
    },
    "14": {
        "estimate": 19.419965669686515,
        "std": 7.3025378707699735
    },
    "15": {
        "estimate": 19.401446121541444,
        "std": 7.2878641971184965
    },
    "16": {
        "estimate": 18.998698251297977,
        "std": 7.1698454406048135
    },
    "17": {
        "estimate": 18.301919802851405,
        "std": 6.7624707446458086
    },
    "18": {
        "estimate": 18.1196902094808,
        "std": 6.49534121339769
    },
    "19": {
        "estimate": 17.325269303285065,
        "std": 6.271577903794892
    },
    "20": {
        "estimate": 15.857732911801879,
        "std": 6.0050645827117455
    },
    "21": {
        "estimate": 14.722839788740815,
        "std": 5.503822480734847
    },
    "22": {
        "estimate": 13.474303559903213,
        "std": 5.217971172302398
    },
    "23": {
        "estimate": 12.815481119221921,
        "std": 4.947849924664549
    },
    "24": {
        "estimate": 12.440418482190058,
        "std": 4.798838606561873
    },
    "25": {
        "estimate": 12.154247773322409,
        "std": 4.655384533876248
    },
    "26": {
        "estimate": 11.972839884411092,
        "std": 4.554744362801866
    },
    "27": {
        "estimate": 11.90628717367902,
        "std": 4.485503882723187
    },
    "28": {
        "estimate": 11.830540450171108,
        "std": 4.467626690599899
    },
    "29": {
        "estimate": 11.656998900619557,
        "std": 4.3543000242137975
    },
    "30": {
        "estimate": 11.853769123719939,
        "std": 4.444075568969621
    },
    "31": {
        "estimate": 11.969367129710628,
        "std": 4.453324389429508
    },
    "32": {
        "estimate": 11.709013454415105,
        "std": 4.342747309566195
    }
}