{
    "0": {
        "estimate": NaN,
        "std": NaN
    },
    "1": {
        "estimate": 26.659532102888893,
        "std": 9.58944340117644
    },
    "2": {
        "estimate": 29.065702370816712,
        "std": 10.046412964158243
    },
    "3": {
        "estimate": 26.71819769207435,
        "std": 8.700601051643046
    },
    "4": {
        "estimate": 30.253638086502534,
        "std": 9.968653310658858
    },
    "5": {
        "estimate": 32.469807805554495,
        "std": 11.523872536687104
    },
    "6": {
        "estimate": 31.611568757981313,
        "std": 10.940097602563275
    },
    "7": {
        "estimate": 30.996707835529534,
        "std": 10.704561099293974
    },
    "8": {
        "estimate": 29.834002510912082,
        "std": 9.668645421267014
    },
    "9": {
        "estimate": 27.792965941014323,
        "std": 8.97827181319909
    },
    "10": {
        "estimate": 28.263888581604157,
        "std": 9.342347079808086
    },
    "11": {
        "estimate": 25.931076025968597,
        "std": 8.21253821119207
    },
    "12": {
        "estimate": 24.531438401786527,
        "std": 7.60614734467375
    },
    "13": {
        "estimate": 25.260912529407403,
        "std": 7.9829266657950155
    },
    "14": {
        "estimate": 26.222137115124134,
        "std": 8.636725207401314
    },
    "15": {
        "estimate": 26.472393986158725,
        "std": 8.713172141601321
    },
    "16": {
        "estimate": 25.3416605601773,
        "std": 8.372076385584988
    },
    "17": {
        "estimate": 24.675585101798987,
        "std": 8.16999534478369
    },
    "18": {
        "estimate": 24.163603464193024,
        "std": 8.10269544668614
    },
    "19": {
        "estimate": 23.528935064038798,
        "std": 7.732640823179972
    },
    "20": {
        "estimate": 23.149569061852727,
        "std": 7.679574301601347
    },
    "21": {
        "estimate": 22.81520722016695,
        "std": 7.578692480271645
    },
    "22": {
        "estimate": 22.26741324318136,
        "std": 7.27012762830948
    },
    "23": {
        "estimate": 22.18731227476494,
        "std": 7.221854112717085
    },
    "24": {
        "estimate": 22.26206739071668,
        "std": 7.2979950852585915
    },
    "25": {
        "estimate": 21.710812644400722,
        "std": 7.295790371912241
    },
    "26": {
        "estimate": 21.92553921884805,
        "std": 7.420806365980765
    },
    "27": {
        "estimate": 22.169002854211687,
        "std": 7.609837178448281
    },
    "28": {
        "estimate": 22.212705278685387,
        "std": 7.562017379339729
    },
    "29": {
        "estimate": 22.479471571004595,
        "std": 7.677088568286068
    },
    "30": {
        "estimate": 22.74656759054397,
        "std": 7.771131215704524
    },
    "31": {
        "estimate": 22.751247530694275,
        "std": 7.907263320345403
    },
    "32": {
        "estimate": 20.380715953346527,
        "std": 7.304919112351401
    }
}