{
    "0": NaN,
    "1": 27.390396118164062,
    "2": 30.8885498046875,
    "3": 28.92350959777832,
    "4": 32.33350372314453,
    "5": 33.90531539916992,
    "6": 32.79975509643555,
    "7": 32.022300720214844,
    "8": 30.99694061279297,
    "9": 29.466968536376953,
    "10": 30.146303176879883,
    "11": 27.92839241027832,
    "12": 28.81774139404297,
    "13": 27.97844886779785,
    "14": 28.48524284362793,
    "15": 28.30259895324707,
    "16": 27.599687576293945,
    "17": 27.290878295898438,
    "18": 26.7080020904541,
    "19": 26.50720977783203,
    "20": 26.43959617614746,
    "21": 26.308744430541992,
    "22": 25.299665451049805,
    "23": 25.499544143676758,
    "24": 25.648448944091797,
    "25": 25.35402488708496,
    "26": 25.621789932250977,
    "27": 26.03680992126465,
    "28": 26.436203002929688,
    "29": 26.794328689575195,
    "30": 27.016889572143555,
    "31": 27.295745849609375,
    "32": 23.882808685302734
}