{
    "0": {
        "estimate": NaN,
        "std": NaN
    },
    "1": {
        "estimate": 14.627113556676486,
        "std": 5.439300753514089
    },
    "2": {
        "estimate": 9.000659177257804,
        "std": 5.628382088218821
    },
    "3": {
        "estimate": 11.206680264617374,
        "std": 6.241229588624961
    },
    "4": {
        "estimate": 12.230386044519506,
        "std": 6.662234801397487
    },
    "5": {
        "estimate": 13.54167606980708,
        "std": 7.876190102248805
    },
    "6": {
        "estimate": 14.04988417237372,
        "std": 7.971071116249831
    },
    "7": {
        "estimate": 14.519627838658273,
        "std": 7.875033605268688
    },
    "8": {
        "estimate": 14.742172926939412,
        "std": 7.509695177897057
    },
    "9": {
        "estimate": 15.246538239051896,
        "std": 7.811251124251231
    },
    "10": {
        "estimate": 15.592900386888772,
        "std": 7.8017828663779385
    },
    "11": {
        "estimate": 15.567849978712795,
        "std": 7.592169739078811
    },
    "12": {
        "estimate": 15.650240191012278,
        "std": 7.6348397277770275
    },
    "13": {
        "estimate": 15.701600726521189,
        "std": 7.582912001935587
    },
    "14": {
        "estimate": 15.631409367071123,
        "std": 7.472447458432878
    },
    "15": {
        "estimate": 15.620087557590816,
        "std": 7.38467162892897
    },
    "16": {
        "estimate": 15.420765938607301,
        "std": 7.1560466285437565
    },
    "17": {
        "estimate": 15.373345345727051,
        "std": 7.0664130341877405
    },
    "18": {
        "estimate": 15.210272580065416,
        "std": 6.970435616161419
    },
    "19": {
        "estimate": 15.077402357981072,
        "std": 6.824332882341013
    },
    "20": {
        "estimate": 15.185398918922438,
        "std": 6.835410863544226
    },
    "21": {
        "estimate": 15.280910177827934,
        "std": 6.871628537025225
    },
    "22": {
        "estimate": 15.560676072621334,
        "std": 7.010511984717576
    },
    "23": {
        "estimate": 15.845194210106262,
        "std": 7.19635974142956
    },
    "24": {
        "estimate": 16.010259550882388,
        "std": 7.324070239671773
    },
    "25": {
        "estimate": 16.46582742951256,
        "std": 7.557706157529357
    },
    "26": {
        "estimate": 16.845515302529193,
        "std": 7.8975099850216335
    },
    "27": {
        "estimate": 17.263807213312475,
        "std": 8.169595800744405
    },
    "28": {
        "estimate": 17.20032613013589,
        "std": 8.159731978262114
    },
    "29": {
        "estimate": 17.33491492850184,
        "std": 8.250707623969804
    },
    "30": {
        "estimate": 17.693551780756795,
        "std": 8.637385280268335
    },
    "31": {
        "estimate": 17.324892176900686,
        "std": 8.405203627434767
    },
    "32": {
        "estimate": 16.66653069901938,
        "std": 7.839378447357684
    }
}