{
    "0": {
        "estimate": NaN,
        "std": NaN
    },
    "1": {
        "estimate": 15.162626900334246,
        "std": 6.902153465678384
    },
    "2": {
        "estimate": 9.97773686598517,
        "std": 6.643935748027911
    },
    "3": {
        "estimate": 12.115555685601578,
        "std": 7.40601343606458
    },
    "4": {
        "estimate": 13.008088745207731,
        "std": 7.931729067161548
    },
    "5": {
        "estimate": 13.802301005496924,
        "std": 9.354522145619661
    },
    "6": {
        "estimate": 14.169102228817838,
        "std": 9.69767330307517
    },
    "7": {
        "estimate": 14.62856675060679,
        "std": 9.765730592988495
    },
    "8": {
        "estimate": 14.936618977338204,
        "std": 9.56186699721291
    },
    "9": {
        "estimate": 15.353244737902775,
        "std": 9.665006242452224
    },
    "10": {
        "estimate": 15.666651061287801,
        "std": 9.728592352905942
    },
    "11": {
        "estimate": 15.644756633495412,
        "std": 9.525229957164614
    },
    "12": {
        "estimate": 15.734022221329068,
        "std": 9.531579351400906
    },
    "13": {
        "estimate": 15.776340802919055,
        "std": 9.485113454502716
    },
    "14": {
        "estimate": 15.769803065948992,
        "std": 9.449756125502471
    },
    "15": {
        "estimate": 15.795585973380541,
        "std": 9.326496912545373
    },
    "16": {
        "estimate": 15.600436866816215,
        "std": 9.039806775505564
    },
    "17": {
        "estimate": 15.603009412421912,
        "std": 8.993638318832867
    },
    "18": {
        "estimate": 15.402644365690113,
        "std": 8.789852120585348
    },
    "19": {
        "estimate": 15.323519619905221,
        "std": 8.590587348307663
    },
    "20": {
        "estimate": 15.433150309865363,
        "std": 8.761211942174866
    },
    "21": {
        "estimate": 15.546156211202568,
        "std": 8.777270066732322
    },
    "22": {
        "estimate": 15.827843237269006,
        "std": 8.956607836072216
    },
    "23": {
        "estimate": 16.047953490232466,
        "std": 9.26055778147715
    },
    "24": {
        "estimate": 16.235945892568964,
        "std": 9.47503785569908
    },
    "25": {
        "estimate": 16.602876016294736,
        "std": 9.76994306479583
    },
    "26": {
        "estimate": 16.89878623696284,
        "std": 10.02102613374308
    },
    "27": {
        "estimate": 17.183081161587516,
        "std": 10.524671044810473
    },
    "28": {
        "estimate": 17.072415730251592,
        "std": 10.359382636974697
    },
    "29": {
        "estimate": 17.137433304227418,
        "std": 10.568749323555497
    },
    "30": {
        "estimate": 17.298435622558006,
        "std": 10.929494621661856
    },
    "31": {
        "estimate": 17.031890235510645,
        "std": 10.447957362104837
    },
    "32": {
        "estimate": 16.10287093992824,
        "std": 9.994003402661908
    }
}