{
    "0": {
        "estimate": NaN,
        "std": NaN
    },
    "1": {
        "estimate": 16.57599564009072,
        "std": 4.898115282471308
    },
    "2": {
        "estimate": 17.25009923299636,
        "std": 5.420777831107005
    },
    "3": {
        "estimate": 18.316704780439228,
        "std": 6.239283165904949
    },
    "4": {
        "estimate": 17.081660392335166,
        "std": 5.945011370917628
    },
    "5": {
        "estimate": 17.559671911025752,
        "std": 6.457432378753446
    },
    "6": {
        "estimate": 17.351834540979326,
        "std": 6.935873125590441
    },
    "7": {
        "estimate": 18.174815525416307,
        "std": 7.935757183409277
    },
    "8": {
        "estimate": 18.49360635383412,
        "std": 8.01534717917895
    },
    "9": {
        "estimate": 18.678210901583867,
        "std": 7.9068349144787105
    },
    "10": {
        "estimate": 19.61116482187909,
        "std": 8.252104603982415
    },
    "11": {
        "estimate": 19.72312307143256,
        "std": 8.211112015298195
    },
    "12": {
        "estimate": 20.215678126435872,
        "std": 8.113002427377994
    },
    "13": {
        "estimate": 20.378442417209076,
        "std": 8.012901242045166
    },
    "14": {
        "estimate": 20.69843780688621,
        "std": 8.02936371476713
    },
    "15": {
        "estimate": 21.120344049859785,
        "std": 8.006715491525567
    },
    "16": {
        "estimate": 21.255189224471945,
        "std": 8.02704360828094
    },
    "17": {
        "estimate": 20.485529612957308,
        "std": 7.626950476006335
    },
    "18": {
        "estimate": 19.445584396965263,
        "std": 7.192539694808521
    },
    "19": {
        "estimate": 18.84328485084922,
        "std": 7.022674574174752
    },
    "20": {
        "estimate": 18.64269045236659,
        "std": 6.800263044370123
    },
    "21": {
        "estimate": 18.175747656696824,
        "std": 6.5777762301597855
    },
    "22": {
        "estimate": 18.099504928617534,
        "std": 6.5700271838068645
    },
    "23": {
        "estimate": 17.241340290481258,
        "std": 6.286629518138698
    },
    "24": {
        "estimate": 16.762557111358007,
        "std": 6.017902687694951
    },
    "25": {
        "estimate": 16.32365252586108,
        "std": 5.859088365522016
    },
    "26": {
        "estimate": 16.20313624173004,
        "std": 5.788922067995528
    },
    "27": {
        "estimate": 15.958560236806486,
        "std": 5.5284177547409
    },
    "28": {
        "estimate": 15.585121973569073,
        "std": 5.404218013974202
    },
    "29": {
        "estimate": 15.502528189361843,
        "std": 5.342686061480481
    },
    "30": {
        "estimate": 15.304042628975266,
        "std": 5.329871216314671
    },
    "31": {
        "estimate": 15.219650707187993,
        "std": 5.300442202649393
    },
    "32": {
        "estimate": 14.901492648295301,
        "std": 5.275255682988056
    },
    "33": {
        "estimate": 14.993932322835882,
        "std": 5.2669277638079
    },
    "34": {
        "estimate": 14.937810244731093,
        "std": 5.2367878121024045
    },
    "35": {
        "estimate": 15.094800524128415,
        "std": 5.351217519467884
    },
    "36": {
        "estimate": 15.087962526739034,
        "std": 5.289517420943713
    },
    "37": {
        "estimate": 15.295706705785738,
        "std": 5.353143361902017
    },
    "38": {
        "estimate": 15.598685151305451,
        "std": 5.486260785778376
    },
    "39": {
        "estimate": 16.14860534228413,
        "std": 5.733072572496634
    },
    "40": {
        "estimate": 16.00391998997643,
        "std": 5.439666172846072
    }
}