{
    "0": {
        "estimate": NaN,
        "std": NaN
    },
    "1": {
        "estimate": 14.925211702557517,
        "std": 4.371554828984648
    },
    "2": {
        "estimate": 15.678644723847317,
        "std": 4.752426952010037
    },
    "3": {
        "estimate": 16.694417971691873,
        "std": 5.560488833381663
    },
    "4": {
        "estimate": 15.536421601859358,
        "std": 5.339531093455412
    },
    "5": {
        "estimate": 16.057436243034054,
        "std": 5.984422392592861
    },
    "6": {
        "estimate": 15.85684922759636,
        "std": 6.357301434269971
    },
    "7": {
        "estimate": 16.579263799366483,
        "std": 7.315277414006732
    },
    "8": {
        "estimate": 16.948766963846452,
        "std": 7.407091735880469
    },
    "9": {
        "estimate": 17.131428022916534,
        "std": 7.250709526291654
    },
    "10": {
        "estimate": 18.031306813823235,
        "std": 7.682531344152179
    },
    "11": {
        "estimate": 18.079130636945507,
        "std": 7.591602498880203
    },
    "12": {
        "estimate": 18.535868148682336,
        "std": 7.4850072315456915
    },
    "13": {
        "estimate": 18.599999282283605,
        "std": 7.324421966785955
    },
    "14": {
        "estimate": 18.874608946331158,
        "std": 7.374475499932893
    },
    "15": {
        "estimate": 19.175378014065434,
        "std": 7.239254899024632
    },
    "16": {
        "estimate": 19.23406160724814,
        "std": 7.200346560615739
    },
    "17": {
        "estimate": 18.486495002385105,
        "std": 6.856136491082194
    },
    "18": {
        "estimate": 17.563922135250838,
        "std": 6.556474281527194
    },
    "19": {
        "estimate": 16.947993735553304,
        "std": 6.333095614559231
    },
    "20": {
        "estimate": 16.83394113377485,
        "std": 6.126522530310807
    },
    "21": {
        "estimate": 16.377556090516915,
        "std": 5.938077755579156
    },
    "22": {
        "estimate": 16.249720590363687,
        "std": 5.893073872466756
    },
    "23": {
        "estimate": 15.594330009984137,
        "std": 5.602848753648382
    },
    "24": {
        "estimate": 15.13478428528164,
        "std": 5.374322394926084
    },
    "25": {
        "estimate": 14.67179592784972,
        "std": 5.1582978083082445
    },
    "26": {
        "estimate": 14.56794267401863,
        "std": 5.116103405856056
    },
    "27": {
        "estimate": 14.456920119864174,
        "std": 4.900956355626291
    },
    "28": {
        "estimate": 14.100165963446385,
        "std": 4.758921365727487
    },
    "29": {
        "estimate": 14.03826673601538,
        "std": 4.6807906245048985
    },
    "30": {
        "estimate": 13.867317960530528,
        "std": 4.638459628714774
    },
    "31": {
        "estimate": 13.821181262869056,
        "std": 4.638539259565006
    },
    "32": {
        "estimate": 13.582008421813802,
        "std": 4.583428356807913
    },
    "33": {
        "estimate": 13.706172453024518,
        "std": 4.590224679202026
    },
    "34": {
        "estimate": 13.688485669962672,
        "std": 4.580022034650815
    },
    "35": {
        "estimate": 13.858967204004026,
        "std": 4.6391767376113355
    },
    "36": {
        "estimate": 13.87919167297603,
        "std": 4.633569466765393
    },
    "37": {
        "estimate": 14.111404508254214,
        "std": 4.699902147124487
    },
    "38": {
        "estimate": 14.39263526915169,
        "std": 4.783656311134426
    },
    "39": {
        "estimate": 14.915340836609172,
        "std": 4.954267804421212
    },
    "40": {
        "estimate": 14.88932392314875,
        "std": 4.7045398007136265
    }
}