{
    "0": {
        "estimate": NaN,
        "std": NaN
    },
    "1": {
        "estimate": 15.613025396409503,
        "std": 4.566377060617152
    },
    "2": {
        "estimate": 16.32477189998231,
        "std": 4.992555656322355
    },
    "3": {
        "estimate": 17.35605258387132,
        "std": 5.81481771077805
    },
    "4": {
        "estimate": 16.14899499529742,
        "std": 5.601320523694441
    },
    "5": {
        "estimate": 16.66395567909532,
        "std": 6.188144259543797
    },
    "6": {
        "estimate": 16.455779069585272,
        "std": 6.596629193728683
    },
    "7": {
        "estimate": 17.19771038813951,
        "std": 7.572836960464387
    },
    "8": {
        "estimate": 17.528567843280555,
        "std": 7.632477678511177
    },
    "9": {
        "estimate": 17.7400254629722,
        "std": 7.510752572322742
    },
    "10": {
        "estimate": 18.654492796085894,
        "std": 7.894962910868085
    },
    "11": {
        "estimate": 18.738374227699484,
        "std": 7.802373282887321
    },
    "12": {
        "estimate": 19.22782788796174,
        "std": 7.73385135840111
    },
    "13": {
        "estimate": 19.345972328250454,
        "std": 7.628780618979062
    },
    "14": {
        "estimate": 19.62630912461135,
        "std": 7.593780990137872
    },
    "15": {
        "estimate": 19.989152486279306,
        "std": 7.509306231984789
    },
    "16": {
        "estimate": 20.052168945485903,
        "std": 7.4868932270890145
    },
    "17": {
        "estimate": 19.310000572651088,
        "std": 7.116238199770666
    },
    "18": {
        "estimate": 18.359967744795263,
        "std": 6.786414879902512
    },
    "19": {
        "estimate": 17.69543216169427,
        "std": 6.542440917688632
    },
    "20": {
        "estimate": 17.59700509826809,
        "std": 6.406138079252652
    },
    "21": {
        "estimate": 17.144543808634495,
        "std": 6.176966725640679
    },
    "22": {
        "estimate": 17.006755389128678,
        "std": 6.151865519913472
    },
    "23": {
        "estimate": 16.26561022099974,
        "std": 5.914808590731643
    },
    "24": {
        "estimate": 15.805945212047204,
        "std": 5.666469304902892
    },
    "25": {
        "estimate": 15.353565020523275,
        "std": 5.429659840743417
    },
    "26": {
        "estimate": 15.235823015068494,
        "std": 5.377674360554181
    },
    "27": {
        "estimate": 15.092579124702063,
        "std": 5.13775976091497
    },
    "28": {
        "estimate": 14.734603966842382,
        "std": 5.016075891914356
    },
    "29": {
        "estimate": 14.64494733468087,
        "std": 4.920525984499279
    },
    "30": {
        "estimate": 14.459635742330715,
        "std": 4.886055867271363
    },
    "31": {
        "estimate": 14.387828085421305,
        "std": 4.858894211612221
    },
    "32": {
        "estimate": 14.119613273389579,
        "std": 4.8395101207797415
    },
    "33": {
        "estimate": 14.219868246030307,
        "std": 4.822184564073852
    },
    "34": {
        "estimate": 14.204981265904262,
        "std": 4.829575991228232
    },
    "35": {
        "estimate": 14.358631801736626,
        "std": 4.883021712063378
    },
    "36": {
        "estimate": 14.379821281546377,
        "std": 4.893472544742904
    },
    "37": {
        "estimate": 14.600219658104464,
        "std": 4.9449016019888505
    },
    "38": {
        "estimate": 14.890755959183057,
        "std": 5.025901768399825
    },
    "39": {
        "estimate": 15.41857393943534,
        "std": 5.224054189525764
    },
    "40": {
        "estimate": 15.365231026616081,
        "std": 4.9906485133926
    }
}