{
    "0": {
        "estimate": NaN,
        "std": NaN
    },
    "1": {
        "estimate": 18.392451603774738,
        "std": 5.945708707803482
    },
    "2": {
        "estimate": 18.908756440335214,
        "std": 6.624111583107896
    },
    "3": {
        "estimate": 20.070930933773255,
        "std": 7.337707800421334
    },
    "4": {
        "estimate": 18.82859375255391,
        "std": 7.1542778847041095
    },
    "5": {
        "estimate": 19.280836538401804,
        "std": 7.658976550515653
    },
    "6": {
        "estimate": 19.018919704143144,
        "std": 8.080548753724953
    },
    "7": {
        "estimate": 19.93303398927132,
        "std": 9.081620422978297
    },
    "8": {
        "estimate": 20.13826727097771,
        "std": 9.088583487337436
    },
    "9": {
        "estimate": 20.327490681724814,
        "std": 8.926698432193566
    },
    "10": {
        "estimate": 21.34047475965146,
        "std": 9.396647205673089
    },
    "11": {
        "estimate": 21.440570697606002,
        "std": 9.27943127376843
    },
    "12": {
        "estimate": 22.023113843792146,
        "std": 9.350365073475603
    },
    "13": {
        "estimate": 22.296705362019285,
        "std": 9.187081615232676
    },
    "14": {
        "estimate": 22.81473778446237,
        "std": 9.40281630915624
    },
    "15": {
        "estimate": 23.283700533691615,
        "std": 9.394775169888947
    },
    "16": {
        "estimate": 23.43613086248617,
        "std": 9.562793593017663
    },
    "17": {
        "estimate": 22.631256963490717,
        "std": 9.042736588188289
    },
    "18": {
        "estimate": 21.540846752924356,
        "std": 8.450346847396235
    },
    "19": {
        "estimate": 20.829781586574217,
        "std": 8.122134236156452
    },
    "20": {
        "estimate": 20.64179790170396,
        "std": 7.963626799583687
    },
    "21": {
        "estimate": 20.119897390492373,
        "std": 7.705560313942743
    },
    "22": {
        "estimate": 19.981452926495297,
        "std": 7.75344263950279
    },
    "23": {
        "estimate": 19.062162110292395,
        "std": 7.3893021037696425
    },
    "24": {
        "estimate": 18.58846227020569,
        "std": 7.213483094904959
    },
    "25": {
        "estimate": 18.121884920288288,
        "std": 6.996525802836171
    },
    "26": {
        "estimate": 17.99130526320065,
        "std": 7.003192289221374
    },
    "27": {
        "estimate": 17.542180793645162,
        "std": 6.767842595774292
    },
    "28": {
        "estimate": 17.120016665682115,
        "std": 6.572044175594989
    },
    "29": {
        "estimate": 16.96828439727532,
        "std": 6.497670686608902
    },
    "30": {
        "estimate": 16.724731432245452,
        "std": 6.4074659488232095
    },
    "31": {
        "estimate": 16.61822144688709,
        "std": 6.370090177148289
    },
    "32": {
        "estimate": 16.2162642709512,
        "std": 6.323904317652288
    },
    "33": {
        "estimate": 16.26490385991818,
        "std": 6.39363991645482
    },
    "34": {
        "estimate": 16.23903546193819,
        "std": 6.3653497462129165
    },
    "35": {
        "estimate": 16.3673563121455,
        "std": 6.473310803815537
    },
    "36": {
        "estimate": 16.388874549219093,
        "std": 6.447944032315289
    },
    "37": {
        "estimate": 16.552975434410122,
        "std": 6.52903138902819
    },
    "38": {
        "estimate": 16.830581010496626,
        "std": 6.653255622155826
    },
    "39": {
        "estimate": 17.381749243091882,
        "std": 6.961109860810806
    },
    "40": {
        "estimate": 17.15548934532869,
        "std": 6.7462030151399635
    }
}