{
    "0": {
        "estimate": Infinity,
        "std": NaN
    },
    "1": {
        "estimate": 14.594896916949104,
        "std": 5.430060016298591
    },
    "2": {
        "estimate": 4.669169871873018,
        "std": 1.3004700894161472
    },
    "3": {
        "estimate": 8.308535027391343,
        "std": 2.7894569792028188
    },
    "4": {
        "estimate": 11.659596767935797,
        "std": 4.31012822688595
    },
    "5": {
        "estimate": 14.672709730337793,
        "std": 5.7056067512256465
    },
    "6": {
        "estimate": 16.420046276536862,
        "std": 6.655033609214875
    },
    "7": {
        "estimate": 17.056363257699527,
        "std": 7.141971308363369
    },
    "8": {
        "estimate": 17.29841028403794,
        "std": 7.357528260550073
    },
    "9": {
        "estimate": 17.348097881536592,
        "std": 7.447509623450796
    },
    "10": {
        "estimate": 17.389176410981577,
        "std": 7.636221194760915
    },
    "11": {
        "estimate": 17.337940450449928,
        "std": 7.660703259792273
    },
    "12": {
        "estimate": 17.401914761766356,
        "std": 7.787129318337845
    },
    "13": {
        "estimate": 17.425722244235338,
        "std": 7.917641337700261
    },
    "14": {
        "estimate": 17.537933484346258,
        "std": 8.013152651883164
    },
    "15": {
        "estimate": 17.757181004111416,
        "std": 8.23826225045031
    },
    "16": {
        "estimate": 17.970127356455627,
        "std": 8.693117867971285
    },
    "17": {
        "estimate": 17.97382920010566,
        "std": 8.792747215809689
    },
    "18": {
        "estimate": 18.013163500676047,
        "std": 8.948143474874577
    },
    "19": {
        "estimate": 17.917136096565848,
        "std": 9.024452985952736
    },
    "20": {
        "estimate": 17.89619487392612,
        "std": 8.996999111241237
    },
    "21": {
        "estimate": 17.97949322292008,
        "std": 9.205027253858157
    },
    "22": {
        "estimate": 17.970241020286164,
        "std": 9.3200845955771
    },
    "23": {
        "estimate": 18.07063019964042,
        "std": 9.527721626131296
    },
    "24": {
        "estimate": 18.057445850094677,
        "std": 9.521069004117733
    },
    "25": {
        "estimate": 18.231310721172235,
        "std": 9.456856272364588
    },
    "26": {
        "estimate": 18.13173586271735,
        "std": 8.857551761731763
    },
    "27": {
        "estimate": 18.340014299654296,
        "std": 9.085597024691808
    },
    "28": {
        "estimate": 18.38418545347207,
        "std": 9.158544514926177
    },
    "29": {
        "estimate": 18.364940706140096,
        "std": 8.850891238680582
    },
    "30": {
        "estimate": 17.909501525587867,
        "std": 7.6732351517990205
    },
    "31": {
        "estimate": 18.84962950914722,
        "std": 8.248490859693408
    },
    "32": {
        "estimate": 18.08130958659814,
        "std": 8.050737143733432
    }
}