{
    "0": {
        "estimate": Infinity,
        "std": NaN
    },
    "1": {
        "estimate": 14.292028238069202,
        "std": 3.3446378955308265
    },
    "2": {
        "estimate": 3.5174961579319235,
        "std": 0.7925125098953002
    },
    "3": {
        "estimate": 5.139734916793522,
        "std": 1.3440594016355667
    },
    "4": {
        "estimate": 7.1310299135756035,
        "std": 2.167073319183247
    },
    "5": {
        "estimate": 10.070622827653331,
        "std": 3.258594218742196
    },
    "6": {
        "estimate": 12.145497388813828,
        "std": 3.9788718284957403
    },
    "7": {
        "estimate": 13.433979647791496,
        "std": 4.292338957939889
    },
    "8": {
        "estimate": 14.008768410409553,
        "std": 4.4282314393090685
    },
    "9": {
        "estimate": 14.450661373131018,
        "std": 4.494957886954583
    },
    "10": {
        "estimate": 14.897197566794953,
        "std": 4.623501623847341
    },
    "11": {
        "estimate": 15.031142148799077,
        "std": 4.602879067453651
    },
    "12": {
        "estimate": 15.237556802359771,
        "std": 4.652649674779094
    },
    "13": {
        "estimate": 15.468345154152624,
        "std": 4.675147729547799
    },
    "14": {
        "estimate": 15.741964699264264,
        "std": 4.75145019397666
    },
    "15": {
        "estimate": 16.13573480025591,
        "std": 4.870934282248628
    },
    "16": {
        "estimate": 16.67808127523704,
        "std": 5.1752876026104095
    },
    "17": {
        "estimate": 16.98880875737025,
        "std": 5.318486527252978
    },
    "18": {
        "estimate": 17.16211605207696,
        "std": 5.346476359986276
    },
    "19": {
        "estimate": 17.44463467260778,
        "std": 5.409753995025958
    },
    "20": {
        "estimate": 17.523961216536357,
        "std": 5.406994438740428
    },
    "21": {
        "estimate": 17.704232892236693,
        "std": 5.465844507854585
    },
    "22": {
        "estimate": 17.857024387587852,
        "std": 5.548465594142854
    },
    "23": {
        "estimate": 18.044849240610283,
        "std": 5.593024388058784
    },
    "24": {
        "estimate": 18.221339043301537,
        "std": 5.650297980027779
    },
    "25": {
        "estimate": 18.565817906535884,
        "std": 5.673466963583646
    },
    "26": {
        "estimate": 18.57136331753438,
        "std": 5.392836920687391
    },
    "27": {
        "estimate": 18.881604694964075,
        "std": 5.499587626140612
    },
    "28": {
        "estimate": 19.125698535837973,
        "std": 5.368709742135166
    },
    "29": {
        "estimate": 19.22360646047283,
        "std": 5.218263615077011
    },
    "30": {
        "estimate": 18.137553034797776,
        "std": 4.601050259863475
    },
    "31": {
        "estimate": 19.368972284030765,
        "std": 5.121130001993542
    },
    "32": {
        "estimate": 18.50534543679803,
        "std": 4.864300664350492
    }
}