{
    "0": {
        "estimate": Infinity,
        "std": NaN
    },
    "1": {
        "estimate": 14.138156944889197,
        "std": 6.927705717109575
    },
    "2": {
        "estimate": 5.174914436928663,
        "std": 1.6745674623612135
    },
    "3": {
        "estimate": 9.790610769376103,
        "std": 3.795973259855838
    },
    "4": {
        "estimate": 13.458993205047486,
        "std": 5.7662007095212555
    },
    "5": {
        "estimate": 16.186482086346025,
        "std": 7.564714057472649
    },
    "6": {
        "estimate": 17.72085567973847,
        "std": 8.892060487960428
    },
    "7": {
        "estimate": 17.959328786245035,
        "std": 9.39998942718052
    },
    "8": {
        "estimate": 18.062740666258982,
        "std": 9.774635846101159
    },
    "9": {
        "estimate": 17.952236255889286,
        "std": 9.863785963529025
    },
    "10": {
        "estimate": 17.79220523771855,
        "std": 9.940954104421657
    },
    "11": {
        "estimate": 17.66924970845602,
        "std": 9.952498187655202
    },
    "12": {
        "estimate": 17.566720757725452,
        "std": 9.998030069053362
    },
    "13": {
        "estimate": 17.458817612746138,
        "std": 10.164936650547922
    },
    "14": {
        "estimate": 17.565669892539926,
        "std": 10.401413258232397
    },
    "15": {
        "estimate": 17.734693769446977,
        "std": 10.786131566985215
    },
    "16": {
        "estimate": 17.8172090498673,
        "std": 11.326659815580559
    },
    "17": {
        "estimate": 17.662072495657466,
        "std": 11.349028725835794
    },
    "18": {
        "estimate": 17.66941043738732,
        "std": 11.50336639771953
    },
    "19": {
        "estimate": 17.368235850131285,
        "std": 11.42760395332361
    },
    "20": {
        "estimate": 17.30458237049712,
        "std": 11.484870598313114
    },
    "21": {
        "estimate": 17.294074564674034,
        "std": 11.645196385713646
    },
    "22": {
        "estimate": 17.22655661766379,
        "std": 11.798166494158897
    },
    "23": {
        "estimate": 17.222699441612214,
        "std": 11.97442883920506
    },
    "24": {
        "estimate": 17.128681426469008,
        "std": 11.872936040996809
    },
    "25": {
        "estimate": 17.318403320110857,
        "std": 11.93473185989324
    },
    "26": {
        "estimate": 17.22880085932465,
        "std": 11.38048175741672
    },
    "27": {
        "estimate": 17.389050006041785,
        "std": 11.752246587816348
    },
    "28": {
        "estimate": 17.26722394710806,
        "std": 11.677614654740104
    },
    "29": {
        "estimate": 17.212814872486053,
        "std": 11.425347743635998
    },
    "30": {
        "estimate": 17.08858136320431,
        "std": 10.010765768148087
    },
    "31": {
        "estimate": 17.89371103904033,
        "std": 10.70172708812432
    },
    "32": {
        "estimate": 17.22827663560472,
        "std": 10.348204161025189
    }
}