{
    "0": NaN,
    "1": 3.277332305908203,
    "2": 5.9537787437438965,
    "3": 10.599895477294922,
    "4": 8.9442138671875,
    "5": 5.387762546539307,
    "6": 4.060093879699707,
    "7": 3.3855295181274414,
    "8": 3.1464624404907227,
    "9": 2.981152057647705,
    "10": 2.809314727783203,
    "11": 2.7413270473480225,
    "12": 2.6845216751098633,
    "13": 2.607361316680908,
    "14": 2.57899808883667,
    "15": 2.533799409866333,
    "16": 2.4290266036987305,
    "17": 2.3673315048217773,
    "18": 2.3351070880889893,
    "19": 2.261230230331421,
    "20": 2.239685535430908,
    "21": 2.2114155292510986,
    "22": 2.1753108501434326,
    "23": 2.145357847213745,
    "24": 2.1259777545928955,
    "25": 2.2092154026031494,
    "26": 2.4038827419281006,
    "27": 2.387378454208374,
    "28": 2.3931586742401123,
    "29": 2.5377261638641357,
    "30": 3.1004528999328613,
    "31": 3.176299571990967,
    "32": 3.1869544982910156
}