{
    "0": {
        "estimate": NaN,
        "std": NaN
    },
    "1": {
        "estimate": 13.48723705411788,
        "std": 6.680569040045407
    },
    "2": {
        "estimate": 17.57455418757535,
        "std": 7.197941049243879
    },
    "3": {
        "estimate": 17.512011117828315,
        "std": 7.450907645925585
    },
    "4": {
        "estimate": 17.92411179086055,
        "std": 6.615716366888766
    },
    "5": {
        "estimate": 19.883981239521667,
        "std": 7.057018429292095
    },
    "6": {
        "estimate": 18.236116278696876,
        "std": 6.555636684697727
    },
    "7": {
        "estimate": 18.93288167650682,
        "std": 7.009482161896181
    },
    "8": {
        "estimate": 19.701865683926627,
        "std": 7.289055701819891
    },
    "9": {
        "estimate": 20.241495188626235,
        "std": 7.459387991955113
    },
    "10": {
        "estimate": 20.12515304510914,
        "std": 7.235153267154905
    },
    "11": {
        "estimate": 19.949514011574916,
        "std": 7.011203707452285
    },
    "12": {
        "estimate": 19.870631747980813,
        "std": 7.031082697744164
    },
    "13": {
        "estimate": 20.165359315328555,
        "std": 7.07707039848995
    },
    "14": {
        "estimate": 19.79257603539177,
        "std": 6.807584846680458
    },
    "15": {
        "estimate": 20.07137212004798,
        "std": 7.0021515709985405
    },
    "16": {
        "estimate": 19.554378410521206,
        "std": 6.759471048101146
    },
    "17": {
        "estimate": 18.809354588017683,
        "std": 6.780573626761566
    },
    "18": {
        "estimate": 18.320242902001986,
        "std": 7.0166144468991485
    },
    "19": {
        "estimate": 17.897795047707348,
        "std": 6.407542475811491
    },
    "20": {
        "estimate": 17.64969413275737,
        "std": 6.464661907832147
    },
    "21": {
        "estimate": 17.23080615031147,
        "std": 5.703620496142512
    },
    "22": {
        "estimate": 16.999196069655206,
        "std": 5.523966294381366
    },
    "23": {
        "estimate": 16.943284834826432,
        "std": 5.530429194186406
    },
    "24": {
        "estimate": 16.968703503184088,
        "std": 5.557106345703125
    },
    "25": {
        "estimate": 16.887725546828566,
        "std": 5.397798084647081
    },
    "26": {
        "estimate": 17.496320665491357,
        "std": 5.58942803747024
    },
    "27": {
        "estimate": 17.857173568050413,
        "std": 5.62409532104932
    },
    "28": {
        "estimate": 18.23324754240992,
        "std": 5.760943834276928
    },
    "29": {
        "estimate": 18.70480132277095,
        "std": 5.969240421194563
    },
    "30": {
        "estimate": 18.754199359388796,
        "std": 5.902418703454391
    },
    "31": {
        "estimate": 19.726242522078707,
        "std": 6.58868576632606
    },
    "32": {
        "estimate": 19.86703305543324,
        "std": 6.635238574248709
    }
}