{
    "0": {
        "estimate": NaN,
        "std": NaN
    },
    "1": {
        "estimate": 13.723425184420098,
        "std": 6.6471705656125595
    },
    "2": {
        "estimate": 17.49203946060622,
        "std": 7.6577519988780205
    },
    "3": {
        "estimate": 17.664295533941214,
        "std": 7.804352503177387
    },
    "4": {
        "estimate": 18.113453263535256,
        "std": 7.027299177105664
    },
    "5": {
        "estimate": 19.882208366270657,
        "std": 7.471412599418551
    },
    "6": {
        "estimate": 18.390851409397037,
        "std": 6.901117165900317
    },
    "7": {
        "estimate": 19.04792787909301,
        "std": 7.354886983708562
    },
    "8": {
        "estimate": 19.73139584588652,
        "std": 7.612681910086602
    },
    "9": {
        "estimate": 20.328915205563955,
        "std": 7.787645367268098
    },
    "10": {
        "estimate": 20.258373337187855,
        "std": 7.580318736881002
    },
    "11": {
        "estimate": 20.082471908706463,
        "std": 7.313283456170766
    },
    "12": {
        "estimate": 20.052110308562334,
        "std": 7.366115166143865
    },
    "13": {
        "estimate": 20.308180113240947,
        "std": 7.454744901702719
    },
    "14": {
        "estimate": 19.953062717513482,
        "std": 7.203319214202583
    },
    "15": {
        "estimate": 20.236502071019256,
        "std": 7.333929638313821
    },
    "16": {
        "estimate": 19.777476436649998,
        "std": 7.068777237575229
    },
    "17": {
        "estimate": 19.063405057467985,
        "std": 7.186846487164033
    },
    "18": {
        "estimate": 18.61269705660092,
        "std": 7.324749692525827
    },
    "19": {
        "estimate": 18.195594985496516,
        "std": 6.727142014448962
    },
    "20": {
        "estimate": 17.98655750174555,
        "std": 6.803026759465388
    },
    "21": {
        "estimate": 17.585259897306923,
        "std": 6.019584384728313
    },
    "22": {
        "estimate": 17.37732137202093,
        "std": 5.8477993146359575
    },
    "23": {
        "estimate": 17.29830692236005,
        "std": 5.891624807876982
    },
    "24": {
        "estimate": 17.343879966191484,
        "std": 5.88335217703466
    },
    "25": {
        "estimate": 17.272927323643664,
        "std": 5.734697186059568
    },
    "26": {
        "estimate": 17.877202457777376,
        "std": 5.984439696492476
    },
    "27": {
        "estimate": 18.212983281883833,
        "std": 6.071769649441349
    },
    "28": {
        "estimate": 18.581929472487868,
        "std": 6.241172282214913
    },
    "29": {
        "estimate": 19.07744244616293,
        "std": 6.478029375087475
    },
    "30": {
        "estimate": 19.138963832346654,
        "std": 6.455970509107614
    },
    "31": {
        "estimate": 20.03376818147139,
        "std": 7.142925095725341
    },
    "32": {
        "estimate": 20.13737920111104,
        "std": 7.1976924290865965
    }
}