{
    "0": {
        "estimate": NaN,
        "std": NaN
    },
    "1": {
        "estimate": 21.86206382415282,
        "std": 6.139859690391969
    },
    "2": {
        "estimate": 21.880912299172724,
        "std": 6.627125522948796
    },
    "3": {
        "estimate": 22.163710247756374,
        "std": 6.549565155934124
    },
    "4": {
        "estimate": 27.59621412652404,
        "std": 8.821981768045951
    },
    "5": {
        "estimate": 29.08533140535974,
        "std": 8.77475961547492
    },
    "6": {
        "estimate": 30.75211624828268,
        "std": 8.847952285249608
    },
    "7": {
        "estimate": 32.92945510579904,
        "std": 9.230116407546381
    },
    "8": {
        "estimate": 34.60668025372619,
        "std": 9.420802794303562
    },
    "9": {
        "estimate": 34.803862293492074,
        "std": 9.354337885062241
    },
    "10": {
        "estimate": 35.839362190423664,
        "std": 9.664396691281445
    },
    "11": {
        "estimate": 38.240258998094006,
        "std": 10.37075511800142
    },
    "12": {
        "estimate": 39.27793569922349,
        "std": 10.588403140405752
    },
    "13": {
        "estimate": 39.46650068819955,
        "std": 10.287042186590128
    },
    "14": {
        "estimate": 41.28956855904682,
        "std": 10.896597229033105
    },
    "15": {
        "estimate": 41.0554327659042,
        "std": 10.72127015424752
    },
    "16": {
        "estimate": 38.745288423826146,
        "std": 10.132830178603692
    },
    "17": {
        "estimate": 37.311515821915364,
        "std": 9.752305911366772
    },
    "18": {
        "estimate": 36.1788728103056,
        "std": 9.45642678122333
    },
    "19": {
        "estimate": 34.957556016237014,
        "std": 9.17172838886786
    },
    "20": {
        "estimate": 34.40760135464565,
        "std": 9.015412434213175
    },
    "21": {
        "estimate": 33.66538540495499,
        "std": 8.843507843325662
    },
    "22": {
        "estimate": 32.70959749200289,
        "std": 8.436926759731584
    },
    "23": {
        "estimate": 32.61818328192466,
        "std": 8.61834687963798
    },
    "24": {
        "estimate": 32.60216136128446,
        "std": 8.631379405652146
    },
    "25": {
        "estimate": 31.753924561646336,
        "std": 8.719303765222227
    },
    "26": {
        "estimate": 31.828343989941473,
        "std": 8.78725831874494
    },
    "27": {
        "estimate": 31.94861046592617,
        "std": 8.886474659453091
    },
    "28": {
        "estimate": 31.59307444584294,
        "std": 8.93600019506121
    },
    "29": {
        "estimate": 31.853551619256613,
        "std": 9.142303341085999
    },
    "30": {
        "estimate": 31.571284093329567,
        "std": 9.02886486296336
    },
    "31": {
        "estimate": 31.49972202828163,
        "std": 8.90611895136119
    },
    "32": {
        "estimate": 28.521300110968586,
        "std": 8.261171370219882
    }
}