{
    "0": {
        "estimate": NaN,
        "std": NaN
    },
    "1": {
        "estimate": 18.45975647747765,
        "std": 5.965911122915423
    },
    "2": {
        "estimate": 19.17508432336666,
        "std": 6.879611414560187
    },
    "3": {
        "estimate": 19.482921998723842,
        "std": 7.051802253414272
    },
    "4": {
        "estimate": 18.59107029458203,
        "std": 7.024434796942593
    },
    "5": {
        "estimate": 19.43998277793574,
        "std": 7.599552452369456
    },
    "6": {
        "estimate": 19.28501101163023,
        "std": 7.902951688436389
    },
    "7": {
        "estimate": 19.226632916937838,
        "std": 8.060710681492983
    },
    "8": {
        "estimate": 19.770787454708255,
        "std": 8.63814977170711
    },
    "9": {
        "estimate": 20.06666429627061,
        "std": 8.37059964192477
    },
    "10": {
        "estimate": 20.638197996201132,
        "std": 8.76120130903417
    },
    "11": {
        "estimate": 20.52492409433008,
        "std": 8.77208590133885
    },
    "12": {
        "estimate": 21.069333918131452,
        "std": 8.857520470414089
    },
    "13": {
        "estimate": 21.498169994114427,
        "std": 8.965970327585024
    },
    "14": {
        "estimate": 22.068724330833597,
        "std": 9.15554719738175
    },
    "15": {
        "estimate": 22.182210054791494,
        "std": 9.289994885417588
    },
    "16": {
        "estimate": 22.08641490945224,
        "std": 9.379513819805176
    },
    "17": {
        "estimate": 21.63780843566875,
        "std": 9.160171854293244
    },
    "18": {
        "estimate": 20.079389121342835,
        "std": 8.53369812408605
    },
    "19": {
        "estimate": 19.464841839642702,
        "std": 8.174804079678616
    },
    "20": {
        "estimate": 19.15373880650153,
        "std": 8.080051770797928
    },
    "21": {
        "estimate": 18.893348373075305,
        "std": 7.953683019969713
    },
    "22": {
        "estimate": 18.324725471885372,
        "std": 7.595575130769452
    },
    "23": {
        "estimate": 16.774143504744444,
        "std": 7.084425373298474
    },
    "24": {
        "estimate": 16.381409673112078,
        "std": 6.950270967702688
    },
    "25": {
        "estimate": 15.843676836125923,
        "std": 6.681632125124904
    },
    "26": {
        "estimate": 15.478612382514768,
        "std": 6.49191537186235
    },
    "27": {
        "estimate": 14.597686240699803,
        "std": 6.244307565758385
    },
    "28": {
        "estimate": 14.262526019685934,
        "std": 6.057327809226891
    },
    "29": {
        "estimate": 14.046695064227766,
        "std": 5.985478487061849
    },
    "30": {
        "estimate": 13.849171823549597,
        "std": 5.983932361211062
    },
    "31": {
        "estimate": 13.81000806639301,
        "std": 5.918102602054157
    },
    "32": {
        "estimate": 13.638571512709756,
        "std": 5.939119879132384
    },
    "33": {
        "estimate": 13.552378160646278,
        "std": 5.914948505781542
    },
    "34": {
        "estimate": 13.483834134146342,
        "std": 5.888003197253446
    },
    "35": {
        "estimate": 13.489631724163468,
        "std": 5.861109550136338
    },
    "36": {
        "estimate": 13.45596761616533,
        "std": 5.803820256735177
    },
    "37": {
        "estimate": 13.422957815638284,
        "std": 5.786848970814428
    },
    "38": {
        "estimate": 13.477197016131255,
        "std": 5.8579206316673655
    },
    "39": {
        "estimate": 13.760309330682439,
        "std": 5.951046267599828
    },
    "40": {
        "estimate": 13.721452943753311,
        "std": 5.908740819385006
    }
}