{
    "0": {
        "estimate": NaN,
        "std": NaN
    },
    "1": {
        "estimate": 15.671097970588123,
        "std": 4.58513037430889
    },
    "2": {
        "estimate": 16.49628717746155,
        "std": 5.138076514737383
    },
    "3": {
        "estimate": 16.823998637370497,
        "std": 5.5545924010999865
    },
    "4": {
        "estimate": 15.969530159285513,
        "std": 5.470769676488951
    },
    "5": {
        "estimate": 16.735491552198205,
        "std": 6.0673583527295
    },
    "6": {
        "estimate": 16.663889481854916,
        "std": 6.540070655960788
    },
    "7": {
        "estimate": 16.609843829583415,
        "std": 6.907624782985449
    },
    "8": {
        "estimate": 17.01338445870749,
        "std": 7.107370152129034
    },
    "9": {
        "estimate": 17.30401320046348,
        "std": 6.972648944592383
    },
    "10": {
        "estimate": 17.693408254477184,
        "std": 7.201701007655177
    },
    "11": {
        "estimate": 17.52637168433691,
        "std": 7.073466301400842
    },
    "12": {
        "estimate": 18.066441639020333,
        "std": 7.221142021065306
    },
    "13": {
        "estimate": 18.464710473169394,
        "std": 7.33630898674078
    },
    "14": {
        "estimate": 18.980730714264144,
        "std": 7.485249914112325
    },
    "15": {
        "estimate": 19.240876587772153,
        "std": 7.632075389765951
    },
    "16": {
        "estimate": 19.068429325851206,
        "std": 7.56932063933725
    },
    "17": {
        "estimate": 18.705566514100852,
        "std": 7.467892512248284
    },
    "18": {
        "estimate": 17.41328001257391,
        "std": 6.6982899386634704
    },
    "19": {
        "estimate": 16.81942455578052,
        "std": 6.373041347861589
    },
    "20": {
        "estimate": 16.570791394525966,
        "std": 6.184908635248583
    },
    "21": {
        "estimate": 16.29331761125668,
        "std": 6.096566677363935
    },
    "22": {
        "estimate": 16.017863886412762,
        "std": 5.991701605664941
    },
    "23": {
        "estimate": 14.859535519489247,
        "std": 5.524633890541984
    },
    "24": {
        "estimate": 14.528345895568426,
        "std": 5.382828015311205
    },
    "25": {
        "estimate": 14.127781166532822,
        "std": 5.199373841531992
    },
    "26": {
        "estimate": 13.87084474186858,
        "std": 5.103061332581353
    },
    "27": {
        "estimate": 13.210408684792647,
        "std": 4.9841947267085995
    },
    "28": {
        "estimate": 12.872669688362418,
        "std": 4.888656933936719
    },
    "29": {
        "estimate": 12.6063753524422,
        "std": 4.809281881257474
    },
    "30": {
        "estimate": 12.362222051057682,
        "std": 4.719554131427773
    },
    "31": {
        "estimate": 12.331930846025694,
        "std": 4.698770887089175
    },
    "32": {
        "estimate": 12.12769888456027,
        "std": 4.680326481099188
    },
    "33": {
        "estimate": 12.0625884822492,
        "std": 4.653106139781769
    },
    "34": {
        "estimate": 11.989004008398249,
        "std": 4.624420723653437
    },
    "35": {
        "estimate": 11.984421258825893,
        "std": 4.62144754403419
    },
    "36": {
        "estimate": 11.957482653140627,
        "std": 4.597330533555458
    },
    "37": {
        "estimate": 11.903324718086408,
        "std": 4.512035118100435
    },
    "38": {
        "estimate": 11.939279613271434,
        "std": 4.531611348985005
    },
    "39": {
        "estimate": 12.226076982238892,
        "std": 4.642417238346357
    },
    "40": {
        "estimate": 12.208244843837644,
        "std": 4.5664498967273115
    }
}