{
    "0": {
        "estimate": NaN,
        "std": NaN
    },
    "1": {
        "estimate": 16.617931365770072,
        "std": 9.576930004654786
    },
    "2": {
        "estimate": 13.189617898435,
        "std": 13.721626049069776
    },
    "3": {
        "estimate": 16.451036228239037,
        "std": 14.07681427418149
    },
    "4": {
        "estimate": 18.646821717495488,
        "std": 13.853352749749783
    },
    "5": {
        "estimate": 19.276788859744787,
        "std": 13.986250262517643
    },
    "6": {
        "estimate": 23.537868468806952,
        "std": 12.8260265758145
    },
    "7": {
        "estimate": 25.253656183300055,
        "std": 13.005909552763638
    },
    "8": {
        "estimate": 24.90268766411806,
        "std": 12.59432497597345
    },
    "9": {
        "estimate": 27.91205064734663,
        "std": 12.682548830995865
    },
    "10": {
        "estimate": 29.997767543428044,
        "std": 13.041425063990438
    },
    "11": {
        "estimate": 30.48899490203039,
        "std": 13.042301609571922
    },
    "12": {
        "estimate": 31.65289533503052,
        "std": 13.228137390199896
    },
    "13": {
        "estimate": 31.537644304165326,
        "std": 12.841198037857572
    },
    "14": {
        "estimate": 32.5068557840231,
        "std": 12.825632687074869
    },
    "15": {
        "estimate": 32.53567080092488,
        "std": 12.82724931534495
    },
    "16": {
        "estimate": 31.95936875408749,
        "std": 12.329983004168971
    },
    "17": {
        "estimate": 32.78257957965662,
        "std": 12.195852644378641
    },
    "18": {
        "estimate": 33.35595492782764,
        "std": 11.963507130494524
    },
    "19": {
        "estimate": 32.33787756369136,
        "std": 11.422280726758832
    },
    "20": {
        "estimate": 32.04084391451809,
        "std": 11.086506528598425
    },
    "21": {
        "estimate": 32.10609789115274,
        "std": 11.079804496918188
    },
    "22": {
        "estimate": 31.99764460213424,
        "std": 11.119498969433998
    },
    "23": {
        "estimate": 30.61370693857004,
        "std": 10.52195527914893
    },
    "24": {
        "estimate": 30.63195391912708,
        "std": 10.38720174823092
    },
    "25": {
        "estimate": 30.976155978630576,
        "std": 10.674819183480366
    },
    "26": {
        "estimate": 31.448534961203766,
        "std": 10.677276751200594
    },
    "27": {
        "estimate": 32.10802297085316,
        "std": 10.701258544166764
    },
    "28": {
        "estimate": 32.74035959230205,
        "std": 11.028093086637261
    },
    "29": {
        "estimate": 34.21389799306849,
        "std": 11.620714002690335
    },
    "30": {
        "estimate": 33.36426556708213,
        "std": 12.276783916551977
    },
    "31": {
        "estimate": 34.36580489612277,
        "std": 12.799911634039665
    },
    "32": {
        "estimate": 30.364416067965784,
        "std": 11.60069315888199
    }
}