{
    "0": {
        "estimate": NaN,
        "std": NaN
    },
    "1": {
        "estimate": 16.336169690272815,
        "std": 7.678037565545654
    },
    "2": {
        "estimate": 13.194282899067902,
        "std": 11.200207482419376
    },
    "3": {
        "estimate": 16.731538027680116,
        "std": 11.76185878349038
    },
    "4": {
        "estimate": 19.047152078174886,
        "std": 11.692206092184914
    },
    "5": {
        "estimate": 19.756591622168447,
        "std": 11.89539394119398
    },
    "6": {
        "estimate": 23.37907296809321,
        "std": 10.444683499987496
    },
    "7": {
        "estimate": 24.96013988333277,
        "std": 10.687063429345045
    },
    "8": {
        "estimate": 24.730129021923606,
        "std": 10.34000232633575
    },
    "9": {
        "estimate": 27.14171773055728,
        "std": 10.389009704240257
    },
    "10": {
        "estimate": 28.971966951677647,
        "std": 10.536130954386705
    },
    "11": {
        "estimate": 29.209236948028252,
        "std": 10.377558193910852
    },
    "12": {
        "estimate": 30.257425363578044,
        "std": 10.493797597730087
    },
    "13": {
        "estimate": 30.14921778532113,
        "std": 10.267434375962639
    },
    "14": {
        "estimate": 30.72833327573594,
        "std": 10.04228653334088
    },
    "15": {
        "estimate": 30.892016892172414,
        "std": 10.144066366978569
    },
    "16": {
        "estimate": 30.393567632518405,
        "std": 9.78782721202455
    },
    "17": {
        "estimate": 30.892903712542786,
        "std": 9.548007132974202
    },
    "18": {
        "estimate": 31.23663332139247,
        "std": 9.474236146677885
    },
    "19": {
        "estimate": 30.19984755031868,
        "std": 8.714258684007126
    },
    "20": {
        "estimate": 29.79497310371151,
        "std": 8.43118274095495
    },
    "21": {
        "estimate": 29.746809483821213,
        "std": 8.303589051138124
    },
    "22": {
        "estimate": 29.764495541499652,
        "std": 8.406735641466737
    },
    "23": {
        "estimate": 28.370682172529715,
        "std": 7.988436010288333
    },
    "24": {
        "estimate": 28.36270197984966,
        "std": 7.960557540480512
    },
    "25": {
        "estimate": 28.547683340624417,
        "std": 7.95538644117482
    },
    "26": {
        "estimate": 29.02952039164179,
        "std": 8.138802947877895
    },
    "27": {
        "estimate": 29.548262622075853,
        "std": 8.185742585570795
    },
    "28": {
        "estimate": 30.02537876605118,
        "std": 8.24519684132113
    },
    "29": {
        "estimate": 31.484320683689084,
        "std": 8.883185345046787
    },
    "30": {
        "estimate": 31.07403876078542,
        "std": 9.226502340025498
    },
    "31": {
        "estimate": 32.478371314939075,
        "std": 9.936664881889671
    },
    "32": {
        "estimate": 28.86143835910288,
        "std": 9.363227342489076
    }
}