{
    "0": {
        "estimate": NaN,
        "std": NaN
    },
    "1": {
        "estimate": 15.61145130827291,
        "std": 5.592181639578125
    },
    "2": {
        "estimate": 14.685295903695602,
        "std": 7.782396819882835
    },
    "3": {
        "estimate": 18.015362640133453,
        "std": 8.264035986016262
    },
    "4": {
        "estimate": 19.89209590212996,
        "std": 8.417499544178368
    },
    "5": {
        "estimate": 20.980534594634307,
        "std": 8.668234380239944
    },
    "6": {
        "estimate": 23.056987424225785,
        "std": 7.732512352323069
    },
    "7": {
        "estimate": 24.240577074098717,
        "std": 7.8960371494582455
    },
    "8": {
        "estimate": 24.075449505736056,
        "std": 7.742522834123945
    },
    "9": {
        "estimate": 25.62531357011595,
        "std": 7.6502915859702325
    },
    "10": {
        "estimate": 26.808932761404627,
        "std": 7.657290267343006
    },
    "11": {
        "estimate": 27.07498664975395,
        "std": 7.561733291762242
    },
    "12": {
        "estimate": 27.58838804995002,
        "std": 7.5520544919388595
    },
    "13": {
        "estimate": 27.3474527138688,
        "std": 7.1997070064831705
    },
    "14": {
        "estimate": 27.88847556647608,
        "std": 7.193509573227764
    },
    "15": {
        "estimate": 28.286148386945353,
        "std": 7.201899329833753
    },
    "16": {
        "estimate": 27.614973072365892,
        "std": 6.8405303043907955
    },
    "17": {
        "estimate": 27.73451814110545,
        "std": 6.548506455132614
    },
    "18": {
        "estimate": 27.590092389537702,
        "std": 6.331539461417385
    },
    "19": {
        "estimate": 26.34511849073856,
        "std": 5.8941887472013645
    },
    "20": {
        "estimate": 25.843267565506892,
        "std": 5.6117369543686
    },
    "21": {
        "estimate": 25.800313205464313,
        "std": 5.655181371199841
    },
    "22": {
        "estimate": 25.687104420644737,
        "std": 5.591136355515067
    },
    "23": {
        "estimate": 24.246887120747367,
        "std": 5.3775166796532785
    },
    "24": {
        "estimate": 24.184009742205035,
        "std": 5.365358975136702
    },
    "25": {
        "estimate": 24.335062901159837,
        "std": 5.359587511393825
    },
    "26": {
        "estimate": 24.744270436784845,
        "std": 5.477621794576643
    },
    "27": {
        "estimate": 25.162632663777035,
        "std": 5.576006549927786
    },
    "28": {
        "estimate": 25.586213790065766,
        "std": 5.677873487288791
    },
    "29": {
        "estimate": 27.093425568186397,
        "std": 6.179586196966012
    },
    "30": {
        "estimate": 27.318868988122798,
        "std": 6.559334097196956
    },
    "31": {
        "estimate": 28.924205921110143,
        "std": 7.225028020107833
    },
    "32": {
        "estimate": 26.031962089949594,
        "std": 6.992370823933569
    }
}