{
    "0": NaN,
    "1": 9.808326721191406,
    "2": 2.737361431121826,
    "3": 5.007993698120117,
    "4": 7.117580413818359,
    "5": 7.504706859588623,
    "6": 12.021722793579102,
    "7": 13.721199035644531,
    "8": 13.831117630004883,
    "9": 17.62276268005371,
    "10": 20.309419631958008,
    "11": 21.656904220581055,
    "12": 23.94258689880371,
    "13": 25.327180862426758,
    "14": 26.969573974609375,
    "15": 26.05608367919922,
    "16": 26.6164493560791,
    "17": 29.142057418823242,
    "18": 31.37008285522461,
    "19": 32.023780822753906,
    "20": 32.5788688659668,
    "21": 32.492095947265625,
    "22": 32.439552307128906,
    "23": 31.755727767944336,
    "24": 31.546695709228516,
    "25": 31.3366756439209,
    "26": 32.01456069946289,
    "27": 32.471282958984375,
    "28": 33.2694206237793,
    "29": 33.16511535644531,
    "30": 29.881420135498047,
    "31": 29.71284294128418,
    "32": 25.00306510925293
}