{
    "0": {
        "estimate": NaN,
        "std": NaN
    },
    "1": {
        "estimate": 15.786421697494513,
        "std": 5.908724739090846
    },
    "2": {
        "estimate": 15.963533025385367,
        "std": 6.93954705936983
    },
    "3": {
        "estimate": 16.845855836033277,
        "std": 7.776165957821586
    },
    "4": {
        "estimate": 18.27222044437505,
        "std": 8.44156522678903
    },
    "5": {
        "estimate": 19.35370432638599,
        "std": 8.53406773509133
    },
    "6": {
        "estimate": 20.369007707287636,
        "std": 8.757362764723938
    },
    "7": {
        "estimate": 22.165470905681627,
        "std": 9.233860401919781
    },
    "8": {
        "estimate": 23.542604977967123,
        "std": 9.824639480247578
    },
    "9": {
        "estimate": 23.215237224204845,
        "std": 9.465996895275874
    },
    "10": {
        "estimate": 26.348051371712273,
        "std": 9.679969459035119
    },
    "11": {
        "estimate": 27.050590934318166,
        "std": 9.463237559602234
    },
    "12": {
        "estimate": 26.911976952147274,
        "std": 9.12932266565707
    },
    "13": {
        "estimate": 26.34835923929928,
        "std": 8.50795124735802
    },
    "14": {
        "estimate": 25.86271502737307,
        "std": 8.441510506077556
    },
    "15": {
        "estimate": 25.182952516505438,
        "std": 8.188974065211061
    },
    "16": {
        "estimate": 24.239549958456113,
        "std": 7.864369025572299
    },
    "17": {
        "estimate": 24.394448270078264,
        "std": 7.957039677551916
    },
    "18": {
        "estimate": 24.78144166984055,
        "std": 8.262650625618443
    },
    "19": {
        "estimate": 24.582283694078093,
        "std": 8.139237355525383
    },
    "20": {
        "estimate": 24.51141923434254,
        "std": 8.241220928723589
    },
    "21": {
        "estimate": 24.621646481693087,
        "std": 8.23597835880494
    },
    "22": {
        "estimate": 25.110830144706515,
        "std": 8.362907602190376
    },
    "23": {
        "estimate": 25.05821910313562,
        "std": 8.271866529879691
    },
    "24": {
        "estimate": 25.530794694023108,
        "std": 8.467569364092245
    },
    "25": {
        "estimate": 25.92061168369837,
        "std": 8.649428716324842
    },
    "26": {
        "estimate": 26.485490778048824,
        "std": 8.727936530945662
    },
    "27": {
        "estimate": 27.003011578353203,
        "std": 8.929805207868164
    },
    "28": {
        "estimate": 27.20336241918676,
        "std": 9.045375153898592
    },
    "29": {
        "estimate": 27.469481761818507,
        "std": 9.214781418479141
    },
    "30": {
        "estimate": 27.5967455366194,
        "std": 9.258881406006966
    },
    "31": {
        "estimate": 27.77505581635615,
        "std": 9.24869104108838
    },
    "32": {
        "estimate": 27.874621960319033,
        "std": 9.365117859546858
    },
    "33": {
        "estimate": 28.658960951012048,
        "std": 9.726759698480707
    },
    "34": {
        "estimate": 28.962354964992823,
        "std": 9.79737724067029
    },
    "35": {
        "estimate": 29.18662124301645,
        "std": 9.821682425066916
    },
    "36": {
        "estimate": 29.664811913175555,
        "std": 10.176668637519136
    },
    "37": {
        "estimate": 29.53980412865549,
        "std": 10.303102714524604
    },
    "38": {
        "estimate": 29.95311358115897,
        "std": 10.402990444471783
    },
    "39": {
        "estimate": 29.896526088999533,
        "std": 10.23538734040651
    },
    "40": {
        "estimate": 30.499268340517407,
        "std": 10.327245100891014
    }
}