{
    "0": {
        "estimate": NaN,
        "std": NaN
    },
    "1": {
        "estimate": 13.668921163681395,
        "std": 4.050773468775511
    },
    "2": {
        "estimate": 14.272193430678493,
        "std": 4.83341032024531
    },
    "3": {
        "estimate": 15.951995721103009,
        "std": 5.518849897636957
    },
    "4": {
        "estimate": 17.405140357935178,
        "std": 5.8737904904841205
    },
    "5": {
        "estimate": 18.448950944664613,
        "std": 5.865553201002288
    },
    "6": {
        "estimate": 19.366241270420044,
        "std": 5.998664292904542
    },
    "7": {
        "estimate": 20.863276131716987,
        "std": 6.439495862071052
    },
    "8": {
        "estimate": 22.4835063374009,
        "std": 6.913943934557026
    },
    "9": {
        "estimate": 22.15722473025761,
        "std": 6.610035503378319
    },
    "10": {
        "estimate": 24.27165971656844,
        "std": 6.950548791028861
    },
    "11": {
        "estimate": 24.303357140142836,
        "std": 6.646694787433751
    },
    "12": {
        "estimate": 23.936027694147022,
        "std": 6.357079200243331
    },
    "13": {
        "estimate": 23.25915518267543,
        "std": 6.035518178469597
    },
    "14": {
        "estimate": 22.58522595244433,
        "std": 5.73913649234031
    },
    "15": {
        "estimate": 21.377918215126563,
        "std": 5.471959350782683
    },
    "16": {
        "estimate": 20.992497917053335,
        "std": 5.2249944680712295
    },
    "17": {
        "estimate": 20.636493006322894,
        "std": 5.272390085019999
    },
    "18": {
        "estimate": 20.582334749693178,
        "std": 5.468410239281409
    },
    "19": {
        "estimate": 20.03823120239629,
        "std": 5.52555421539654
    },
    "20": {
        "estimate": 19.807532777584893,
        "std": 5.508247678231132
    },
    "21": {
        "estimate": 19.896730134643004,
        "std": 5.642621430608429
    },
    "22": {
        "estimate": 20.195885060740967,
        "std": 5.777029869954469
    },
    "23": {
        "estimate": 19.977911945388183,
        "std": 5.723195639366196
    },
    "24": {
        "estimate": 20.451149292924796,
        "std": 5.82736390198631
    },
    "25": {
        "estimate": 20.67522633757458,
        "std": 5.909362211079169
    },
    "26": {
        "estimate": 21.17239404582146,
        "std": 6.090296567790581
    },
    "27": {
        "estimate": 21.597603125416814,
        "std": 6.112094025016064
    },
    "28": {
        "estimate": 21.712621487394895,
        "std": 6.1132280637785215
    },
    "29": {
        "estimate": 21.980183063852678,
        "std": 6.160954681599344
    },
    "30": {
        "estimate": 22.057202356132468,
        "std": 6.134588147028782
    },
    "31": {
        "estimate": 22.275231380181573,
        "std": 6.185595399259046
    },
    "32": {
        "estimate": 22.356669192178718,
        "std": 6.1502543113016666
    },
    "33": {
        "estimate": 23.21988338920118,
        "std": 6.42120008084698
    },
    "34": {
        "estimate": 23.476940219799246,
        "std": 6.564135917028798
    },
    "35": {
        "estimate": 23.846195629645926,
        "std": 6.660492388354315
    },
    "36": {
        "estimate": 24.1531044729589,
        "std": 6.783774250908873
    },
    "37": {
        "estimate": 24.24971810871512,
        "std": 6.915226858876885
    },
    "38": {
        "estimate": 25.06328804202212,
        "std": 6.9465341527378595
    },
    "39": {
        "estimate": 25.74455511332334,
        "std": 6.91690404070049
    },
    "40": {
        "estimate": 26.59664851268828,
        "std": 6.789848184316853
    }
}