{
    "0": {
        "estimate": NaN,
        "std": NaN
    },
    "1": {
        "estimate": 14.852806700294462,
        "std": 4.60648248224162
    },
    "2": {
        "estimate": 15.348751234148576,
        "std": 5.5930426871385865
    },
    "3": {
        "estimate": 16.68027553456983,
        "std": 6.288641406854423
    },
    "4": {
        "estimate": 18.14049867028045,
        "std": 6.710919020408605
    },
    "5": {
        "estimate": 19.154828952799498,
        "std": 6.833706177192285
    },
    "6": {
        "estimate": 20.15616199745334,
        "std": 7.056522430829506
    },
    "7": {
        "estimate": 21.72818387961996,
        "std": 7.504156273595192
    },
    "8": {
        "estimate": 23.267986088521774,
        "std": 7.963848962364401
    },
    "9": {
        "estimate": 22.92820932851742,
        "std": 7.528773925120502
    },
    "10": {
        "estimate": 25.590592795471114,
        "std": 7.920804298586347
    },
    "11": {
        "estimate": 25.890376483014325,
        "std": 7.647153318861855
    },
    "12": {
        "estimate": 25.55243444561328,
        "std": 7.274329404395642
    },
    "13": {
        "estimate": 24.86218102334426,
        "std": 6.89656066883502
    },
    "14": {
        "estimate": 24.24691976345135,
        "std": 6.749617023478248
    },
    "15": {
        "estimate": 23.311326323131752,
        "std": 6.552134292709689
    },
    "16": {
        "estimate": 22.699761906842888,
        "std": 6.280743726869374
    },
    "17": {
        "estimate": 22.54807947779483,
        "std": 6.279342520988553
    },
    "18": {
        "estimate": 22.72103019964617,
        "std": 6.473680421258809
    },
    "19": {
        "estimate": 22.376301451393125,
        "std": 6.443597624300973
    },
    "20": {
        "estimate": 22.250124247278364,
        "std": 6.517825987623553
    },
    "21": {
        "estimate": 22.392828344348807,
        "std": 6.690701918948505
    },
    "22": {
        "estimate": 22.77219537321594,
        "std": 6.7630220403142705
    },
    "23": {
        "estimate": 22.61179398652054,
        "std": 6.680761583339827
    },
    "24": {
        "estimate": 23.138863388915468,
        "std": 6.821199514116911
    },
    "25": {
        "estimate": 23.379335625459166,
        "std": 6.856695160874035
    },
    "26": {
        "estimate": 23.903812610677424,
        "std": 7.01853572903818
    },
    "27": {
        "estimate": 24.35921613298298,
        "std": 7.135238957422887
    },
    "28": {
        "estimate": 24.525307956017386,
        "std": 7.176805597566598
    },
    "29": {
        "estimate": 24.811365765324467,
        "std": 7.256294445773391
    },
    "30": {
        "estimate": 24.92900630668358,
        "std": 7.238732197837639
    },
    "31": {
        "estimate": 25.14422724819638,
        "std": 7.3170344124682485
    },
    "32": {
        "estimate": 25.19469339545604,
        "std": 7.293351167202557
    },
    "33": {
        "estimate": 26.130647714349173,
        "std": 7.702936288316805
    },
    "34": {
        "estimate": 26.379919609236484,
        "std": 7.76990259705823
    },
    "35": {
        "estimate": 26.756767687312124,
        "std": 7.815878982777682
    },
    "36": {
        "estimate": 27.107092030089763,
        "std": 8.009860782394899
    },
    "37": {
        "estimate": 27.03715422934564,
        "std": 8.077605629034185
    },
    "38": {
        "estimate": 27.702441941302787,
        "std": 8.144872977249218
    },
    "39": {
        "estimate": 28.074596407504128,
        "std": 8.136841485936657
    },
    "40": {
        "estimate": 28.702299901377177,
        "std": 8.024853935636932
    }
}