{
    "0": {
        "estimate": NaN,
        "std": NaN
    },
    "1": {
        "estimate": 14.20316066419874,
        "std": 4.219711335485927
    },
    "2": {
        "estimate": 14.799837117566998,
        "std": 5.0682795558238904
    },
    "3": {
        "estimate": 16.35481758665186,
        "std": 5.782767851156657
    },
    "4": {
        "estimate": 17.81384888416801,
        "std": 6.156423040175561
    },
    "5": {
        "estimate": 18.78104487689429,
        "std": 6.152685765204113
    },
    "6": {
        "estimate": 19.762926222781125,
        "std": 6.372504146741593
    },
    "7": {
        "estimate": 21.30001450884402,
        "std": 6.780438452459897
    },
    "8": {
        "estimate": 22.918054324576772,
        "std": 7.294377998952016
    },
    "9": {
        "estimate": 22.532665452623352,
        "std": 6.920706912346624
    },
    "10": {
        "estimate": 24.86558699593434,
        "std": 7.2024231423666345
    },
    "11": {
        "estimate": 25.010648120476084,
        "std": 6.976178612255279
    },
    "12": {
        "estimate": 24.613064969373564,
        "std": 6.640640652081359
    },
    "13": {
        "estimate": 23.93884282378392,
        "std": 6.327783697265554
    },
    "14": {
        "estimate": 23.264802031214234,
        "std": 6.093878282596243
    },
    "15": {
        "estimate": 22.16763674498534,
        "std": 5.837391945196836
    },
    "16": {
        "estimate": 21.70549956667222,
        "std": 5.619957606220504
    },
    "17": {
        "estimate": 21.449549402504026,
        "std": 5.687573945655543
    },
    "18": {
        "estimate": 21.517142972922123,
        "std": 5.859668381093803
    },
    "19": {
        "estimate": 21.063062634962826,
        "std": 5.860742571882205
    },
    "20": {
        "estimate": 20.851429472856402,
        "std": 5.842940884484494
    },
    "21": {
        "estimate": 20.95325821295586,
        "std": 6.045103023815413
    },
    "22": {
        "estimate": 21.303932741243436,
        "std": 6.133524153272546
    },
    "23": {
        "estimate": 21.070107320118037,
        "std": 6.057072579559959
    },
    "24": {
        "estimate": 21.58211024481001,
        "std": 6.186377669857681
    },
    "25": {
        "estimate": 21.815389751746324,
        "std": 6.2040985112081195
    },
    "26": {
        "estimate": 22.36800472598544,
        "std": 6.42811629864518
    },
    "27": {
        "estimate": 22.779937463413855,
        "std": 6.466162191817788
    },
    "28": {
        "estimate": 22.929077625015932,
        "std": 6.489565420897625
    },
    "29": {
        "estimate": 23.19871358653183,
        "std": 6.536853423726882
    },
    "30": {
        "estimate": 23.272699861245066,
        "std": 6.547002616500029
    },
    "31": {
        "estimate": 23.475631951067847,
        "std": 6.6027398886599755
    },
    "32": {
        "estimate": 23.581311213909387,
        "std": 6.5796981400794445
    },
    "33": {
        "estimate": 24.459824322838656,
        "std": 6.882932758171959
    },
    "34": {
        "estimate": 24.718322702813595,
        "std": 6.9792686285036725
    },
    "35": {
        "estimate": 25.095084182784497,
        "std": 7.064001382685599
    },
    "36": {
        "estimate": 25.419565128203843,
        "std": 7.197693433481607
    },
    "37": {
        "estimate": 25.458301902226637,
        "std": 7.319457505877478
    },
    "38": {
        "estimate": 26.24183992188226,
        "std": 7.33854593047742
    },
    "39": {
        "estimate": 26.779371848126374,
        "std": 7.32855541823155
    },
    "40": {
        "estimate": 27.530424332413357,
        "std": 7.22920321456108
    }
}