{
    "0": NaN,
    "1": 9.859317779541016,
    "2": 7.570749759674072,
    "3": 6.190658092498779,
    "4": 6.675751686096191,
    "5": 7.970315456390381,
    "6": 9.155861854553223,
    "7": 10.50818920135498,
    "8": 10.896880149841309,
    "9": 11.366118431091309,
    "10": 16.003063201904297,
    "11": 18.15329360961914,
    "12": 19.757579803466797,
    "13": 20.666858673095703,
    "14": 21.88591194152832,
    "15": 22.77800750732422,
    "16": 20.130455017089844,
    "17": 20.90566062927246,
    "18": 22.012866973876953,
    "19": 22.435619354248047,
    "20": 22.913902282714844,
    "21": 23.13775634765625,
    "22": 23.684057235717773,
    "23": 23.921010971069336,
    "24": 23.78555679321289,
    "25": 23.728120803833008,
    "26": 23.810462951660156,
    "27": 23.532255172729492,
    "28": 23.517484664916992,
    "29": 23.361967086791992,
    "30": 23.436389923095703,
    "31": 23.399694442749023,
    "32": 23.2785701751709,
    "33": 22.55538558959961,
    "34": 22.68033790588379,
    "35": 22.750856399536133,
    "36": 22.687692642211914,
    "37": 22.417354583740234,
    "38": 22.421411514282227,
    "39": 22.029542922973633,
    "40": 22.668787002563477
}