{
    "0": {
        "estimate": NaN,
        "std": NaN
    },
    "1": {
        "estimate": 16.078837876741968,
        "std": 3.769219539630474
    },
    "2": {
        "estimate": 16.76294981441311,
        "std": 4.030867953221969
    },
    "3": {
        "estimate": 18.006159834894685,
        "std": 4.2815734941566195
    },
    "4": {
        "estimate": 20.75794533562062,
        "std": 5.679273240664305
    },
    "5": {
        "estimate": 19.670148351834673,
        "std": 5.762991977467067
    },
    "6": {
        "estimate": 20.12036872413094,
        "std": 6.075326429681408
    },
    "7": {
        "estimate": 20.67362157553815,
        "std": 6.470821618281239
    },
    "8": {
        "estimate": 20.19449126676079,
        "std": 6.320687857446511
    },
    "9": {
        "estimate": 20.634095137748226,
        "std": 6.211537915666381
    },
    "10": {
        "estimate": 20.80702867852694,
        "std": 6.200471297310493
    },
    "11": {
        "estimate": 20.92638788446283,
        "std": 6.107012774664996
    },
    "12": {
        "estimate": 20.960046152096684,
        "std": 6.034118756286316
    },
    "13": {
        "estimate": 21.29392313045413,
        "std": 6.093607176187082
    },
    "14": {
        "estimate": 21.350727743684814,
        "std": 6.060251032328178
    },
    "15": {
        "estimate": 21.296927210298467,
        "std": 5.880878080079353
    },
    "16": {
        "estimate": 21.162975636220565,
        "std": 5.6974339078953
    },
    "17": {
        "estimate": 21.438963165659217,
        "std": 5.667587189608272
    },
    "18": {
        "estimate": 20.929596365498966,
        "std": 5.414686752751792
    },
    "19": {
        "estimate": 20.411481446166366,
        "std": 5.145690069154008
    },
    "20": {
        "estimate": 19.953237048536668,
        "std": 4.961769666908682
    },
    "21": {
        "estimate": 20.13313614482334,
        "std": 4.970097230184981
    },
    "22": {
        "estimate": 20.497007081725087,
        "std": 5.139943498974832
    },
    "23": {
        "estimate": 20.152435877995917,
        "std": 5.054942333006496
    },
    "24": {
        "estimate": 20.034561004562022,
        "std": 5.011638912777693
    },
    "25": {
        "estimate": 20.03637080527303,
        "std": 4.999903445871158
    },
    "26": {
        "estimate": 20.3488163419254,
        "std": 5.172519355865661
    },
    "27": {
        "estimate": 20.440989555665965,
        "std": 5.239216011248307
    },
    "28": {
        "estimate": 20.48427403867224,
        "std": 5.28409424649943
    },
    "29": {
        "estimate": 20.47222599299234,
        "std": 5.237284539392094
    },
    "30": {
        "estimate": 20.44253385291712,
        "std": 5.230142763648699
    },
    "31": {
        "estimate": 20.514107841823222,
        "std": 5.27132737381664
    },
    "32": {
        "estimate": 20.92752168134291,
        "std": 5.599015633932514
    },
    "33": {
        "estimate": 21.541839261977177,
        "std": 5.894226273203871
    },
    "34": {
        "estimate": 21.712742861789728,
        "std": 5.962920543568846
    },
    "35": {
        "estimate": 22.37377565278187,
        "std": 6.280064564766865
    },
    "36": {
        "estimate": 22.5519242911148,
        "std": 6.352219886743103
    },
    "37": {
        "estimate": 22.83963486789107,
        "std": 6.6479854195557575
    },
    "38": {
        "estimate": 23.546457274279764,
        "std": 7.030562509161726
    },
    "39": {
        "estimate": 23.463019735210576,
        "std": 7.430504758551996
    },
    "40": {
        "estimate": 21.90313335376294,
        "std": 7.375418499872271
    }
}