{
    "0": {
        "estimate": NaN,
        "std": NaN
    },
    "1": {
        "estimate": 15.591058761652134,
        "std": 3.478670497189802
    },
    "2": {
        "estimate": 16.296405564256823,
        "std": 3.6658647898689725
    },
    "3": {
        "estimate": 17.534625191724526,
        "std": 3.8545141278215005
    },
    "4": {
        "estimate": 20.335796464115287,
        "std": 5.130484168104994
    },
    "5": {
        "estimate": 19.41070964742129,
        "std": 5.32109003976411
    },
    "6": {
        "estimate": 19.89337028685431,
        "std": 5.606751296963652
    },
    "7": {
        "estimate": 20.514764268273186,
        "std": 6.0658553787142795
    },
    "8": {
        "estimate": 19.954064359065196,
        "std": 5.8833688751315725
    },
    "9": {
        "estimate": 20.382579770251706,
        "std": 5.811692538598878
    },
    "10": {
        "estimate": 20.521495297229077,
        "std": 5.788993763537972
    },
    "11": {
        "estimate": 20.57445961870618,
        "std": 5.6476508401723144
    },
    "12": {
        "estimate": 20.558342740286047,
        "std": 5.561456917875182
    },
    "13": {
        "estimate": 20.882146722362698,
        "std": 5.626092028353533
    },
    "14": {
        "estimate": 20.916866868222993,
        "std": 5.573447570131153
    },
    "15": {
        "estimate": 20.80942790739157,
        "std": 5.36733037568786
    },
    "16": {
        "estimate": 20.665877312663458,
        "std": 5.228716455605789
    },
    "17": {
        "estimate": 20.93373034859122,
        "std": 5.212449950170586
    },
    "18": {
        "estimate": 20.406097364486694,
        "std": 4.947642476932613
    },
    "19": {
        "estimate": 19.888838000388024,
        "std": 4.678764346331437
    },
    "20": {
        "estimate": 19.409963297700564,
        "std": 4.494864501710799
    },
    "21": {
        "estimate": 19.58443193020191,
        "std": 4.549112326635214
    },
    "22": {
        "estimate": 19.907749449376325,
        "std": 4.70018561032703
    },
    "23": {
        "estimate": 19.580432400537997,
        "std": 4.6272155003901245
    },
    "24": {
        "estimate": 19.484915450161655,
        "std": 4.611902467230523
    },
    "25": {
        "estimate": 19.477483478156756,
        "std": 4.6010541691604026
    },
    "26": {
        "estimate": 19.798990988594493,
        "std": 4.754152538993583
    },
    "27": {
        "estimate": 19.907551980255207,
        "std": 4.817458806907057
    },
    "28": {
        "estimate": 19.920986398101988,
        "std": 4.835804915623076
    },
    "29": {
        "estimate": 19.901770495565852,
        "std": 4.78980916308011
    },
    "30": {
        "estimate": 19.867256449332846,
        "std": 4.768288460418137
    },
    "31": {
        "estimate": 19.95148818400342,
        "std": 4.837602119223766
    },
    "32": {
        "estimate": 20.420279070298054,
        "std": 5.149156298728184
    },
    "33": {
        "estimate": 21.07744085619209,
        "std": 5.4493649609208905
    },
    "34": {
        "estimate": 21.22671688697287,
        "std": 5.47054692845878
    },
    "35": {
        "estimate": 21.926203414600888,
        "std": 5.796543278891308
    },
    "36": {
        "estimate": 22.119185795234998,
        "std": 5.891588352805547
    },
    "37": {
        "estimate": 22.513934061304102,
        "std": 6.1299712863131335
    },
    "38": {
        "estimate": 23.325999158939883,
        "std": 6.567625180460478
    },
    "39": {
        "estimate": 23.384066859489614,
        "std": 6.904591752199501
    },
    "40": {
        "estimate": 22.042953561778816,
        "std": 6.979376297787801
    }
}