{
    "0": NaN,
    "1": 5.001462459564209,
    "2": 3.017098903656006,
    "3": 2.711989164352417,
    "4": 2.294384479522705,
    "5": 2.0310585498809814,
    "6": 1.8897919654846191,
    "7": 1.9282619953155518,
    "8": 1.9972316026687622,
    "9": 1.9927587509155273,
    "10": 1.9861524105072021,
    "11": 1.9330576658248901,
    "12": 1.9838570356369019,
    "13": 2.1467089653015137,
    "14": 5.327737331390381,
    "15": 8.072001457214355,
    "16": 12.640947341918945,
    "17": 18.13705062866211,
    "18": 19.34443473815918,
    "19": 20.694408416748047,
    "20": 21.09203338623047,
    "21": 21.789569854736328,
    "22": 21.776187896728516,
    "23": 21.750568389892578,
    "24": 21.75086784362793,
    "25": 21.71648406982422,
    "26": 21.871606826782227,
    "27": 21.878799438476562,
    "28": 22.02470588684082,
    "29": 21.938819885253906,
    "30": 21.98600196838379,
    "31": 21.947633743286133,
    "32": 22.008455276489258,
    "33": 22.082719802856445,
    "34": 22.430809020996094,
    "35": 22.477022171020508,
    "36": 22.612642288208008,
    "37": 22.99192237854004,
    "38": 23.427282333374023,
    "39": 23.757539749145508,
    "40": 23.4310359954834
}