{
    "0": {
        "estimate": NaN,
        "std": NaN
    },
    "1": {
        "estimate": 13.98647578360524,
        "std": 8.236079098861863
    },
    "2": {
        "estimate": 15.932035669530887,
        "std": 10.046372155241752
    },
    "3": {
        "estimate": 17.37420406814822,
        "std": 10.708528096362238
    },
    "4": {
        "estimate": 17.865890203597576,
        "std": 9.602354712716815
    },
    "5": {
        "estimate": 19.17510010067669,
        "std": 10.384334706379102
    },
    "6": {
        "estimate": 17.939975663925342,
        "std": 9.04028088255185
    },
    "7": {
        "estimate": 18.328216559848144,
        "std": 9.533366704821516
    },
    "8": {
        "estimate": 18.68665250840435,
        "std": 9.937671584701805
    },
    "9": {
        "estimate": 19.233918796628988,
        "std": 9.850625848143887
    },
    "10": {
        "estimate": 19.442843942671114,
        "std": 9.815958951360026
    },
    "11": {
        "estimate": 19.240891653316698,
        "std": 9.609530673147237
    },
    "12": {
        "estimate": 19.24775011857132,
        "std": 9.77205247271403
    },
    "13": {
        "estimate": 19.175859667177452,
        "std": 9.3485249237017
    },
    "14": {
        "estimate": 19.011603428488918,
        "std": 9.347863664229132
    },
    "15": {
        "estimate": 19.055343782230597,
        "std": 9.375880167078193
    },
    "16": {
        "estimate": 18.410959798658197,
        "std": 8.698478152130638
    },
    "17": {
        "estimate": 18.150225025249302,
        "std": 8.416013832287133
    },
    "18": {
        "estimate": 17.84418258321609,
        "std": 7.959961385287629
    },
    "19": {
        "estimate": 17.70454562590785,
        "std": 7.7546390766551125
    },
    "20": {
        "estimate": 17.608586072992573,
        "std": 7.56124760698527
    },
    "21": {
        "estimate": 17.385291392279697,
        "std": 7.454391122459759
    },
    "22": {
        "estimate": 17.303215913285925,
        "std": 7.360714872698365
    },
    "23": {
        "estimate": 17.23926098362183,
        "std": 7.219156443213937
    },
    "24": {
        "estimate": 17.38726590980275,
        "std": 7.318782119887844
    },
    "25": {
        "estimate": 17.56333824870056,
        "std": 7.314842897915131
    },
    "26": {
        "estimate": 18.19464563703387,
        "std": 7.775036419552977
    },
    "27": {
        "estimate": 18.54526565411522,
        "std": 7.951118836128304
    },
    "28": {
        "estimate": 19.01177367449777,
        "std": 8.287643663009293
    },
    "29": {
        "estimate": 19.551661624507343,
        "std": 8.567699874738178
    },
    "30": {
        "estimate": 19.66056054719848,
        "std": 8.630065825823271
    },
    "31": {
        "estimate": 20.54651905353211,
        "std": 9.326757065854451
    },
    "32": {
        "estimate": 20.669670038610185,
        "std": 9.460055377889027
    }
}