{
    "0": {
        "estimate": NaN,
        "std": NaN
    },
    "1": {
        "estimate": 14.033294078993412,
        "std": 9.73489421842145
    },
    "2": {
        "estimate": 15.501389909514325,
        "std": 11.982060738465622
    },
    "3": {
        "estimate": 17.165225962413526,
        "std": 12.730620771071893
    },
    "4": {
        "estimate": 17.79225751225659,
        "std": 11.665356318111881
    },
    "5": {
        "estimate": 18.74244876454766,
        "std": 12.524382203441581
    },
    "6": {
        "estimate": 17.75297123797588,
        "std": 10.97607381380673
    },
    "7": {
        "estimate": 18.06754900385669,
        "std": 11.554527095267613
    },
    "8": {
        "estimate": 18.26013257623671,
        "std": 11.790010973694168
    },
    "9": {
        "estimate": 19.006339416876557,
        "std": 12.075234094544001
    },
    "10": {
        "estimate": 19.24125078497447,
        "std": 11.768738848058424
    },
    "11": {
        "estimate": 19.145235064039582,
        "std": 11.722650076674931
    },
    "12": {
        "estimate": 19.234464026359305,
        "std": 11.773353496796405
    },
    "13": {
        "estimate": 19.247168112930666,
        "std": 11.550170415197176
    },
    "14": {
        "estimate": 19.014303720559838,
        "std": 11.219622209940097
    },
    "15": {
        "estimate": 19.001695538250246,
        "std": 11.392003196209627
    },
    "16": {
        "estimate": 18.620491162955435,
        "std": 10.663844732790203
    },
    "17": {
        "estimate": 18.42260563853836,
        "std": 10.36907167054022
    },
    "18": {
        "estimate": 18.23372749256636,
        "std": 9.871875549872147
    },
    "19": {
        "estimate": 18.18017003208222,
        "std": 9.748289013350545
    },
    "20": {
        "estimate": 18.112189866200463,
        "std": 9.524190380761949
    },
    "21": {
        "estimate": 17.86430327980802,
        "std": 9.213652844957261
    },
    "22": {
        "estimate": 17.82047650863629,
        "std": 9.082897335183219
    },
    "23": {
        "estimate": 17.806060051240866,
        "std": 9.076071454888591
    },
    "24": {
        "estimate": 17.90471197551816,
        "std": 9.224370981111258
    },
    "25": {
        "estimate": 18.218622614606154,
        "std": 9.28995424095731
    },
    "26": {
        "estimate": 18.907914410892907,
        "std": 9.977823904739969
    },
    "27": {
        "estimate": 19.1884799328709,
        "std": 9.901565519255326
    },
    "28": {
        "estimate": 19.608475163588643,
        "std": 10.380838110004436
    },
    "29": {
        "estimate": 20.143895978561467,
        "std": 10.745793369116726
    },
    "30": {
        "estimate": 20.362447478992696,
        "std": 10.951236556928695
    },
    "31": {
        "estimate": 21.168892290336537,
        "std": 11.860645231771686
    },
    "32": {
        "estimate": 21.118812400793097,
        "std": 11.8073050379089
    }
}