{
    "0": {
        "estimate": NaN,
        "std": NaN
    },
    "1": {
        "estimate": 15.421173052978771,
        "std": 5.821047644229417
    },
    "2": {
        "estimate": 14.609617269615317,
        "std": 7.164339119966453
    },
    "3": {
        "estimate": 19.42652803252564,
        "std": 6.5596453328384285
    },
    "4": {
        "estimate": 21.49155428935516,
        "std": 7.1339724423194655
    },
    "5": {
        "estimate": 22.78537357046097,
        "std": 7.575535384507047
    },
    "6": {
        "estimate": 24.909331997612032,
        "std": 6.457894937300673
    },
    "7": {
        "estimate": 25.594766953601233,
        "std": 5.79461247768577
    },
    "8": {
        "estimate": 26.120184690271927,
        "std": 5.827785321610642
    },
    "9": {
        "estimate": 27.660396341604496,
        "std": 6.242247213996873
    },
    "10": {
        "estimate": 28.57387309879246,
        "std": 6.446994716839794
    },
    "11": {
        "estimate": 26.020501534124488,
        "std": 6.34450055670762
    },
    "12": {
        "estimate": 24.21880024786612,
        "std": 6.394684535437765
    },
    "13": {
        "estimate": 25.998416751776713,
        "std": 7.307767005897718
    },
    "14": {
        "estimate": 26.247313642854785,
        "std": 8.251333728780095
    },
    "15": {
        "estimate": 26.999563528843755,
        "std": 7.918812545595542
    },
    "16": {
        "estimate": 23.97568948162777,
        "std": 7.484706117960929
    },
    "17": {
        "estimate": 23.350048667806163,
        "std": 7.1854479149401005
    },
    "18": {
        "estimate": 21.11288479920971,
        "std": 6.139437218666552
    },
    "19": {
        "estimate": 20.236628540845988,
        "std": 5.741785242770962
    },
    "20": {
        "estimate": 20.03522170758749,
        "std": 5.71339853316345
    },
    "21": {
        "estimate": 19.878133767333022,
        "std": 5.746672643320889
    },
    "22": {
        "estimate": 19.794649612656194,
        "std": 5.674059694824767
    },
    "23": {
        "estimate": 19.926121868011453,
        "std": 5.837908599307724
    },
    "24": {
        "estimate": 20.40750390393508,
        "std": 6.070734524242981
    },
    "25": {
        "estimate": 21.154128174731586,
        "std": 6.268548892036968
    },
    "26": {
        "estimate": 22.51248610948872,
        "std": 6.894037728996637
    },
    "27": {
        "estimate": 23.044158934866612,
        "std": 7.129051688559578
    },
    "28": {
        "estimate": 23.416807422509613,
        "std": 7.5451156800409915
    },
    "29": {
        "estimate": 24.22590282237863,
        "std": 7.831361616222502
    },
    "30": {
        "estimate": 23.704492997040717,
        "std": 7.476509049434234
    },
    "31": {
        "estimate": 24.47307983932873,
        "std": 8.111795944465015
    },
    "32": {
        "estimate": 21.621966704436023,
        "std": 6.686166974984975
    }
}