{
    "0": {
        "estimate": NaN,
        "std": NaN
    },
    "1": {
        "estimate": 16.26716300508251,
        "std": 8.318001711865078
    },
    "2": {
        "estimate": 12.706961778629822,
        "std": 11.00892143006787
    },
    "3": {
        "estimate": 18.59444307133251,
        "std": 10.2407888722398
    },
    "4": {
        "estimate": 21.533387627274827,
        "std": 11.095920801690118
    },
    "5": {
        "estimate": 21.805893231950915,
        "std": 11.82073996990535
    },
    "6": {
        "estimate": 27.354430779011764,
        "std": 10.232925028727129
    },
    "7": {
        "estimate": 29.187832576214312,
        "std": 9.050596707675858
    },
    "8": {
        "estimate": 30.12034265824461,
        "std": 8.93223788201011
    },
    "9": {
        "estimate": 32.450089652573936,
        "std": 9.246720777592166
    },
    "10": {
        "estimate": 33.731300700529395,
        "std": 9.804435032544994
    },
    "11": {
        "estimate": 31.642165914754617,
        "std": 8.884206290542348
    },
    "12": {
        "estimate": 30.04611782411878,
        "std": 8.534960031396126
    },
    "13": {
        "estimate": 31.866341405223462,
        "std": 9.640375509217062
    },
    "14": {
        "estimate": 32.799703540272944,
        "std": 10.417134645513668
    },
    "15": {
        "estimate": 33.47395946235005,
        "std": 10.349038767149136
    },
    "16": {
        "estimate": 29.877424362993484,
        "std": 9.149889407560558
    },
    "17": {
        "estimate": 29.10324849759495,
        "std": 8.797206819385012
    },
    "18": {
        "estimate": 26.620894947942812,
        "std": 8.204979316703943
    },
    "19": {
        "estimate": 25.79835150712405,
        "std": 7.854130860773
    },
    "20": {
        "estimate": 25.57580292679098,
        "std": 7.8204913191931125
    },
    "21": {
        "estimate": 25.363254472095317,
        "std": 7.863639710010608
    },
    "22": {
        "estimate": 25.23849089769788,
        "std": 7.744004104151012
    },
    "23": {
        "estimate": 25.467144103955476,
        "std": 7.967696465215471
    },
    "24": {
        "estimate": 26.177487069653196,
        "std": 8.259100690142548
    },
    "25": {
        "estimate": 27.197433277320158,
        "std": 8.640916501724153
    },
    "26": {
        "estimate": 28.98731518166573,
        "std": 9.42107965974943
    },
    "27": {
        "estimate": 29.751740998042894,
        "std": 9.675775127950672
    },
    "28": {
        "estimate": 30.45123655244112,
        "std": 10.292454351776025
    },
    "29": {
        "estimate": 31.505815262138302,
        "std": 10.671663855070573
    },
    "30": {
        "estimate": 30.533334120313643,
        "std": 10.014240655753364
    },
    "31": {
        "estimate": 31.235633368591998,
        "std": 10.854961397634161
    },
    "32": {
        "estimate": 26.632481590125057,
        "std": 9.150218563172919
    }
}