{
    "0": NaN,
    "1": 10.150657653808594,
    "2": 2.4911162853240967,
    "3": 7.6877055168151855,
    "4": 10.060890197753906,
    "5": 10.483832359313965,
    "6": 18.629297256469727,
    "7": 26.421497344970703,
    "8": 28.908662796020508,
    "9": 33.83805465698242,
    "10": 35.565826416015625,
    "11": 35.13121032714844,
    "12": 34.39518737792969,
    "13": 36.46738815307617,
    "14": 37.57691192626953,
    "15": 38.84149932861328,
    "16": 36.48937225341797,
    "17": 35.33201599121094,
    "18": 31.66738510131836,
    "19": 30.97857666015625,
    "20": 30.483516693115234,
    "21": 30.631196975708008,
    "22": 30.396425247192383,
    "23": 30.922924041748047,
    "24": 32.0374755859375,
    "25": 33.11370849609375,
    "26": 34.319602966308594,
    "27": 34.7963981628418,
    "28": 35.32853317260742,
    "29": 34.97233963012695,
    "30": 32.86006546020508,
    "31": 33.515506744384766,
    "32": 28.27458953857422
}