{
    "0": {
        "estimate": NaN,
        "std": NaN
    },
    "1": {
        "estimate": 12.851737286142544,
        "std": 5.215892454563572
    },
    "2": {
        "estimate": 13.897607840440951,
        "std": 5.345553102299989
    },
    "3": {
        "estimate": 14.512413815674389,
        "std": 5.688379722612737
    },
    "4": {
        "estimate": 14.735661259845457,
        "std": 5.8974602824647615
    },
    "5": {
        "estimate": 14.65575139854147,
        "std": 5.848993931903773
    },
    "6": {
        "estimate": 14.933417890830254,
        "std": 5.949744930493015
    },
    "7": {
        "estimate": 15.169019116438308,
        "std": 6.1098374682806105
    },
    "8": {
        "estimate": 15.320162184419498,
        "std": 6.273331476032291
    },
    "9": {
        "estimate": 15.607279851992702,
        "std": 6.6304501577390305
    },
    "10": {
        "estimate": 15.964039622679422,
        "std": 6.774544189998651
    },
    "11": {
        "estimate": 16.219741745748898,
        "std": 7.05169062353641
    },
    "12": {
        "estimate": 16.59128609017352,
        "std": 7.188667090951579
    },
    "13": {
        "estimate": 16.55935908935081,
        "std": 7.043791379919415
    },
    "14": {
        "estimate": 16.603950294108714,
        "std": 7.1066136567787295
    },
    "15": {
        "estimate": 16.585149295640086,
        "std": 7.1445317689260355
    },
    "16": {
        "estimate": 16.56057056644363,
        "std": 7.0061194391824815
    },
    "17": {
        "estimate": 16.568608282512546,
        "std": 7.070040772210169
    },
    "18": {
        "estimate": 16.200817505161883,
        "std": 6.736147261474605
    },
    "19": {
        "estimate": 15.917671180024518,
        "std": 6.574591829105447
    },
    "20": {
        "estimate": 16.17052704310718,
        "std": 6.836836289695166
    },
    "21": {
        "estimate": 15.95339256080818,
        "std": 6.749416224228606
    },
    "22": {
        "estimate": 16.19498429684843,
        "std": 6.894468409160987
    },
    "23": {
        "estimate": 16.353542582808753,
        "std": 7.013167962372638
    },
    "24": {
        "estimate": 16.86200965192963,
        "std": 7.423660630325524
    },
    "25": {
        "estimate": 17.811029526396148,
        "std": 8.08530533233503
    },
    "26": {
        "estimate": 18.20811625332157,
        "std": 8.222145009201737
    },
    "27": {
        "estimate": 19.899046623184535,
        "std": 9.439665530993068
    },
    "28": {
        "estimate": 20.019591707736936,
        "std": 9.585496373867926
    },
    "29": {
        "estimate": 20.572159946145064,
        "std": 10.080558386349152
    },
    "30": {
        "estimate": 22.124174571801174,
        "std": 10.942747065461793
    },
    "31": {
        "estimate": 21.80998104166956,
        "std": 10.778227761889333
    },
    "32": {
        "estimate": 20.484314943957074,
        "std": 9.705174790285335
    }
}