{
    "0": {
        "estimate": NaN,
        "std": NaN
    },
    "1": {
        "estimate": 11.209062306900751,
        "std": 4.048137980106012
    },
    "2": {
        "estimate": 12.246234588490111,
        "std": 4.15842327377217
    },
    "3": {
        "estimate": 12.995378688307177,
        "std": 4.740857888226414
    },
    "4": {
        "estimate": 13.255137775534589,
        "std": 4.9091957099218995
    },
    "5": {
        "estimate": 13.178423211198911,
        "std": 4.952548637494468
    },
    "6": {
        "estimate": 13.517800708789977,
        "std": 5.014121231096788
    },
    "7": {
        "estimate": 13.753570399784191,
        "std": 5.1578769238826645
    },
    "8": {
        "estimate": 13.933389359553182,
        "std": 5.270105270139304
    },
    "9": {
        "estimate": 14.17194513833832,
        "std": 5.518177011779834
    },
    "10": {
        "estimate": 14.577774425594013,
        "std": 5.736649793449469
    },
    "11": {
        "estimate": 14.892785099890284,
        "std": 5.900448183133216
    },
    "12": {
        "estimate": 15.316703399290773,
        "std": 6.203559618397984
    },
    "13": {
        "estimate": 15.246423785149998,
        "std": 6.031976414015648
    },
    "14": {
        "estimate": 15.357179389911087,
        "std": 6.149736251036752
    },
    "15": {
        "estimate": 15.345303011774508,
        "std": 6.116466726832549
    },
    "16": {
        "estimate": 15.305964750667906,
        "std": 5.983921579729109
    },
    "17": {
        "estimate": 15.364357711020864,
        "std": 6.0365518321876515
    },
    "18": {
        "estimate": 14.992327056915258,
        "std": 5.819049504744946
    },
    "19": {
        "estimate": 14.781131205003476,
        "std": 5.730009057683113
    },
    "20": {
        "estimate": 14.963140457692445,
        "std": 5.824328729067962
    },
    "21": {
        "estimate": 14.784423774434748,
        "std": 5.776269528703874
    },
    "22": {
        "estimate": 14.983221743456607,
        "std": 5.93915842038959
    },
    "23": {
        "estimate": 15.10748012167293,
        "std": 6.063073342871007
    },
    "24": {
        "estimate": 15.557472658944366,
        "std": 6.362509852734091
    },
    "25": {
        "estimate": 16.405012311208893,
        "std": 6.929365265011773
    },
    "26": {
        "estimate": 16.785058451807828,
        "std": 7.091886745642065
    },
    "27": {
        "estimate": 18.440416973319067,
        "std": 8.293670364982493
    },
    "28": {
        "estimate": 18.51763334342225,
        "std": 8.323523663031814
    },
    "29": {
        "estimate": 19.00477958984883,
        "std": 8.68315291746694
    },
    "30": {
        "estimate": 20.599997630714736,
        "std": 9.638098622096376
    },
    "31": {
        "estimate": 20.392605919099182,
        "std": 9.49375355708918
    },
    "32": {
        "estimate": 19.158604899945193,
        "std": 8.535646516368123
    }
}