{
    "0": {
        "estimate": NaN,
        "std": NaN
    },
    "1": {
        "estimate": 14.100282784999694,
        "std": 2.9995247688196733
    },
    "2": {
        "estimate": 13.719828840997597,
        "std": 4.535285341772352
    },
    "3": {
        "estimate": 14.082587939649372,
        "std": 5.570240372488926
    },
    "4": {
        "estimate": 17.468705571791187,
        "std": 6.176264105425756
    },
    "5": {
        "estimate": 19.263013440886944,
        "std": 7.446686884199991
    },
    "6": {
        "estimate": 17.78236709798258,
        "std": 8.125376790528042
    },
    "7": {
        "estimate": 21.126710727543507,
        "std": 8.309705907967817
    },
    "8": {
        "estimate": 22.525911909191976,
        "std": 8.294825392329797
    },
    "9": {
        "estimate": 24.498856567599155,
        "std": 7.908122153600444
    },
    "10": {
        "estimate": 26.207079198580875,
        "std": 7.873252235716783
    },
    "11": {
        "estimate": 27.531945611385535,
        "std": 8.015646124513191
    },
    "12": {
        "estimate": 30.234295982610995,
        "std": 7.386658648642606
    },
    "13": {
        "estimate": 29.481971618271373,
        "std": 6.804361574051301
    },
    "14": {
        "estimate": 29.492867808837012,
        "std": 6.361307791274731
    },
    "15": {
        "estimate": 29.724992291297355,
        "std": 6.170861987516123
    },
    "16": {
        "estimate": 30.03898445218269,
        "std": 6.099006304045036
    },
    "17": {
        "estimate": 28.855126329743584,
        "std": 5.861430523773792
    },
    "18": {
        "estimate": 28.62160736217147,
        "std": 5.81991100488835
    },
    "19": {
        "estimate": 27.36590090629228,
        "std": 5.616898012538726
    },
    "20": {
        "estimate": 27.489804256804298,
        "std": 5.701214787370822
    },
    "21": {
        "estimate": 27.69795046059799,
        "std": 6.13594068483574
    },
    "22": {
        "estimate": 28.824884966143657,
        "std": 6.551536516035978
    },
    "23": {
        "estimate": 29.717508267469007,
        "std": 7.196938479931178
    },
    "24": {
        "estimate": 30.47029021256136,
        "std": 7.681632456694074
    },
    "25": {
        "estimate": 31.541811670496106,
        "std": 8.531262198803683
    },
    "26": {
        "estimate": 31.741716734248747,
        "std": 8.783843059286845
    },
    "27": {
        "estimate": 32.404311655806474,
        "std": 9.189464747071076
    },
    "28": {
        "estimate": 32.62092170196859,
        "std": 9.218865429175485
    },
    "29": {
        "estimate": 32.547213187363596,
        "std": 9.232602152774508
    },
    "30": {
        "estimate": 32.7628802320171,
        "std": 9.494772231287014
    },
    "31": {
        "estimate": 32.636198730265406,
        "std": 9.506114548188135
    },
    "32": {
        "estimate": 27.601059948986222,
        "std": 8.097043324832411
    }
}