{
    "0": {
        "estimate": NaN,
        "std": NaN
    },
    "1": {
        "estimate": 18.21700967297759,
        "std": 6.423740991799921
    },
    "2": {
        "estimate": 13.574708474872855,
        "std": 9.238596211345548
    },
    "3": {
        "estimate": 13.6256010460431,
        "std": 10.84142658464327
    },
    "4": {
        "estimate": 17.01640612911229,
        "std": 12.192002283781266
    },
    "5": {
        "estimate": 17.945395385165973,
        "std": 13.856062536083508
    },
    "6": {
        "estimate": 15.641763238727139,
        "std": 13.071622025240094
    },
    "7": {
        "estimate": 19.20615741431584,
        "std": 13.955792725268077
    },
    "8": {
        "estimate": 21.320927768217445,
        "std": 13.817298342737505
    },
    "9": {
        "estimate": 25.54009939060393,
        "std": 14.001695058189547
    },
    "10": {
        "estimate": 28.466053852497843,
        "std": 14.164140252441
    },
    "11": {
        "estimate": 30.812100553980393,
        "std": 14.330085055334633
    },
    "12": {
        "estimate": 36.10272311809773,
        "std": 14.136536331997208
    },
    "13": {
        "estimate": 36.5613807844211,
        "std": 13.119167001215859
    },
    "14": {
        "estimate": 37.29302928401125,
        "std": 12.800057440138053
    },
    "15": {
        "estimate": 38.34129936193744,
        "std": 12.800288842863097
    },
    "16": {
        "estimate": 38.818287621152,
        "std": 12.945024227614265
    },
    "17": {
        "estimate": 37.47909078245875,
        "std": 12.331964284980526
    },
    "18": {
        "estimate": 37.35860760557971,
        "std": 12.361217662431487
    },
    "19": {
        "estimate": 35.87730273981242,
        "std": 11.760975733994098
    },
    "20": {
        "estimate": 36.14581085641138,
        "std": 11.969055130605891
    },
    "21": {
        "estimate": 36.56804040656084,
        "std": 12.485301935551274
    },
    "22": {
        "estimate": 37.990010895240914,
        "std": 12.941553697849104
    },
    "23": {
        "estimate": 38.96512926754605,
        "std": 13.491919187350533
    },
    "24": {
        "estimate": 39.86418895301873,
        "std": 14.326978077958623
    },
    "25": {
        "estimate": 40.64992961254781,
        "std": 15.433248543654702
    },
    "26": {
        "estimate": 40.84365593202054,
        "std": 15.66577247300602
    },
    "27": {
        "estimate": 41.080848657243415,
        "std": 15.999727772180915
    },
    "28": {
        "estimate": 41.240692925174024,
        "std": 15.973416136150638
    },
    "29": {
        "estimate": 41.11725458883977,
        "std": 16.063013238944027
    },
    "30": {
        "estimate": 40.84388944369759,
        "std": 15.968503469202073
    },
    "31": {
        "estimate": 40.13593886224532,
        "std": 15.768705258293737
    },
    "32": {
        "estimate": 36.09338319218067,
        "std": 13.587166643462291
    }
}