{
    "0": {
        "estimate": NaN,
        "std": NaN
    },
    "1": {
        "estimate": 15.51400925812184,
        "std": 3.6786766363212404
    },
    "2": {
        "estimate": 13.84961838166043,
        "std": 5.836297436049235
    },
    "3": {
        "estimate": 13.95230458993167,
        "std": 6.939178368720301
    },
    "4": {
        "estimate": 17.556488321831182,
        "std": 7.81030142740124
    },
    "5": {
        "estimate": 18.938136203004426,
        "std": 8.98256411050892
    },
    "6": {
        "estimate": 17.053899822324315,
        "std": 9.43060142971217
    },
    "7": {
        "estimate": 20.55043398073697,
        "std": 9.687249007641766
    },
    "8": {
        "estimate": 22.334879221693754,
        "std": 9.714174910371762
    },
    "9": {
        "estimate": 25.082124981987725,
        "std": 9.24562222374174
    },
    "10": {
        "estimate": 27.191992129431082,
        "std": 9.25291862152161
    },
    "11": {
        "estimate": 28.787931083606498,
        "std": 9.290870645420945
    },
    "12": {
        "estimate": 32.366484533234555,
        "std": 8.818484900960298
    },
    "13": {
        "estimate": 31.93051808254544,
        "std": 8.062691922083602
    },
    "14": {
        "estimate": 32.124122972159,
        "std": 7.657030470360907
    },
    "15": {
        "estimate": 32.71112386642932,
        "std": 7.502147955606529
    },
    "16": {
        "estimate": 33.016547382454284,
        "std": 7.515126550275579
    },
    "17": {
        "estimate": 31.704579334269777,
        "std": 7.097510174061262
    },
    "18": {
        "estimate": 31.505583087483945,
        "std": 7.118352365933363
    },
    "19": {
        "estimate": 30.249663015719037,
        "std": 6.876671510846251
    },
    "20": {
        "estimate": 30.32694733641905,
        "std": 6.915012220859096
    },
    "21": {
        "estimate": 30.714610115792812,
        "std": 7.32186389418601
    },
    "22": {
        "estimate": 31.897949183244684,
        "std": 7.8218947460722665
    },
    "23": {
        "estimate": 32.86850483783401,
        "std": 8.514443365520293
    },
    "24": {
        "estimate": 33.63894318660572,
        "std": 8.957583067205556
    },
    "25": {
        "estimate": 34.78661734193936,
        "std": 9.875942544674274
    },
    "26": {
        "estimate": 34.97488689346051,
        "std": 10.075733247672911
    },
    "27": {
        "estimate": 35.622601392003915,
        "std": 10.4868067025883
    },
    "28": {
        "estimate": 35.81549196068823,
        "std": 10.492421127567193
    },
    "29": {
        "estimate": 35.672629072003915,
        "std": 10.39190842188951
    },
    "30": {
        "estimate": 35.75444188435311,
        "std": 10.595795552120137
    },
    "31": {
        "estimate": 35.444827326606294,
        "std": 10.543068827577965
    },
    "32": {
        "estimate": 30.692728264669817,
        "std": 9.100320679295857
    }
}