{
    "0": {
        "estimate": NaN,
        "std": NaN
    },
    "1": {
        "estimate": 16.946063692496523,
        "std": 4.862428423287846
    },
    "2": {
        "estimate": 13.58004587019087,
        "std": 7.46135212174262
    },
    "3": {
        "estimate": 13.65794549607088,
        "std": 8.967067696096843
    },
    "4": {
        "estimate": 17.2356920095499,
        "std": 10.078352944218459
    },
    "5": {
        "estimate": 18.222374424941677,
        "std": 11.346738255299577
    },
    "6": {
        "estimate": 16.018612722187523,
        "std": 11.114167876806155
    },
    "7": {
        "estimate": 19.615447134353417,
        "std": 11.770061748275646
    },
    "8": {
        "estimate": 21.679157125071146,
        "std": 11.755070002365
    },
    "9": {
        "estimate": 25.234876100586828,
        "std": 11.3705849724087
    },
    "10": {
        "estimate": 27.90453427000486,
        "std": 11.518496517809629
    },
    "11": {
        "estimate": 29.815145537414228,
        "std": 11.457439114025364
    },
    "12": {
        "estimate": 34.39992918614815,
        "std": 11.334239907182768
    },
    "13": {
        "estimate": 34.38874038977556,
        "std": 10.401346795543002
    },
    "14": {
        "estimate": 34.80282898950742,
        "std": 10.04617379276607
    },
    "15": {
        "estimate": 35.69056392607696,
        "std": 9.766322463988097
    },
    "16": {
        "estimate": 36.12873539795305,
        "std": 9.90557894148248
    },
    "17": {
        "estimate": 34.69692826163842,
        "std": 9.359982129155537
    },
    "18": {
        "estimate": 34.54557849768691,
        "std": 9.390210135431605
    },
    "19": {
        "estimate": 33.137493742200384,
        "std": 8.929447023130141
    },
    "20": {
        "estimate": 33.44208511444093,
        "std": 9.27906054579739
    },
    "21": {
        "estimate": 33.91514640672408,
        "std": 9.489175021198708
    },
    "22": {
        "estimate": 35.26646276017321,
        "std": 10.021983198139628
    },
    "23": {
        "estimate": 36.28694590329436,
        "std": 10.720020745630912
    },
    "24": {
        "estimate": 37.00123959630545,
        "std": 11.22516340106776
    },
    "25": {
        "estimate": 37.97863011747565,
        "std": 12.258793406006893
    },
    "26": {
        "estimate": 38.11041749957025,
        "std": 12.214111001878388
    },
    "27": {
        "estimate": 38.6539434436462,
        "std": 12.698499111301407
    },
    "28": {
        "estimate": 38.84600465556794,
        "std": 12.75360781791232
    },
    "29": {
        "estimate": 38.652427310211664,
        "std": 12.7389884538147
    },
    "30": {
        "estimate": 38.6110380183708,
        "std": 12.852566287320919
    },
    "31": {
        "estimate": 38.04315946155804,
        "std": 12.739359194823788
    },
    "32": {
        "estimate": 33.678769577156125,
        "std": 10.895950670548025
    }
}