{
    "0": {
        "estimate": NaN,
        "std": NaN
    },
    "1": {
        "estimate": 16.44506030009071,
        "std": 5.818916866784787
    },
    "2": {
        "estimate": 16.97162783883291,
        "std": 5.771246984611622
    },
    "3": {
        "estimate": 16.443956115189877,
        "std": 5.482113421935357
    },
    "4": {
        "estimate": 17.597048302687146,
        "std": 6.540938722845268
    },
    "5": {
        "estimate": 17.204465848705865,
        "std": 6.40323650866358
    },
    "6": {
        "estimate": 16.669128679551736,
        "std": 6.031302878107795
    },
    "7": {
        "estimate": 16.627380165543983,
        "std": 5.872933148137358
    },
    "8": {
        "estimate": 16.579630434361572,
        "std": 5.703427605091941
    },
    "9": {
        "estimate": 16.902473493022075,
        "std": 5.799896583186288
    },
    "10": {
        "estimate": 18.34353121652014,
        "std": 5.978234593800573
    },
    "11": {
        "estimate": 17.926804403037142,
        "std": 5.500723928314385
    },
    "12": {
        "estimate": 17.82838675704208,
        "std": 5.347739091965654
    },
    "13": {
        "estimate": 17.85515274715421,
        "std": 5.1112009859983
    },
    "14": {
        "estimate": 17.331796235627372,
        "std": 4.873853470511405
    },
    "15": {
        "estimate": 17.17229286722241,
        "std": 4.948755620800846
    },
    "16": {
        "estimate": 16.772360583691988,
        "std": 4.95014341640725
    },
    "17": {
        "estimate": 15.945130748187404,
        "std": 4.726028839944252
    },
    "18": {
        "estimate": 15.108007407381598,
        "std": 4.60621035733937
    },
    "19": {
        "estimate": 15.074027460670791,
        "std": 4.501408468405685
    },
    "20": {
        "estimate": 14.887701028316544,
        "std": 4.479849720844846
    },
    "21": {
        "estimate": 14.6118181392834,
        "std": 4.363622147449079
    },
    "22": {
        "estimate": 14.613291447131552,
        "std": 4.384600960556987
    },
    "23": {
        "estimate": 14.989389081862917,
        "std": 4.561780719972321
    },
    "24": {
        "estimate": 15.677636302174784,
        "std": 5.080737618882068
    },
    "25": {
        "estimate": 17.238013792201315,
        "std": 6.174968505621875
    },
    "26": {
        "estimate": 18.663889355863162,
        "std": 6.99508643038951
    },
    "27": {
        "estimate": 19.676342800345637,
        "std": 7.983784773899827
    },
    "28": {
        "estimate": 20.805054107658172,
        "std": 9.246495316844836
    },
    "29": {
        "estimate": 22.060419236035965,
        "std": 10.32892231589176
    },
    "30": {
        "estimate": 20.157522130294815,
        "std": 9.456583863313304
    },
    "31": {
        "estimate": 21.196193840134743,
        "std": 10.378561057598336
    },
    "32": {
        "estimate": 18.404193799735022,
        "std": 8.88269689711645
    }
}