{
    "0": {
        "estimate": NaN,
        "std": NaN
    },
    "1": {
        "estimate": 19.100451658860425,
        "std": 9.50612927162075
    },
    "2": {
        "estimate": 19.74427949462661,
        "std": 9.525512635694538
    },
    "3": {
        "estimate": 19.409043524709823,
        "std": 9.259750837104894
    },
    "4": {
        "estimate": 19.992024390507467,
        "std": 10.234971518171493
    },
    "5": {
        "estimate": 19.976157845587416,
        "std": 10.187759938683314
    },
    "6": {
        "estimate": 19.46475017193939,
        "std": 9.746833835023278
    },
    "7": {
        "estimate": 19.326373890429025,
        "std": 9.454776048122186
    },
    "8": {
        "estimate": 19.321545532771513,
        "std": 9.391811997599062
    },
    "9": {
        "estimate": 19.708927149342962,
        "std": 9.409294321417155
    },
    "10": {
        "estimate": 21.707537867764685,
        "std": 10.175860301861475
    },
    "11": {
        "estimate": 21.19206290033697,
        "std": 9.456855055515293
    },
    "12": {
        "estimate": 21.128452878459125,
        "std": 9.464929492414408
    },
    "13": {
        "estimate": 21.2256544830454,
        "std": 9.233886593629737
    },
    "14": {
        "estimate": 20.63043268749139,
        "std": 8.6664438497277
    },
    "15": {
        "estimate": 20.4610123063047,
        "std": 8.67813474839563
    },
    "16": {
        "estimate": 19.896929774735924,
        "std": 8.521593595494814
    },
    "17": {
        "estimate": 19.18130499920842,
        "std": 8.369810925073935
    },
    "18": {
        "estimate": 18.27081380309033,
        "std": 7.796208482565834
    },
    "19": {
        "estimate": 18.255695324804808,
        "std": 7.971175432766665
    },
    "20": {
        "estimate": 18.027734740172704,
        "std": 7.594434850268553
    },
    "21": {
        "estimate": 17.8526723906004,
        "std": 7.4509534942002436
    },
    "22": {
        "estimate": 17.838981756417343,
        "std": 7.5017117155474216
    },
    "23": {
        "estimate": 18.345868030451076,
        "std": 7.952491654468587
    },
    "24": {
        "estimate": 18.952653216489647,
        "std": 8.76210681049137
    },
    "25": {
        "estimate": 20.616682033914014,
        "std": 10.365411174855634
    },
    "26": {
        "estimate": 22.04016991589893,
        "std": 11.671338048482582
    },
    "27": {
        "estimate": 22.865351825170798,
        "std": 12.817340890938178
    },
    "28": {
        "estimate": 23.945412682882232,
        "std": 14.755814733313198
    },
    "29": {
        "estimate": 24.535621662952813,
        "std": 15.612136895342086
    },
    "30": {
        "estimate": 21.590628274665175,
        "std": 13.609148748009089
    },
    "31": {
        "estimate": 22.728482762325772,
        "std": 15.281794216652488
    },
    "32": {
        "estimate": 19.91370687193172,
        "std": 12.916691301420144
    }
}