{
    "0": {
        "estimate": NaN,
        "std": NaN
    },
    "1": {
        "estimate": 18.065361031245807,
        "std": 7.894731426534151
    },
    "2": {
        "estimate": 18.703037797829705,
        "std": 7.874656825513837
    },
    "3": {
        "estimate": 18.400266175333726,
        "std": 7.689916329635302
    },
    "4": {
        "estimate": 19.01779497343606,
        "std": 8.625813730679884
    },
    "5": {
        "estimate": 18.916859349508904,
        "std": 8.405347470286186
    },
    "6": {
        "estimate": 18.337691417093332,
        "std": 8.028392482677921
    },
    "7": {
        "estimate": 18.315642336901046,
        "std": 7.916310571024927
    },
    "8": {
        "estimate": 18.27114942126828,
        "std": 7.845585886821769
    },
    "9": {
        "estimate": 18.598233999947457,
        "std": 7.858520226053748
    },
    "10": {
        "estimate": 20.457455072545965,
        "std": 8.394231066789713
    },
    "11": {
        "estimate": 19.992164249322016,
        "std": 7.780850260220651
    },
    "12": {
        "estimate": 19.831254439007335,
        "std": 7.564797442823802
    },
    "13": {
        "estimate": 19.960556902378595,
        "std": 7.34949249059025
    },
    "14": {
        "estimate": 19.427449981703855,
        "std": 7.014401214719735
    },
    "15": {
        "estimate": 19.251936413330462,
        "std": 7.007656661705342
    },
    "16": {
        "estimate": 18.71869131530058,
        "std": 6.880462534126721
    },
    "17": {
        "estimate": 17.941601817690238,
        "std": 6.674858387573612
    },
    "18": {
        "estimate": 17.121272020712127,
        "std": 6.45131289287684
    },
    "19": {
        "estimate": 17.115674990446784,
        "std": 6.300642784799865
    },
    "20": {
        "estimate": 16.920987061959018,
        "std": 6.175843122505542
    },
    "21": {
        "estimate": 16.63713952554565,
        "std": 5.980583797413088
    },
    "22": {
        "estimate": 16.68215049816412,
        "std": 6.080203995392646
    },
    "23": {
        "estimate": 17.072941593168405,
        "std": 6.282668712075527
    },
    "24": {
        "estimate": 17.671531637726595,
        "std": 6.907362645200978
    },
    "25": {
        "estimate": 19.332315385261616,
        "std": 8.43740931739643
    },
    "26": {
        "estimate": 20.827408611889854,
        "std": 9.547836535602022
    },
    "27": {
        "estimate": 21.676132393998927,
        "std": 10.622049572223789
    },
    "28": {
        "estimate": 22.85791291282703,
        "std": 12.29460235136563
    },
    "29": {
        "estimate": 23.724555752874636,
        "std": 13.560155235336829
    },
    "30": {
        "estimate": 21.05660908693034,
        "std": 11.918747435126468
    },
    "31": {
        "estimate": 22.06049554549738,
        "std": 13.209465243012286
    },
    "32": {
        "estimate": 19.222674199268482,
        "std": 11.082053141290693
    }
}