{
    "0": {
        "estimate": Infinity,
        "std": NaN
    },
    "1": {
        "estimate": 12.941990298679027,
        "std": 6.046531094130865
    },
    "2": {
        "estimate": 13.93536926205506,
        "std": 7.125889552370715
    },
    "3": {
        "estimate": 15.816439994806553,
        "std": 7.2086369868571
    },
    "4": {
        "estimate": 16.908734147122455,
        "std": 8.41024498389479
    },
    "5": {
        "estimate": 18.920853468899345,
        "std": 8.76014490260278
    },
    "6": {
        "estimate": 22.74191560562356,
        "std": 9.545597997554998
    },
    "7": {
        "estimate": 23.097513409826206,
        "std": 9.534925168613997
    },
    "8": {
        "estimate": 23.50415718482442,
        "std": 9.327258756442179
    },
    "9": {
        "estimate": 23.67692848359536,
        "std": 9.323267049140277
    },
    "10": {
        "estimate": 24.333582199966635,
        "std": 9.057004460688253
    },
    "11": {
        "estimate": 25.01581302863442,
        "std": 9.07978623178252
    },
    "12": {
        "estimate": 26.074737988792727,
        "std": 8.96785628778781
    },
    "13": {
        "estimate": 25.78318897683965,
        "std": 8.21022711289478
    },
    "14": {
        "estimate": 24.655738775404433,
        "std": 7.44704603429503
    },
    "15": {
        "estimate": 23.998800449819857,
        "std": 6.858026830588264
    },
    "16": {
        "estimate": 24.119984650478692,
        "std": 6.794080134558141
    },
    "17": {
        "estimate": 24.32712460718773,
        "std": 6.431475945566097
    },
    "18": {
        "estimate": 23.72514671722771,
        "std": 6.060322470385722
    },
    "19": {
        "estimate": 22.81419581880541,
        "std": 5.61578535454706
    },
    "20": {
        "estimate": 18.744079191131373,
        "std": 4.2222227813374715
    },
    "21": {
        "estimate": 17.403329803160396,
        "std": 4.015718089016451
    },
    "22": {
        "estimate": 17.389984416219253,
        "std": 4.020225576589357
    },
    "23": {
        "estimate": 17.44608146088248,
        "std": 4.066062220272348
    },
    "24": {
        "estimate": 17.718325482959045,
        "std": 4.136515785877858
    },
    "25": {
        "estimate": 17.93295740654802,
        "std": 4.308010888649001
    },
    "26": {
        "estimate": 18.520973200127028,
        "std": 4.52736838507632
    },
    "27": {
        "estimate": 19.005341350201082,
        "std": 4.628380590090122
    },
    "28": {
        "estimate": 18.59104194954653,
        "std": 4.685407590956709
    },
    "29": {
        "estimate": 19.16571675071937,
        "std": 4.779790835938166
    },
    "30": {
        "estimate": 21.16743324871536,
        "std": 5.220960479512871
    },
    "31": {
        "estimate": 23.558731856083316,
        "std": 6.250851113087947
    },
    "32": {
        "estimate": 23.505812381983826,
        "std": 6.445490476091475
    }
}