{
    "0": {
        "estimate": Infinity,
        "std": NaN
    },
    "1": {
        "estimate": 12.810887556415203,
        "std": 7.455412118991265
    },
    "2": {
        "estimate": 12.912383985868171,
        "std": 8.518177573508778
    },
    "3": {
        "estimate": 15.002460648663217,
        "std": 8.70566744538172
    },
    "4": {
        "estimate": 16.294697238848926,
        "std": 9.759354930637647
    },
    "5": {
        "estimate": 18.446389281831358,
        "std": 10.025420313639117
    },
    "6": {
        "estimate": 22.404975402974593,
        "std": 10.771187314098833
    },
    "7": {
        "estimate": 22.96747054684347,
        "std": 10.598601379123162
    },
    "8": {
        "estimate": 23.551171340391498,
        "std": 10.431187214683217
    },
    "9": {
        "estimate": 23.57168278053291,
        "std": 10.322779902147822
    },
    "10": {
        "estimate": 24.609145246111467,
        "std": 10.09671080969732
    },
    "11": {
        "estimate": 25.422945228017507,
        "std": 10.12848006575303
    },
    "12": {
        "estimate": 26.624911238966366,
        "std": 10.24654496605109
    },
    "13": {
        "estimate": 27.03873161816532,
        "std": 9.44068888080083
    },
    "14": {
        "estimate": 26.15778197017832,
        "std": 8.725221416730127
    },
    "15": {
        "estimate": 25.50087871503094,
        "std": 8.121187395872226
    },
    "16": {
        "estimate": 25.79627587925309,
        "std": 7.91520714493526
    },
    "17": {
        "estimate": 26.227466160359857,
        "std": 7.555187103871255
    },
    "18": {
        "estimate": 25.72198412443184,
        "std": 7.189834119393214
    },
    "19": {
        "estimate": 24.99878002847251,
        "std": 6.757996859777919
    },
    "20": {
        "estimate": 21.54913388348163,
        "std": 5.345528440592
    },
    "21": {
        "estimate": 20.224379074204464,
        "std": 5.106557655517362
    },
    "22": {
        "estimate": 20.258774095626787,
        "std": 5.095036171454551
    },
    "23": {
        "estimate": 20.286126408049896,
        "std": 5.132601861647146
    },
    "24": {
        "estimate": 20.65431153323605,
        "std": 5.233327918245571
    },
    "25": {
        "estimate": 20.889776918051705,
        "std": 5.425055130574595
    },
    "26": {
        "estimate": 21.640367675010463,
        "std": 5.679084601589773
    },
    "27": {
        "estimate": 22.228657173436016,
        "std": 5.8574241335965045
    },
    "28": {
        "estimate": 21.73847156475826,
        "std": 5.7580390787888724
    },
    "29": {
        "estimate": 22.4430391710724,
        "std": 5.926758839125395
    },
    "30": {
        "estimate": 24.65456213246612,
        "std": 6.596110365909355
    },
    "31": {
        "estimate": 27.214765786336315,
        "std": 7.610473459179573
    },
    "32": {
        "estimate": 26.51409959521787,
        "std": 7.629806232263229
    }
}