{
    "0": {
        "estimate": Infinity,
        "std": NaN
    },
    "1": {
        "estimate": 16.544090089726122,
        "std": 6.349547368705004
    },
    "2": {
        "estimate": 17.808175696059077,
        "std": 6.939538489712999
    },
    "3": {
        "estimate": 18.43545473708974,
        "std": 6.478531251990183
    },
    "4": {
        "estimate": 19.72413332206944,
        "std": 7.046315002889908
    },
    "5": {
        "estimate": 21.161089397929363,
        "std": 7.575262839347556
    },
    "6": {
        "estimate": 22.767124331747752,
        "std": 7.39728535493414
    },
    "7": {
        "estimate": 22.640569750721287,
        "std": 7.391534259182823
    },
    "8": {
        "estimate": 23.502477254767186,
        "std": 7.785509815877758
    },
    "9": {
        "estimate": 24.61796007993294,
        "std": 8.283520753096706
    },
    "10": {
        "estimate": 24.228894306458127,
        "std": 7.823467810456469
    },
    "11": {
        "estimate": 24.28155130110833,
        "std": 7.300252589154708
    },
    "12": {
        "estimate": 24.497063679562036,
        "std": 6.977079431534684
    },
    "13": {
        "estimate": 24.57578125562544,
        "std": 6.840187169213178
    },
    "14": {
        "estimate": 23.472597369007598,
        "std": 6.400723383413595
    },
    "15": {
        "estimate": 23.231246885403145,
        "std": 6.098060289776131
    },
    "16": {
        "estimate": 22.685716000274407,
        "std": 5.9798946553636565
    },
    "17": {
        "estimate": 22.472906579230436,
        "std": 6.226104744475944
    },
    "18": {
        "estimate": 21.97133884824382,
        "std": 6.091616646117318
    },
    "19": {
        "estimate": 21.92369420706468,
        "std": 5.942804814645679
    },
    "20": {
        "estimate": 21.742418094813715,
        "std": 5.813148552735279
    },
    "21": {
        "estimate": 21.38136369028745,
        "std": 5.633941446642604
    },
    "22": {
        "estimate": 21.52314349877694,
        "std": 5.578844382574552
    },
    "23": {
        "estimate": 21.848760628013515,
        "std": 5.713718878654282
    },
    "24": {
        "estimate": 22.05108279697475,
        "std": 5.741923955234148
    },
    "25": {
        "estimate": 22.570307407429482,
        "std": 5.789175106618046
    },
    "26": {
        "estimate": 22.551390671100954,
        "std": 5.8086023563798825
    },
    "27": {
        "estimate": 22.867238548571844,
        "std": 5.893030811743823
    },
    "28": {
        "estimate": 23.412948711187838,
        "std": 6.080271509544968
    },
    "29": {
        "estimate": 24.62203802763527,
        "std": 6.5201688516202685
    },
    "30": {
        "estimate": 26.30138956279025,
        "std": 7.2965584552424065
    },
    "31": {
        "estimate": 26.950824881523086,
        "std": 7.606324079066115
    },
    "32": {
        "estimate": 28.16185679871534,
        "std": 8.530224347994148
    }
}