{
    "0": {
        "estimate": Infinity,
        "std": NaN
    },
    "1": {
        "estimate": 16.81877096545506,
        "std": 8.088169229828008
    },
    "2": {
        "estimate": 17.701803243425143,
        "std": 8.885186063031625
    },
    "3": {
        "estimate": 18.571904930662853,
        "std": 8.229604967291943
    },
    "4": {
        "estimate": 19.708737591345784,
        "std": 9.093539398635908
    },
    "5": {
        "estimate": 21.115541119940644,
        "std": 9.664592279584443
    },
    "6": {
        "estimate": 23.172228804355036,
        "std": 9.30210544227572
    },
    "7": {
        "estimate": 23.114433599456056,
        "std": 9.463553370270303
    },
    "8": {
        "estimate": 23.863902029026008,
        "std": 9.931544682462077
    },
    "9": {
        "estimate": 24.90644593110762,
        "std": 10.383796877599737
    },
    "10": {
        "estimate": 25.09014099364352,
        "std": 9.8448304045615
    },
    "11": {
        "estimate": 25.37827985269933,
        "std": 9.188274021600273
    },
    "12": {
        "estimate": 25.82611862055318,
        "std": 8.80982531351084
    },
    "13": {
        "estimate": 26.217527766906503,
        "std": 8.683545168210104
    },
    "14": {
        "estimate": 25.032369132402604,
        "std": 8.094503742848778
    },
    "15": {
        "estimate": 24.954859504496934,
        "std": 7.7756781110187205
    },
    "16": {
        "estimate": 24.42616544501802,
        "std": 7.505875087040341
    },
    "17": {
        "estimate": 23.974739645363005,
        "std": 7.683486978819057
    },
    "18": {
        "estimate": 23.47228626770508,
        "std": 7.5269141676066855
    },
    "19": {
        "estimate": 23.655581420418518,
        "std": 7.340925837358852
    },
    "20": {
        "estimate": 23.512673545482407,
        "std": 7.175962848359566
    },
    "21": {
        "estimate": 23.30678427399687,
        "std": 6.976079423861517
    },
    "22": {
        "estimate": 23.504182282886475,
        "std": 6.8393076029448805
    },
    "23": {
        "estimate": 23.789218574121396,
        "std": 6.94679468914435
    },
    "24": {
        "estimate": 24.061263631056658,
        "std": 7.054242411950569
    },
    "25": {
        "estimate": 24.65590384507366,
        "std": 7.301594507952315
    },
    "26": {
        "estimate": 24.702662321682077,
        "std": 7.295853967107228
    },
    "27": {
        "estimate": 25.111800665407895,
        "std": 7.515246823759068
    },
    "28": {
        "estimate": 25.719507411918773,
        "std": 7.836565345658852
    },
    "29": {
        "estimate": 27.130710138456315,
        "std": 8.406540998505795
    },
    "30": {
        "estimate": 28.842581302749146,
        "std": 9.291489233078874
    },
    "31": {
        "estimate": 29.462873342886823,
        "std": 9.5985139468627
    },
    "32": {
        "estimate": 30.38605638762583,
        "std": 10.526053865788489
    }
}