{
    "0": {
        "estimate": Infinity,
        "std": NaN
    },
    "1": {
        "estimate": 16.174163316807455,
        "std": 5.7166852386715785
    },
    "2": {
        "estimate": 17.685164703390438,
        "std": 6.223358343370801
    },
    "3": {
        "estimate": 18.128249274860245,
        "std": 5.832684218922068
    },
    "4": {
        "estimate": 19.502701097708517,
        "std": 6.4651560601433555
    },
    "5": {
        "estimate": 20.931810733177905,
        "std": 6.883972194186871
    },
    "6": {
        "estimate": 22.280034752593266,
        "std": 6.683447434916902
    },
    "7": {
        "estimate": 22.187271607707117,
        "std": 6.7332657363768895
    },
    "8": {
        "estimate": 23.032351992101955,
        "std": 7.066942495119115
    },
    "9": {
        "estimate": 24.18231488870383,
        "std": 7.550504294122907
    },
    "10": {
        "estimate": 23.583953507003972,
        "std": 7.113520779739141
    },
    "11": {
        "estimate": 23.537501919948244,
        "std": 6.678584302152721
    },
    "12": {
        "estimate": 23.62729254714888,
        "std": 6.392293853741953
    },
    "13": {
        "estimate": 23.530932763817795,
        "std": 6.186278343150214
    },
    "14": {
        "estimate": 22.458673243981444,
        "std": 5.729348351905747
    },
    "15": {
        "estimate": 22.243020740211122,
        "std": 5.48980717895772
    },
    "16": {
        "estimate": 21.729679281214317,
        "std": 5.458693429185881
    },
    "17": {
        "estimate": 21.49646709507409,
        "std": 5.6842841824034975
    },
    "18": {
        "estimate": 20.97855706204019,
        "std": 5.612645331218506
    },
    "19": {
        "estimate": 20.870677161578804,
        "std": 5.483645964254865
    },
    "20": {
        "estimate": 20.61235651575036,
        "std": 5.390606443529827
    },
    "21": {
        "estimate": 20.240000853343915,
        "std": 5.188778477906875
    },
    "22": {
        "estimate": 20.34334186844633,
        "std": 5.178685046110806
    },
    "23": {
        "estimate": 20.634840248635225,
        "std": 5.266049742667776
    },
    "24": {
        "estimate": 20.81748073299372,
        "std": 5.277527487174647
    },
    "25": {
        "estimate": 21.287189461340418,
        "std": 5.3147403479330935
    },
    "26": {
        "estimate": 21.221753318476352,
        "std": 5.269333049132662
    },
    "27": {
        "estimate": 21.517176234442946,
        "std": 5.3747347074010765
    },
    "28": {
        "estimate": 22.016090434928273,
        "std": 5.51497964078446
    },
    "29": {
        "estimate": 23.14843318345307,
        "std": 5.81011693017803
    },
    "30": {
        "estimate": 24.714067052349293,
        "std": 6.599649306944118
    },
    "31": {
        "estimate": 25.35548789418182,
        "std": 6.850953893016314
    },
    "32": {
        "estimate": 26.64116446493488,
        "std": 7.7906256597071355
    }
}