{
    "0": NaN,
    "1": 7.674963474273682,
    "2": 6.250484466552734,
    "3": 7.742265701293945,
    "4": 7.403164386749268,
    "5": 8.419516563415527,
    "6": 11.380016326904297,
    "7": 11.408432960510254,
    "8": 11.571948051452637,
    "9": 11.704872131347656,
    "10": 13.534103393554688,
    "11": 16.328472137451172,
    "12": 17.828655242919922,
    "13": 20.19303321838379,
    "14": 19.870468139648438,
    "15": 21.37479019165039,
    "16": 21.28852653503418,
    "17": 20.05766487121582,
    "18": 20.219131469726562,
    "19": 21.637226104736328,
    "20": 22.507051467895508,
    "21": 23.54353141784668,
    "22": 23.783906936645508,
    "23": 23.871288299560547,
    "24": 24.18705177307129,
    "25": 24.37968635559082,
    "26": 24.973247528076172,
    "27": 25.528772354125977,
    "28": 25.87727928161621,
    "29": 26.45052146911621,
    "30": 25.608108520507812,
    "31": 25.925689697265625,
    "32": 24.804073333740234
}