{
    "0": {
        "estimate": Infinity,
        "std": NaN
    },
    "1": {
        "estimate": 18.27579021508396,
        "std": 6.713945920802871
    },
    "2": {
        "estimate": 18.970614371498804,
        "std": 6.932273781593175
    },
    "3": {
        "estimate": 19.120109588244265,
        "std": 7.696298409964229
    },
    "4": {
        "estimate": 20.83283097219846,
        "std": 9.177723223741827
    },
    "5": {
        "estimate": 20.73581206200902,
        "std": 8.911241544256452
    },
    "6": {
        "estimate": 20.07936219929012,
        "std": 8.617286748426366
    },
    "7": {
        "estimate": 19.931159938528914,
        "std": 8.391288141294059
    },
    "8": {
        "estimate": 20.00504840783151,
        "std": 8.23491166251547
    },
    "9": {
        "estimate": 22.077269862113475,
        "std": 8.882251262089902
    },
    "10": {
        "estimate": 22.086688173137805,
        "std": 8.677836310025839
    },
    "11": {
        "estimate": 23.39106271266151,
        "std": 8.731682290234836
    },
    "12": {
        "estimate": 24.711277149497732,
        "std": 9.098098614964618
    },
    "13": {
        "estimate": 24.910695555158387,
        "std": 9.18046855490269
    },
    "14": {
        "estimate": 26.95683469377606,
        "std": 8.929050358190324
    },
    "15": {
        "estimate": 28.04341330190485,
        "std": 9.574567636692754
    },
    "16": {
        "estimate": 27.372609140016245,
        "std": 9.113941021930765
    },
    "17": {
        "estimate": 25.524995735538653,
        "std": 8.444303146332409
    },
    "18": {
        "estimate": 24.65034099350499,
        "std": 8.06829349287445
    },
    "19": {
        "estimate": 24.24849847559652,
        "std": 8.134207480411913
    },
    "20": {
        "estimate": 24.24750610986099,
        "std": 8.124034198317455
    },
    "21": {
        "estimate": 23.572022108225358,
        "std": 7.956849681483586
    },
    "22": {
        "estimate": 23.546338397583817,
        "std": 8.036062669755188
    },
    "23": {
        "estimate": 23.548639120609003,
        "std": 8.093982592047148
    },
    "24": {
        "estimate": 23.528520450637295,
        "std": 8.12004856417162
    },
    "25": {
        "estimate": 24.563735274488838,
        "std": 8.72197024414258
    },
    "26": {
        "estimate": 24.450999027768905,
        "std": 8.801274385899916
    },
    "27": {
        "estimate": 24.87070800818743,
        "std": 9.026254161925914
    },
    "28": {
        "estimate": 24.871502236147656,
        "std": 9.038574746231028
    },
    "29": {
        "estimate": 25.16735125697422,
        "std": 9.281259641356518
    },
    "30": {
        "estimate": 25.3909699064299,
        "std": 9.59435243793548
    },
    "31": {
        "estimate": 25.388482492765842,
        "std": 9.670698578094257
    },
    "32": {
        "estimate": 23.382928744176468,
        "std": 8.787607600642025
    }
}