{
    "0": {
        "estimate": Infinity,
        "std": NaN
    },
    "1": {
        "estimate": 17.789428913980128,
        "std": 4.678048993996445
    },
    "2": {
        "estimate": 18.21879326556932,
        "std": 4.824924984496293
    },
    "3": {
        "estimate": 18.826752081534362,
        "std": 4.999463980625466
    },
    "4": {
        "estimate": 20.891207145892817,
        "std": 6.570723456353759
    },
    "5": {
        "estimate": 20.66211529594672,
        "std": 6.491542638260938
    },
    "6": {
        "estimate": 19.9940609353076,
        "std": 6.402368054787186
    },
    "7": {
        "estimate": 19.71960248051312,
        "std": 6.117005231888504
    },
    "8": {
        "estimate": 19.489482651412498,
        "std": 5.849200046121466
    },
    "9": {
        "estimate": 21.298043091635435,
        "std": 6.141944578821922
    },
    "10": {
        "estimate": 21.180793125055647,
        "std": 6.012709835218295
    },
    "11": {
        "estimate": 22.3785158387893,
        "std": 5.936335112527934
    },
    "12": {
        "estimate": 23.657007243967044,
        "std": 6.1763217893892435
    },
    "13": {
        "estimate": 23.617876928825847,
        "std": 6.1521134784174984
    },
    "14": {
        "estimate": 24.479754110406397,
        "std": 5.342808456431176
    },
    "15": {
        "estimate": 25.59005511413803,
        "std": 5.951446154234217
    },
    "16": {
        "estimate": 24.966459950955574,
        "std": 5.853813917655855
    },
    "17": {
        "estimate": 23.14198258850147,
        "std": 5.774546220552881
    },
    "18": {
        "estimate": 22.12074733449011,
        "std": 5.482161150199136
    },
    "19": {
        "estimate": 21.756277960103784,
        "std": 5.740184921146839
    },
    "20": {
        "estimate": 21.57261277382265,
        "std": 5.859986974769136
    },
    "21": {
        "estimate": 20.8137977369033,
        "std": 5.794373098013991
    },
    "22": {
        "estimate": 20.723746084627937,
        "std": 5.872673149956891
    },
    "23": {
        "estimate": 20.75160396584531,
        "std": 5.98427488610362
    },
    "24": {
        "estimate": 20.656578178535764,
        "std": 6.009727550886923
    },
    "25": {
        "estimate": 21.671712241739467,
        "std": 6.506666006207908
    },
    "26": {
        "estimate": 21.487912977820198,
        "std": 6.43685750855251
    },
    "27": {
        "estimate": 21.981136196944465,
        "std": 6.713441163114421
    },
    "28": {
        "estimate": 22.03171906259931,
        "std": 6.7093946160341
    },
    "29": {
        "estimate": 22.27481501982974,
        "std": 6.793573623241948
    },
    "30": {
        "estimate": 23.075868417562038,
        "std": 7.300485751872075
    },
    "31": {
        "estimate": 23.114449371188854,
        "std": 7.355186183194516
    },
    "32": {
        "estimate": 21.426714130637965,
        "std": 6.724605022129406
    }
}