{
    "0": {
        "estimate": Infinity,
        "std": NaN
    },
    "1": {
        "estimate": 17.56521965174502,
        "std": 4.340288442820692
    },
    "2": {
        "estimate": 17.910790322532463,
        "std": 4.49482461336706
    },
    "3": {
        "estimate": 18.624329280194516,
        "std": 4.604399476123107
    },
    "4": {
        "estimate": 20.796048310382194,
        "std": 6.082596160406926
    },
    "5": {
        "estimate": 20.507235719249675,
        "std": 6.06010880113965
    },
    "6": {
        "estimate": 19.85387895557984,
        "std": 6.024794704200808
    },
    "7": {
        "estimate": 19.493951681303024,
        "std": 5.709741715818373
    },
    "8": {
        "estimate": 19.19867001527071,
        "std": 5.41663426908191
    },
    "9": {
        "estimate": 20.92845166346633,
        "std": 5.6574704652971475
    },
    "10": {
        "estimate": 20.781263478974974,
        "std": 5.514395706874852
    },
    "11": {
        "estimate": 21.960114051747073,
        "std": 5.45090352031717
    },
    "12": {
        "estimate": 23.171725570291944,
        "std": 5.642289520562281
    },
    "13": {
        "estimate": 23.070161382281064,
        "std": 5.524084008962338
    },
    "14": {
        "estimate": 23.77649946675477,
        "std": 4.7260308078828075
    },
    "15": {
        "estimate": 24.83582125791903,
        "std": 5.36074266992054
    },
    "16": {
        "estimate": 24.23986717342383,
        "std": 5.297941687894931
    },
    "17": {
        "estimate": 22.404871069219062,
        "std": 5.292647457294717
    },
    "18": {
        "estimate": 21.385679513596482,
        "std": 5.0657612155798075
    },
    "19": {
        "estimate": 21.011213530098626,
        "std": 5.423214043617952
    },
    "20": {
        "estimate": 20.812022873238078,
        "std": 5.5573078337637485
    },
    "21": {
        "estimate": 20.032371922000145,
        "std": 5.510256807118002
    },
    "22": {
        "estimate": 19.924243746007747,
        "std": 5.590282083149135
    },
    "23": {
        "estimate": 19.925006989708635,
        "std": 5.662182675565466
    },
    "24": {
        "estimate": 19.835258546471497,
        "std": 5.734502669471912
    },
    "25": {
        "estimate": 20.851611985058977,
        "std": 6.208209675794385
    },
    "26": {
        "estimate": 20.66857251990737,
        "std": 6.193529720695956
    },
    "27": {
        "estimate": 21.17107813111498,
        "std": 6.429211686773399
    },
    "28": {
        "estimate": 21.167788892672117,
        "std": 6.4067768618606395
    },
    "29": {
        "estimate": 21.432813408934255,
        "std": 6.511276533059547
    },
    "30": {
        "estimate": 22.354432337845648,
        "std": 7.010292637423325
    },
    "31": {
        "estimate": 22.361129351587792,
        "std": 7.055415154184927
    },
    "32": {
        "estimate": 20.786655112327225,
        "std": 6.373655899288331
    }
}