{
    "0": {
        "estimate": NaN,
        "std": NaN
    },
    "1": {
        "estimate": 17.077148016904037,
        "std": 9.13325958439563
    },
    "2": {
        "estimate": 13.170169733170958,
        "std": 13.29574506215493
    },
    "3": {
        "estimate": 16.05304828713285,
        "std": 13.922526691207679
    },
    "4": {
        "estimate": 18.033457863764255,
        "std": 13.603518666124176
    },
    "5": {
        "estimate": 18.34306371499891,
        "std": 13.665022819859388
    },
    "6": {
        "estimate": 22.604580541896816,
        "std": 12.628655902911184
    },
    "7": {
        "estimate": 23.019578861152485,
        "std": 13.147126726180753
    },
    "8": {
        "estimate": 21.333292755056785,
        "std": 12.492576405133876
    },
    "9": {
        "estimate": 23.67300165777875,
        "std": 12.150027960421072
    },
    "10": {
        "estimate": 23.72195015693802,
        "std": 11.90662593070887
    },
    "11": {
        "estimate": 23.856174508627696,
        "std": 11.56778076643009
    },
    "12": {
        "estimate": 26.91267077715856,
        "std": 11.953510995668552
    },
    "13": {
        "estimate": 26.09964910528374,
        "std": 11.108194081136121
    },
    "14": {
        "estimate": 26.608140921427147,
        "std": 10.76168278771391
    },
    "15": {
        "estimate": 28.416021154931684,
        "std": 11.384108270723614
    },
    "16": {
        "estimate": 29.22078470816497,
        "std": 11.334188231565598
    },
    "17": {
        "estimate": 29.401395340737583,
        "std": 10.981987871607119
    },
    "18": {
        "estimate": 26.991321766128564,
        "std": 8.933514945083619
    },
    "19": {
        "estimate": 25.140249916244635,
        "std": 8.37042685848539
    },
    "20": {
        "estimate": 25.651234420178515,
        "std": 8.485223992715362
    },
    "21": {
        "estimate": 25.501093449645197,
        "std": 8.438063507799795
    },
    "22": {
        "estimate": 25.272040174642648,
        "std": 8.46860066649547
    },
    "23": {
        "estimate": 24.598938569941186,
        "std": 8.309556106618153
    },
    "24": {
        "estimate": 24.883201265078743,
        "std": 8.317731590736496
    },
    "25": {
        "estimate": 25.71113746795168,
        "std": 8.530035126554974
    },
    "26": {
        "estimate": 27.537536128426872,
        "std": 9.607193031504455
    },
    "27": {
        "estimate": 29.02995023956095,
        "std": 10.481310969012316
    },
    "28": {
        "estimate": 29.69636050334404,
        "std": 10.897304355188185
    },
    "29": {
        "estimate": 30.732528676368062,
        "std": 11.540324352399864
    },
    "30": {
        "estimate": 30.019146893208557,
        "std": 11.263390579640456
    },
    "31": {
        "estimate": 30.863155945523456,
        "std": 11.820505496243786
    },
    "32": {
        "estimate": 26.702158228962205,
        "std": 9.711625256620993
    }
}