{
    "0": {
        "estimate": NaN,
        "std": NaN
    },
    "1": {
        "estimate": 15.66080275340948,
        "std": 5.215533618491573
    },
    "2": {
        "estimate": 14.821934509952186,
        "std": 7.806810415216896
    },
    "3": {
        "estimate": 17.699222999543593,
        "std": 8.302325839113939
    },
    "4": {
        "estimate": 19.43713383211518,
        "std": 8.26162820410024
    },
    "5": {
        "estimate": 20.12454404137262,
        "std": 8.316514092977444
    },
    "6": {
        "estimate": 22.089426765450145,
        "std": 7.412145852339702
    },
    "7": {
        "estimate": 22.463373593670923,
        "std": 7.655366469317935
    },
    "8": {
        "estimate": 21.158784963438247,
        "std": 7.427214031882829
    },
    "9": {
        "estimate": 22.532918951817525,
        "std": 7.236786276541072
    },
    "10": {
        "estimate": 22.311901044348122,
        "std": 7.008592553963141
    },
    "11": {
        "estimate": 22.42458204166985,
        "std": 6.945733865314532
    },
    "12": {
        "estimate": 24.36567398882872,
        "std": 6.7650618548024495
    },
    "13": {
        "estimate": 22.757580058751785,
        "std": 5.957499476679643
    },
    "14": {
        "estimate": 22.829334289506704,
        "std": 5.82307405440714
    },
    "15": {
        "estimate": 24.203451278964987,
        "std": 6.093513747016714
    },
    "16": {
        "estimate": 24.756948770871094,
        "std": 6.040348464948127
    },
    "17": {
        "estimate": 24.560109012607334,
        "std": 5.885305620882739
    },
    "18": {
        "estimate": 20.667969317892858,
        "std": 4.474789931686002
    },
    "19": {
        "estimate": 18.684653977129965,
        "std": 4.027707429137757
    },
    "20": {
        "estimate": 19.257696495377722,
        "std": 4.053814685517573
    },
    "21": {
        "estimate": 19.111551098149747,
        "std": 4.018713033762487
    },
    "22": {
        "estimate": 18.868420185733648,
        "std": 3.9840576580818214
    },
    "23": {
        "estimate": 18.126103410555256,
        "std": 3.9285166844765556
    },
    "24": {
        "estimate": 18.283155226486222,
        "std": 4.080971081263151
    },
    "25": {
        "estimate": 18.856550511963754,
        "std": 4.233830730400055
    },
    "26": {
        "estimate": 20.109942126924736,
        "std": 4.975893781770675
    },
    "27": {
        "estimate": 21.298626238047877,
        "std": 5.384029272485911
    },
    "28": {
        "estimate": 21.868164218947374,
        "std": 5.841834323392582
    },
    "29": {
        "estimate": 23.056479831156587,
        "std": 6.47076703784944
    },
    "30": {
        "estimate": 23.026882773517585,
        "std": 6.441444597720904
    },
    "31": {
        "estimate": 24.165194203966866,
        "std": 6.802442419850672
    },
    "32": {
        "estimate": 21.448185275085212,
        "std": 5.263740383905201
    }
}