{
    "0": NaN,
    "1": 10.760905265808105,
    "2": 2.8994104862213135,
    "3": 4.816307067871094,
    "4": 6.7168049812316895,
    "5": 6.870891094207764,
    "6": 11.3483304977417,
    "7": 11.6423978805542,
    "8": 10.559772491455078,
    "9": 13.043742179870605,
    "10": 14.081188201904297,
    "11": 15.084820747375488,
    "12": 18.819677352905273,
    "13": 20.550968170166016,
    "14": 22.276918411254883,
    "15": 24.82427406311035,
    "16": 26.44349479675293,
    "17": 28.13290023803711,
    "18": 29.539867401123047,
    "19": 28.25178337097168,
    "20": 28.510356903076172,
    "21": 28.6790828704834,
    "22": 28.583236694335938,
    "23": 28.04369354248047,
    "24": 28.602697372436523,
    "25": 30.193782806396484,
    "26": 31.016868591308594,
    "27": 31.866512298583984,
    "28": 31.917633056640625,
    "29": 30.771181106567383,
    "30": 29.147565841674805,
    "31": 28.083528518676758,
    "32": 24.36354637145996
}