{
    "0": {
        "estimate": NaN,
        "std": NaN
    },
    "1": {
        "estimate": 15.96149642772571,
        "std": 5.922445209279006
    },
    "2": {
        "estimate": 15.83661586020395,
        "std": 7.092281410849264
    },
    "3": {
        "estimate": 16.854664015878576,
        "std": 7.918740594006464
    },
    "4": {
        "estimate": 18.419343894770602,
        "std": 8.487096520950853
    },
    "5": {
        "estimate": 19.232106781235128,
        "std": 8.682134083582875
    },
    "6": {
        "estimate": 20.6637537377928,
        "std": 8.805952201317275
    },
    "7": {
        "estimate": 23.086955816176477,
        "std": 9.781045797214702
    },
    "8": {
        "estimate": 24.105496687370227,
        "std": 10.14238740963497
    },
    "9": {
        "estimate": 23.24976978357209,
        "std": 9.477071086581429
    },
    "10": {
        "estimate": 25.897061892208622,
        "std": 9.83242625075251
    },
    "11": {
        "estimate": 26.845845445752154,
        "std": 9.524605347972853
    },
    "12": {
        "estimate": 26.859276700030883,
        "std": 9.389457682854987
    },
    "13": {
        "estimate": 27.596572852120683,
        "std": 9.127071361894496
    },
    "14": {
        "estimate": 28.07126361734743,
        "std": 9.424634186051453
    },
    "15": {
        "estimate": 27.405910657901398,
        "std": 9.146225804767807
    },
    "16": {
        "estimate": 26.36710261944313,
        "std": 8.73474164571605
    },
    "17": {
        "estimate": 26.013723616498243,
        "std": 8.575374299550202
    },
    "18": {
        "estimate": 26.315985677714547,
        "std": 8.735468770882807
    },
    "19": {
        "estimate": 26.076675477332074,
        "std": 8.568005805990488
    },
    "20": {
        "estimate": 25.916724451040423,
        "std": 8.208414791914079
    },
    "21": {
        "estimate": 26.048973716741518,
        "std": 8.296943844796647
    },
    "22": {
        "estimate": 26.14445188021642,
        "std": 8.285305001015251
    },
    "23": {
        "estimate": 26.063050437038736,
        "std": 8.245587132674773
    },
    "24": {
        "estimate": 26.426826962508798,
        "std": 8.186523518737214
    },
    "25": {
        "estimate": 26.61327929522496,
        "std": 8.150641122368063
    },
    "26": {
        "estimate": 26.95571454708369,
        "std": 8.219366618668227
    },
    "27": {
        "estimate": 27.22092437065693,
        "std": 8.323002466005263
    },
    "28": {
        "estimate": 27.40253885117625,
        "std": 8.373067247120309
    },
    "29": {
        "estimate": 27.61637985659577,
        "std": 8.445838494924542
    },
    "30": {
        "estimate": 27.725164480932953,
        "std": 8.400128076769477
    },
    "31": {
        "estimate": 27.823240283938155,
        "std": 8.46234808651133
    },
    "32": {
        "estimate": 27.847641096042096,
        "std": 8.434590382916936
    },
    "33": {
        "estimate": 28.46416051124027,
        "std": 8.730976441028853
    },
    "34": {
        "estimate": 28.752578542360883,
        "std": 8.881507826811356
    },
    "35": {
        "estimate": 29.064843700134283,
        "std": 8.901042389947673
    },
    "36": {
        "estimate": 29.343644130338635,
        "std": 9.075037889520218
    },
    "37": {
        "estimate": 29.568818580162386,
        "std": 9.435487516934867
    },
    "38": {
        "estimate": 30.191223534974775,
        "std": 9.642583845483772
    },
    "39": {
        "estimate": 31.012746564285433,
        "std": 9.973794369972667
    },
    "40": {
        "estimate": 32.180592427356316,
        "std": 10.440522624279042
    }
}