{
    "0": {
        "estimate": Infinity,
        "std": NaN
    },
    "1": {
        "estimate": 16.651638760749506,
        "std": 5.338776308996013
    },
    "2": {
        "estimate": 16.5626396611251,
        "std": 4.498495065926612
    },
    "3": {
        "estimate": 17.230756157159412,
        "std": 4.972576233327557
    },
    "4": {
        "estimate": 16.26778805349213,
        "std": 5.117447134186061
    },
    "5": {
        "estimate": 16.48768579966839,
        "std": 5.14112532605327
    },
    "6": {
        "estimate": 16.95154584720515,
        "std": 5.307928072952186
    },
    "7": {
        "estimate": 16.800620752969206,
        "std": 5.598923459139281
    },
    "8": {
        "estimate": 16.89063649245481,
        "std": 5.499845701015641
    },
    "9": {
        "estimate": 16.78679554242689,
        "std": 5.363239961420853
    },
    "10": {
        "estimate": 17.342840949449165,
        "std": 5.395045116960201
    },
    "11": {
        "estimate": 17.64098428411345,
        "std": 5.512750830052961
    },
    "12": {
        "estimate": 18.52402407880612,
        "std": 5.913750107338486
    },
    "13": {
        "estimate": 18.913869168172464,
        "std": 5.700594319573473
    },
    "14": {
        "estimate": 19.22536794642851,
        "std": 5.643011080265371
    },
    "15": {
        "estimate": 18.522299566319322,
        "std": 5.289854342680933
    },
    "16": {
        "estimate": 19.925312062931656,
        "std": 5.70412085005541
    },
    "17": {
        "estimate": 20.177066073459702,
        "std": 5.975411609540667
    },
    "18": {
        "estimate": 19.674556927910903,
        "std": 5.619699845040127
    },
    "19": {
        "estimate": 19.522858766533616,
        "std": 5.509069127856614
    },
    "20": {
        "estimate": 19.683040558574376,
        "std": 5.37369070818547
    },
    "21": {
        "estimate": 19.427249516412537,
        "std": 5.223830265836508
    },
    "22": {
        "estimate": 19.26210391523222,
        "std": 5.134659394412919
    },
    "23": {
        "estimate": 19.472996113939647,
        "std": 5.287033994103492
    },
    "24": {
        "estimate": 19.46001902676073,
        "std": 5.317965753104389
    },
    "25": {
        "estimate": 19.508021303373635,
        "std": 5.293518597067322
    },
    "26": {
        "estimate": 19.403987653311894,
        "std": 5.1828381227927665
    },
    "27": {
        "estimate": 19.26984391917556,
        "std": 5.127108451337066
    },
    "28": {
        "estimate": 19.058406264954733,
        "std": 5.0199218170902755
    },
    "29": {
        "estimate": 18.9779150518131,
        "std": 4.921955711010823
    },
    "30": {
        "estimate": 18.732714652163185,
        "std": 4.861096514527988
    },
    "31": {
        "estimate": 18.40244465623534,
        "std": 4.702897225703244
    },
    "32": {
        "estimate": 16.53770366566041,
        "std": 3.9772625876638825
    }
}