{
    "0": {
        "estimate": Infinity,
        "std": NaN
    },
    "1": {
        "estimate": 18.831702819121286,
        "std": 8.067663742174254
    },
    "2": {
        "estimate": 19.001017468950625,
        "std": 6.887422298688667
    },
    "3": {
        "estimate": 19.518094549953055,
        "std": 7.188516197823542
    },
    "4": {
        "estimate": 18.775174828584653,
        "std": 7.293221019248136
    },
    "5": {
        "estimate": 19.094581151515662,
        "std": 7.435888920040474
    },
    "6": {
        "estimate": 19.432233796609385,
        "std": 7.466103493929654
    },
    "7": {
        "estimate": 18.86573796797316,
        "std": 7.684444792772981
    },
    "8": {
        "estimate": 19.040624510855064,
        "std": 7.534410805663193
    },
    "9": {
        "estimate": 19.04522696702566,
        "std": 7.526217659371746
    },
    "10": {
        "estimate": 19.627121280211664,
        "std": 7.571705476651794
    },
    "11": {
        "estimate": 19.87886392475553,
        "std": 7.628000435223351
    },
    "12": {
        "estimate": 20.679317257708597,
        "std": 8.001832250772631
    },
    "13": {
        "estimate": 21.093873831538453,
        "std": 7.901704493811141
    },
    "14": {
        "estimate": 21.500000873664995,
        "std": 7.849620574399343
    },
    "15": {
        "estimate": 21.059996327815053,
        "std": 7.431355029096899
    },
    "16": {
        "estimate": 22.400501635109165,
        "std": 7.927800199601465
    },
    "17": {
        "estimate": 22.62435882088998,
        "std": 8.298061303090702
    },
    "18": {
        "estimate": 22.050949237481973,
        "std": 7.752988083844005
    },
    "19": {
        "estimate": 21.840928217908186,
        "std": 7.687565882861776
    },
    "20": {
        "estimate": 22.079846252783202,
        "std": 7.657750492145894
    },
    "21": {
        "estimate": 21.762976945553394,
        "std": 7.44060216698399
    },
    "22": {
        "estimate": 21.632478767460068,
        "std": 7.355934809356604
    },
    "23": {
        "estimate": 21.828000964264714,
        "std": 7.520266333632441
    },
    "24": {
        "estimate": 21.855340528179227,
        "std": 7.645893543214374
    },
    "25": {
        "estimate": 21.864170924189693,
        "std": 7.613300199095584
    },
    "26": {
        "estimate": 21.84809697808022,
        "std": 7.514616549095782
    },
    "27": {
        "estimate": 21.75506505223432,
        "std": 7.420909057726595
    },
    "28": {
        "estimate": 21.566535232707825,
        "std": 7.2840941075339565
    },
    "29": {
        "estimate": 21.62576764014975,
        "std": 7.228463652058218
    },
    "30": {
        "estimate": 21.45836303795987,
        "std": 7.058396583994783
    },
    "31": {
        "estimate": 21.238658518175065,
        "std": 6.927862624493845
    },
    "32": {
        "estimate": 19.450591454810485,
        "std": 5.9904874688636625
    }
}