{
    "0": {
        "estimate": NaN,
        "std": NaN
    },
    "1": {
        "estimate": 18.02698918605361,
        "std": 6.700712840304364
    },
    "2": {
        "estimate": 18.745253899367036,
        "std": 7.009225626849451
    },
    "3": {
        "estimate": 18.867573823784323,
        "std": 7.473891805743923
    },
    "4": {
        "estimate": 17.56760331647238,
        "std": 6.261999239393644
    },
    "5": {
        "estimate": 20.898362206627528,
        "std": 8.69628010401006
    },
    "6": {
        "estimate": 21.85199197674067,
        "std": 8.587909108866205
    },
    "7": {
        "estimate": 22.84119652782635,
        "std": 8.899863000810676
    },
    "8": {
        "estimate": 24.035847199939326,
        "std": 9.254808674566872
    },
    "9": {
        "estimate": 25.012866404359357,
        "std": 9.299238010990807
    },
    "10": {
        "estimate": 26.94005967381504,
        "std": 10.301993130799934
    },
    "11": {
        "estimate": 27.63251047922679,
        "std": 10.542460708661928
    },
    "12": {
        "estimate": 26.783110711998724,
        "std": 9.653898702031412
    },
    "13": {
        "estimate": 26.884687672007946,
        "std": 10.055499584542051
    },
    "14": {
        "estimate": 26.315208005211748,
        "std": 9.892917679359249
    },
    "15": {
        "estimate": 24.712580896417744,
        "std": 9.693890164510991
    },
    "16": {
        "estimate": 24.612818620612572,
        "std": 9.765912093991112
    },
    "17": {
        "estimate": 23.364195187528075,
        "std": 9.466386698701736
    },
    "18": {
        "estimate": 22.62266823807671,
        "std": 9.052973989487638
    },
    "19": {
        "estimate": 22.05662725953097,
        "std": 8.933414159339323
    },
    "20": {
        "estimate": 21.56178890680457,
        "std": 8.709952990726963
    },
    "21": {
        "estimate": 21.337702801684916,
        "std": 8.467109540607254
    },
    "22": {
        "estimate": 21.20376081685691,
        "std": 8.36102620865843
    },
    "23": {
        "estimate": 21.39814582791778,
        "std": 8.599034796738874
    },
    "24": {
        "estimate": 21.466983480687936,
        "std": 8.433705456632138
    },
    "25": {
        "estimate": 21.75595183811481,
        "std": 8.654964212014102
    },
    "26": {
        "estimate": 21.94784144177324,
        "std": 8.916162435418801
    },
    "27": {
        "estimate": 22.48856888281821,
        "std": 9.306890747412114
    },
    "28": {
        "estimate": 22.578698196086272,
        "std": 9.286098465997561
    },
    "29": {
        "estimate": 22.800538241367065,
        "std": 9.435924569330677
    },
    "30": {
        "estimate": 23.472314698790207,
        "std": 9.659087038081106
    },
    "31": {
        "estimate": 23.589792496601692,
        "std": 9.737504470774372
    },
    "32": {
        "estimate": 20.70388724454345,
        "std": 7.776446624959039
    }
}