{
    "0": NaN,
    "1": 15.4287748336792,
    "2": 15.234172821044922,
    "3": 9.143966674804688,
    "4": 13.178376197814941,
    "5": 9.13142204284668,
    "6": 12.330549240112305,
    "7": 13.644137382507324,
    "8": 13.509400367736816,
    "9": 14.457776069641113,
    "10": 15.240779876708984,
    "11": 16.522550582885742,
    "12": 19.3481388092041,
    "13": 19.25981903076172,
    "14": 18.658294677734375,
    "15": 17.282102584838867,
    "16": 17.264034271240234,
    "17": 16.270450592041016,
    "18": 15.943768501281738,
    "19": 15.843854904174805,
    "20": 15.699873924255371,
    "21": 15.89140796661377,
    "22": 15.847768783569336,
    "23": 16.00037384033203,
    "24": 16.091032028198242,
    "25": 16.220046997070312,
    "26": 16.11246681213379,
    "27": 16.37882423400879,
    "28": 16.4484806060791,
    "29": 16.6405029296875,
    "30": 16.97829818725586,
    "31": 17.119089126586914,
    "32": 18.461462020874023
}