{
    "0": {
        "estimate": NaN,
        "std": NaN
    },
    "1": {
        "estimate": 15.918880501457782,
        "std": 5.007786457475368
    },
    "2": {
        "estimate": 18.887320964728467,
        "std": 6.071535614778981
    },
    "3": {
        "estimate": 18.929909838854424,
        "std": 6.011020456735456
    },
    "4": {
        "estimate": 20.345521274336754,
        "std": 6.893788006872197
    },
    "5": {
        "estimate": 20.904126181960887,
        "std": 7.541227167313563
    },
    "6": {
        "estimate": 19.75342459368253,
        "std": 6.759448374515015
    },
    "7": {
        "estimate": 20.3235860305829,
        "std": 6.5673139302450885
    },
    "8": {
        "estimate": 20.828044367421906,
        "std": 6.61624284052046
    },
    "9": {
        "estimate": 21.28462807433015,
        "std": 6.622198852629446
    },
    "10": {
        "estimate": 21.713667447007523,
        "std": 6.653482661544697
    },
    "11": {
        "estimate": 21.7828204658328,
        "std": 6.528650024446285
    },
    "12": {
        "estimate": 21.844333992185867,
        "std": 6.489794260585586
    },
    "13": {
        "estimate": 22.317638673258283,
        "std": 6.701269147236736
    },
    "14": {
        "estimate": 21.91035003465659,
        "std": 6.483487696328504
    },
    "15": {
        "estimate": 21.480845226865473,
        "std": 6.310449999103423
    },
    "16": {
        "estimate": 21.186076835882655,
        "std": 6.145380890020349
    },
    "17": {
        "estimate": 21.104817199816047,
        "std": 6.061830618562119
    },
    "18": {
        "estimate": 21.065072676944453,
        "std": 6.09437243635026
    },
    "19": {
        "estimate": 20.777114393798517,
        "std": 5.9777383657758145
    },
    "20": {
        "estimate": 20.884195712892,
        "std": 5.990689722805325
    },
    "21": {
        "estimate": 21.207540982939584,
        "std": 6.261401041827924
    },
    "22": {
        "estimate": 21.232074285043687,
        "std": 6.213334179968484
    },
    "23": {
        "estimate": 22.00401480403393,
        "std": 6.654040347885829
    },
    "24": {
        "estimate": 22.491299380669016,
        "std": 6.8490521522481504
    },
    "25": {
        "estimate": 23.263001763775485,
        "std": 7.222711770508102
    },
    "26": {
        "estimate": 25.223708012249084,
        "std": 8.581396794849102
    },
    "27": {
        "estimate": 25.979317346464434,
        "std": 9.137981849264024
    },
    "28": {
        "estimate": 26.5748624592928,
        "std": 9.688957537819064
    },
    "29": {
        "estimate": 27.264075507980074,
        "std": 10.428274903807889
    },
    "30": {
        "estimate": 24.698723107879207,
        "std": 9.626478026936844
    },
    "31": {
        "estimate": 25.16305948496644,
        "std": 10.292459340454228
    },
    "32": {
        "estimate": 20.873648720358972,
        "std": 8.242569677774737
    }
}