{
    "0": {
        "estimate": Infinity,
        "std": NaN
    },
    "1": {
        "estimate": 14.707989909741963,
        "std": 5.5338871770728035
    },
    "2": {
        "estimate": 4.7799075678121765,
        "std": 1.2840846928397358
    },
    "3": {
        "estimate": 8.67627266676509,
        "std": 2.7833015194290205
    },
    "4": {
        "estimate": 11.83167605034904,
        "std": 4.124564867335198
    },
    "5": {
        "estimate": 14.495463749477658,
        "std": 5.427263524644031
    },
    "6": {
        "estimate": 16.118626858411172,
        "std": 6.339174740884624
    },
    "7": {
        "estimate": 16.814618410251875,
        "std": 6.967268054449674
    },
    "8": {
        "estimate": 17.07123512652355,
        "std": 7.147370103774533
    },
    "9": {
        "estimate": 17.127428243066138,
        "std": 7.210244747369079
    },
    "10": {
        "estimate": 17.24670498371551,
        "std": 7.37175665939329
    },
    "11": {
        "estimate": 17.204369188133903,
        "std": 7.425295312279447
    },
    "12": {
        "estimate": 17.268144907847827,
        "std": 7.46655811865883
    },
    "13": {
        "estimate": 17.29847096589519,
        "std": 7.564785834840969
    },
    "14": {
        "estimate": 17.43884898279505,
        "std": 7.664179216705126
    },
    "15": {
        "estimate": 17.825472565711102,
        "std": 7.936890730639684
    },
    "16": {
        "estimate": 18.022989780568587,
        "std": 8.205113868882627
    },
    "17": {
        "estimate": 18.104163193352107,
        "std": 8.412874671401159
    },
    "18": {
        "estimate": 18.174342471463152,
        "std": 8.609151769893828
    },
    "19": {
        "estimate": 18.159773871155778,
        "std": 8.716628674248534
    },
    "20": {
        "estimate": 18.18540350201305,
        "std": 8.808511957409358
    },
    "21": {
        "estimate": 18.273746526607347,
        "std": 8.955503228479257
    },
    "22": {
        "estimate": 18.274759771872045,
        "std": 8.967074882814876
    },
    "23": {
        "estimate": 18.38865698691104,
        "std": 9.007223459031964
    },
    "24": {
        "estimate": 18.353529432644585,
        "std": 9.00118653335242
    },
    "25": {
        "estimate": 19.07749773044836,
        "std": 9.10696948549643
    },
    "26": {
        "estimate": 19.880463218323204,
        "std": 8.226894059482339
    },
    "27": {
        "estimate": 20.155645557818872,
        "std": 8.30664442467051
    },
    "28": {
        "estimate": 20.724099994984325,
        "std": 7.75957880003012
    },
    "29": {
        "estimate": 22.24551901797713,
        "std": 7.81512222726996
    },
    "30": {
        "estimate": 24.294068650031985,
        "std": 8.101370425115585
    },
    "31": {
        "estimate": 26.299065874794742,
        "std": 8.670014606739676
    },
    "32": {
        "estimate": 27.59589886575627,
        "std": 9.167812685338177
    }
}