{
    "0": {
        "estimate": Infinity,
        "std": NaN
    },
    "1": {
        "estimate": 17.773416057182477,
        "std": 7.875947267003973
    },
    "2": {
        "estimate": 17.31386876822384,
        "std": 8.196420301038458
    },
    "3": {
        "estimate": 17.520183362610453,
        "std": 8.155262235167214
    },
    "4": {
        "estimate": 16.088091220571158,
        "std": 7.503229717673741
    },
    "5": {
        "estimate": 16.500780732809446,
        "std": 7.8932547240955335
    },
    "6": {
        "estimate": 16.29584146078888,
        "std": 8.317878424435103
    },
    "7": {
        "estimate": 16.12511347291605,
        "std": 7.963112121592667
    },
    "8": {
        "estimate": 16.19642972719405,
        "std": 7.616352783571777
    },
    "9": {
        "estimate": 16.416586759346746,
        "std": 7.726147939729621
    },
    "10": {
        "estimate": 16.88600265418271,
        "std": 8.148025183082233
    },
    "11": {
        "estimate": 17.362460157510707,
        "std": 8.298246255682521
    },
    "12": {
        "estimate": 17.575101264199958,
        "std": 8.635413596310924
    },
    "13": {
        "estimate": 17.57231183944909,
        "std": 8.556129817352453
    },
    "14": {
        "estimate": 17.850344676522596,
        "std": 8.64120946385897
    },
    "15": {
        "estimate": 17.833268309636026,
        "std": 8.340496478195936
    },
    "16": {
        "estimate": 17.840192717130023,
        "std": 8.432718110273663
    },
    "17": {
        "estimate": 18.146182489613178,
        "std": 8.270255494993739
    },
    "18": {
        "estimate": 19.095215625054152,
        "std": 8.846078380609208
    },
    "19": {
        "estimate": 18.961575109430648,
        "std": 8.868915597816404
    },
    "20": {
        "estimate": 19.162815102011898,
        "std": 8.875510197254927
    },
    "21": {
        "estimate": 19.190635083601663,
        "std": 8.431775154614051
    },
    "22": {
        "estimate": 19.322337901529913,
        "std": 8.66128245382243
    },
    "23": {
        "estimate": 19.205921428393538,
        "std": 8.55622452408157
    },
    "24": {
        "estimate": 19.218236837853787,
        "std": 8.552848432744193
    },
    "25": {
        "estimate": 19.328800101165324,
        "std": 8.629255304354146
    },
    "26": {
        "estimate": 19.376781802011013,
        "std": 8.643055377850882
    },
    "27": {
        "estimate": 19.549909577688577,
        "std": 8.753581079351486
    },
    "28": {
        "estimate": 19.706839398395026,
        "std": 8.900709823053518
    },
    "29": {
        "estimate": 19.42262778551478,
        "std": 8.792803173895127
    },
    "30": {
        "estimate": 19.61279801999506,
        "std": 8.954308633101546
    },
    "31": {
        "estimate": 19.64988412650709,
        "std": 8.926125478607544
    },
    "32": {
        "estimate": 18.741318360621552,
        "std": 8.390086737040873
    }
}