{
    "0": {
        "estimate": Infinity,
        "std": NaN
    },
    "1": {
        "estimate": 16.49223128378464,
        "std": 6.439142836368733
    },
    "2": {
        "estimate": 15.848056229197272,
        "std": 6.6919819334875195
    },
    "3": {
        "estimate": 16.162872700836655,
        "std": 6.854680822175998
    },
    "4": {
        "estimate": 14.712239426240103,
        "std": 6.15512311576884
    },
    "5": {
        "estimate": 15.172051150368539,
        "std": 6.581763180798013
    },
    "6": {
        "estimate": 15.045626759434876,
        "std": 7.52690708600683
    },
    "7": {
        "estimate": 14.905478240140393,
        "std": 6.495667344121195
    },
    "8": {
        "estimate": 15.020611719921648,
        "std": 6.517060474225517
    },
    "9": {
        "estimate": 15.134148949874442,
        "std": 6.544917081278073
    },
    "10": {
        "estimate": 15.606248680875266,
        "std": 6.7638071256791905
    },
    "11": {
        "estimate": 16.107010686396126,
        "std": 6.9912922898189125
    },
    "12": {
        "estimate": 16.379330141828678,
        "std": 7.25647015285044
    },
    "13": {
        "estimate": 16.377422016590202,
        "std": 7.338461027506636
    },
    "14": {
        "estimate": 16.59846480291713,
        "std": 7.33229546411623
    },
    "15": {
        "estimate": 16.589177269754448,
        "std": 7.119211174503876
    },
    "16": {
        "estimate": 16.627118038294803,
        "std": 7.174765828394339
    },
    "17": {
        "estimate": 16.910235763249418,
        "std": 7.050883521880449
    },
    "18": {
        "estimate": 17.726848760507494,
        "std": 7.447324295670115
    },
    "19": {
        "estimate": 17.660711428572217,
        "std": 7.473180313969674
    },
    "20": {
        "estimate": 17.83912462288066,
        "std": 7.433001232567111
    },
    "21": {
        "estimate": 17.968034840246784,
        "std": 7.2931049718619105
    },
    "22": {
        "estimate": 17.97555231401983,
        "std": 7.237863365830628
    },
    "23": {
        "estimate": 17.970643876586667,
        "std": 7.3340171300694035
    },
    "24": {
        "estimate": 17.94221707665674,
        "std": 7.330350018544054
    },
    "25": {
        "estimate": 18.026722927151393,
        "std": 7.397506841833517
    },
    "26": {
        "estimate": 18.107175775377325,
        "std": 7.48422207170859
    },
    "27": {
        "estimate": 18.274167887645664,
        "std": 7.6157803282897385
    },
    "28": {
        "estimate": 18.389355981732113,
        "std": 7.634035491895825
    },
    "29": {
        "estimate": 18.15947696160027,
        "std": 7.565344635749664
    },
    "30": {
        "estimate": 18.35011369258024,
        "std": 7.695065705387008
    },
    "31": {
        "estimate": 18.31756135998938,
        "std": 7.543743278336457
    },
    "32": {
        "estimate": 17.334244711740514,
        "std": 7.09007573456864
    }
}