{
    "0": {
        "estimate": Infinity,
        "std": NaN
    },
    "1": {
        "estimate": 14.39020068429847,
        "std": 4.845393663475638
    },
    "2": {
        "estimate": 13.313274908082624,
        "std": 4.833069392162037
    },
    "3": {
        "estimate": 13.919045963955979,
        "std": 5.252321592247828
    },
    "4": {
        "estimate": 12.456074004305334,
        "std": 4.967354605674071
    },
    "5": {
        "estimate": 13.028944542760739,
        "std": 5.413853775254341
    },
    "6": {
        "estimate": 13.058938509514961,
        "std": 6.852672687833046
    },
    "7": {
        "estimate": 13.038764268143385,
        "std": 5.545565848309828
    },
    "8": {
        "estimate": 13.158837423152796,
        "std": 5.7453208628830605
    },
    "9": {
        "estimate": 13.287004685861687,
        "std": 5.5448380695193755
    },
    "10": {
        "estimate": 13.610919624403182,
        "std": 5.5660582674370955
    },
    "11": {
        "estimate": 14.049505833303265,
        "std": 5.778563334031254
    },
    "12": {
        "estimate": 14.273891314106688,
        "std": 6.090723620674766
    },
    "13": {
        "estimate": 14.26681223664005,
        "std": 5.993232309163542
    },
    "14": {
        "estimate": 14.592152439224755,
        "std": 6.075470457675264
    },
    "15": {
        "estimate": 14.62883382646459,
        "std": 6.005163062277358
    },
    "16": {
        "estimate": 14.563939754569825,
        "std": 5.848272009013195
    },
    "17": {
        "estimate": 14.881032679742082,
        "std": 5.897898252489586
    },
    "18": {
        "estimate": 15.596943056393846,
        "std": 6.089503690111419
    },
    "19": {
        "estimate": 15.470073186893568,
        "std": 6.100231493665334
    },
    "20": {
        "estimate": 15.667458042373028,
        "std": 6.138082375616806
    },
    "21": {
        "estimate": 15.858892200981234,
        "std": 6.104140483490575
    },
    "22": {
        "estimate": 15.8384482895796,
        "std": 6.11848778832642
    },
    "23": {
        "estimate": 15.758101997429453,
        "std": 6.103827858234436
    },
    "24": {
        "estimate": 15.779317907641392,
        "std": 6.106949897292094
    },
    "25": {
        "estimate": 15.851627568120737,
        "std": 6.2081799941506075
    },
    "26": {
        "estimate": 15.931815749094746,
        "std": 6.263251380738383
    },
    "27": {
        "estimate": 16.066776595383782,
        "std": 6.383491798650975
    },
    "28": {
        "estimate": 16.184033607139245,
        "std": 6.40294562495874
    },
    "29": {
        "estimate": 16.02112860418206,
        "std": 6.282823253621799
    },
    "30": {
        "estimate": 16.23125255036123,
        "std": 6.423012818168077
    },
    "31": {
        "estimate": 16.19884777670063,
        "std": 6.434019301018431
    },
    "32": {
        "estimate": 15.18030125134881,
        "std": 6.148337527410763
    }
}