{
    "0": {
        "estimate": NaN,
        "std": NaN
    },
    "1": {
        "estimate": 15.490847392961328,
        "std": 4.296828463591573
    },
    "2": {
        "estimate": 18.56999816508143,
        "std": 5.182288040493753
    },
    "3": {
        "estimate": 18.538415582261724,
        "std": 5.248703001003245
    },
    "4": {
        "estimate": 19.782649882185506,
        "std": 5.933619828077973
    },
    "5": {
        "estimate": 20.222821293502793,
        "std": 6.342164875969638
    },
    "6": {
        "estimate": 18.98183543845655,
        "std": 5.694043262060077
    },
    "7": {
        "estimate": 19.727985033502723,
        "std": 5.459859404503019
    },
    "8": {
        "estimate": 19.992082618868565,
        "std": 5.339393631050143
    },
    "9": {
        "estimate": 20.157370050858958,
        "std": 5.449922263161772
    },
    "10": {
        "estimate": 21.14551255725127,
        "std": 5.60202202967617
    },
    "11": {
        "estimate": 21.31228590142164,
        "std": 5.555118926521781
    },
    "12": {
        "estimate": 21.37406400515403,
        "std": 5.578391240105666
    },
    "13": {
        "estimate": 22.403790091407643,
        "std": 5.784919441351483
    },
    "14": {
        "estimate": 22.050546560352956,
        "std": 5.761974107334527
    },
    "15": {
        "estimate": 20.79824551480209,
        "std": 5.292922487241311
    },
    "16": {
        "estimate": 19.752828025762405,
        "std": 5.186330077444695
    },
    "17": {
        "estimate": 19.14187992042011,
        "std": 5.090356379366626
    },
    "18": {
        "estimate": 18.509402534515473,
        "std": 4.986336863723539
    },
    "19": {
        "estimate": 17.62202487038064,
        "std": 4.929198121813564
    },
    "20": {
        "estimate": 17.40739288071213,
        "std": 4.915864293485087
    },
    "21": {
        "estimate": 17.45141418701762,
        "std": 4.893959613653817
    },
    "22": {
        "estimate": 17.627652394780952,
        "std": 5.335704297052548
    },
    "23": {
        "estimate": 18.064994252059236,
        "std": 5.691657796419826
    },
    "24": {
        "estimate": 18.49841685284836,
        "std": 6.151830292761991
    },
    "25": {
        "estimate": 19.47216345174576,
        "std": 6.775389904589458
    },
    "26": {
        "estimate": 20.362593138312484,
        "std": 7.34102583569084
    },
    "27": {
        "estimate": 20.344056056884035,
        "std": 7.656151046548809
    },
    "28": {
        "estimate": 20.28970283500294,
        "std": 7.758100766913673
    },
    "29": {
        "estimate": 20.56615394722743,
        "std": 8.122914324752397
    },
    "30": {
        "estimate": 18.285440311650706,
        "std": 7.438623996752848
    },
    "31": {
        "estimate": 18.047072185155667,
        "std": 7.479097583013743
    },
    "32": {
        "estimate": 14.613254042847164,
        "std": 5.696236774828798
    }
}