{
    "0": {
        "estimate": NaN,
        "std": NaN
    },
    "1": {
        "estimate": 15.665157594321792,
        "std": 4.545263758561872
    },
    "2": {
        "estimate": 18.789333114086425,
        "std": 5.521643430541989
    },
    "3": {
        "estimate": 18.83660309682546,
        "std": 5.604186766197536
    },
    "4": {
        "estimate": 19.930126471316566,
        "std": 6.293381734617794
    },
    "5": {
        "estimate": 20.31339192469419,
        "std": 6.741214488162578
    },
    "6": {
        "estimate": 19.11147912261869,
        "std": 6.063988480555948
    },
    "7": {
        "estimate": 19.972076139734387,
        "std": 5.91841177656854
    },
    "8": {
        "estimate": 20.276861164740293,
        "std": 5.775556918349788
    },
    "9": {
        "estimate": 20.499406938031722,
        "std": 5.925675420083067
    },
    "10": {
        "estimate": 21.53900992876703,
        "std": 6.034903732474079
    },
    "11": {
        "estimate": 21.750769873243943,
        "std": 5.959912814083634
    },
    "12": {
        "estimate": 21.896674563678978,
        "std": 6.019716689191089
    },
    "13": {
        "estimate": 22.9200693472089,
        "std": 6.240108889752173
    },
    "14": {
        "estimate": 22.5703072535194,
        "std": 6.197976096219096
    },
    "15": {
        "estimate": 21.392829684425656,
        "std": 5.732661544691141
    },
    "16": {
        "estimate": 20.35107410676631,
        "std": 5.640545652980968
    },
    "17": {
        "estimate": 19.726124717757163,
        "std": 5.5553094290050815
    },
    "18": {
        "estimate": 19.065080978841184,
        "std": 5.446958575253626
    },
    "19": {
        "estimate": 18.146697324115383,
        "std": 5.38059476655594
    },
    "20": {
        "estimate": 17.93909902351835,
        "std": 5.3618941593687195
    },
    "21": {
        "estimate": 17.965311557015422,
        "std": 5.309254236840522
    },
    "22": {
        "estimate": 18.0696207568946,
        "std": 5.74612138603877
    },
    "23": {
        "estimate": 18.512903751788322,
        "std": 6.13357533882115
    },
    "24": {
        "estimate": 18.83630892270473,
        "std": 6.604976165747187
    },
    "25": {
        "estimate": 19.687013580599395,
        "std": 7.171629297865606
    },
    "26": {
        "estimate": 20.567004931417106,
        "std": 7.764586525311138
    },
    "27": {
        "estimate": 20.439435940183724,
        "std": 8.006737148725732
    },
    "28": {
        "estimate": 20.314971443397383,
        "std": 8.08595442991854
    },
    "29": {
        "estimate": 20.43908254527247,
        "std": 8.42375185942011
    },
    "30": {
        "estimate": 18.126742166767503,
        "std": 7.527684574530563
    },
    "31": {
        "estimate": 17.866011707392854,
        "std": 7.532089790891379
    },
    "32": {
        "estimate": 14.634479913323664,
        "std": 5.722994428077896
    }
}