{
    "0": {
        "estimate": NaN,
        "std": NaN
    },
    "1": {
        "estimate": 15.927611387454608,
        "std": 7.570434048541618
    },
    "2": {
        "estimate": 18.717771405708106,
        "std": 9.237831875365357
    },
    "3": {
        "estimate": 19.188653828997648,
        "std": 9.302971506544889
    },
    "4": {
        "estimate": 20.16453792901984,
        "std": 10.13081082797823
    },
    "5": {
        "estimate": 20.003353163273218,
        "std": 11.059923603140701
    },
    "6": {
        "estimate": 19.29766908692869,
        "std": 10.143812202503943
    },
    "7": {
        "estimate": 20.527796027460784,
        "std": 10.481778038483736
    },
    "8": {
        "estimate": 21.11613390997858,
        "std": 10.628799653243357
    },
    "9": {
        "estimate": 21.398893096952722,
        "std": 10.459076817876628
    },
    "10": {
        "estimate": 22.818257031008713,
        "std": 10.968165535087206
    },
    "11": {
        "estimate": 23.414544312155336,
        "std": 11.038058275960823
    },
    "12": {
        "estimate": 23.768652964498465,
        "std": 11.083558030830446
    },
    "13": {
        "estimate": 24.984536543275066,
        "std": 11.523005541013774
    },
    "14": {
        "estimate": 24.94093551004047,
        "std": 11.461509598764927
    },
    "15": {
        "estimate": 24.106969140557492,
        "std": 10.768366511003748
    },
    "16": {
        "estimate": 23.05309985646861,
        "std": 10.136607625285194
    },
    "17": {
        "estimate": 22.43383224148194,
        "std": 9.858621160339714
    },
    "18": {
        "estimate": 21.706327607609364,
        "std": 9.647346098694364
    },
    "19": {
        "estimate": 20.70847887106392,
        "std": 9.101901156833208
    },
    "20": {
        "estimate": 20.628948194467345,
        "std": 9.138519225382392
    },
    "21": {
        "estimate": 20.48963347466108,
        "std": 9.216330971346151
    },
    "22": {
        "estimate": 20.262423629365188,
        "std": 9.486253655793215
    },
    "23": {
        "estimate": 20.422030448838463,
        "std": 9.994699080419952
    },
    "24": {
        "estimate": 20.323199942603456,
        "std": 10.278242788625134
    },
    "25": {
        "estimate": 20.454678741075814,
        "std": 10.800350942230876
    },
    "26": {
        "estimate": 20.940488273421767,
        "std": 11.459830655805321
    },
    "27": {
        "estimate": 20.262637276215226,
        "std": 11.476117491792944
    },
    "28": {
        "estimate": 19.732996088970197,
        "std": 11.241167955925885
    },
    "29": {
        "estimate": 19.183932851452813,
        "std": 11.13872228483965
    },
    "30": {
        "estimate": 17.138953831964997,
        "std": 9.542330263485784
    },
    "31": {
        "estimate": 16.79281893256548,
        "std": 9.624131074613969
    },
    "32": {
        "estimate": 14.757643663439108,
        "std": 7.725134852863626
    }
}