{
    "0": NaN,
    "1": 5.048732757568359,
    "2": 5.242514133453369,
    "3": 7.08376407623291,
    "4": 7.668630123138428,
    "5": 6.331299304962158,
    "6": 6.708559989929199,
    "7": 7.8389506340026855,
    "8": 8.17764949798584,
    "9": 8.466516494750977,
    "10": 9.537590026855469,
    "11": 10.291017532348633,
    "12": 10.762895584106445,
    "13": 11.403873443603516,
    "14": 12.186981201171875,
    "15": 12.900130271911621,
    "16": 13.534512519836426,
    "17": 13.127824783325195,
    "18": 12.982677459716797,
    "19": 12.830221176147461,
    "20": 12.805761337280273,
    "21": 12.361557006835938,
    "22": 11.659148216247559,
    "23": 11.0305757522583,
    "24": 10.018034934997559,
    "25": 9.089136123657227,
    "26": 8.583549499511719,
    "27": 7.884964942932129,
    "28": 7.419554233551025,
    "29": 6.85951566696167,
    "30": 6.440728664398193,
    "31": 6.1067023277282715,
    "32": 6.000746250152588
}