{
    "0": {
        "estimate": NaN,
        "std": NaN
    },
    "1": {
        "estimate": 18.935606188402517,
        "std": 7.382373088957897
    },
    "2": {
        "estimate": 18.429080561608234,
        "std": 7.410552808517789
    },
    "3": {
        "estimate": 19.716627026453633,
        "std": 8.68933463399917
    },
    "4": {
        "estimate": 21.51875400011607,
        "std": 10.274434046491749
    },
    "5": {
        "estimate": 20.529046722715236,
        "std": 10.773968341960702
    },
    "6": {
        "estimate": 20.983060056442074,
        "std": 10.727140404380702
    },
    "7": {
        "estimate": 22.26054419654394,
        "std": 11.58057625414058
    },
    "8": {
        "estimate": 21.395448146188386,
        "std": 10.87085347477172
    },
    "9": {
        "estimate": 20.593456670790363,
        "std": 9.896590260046318
    },
    "10": {
        "estimate": 20.679812867762315,
        "std": 9.907656894364544
    },
    "11": {
        "estimate": 21.024951937732048,
        "std": 10.109523450762433
    },
    "12": {
        "estimate": 20.92854413440083,
        "std": 9.847365850750933
    },
    "13": {
        "estimate": 20.78425977855466,
        "std": 9.519968597273197
    },
    "14": {
        "estimate": 20.79770893504574,
        "std": 9.137374221012774
    },
    "15": {
        "estimate": 20.53378249144234,
        "std": 8.951856820152308
    },
    "16": {
        "estimate": 20.372425660168965,
        "std": 8.790052715320444
    },
    "17": {
        "estimate": 21.019977959929825,
        "std": 8.961266874494461
    },
    "18": {
        "estimate": 20.478461631805246,
        "std": 8.581741400055948
    },
    "19": {
        "estimate": 20.311664056235145,
        "std": 8.53005097856865
    },
    "20": {
        "estimate": 20.26277666584312,
        "std": 8.437866201831486
    },
    "21": {
        "estimate": 20.536578036714868,
        "std": 8.49974081022463
    },
    "22": {
        "estimate": 20.535227326562985,
        "std": 8.565887762807712
    },
    "23": {
        "estimate": 20.39452211866269,
        "std": 8.489852519499403
    },
    "24": {
        "estimate": 20.487348098292173,
        "std": 8.489039600517003
    },
    "25": {
        "estimate": 20.62001450271764,
        "std": 8.63073926816295
    },
    "26": {
        "estimate": 20.878620237599932,
        "std": 8.793251740509666
    },
    "27": {
        "estimate": 21.294230324795247,
        "std": 9.026752315577056
    },
    "28": {
        "estimate": 21.216853597625757,
        "std": 9.041991593833522
    },
    "29": {
        "estimate": 22.386513247692985,
        "std": 9.88913021320717
    },
    "30": {
        "estimate": 22.511411118049594,
        "std": 9.903177096678828
    },
    "31": {
        "estimate": 22.628087151314578,
        "std": 9.991473320325737
    },
    "32": {
        "estimate": 23.565526629971917,
        "std": 10.93897295293092
    },
    "33": {
        "estimate": 24.583904642543065,
        "std": 11.818444531898537
    },
    "34": {
        "estimate": 24.81379082365175,
        "std": 11.96775332400021
    },
    "35": {
        "estimate": 25.182318384941023,
        "std": 12.338526448803723
    },
    "36": {
        "estimate": 25.43937359121679,
        "std": 12.459953569111025
    },
    "37": {
        "estimate": 26.188188350236036,
        "std": 13.263897074381928
    },
    "38": {
        "estimate": 27.7664148489214,
        "std": 15.374160087682856
    },
    "39": {
        "estimate": 28.25245355972696,
        "std": 16.238916382186925
    },
    "40": {
        "estimate": 26.423140157516134,
        "std": 15.762393527846838
    }
}