{
    "0": {
        "estimate": NaN,
        "std": NaN
    },
    "1": {
        "estimate": 15.511260351136094,
        "std": 3.782845575347479
    },
    "2": {
        "estimate": 14.876405477760477,
        "std": 3.805105325200184
    },
    "3": {
        "estimate": 16.34997676022412,
        "std": 5.056817801266792
    },
    "4": {
        "estimate": 18.215897871462936,
        "std": 6.268156029702285
    },
    "5": {
        "estimate": 17.670080018285713,
        "std": 7.003447229152269
    },
    "6": {
        "estimate": 18.187773745536088,
        "std": 6.756543794803264
    },
    "7": {
        "estimate": 19.701206028904405,
        "std": 7.487897921494764
    },
    "8": {
        "estimate": 18.386744938676944,
        "std": 6.688256779106433
    },
    "9": {
        "estimate": 17.611504579753113,
        "std": 6.02058989520803
    },
    "10": {
        "estimate": 17.536492468447214,
        "std": 6.055401306234436
    },
    "11": {
        "estimate": 17.726965341408153,
        "std": 6.090567498560454
    },
    "12": {
        "estimate": 17.650064845310368,
        "std": 6.006391353945561
    },
    "13": {
        "estimate": 17.393367423381285,
        "std": 5.684974732585311
    },
    "14": {
        "estimate": 17.385565934816448,
        "std": 5.397900930407988
    },
    "15": {
        "estimate": 17.228912439471387,
        "std": 5.2304789436479995
    },
    "16": {
        "estimate": 17.036276119729884,
        "std": 4.99483600761373
    },
    "17": {
        "estimate": 17.629450441925936,
        "std": 5.1489278117636195
    },
    "18": {
        "estimate": 17.103175572733115,
        "std": 4.863955209946746
    },
    "19": {
        "estimate": 17.00461881726532,
        "std": 4.79593572807215
    },
    "20": {
        "estimate": 16.89933709427151,
        "std": 4.713595588162526
    },
    "21": {
        "estimate": 17.08212294638524,
        "std": 4.794568158401687
    },
    "22": {
        "estimate": 17.06249364824929,
        "std": 4.7758505535927425
    },
    "23": {
        "estimate": 16.86570486997277,
        "std": 4.712907033895376
    },
    "24": {
        "estimate": 16.94455006785046,
        "std": 4.740483056938716
    },
    "25": {
        "estimate": 17.012043139842724,
        "std": 4.833835817632308
    },
    "26": {
        "estimate": 17.147579821743893,
        "std": 4.885721497669139
    },
    "27": {
        "estimate": 17.47573789014757,
        "std": 5.1222078499865376
    },
    "28": {
        "estimate": 17.340324000926145,
        "std": 5.0152055006581655
    },
    "29": {
        "estimate": 18.268833947880093,
        "std": 5.540359851759292
    },
    "30": {
        "estimate": 18.357283758302685,
        "std": 5.603877775936724
    },
    "31": {
        "estimate": 18.467461811099987,
        "std": 5.63458462471125
    },
    "32": {
        "estimate": 19.29764450038124,
        "std": 6.320639959819671
    },
    "33": {
        "estimate": 20.241222828885494,
        "std": 6.801824571130104
    },
    "34": {
        "estimate": 20.360546113909308,
        "std": 6.841669335004908
    },
    "35": {
        "estimate": 20.6831481433584,
        "std": 7.0084027432715095
    },
    "36": {
        "estimate": 20.920685311360778,
        "std": 7.073347936838784
    },
    "37": {
        "estimate": 21.66756283119884,
        "std": 7.516648215974326
    },
    "38": {
        "estimate": 23.200447396211036,
        "std": 8.77470459658762
    },
    "39": {
        "estimate": 24.553147270432017,
        "std": 9.60978968441438
    },
    "40": {
        "estimate": 24.30964329270401,
        "std": 9.639344035238752
    }
}