{
    "0": {
        "estimate": NaN,
        "std": NaN
    },
    "1": {
        "estimate": 17.635592620076622,
        "std": 5.645942769990912
    },
    "2": {
        "estimate": 17.032724772072044,
        "std": 5.673071784354582
    },
    "3": {
        "estimate": 18.410963376813932,
        "std": 7.012445360161858
    },
    "4": {
        "estimate": 20.23911549193513,
        "std": 8.501006639393184
    },
    "5": {
        "estimate": 19.355566568848513,
        "std": 9.189774105931113
    },
    "6": {
        "estimate": 19.893452416501603,
        "std": 9.05819273168861
    },
    "7": {
        "estimate": 21.2966488390588,
        "std": 9.801362622374484
    },
    "8": {
        "estimate": 20.271758076610947,
        "std": 9.061023373604206
    },
    "9": {
        "estimate": 19.522500960428683,
        "std": 8.246171168989093
    },
    "10": {
        "estimate": 19.521115406552724,
        "std": 8.137173247793788
    },
    "11": {
        "estimate": 19.80487388417031,
        "std": 8.210014272156041
    },
    "12": {
        "estimate": 19.64209787337674,
        "std": 8.040333092869687
    },
    "13": {
        "estimate": 19.520856389191408,
        "std": 7.7234402727631375
    },
    "14": {
        "estimate": 19.57003724266841,
        "std": 7.477886009232395
    },
    "15": {
        "estimate": 19.34732390311851,
        "std": 7.320941989996036
    },
    "16": {
        "estimate": 19.10597926225378,
        "std": 7.012318083173649
    },
    "17": {
        "estimate": 19.73487528141296,
        "std": 7.256205280120146
    },
    "18": {
        "estimate": 19.241898505075298,
        "std": 6.942674659021665
    },
    "19": {
        "estimate": 19.08498628662395,
        "std": 6.7467792872707495
    },
    "20": {
        "estimate": 18.983971271974667,
        "std": 6.674803493072052
    },
    "21": {
        "estimate": 19.230737508392377,
        "std": 6.840259680571361
    },
    "22": {
        "estimate": 19.22566860739281,
        "std": 6.836716055785266
    },
    "23": {
        "estimate": 19.00731514392676,
        "std": 6.721816529696021
    },
    "24": {
        "estimate": 19.175519066981682,
        "std": 6.876724006450122
    },
    "25": {
        "estimate": 19.26634629604066,
        "std": 6.94894736957989
    },
    "26": {
        "estimate": 19.414879964371824,
        "std": 6.957740969001002
    },
    "27": {
        "estimate": 19.83862234829776,
        "std": 7.220932791349674
    },
    "28": {
        "estimate": 19.793884219166426,
        "std": 7.201203014881315
    },
    "29": {
        "estimate": 20.83700746098615,
        "std": 7.842215242216099
    },
    "30": {
        "estimate": 20.955025365914615,
        "std": 7.929842770311909
    },
    "31": {
        "estimate": 21.067941792835832,
        "std": 7.960912746209291
    },
    "32": {
        "estimate": 21.95524329349331,
        "std": 8.803815984815062
    },
    "33": {
        "estimate": 23.051647388708133,
        "std": 9.641512246071533
    },
    "34": {
        "estimate": 23.195728501192406,
        "std": 9.723980381142496
    },
    "35": {
        "estimate": 23.504402225158152,
        "std": 9.881220868756554
    },
    "36": {
        "estimate": 23.815430301543454,
        "std": 10.056070849504533
    },
    "37": {
        "estimate": 24.512193383014665,
        "std": 10.770897182967648
    },
    "38": {
        "estimate": 26.156808258357287,
        "std": 12.584686037654233
    },
    "39": {
        "estimate": 27.09878358032841,
        "std": 13.541267010012955
    },
    "40": {
        "estimate": 25.694786572907677,
        "std": 13.171002072466134
    }
}