{
    "0": NaN,
    "1": 18.32904624938965,
    "2": 17.76263999938965,
    "3": 17.64681053161621,
    "4": 18.01273536682129,
    "5": 16.691696166992188,
    "6": 16.65557289123535,
    "7": 16.244117736816406,
    "8": 15.938803672790527,
    "9": 16.424562454223633,
    "10": 16.736984252929688,
    "11": 17.183351516723633,
    "12": 17.537708282470703,
    "13": 17.902315139770508,
    "14": 18.191762924194336,
    "15": 17.79834747314453,
    "16": 17.931045532226562,
    "17": 18.517236709594727,
    "18": 18.343395233154297,
    "19": 18.27145004272461,
    "20": 18.18792724609375,
    "21": 18.326854705810547,
    "22": 18.335500717163086,
    "23": 18.285400390625,
    "24": 18.463428497314453,
    "25": 18.52466583251953,
    "26": 18.879146575927734,
    "27": 18.936363220214844,
    "28": 18.620223999023438,
    "29": 19.242788314819336,
    "30": 19.46109962463379,
    "31": 19.403018951416016,
    "32": 19.336830139160156,
    "33": 19.194116592407227,
    "34": 19.311254501342773,
    "35": 19.400941848754883,
    "36": 19.310335159301758,
    "37": 19.049779891967773,
    "38": 18.50187873840332,
    "39": 17.221227645874023,
    "40": 14.98346996307373
}