{
    "0": {
        "estimate": NaN,
        "std": NaN
    },
    "1": {
        "estimate": 15.864387711284303,
        "std": 4.668369119594386
    },
    "2": {
        "estimate": 16.664038554153574,
        "std": 5.0348036893778785
    },
    "3": {
        "estimate": 18.90052866610054,
        "std": 5.7892318989931555
    },
    "4": {
        "estimate": 19.150631000002907,
        "std": 6.133322264631336
    },
    "5": {
        "estimate": 20.379952760279192,
        "std": 6.644443212153375
    },
    "6": {
        "estimate": 20.844859805287218,
        "std": 6.907439251372141
    },
    "7": {
        "estimate": 22.917601438647466,
        "std": 7.302855619912005
    },
    "8": {
        "estimate": 23.859617588941962,
        "std": 7.610128427332327
    },
    "9": {
        "estimate": 25.53588599811192,
        "std": 7.968173771624935
    },
    "10": {
        "estimate": 27.429415150935576,
        "std": 8.491386675619
    },
    "11": {
        "estimate": 28.021588224400837,
        "std": 8.561654577620397
    },
    "12": {
        "estimate": 27.489318837423063,
        "std": 8.023143965037262
    },
    "13": {
        "estimate": 25.608887538765583,
        "std": 7.235314508235532
    },
    "14": {
        "estimate": 25.44203623268555,
        "std": 6.933986596523068
    },
    "15": {
        "estimate": 23.26193254433191,
        "std": 6.256954109541635
    },
    "16": {
        "estimate": 22.92427199185639,
        "std": 6.070013526597706
    },
    "17": {
        "estimate": 19.88259490597627,
        "std": 5.205124184934404
    },
    "18": {
        "estimate": 19.267178187348414,
        "std": 5.241819967728086
    },
    "19": {
        "estimate": 18.39500916658083,
        "std": 5.093070259772941
    },
    "20": {
        "estimate": 17.819529260865668,
        "std": 5.024847111604684
    },
    "21": {
        "estimate": 17.029227457264025,
        "std": 4.966849895193945
    },
    "22": {
        "estimate": 16.726853984110328,
        "std": 5.193447173199983
    },
    "23": {
        "estimate": 16.43591882777107,
        "std": 5.138608063196762
    },
    "24": {
        "estimate": 16.12950565806593,
        "std": 5.107266078685005
    },
    "25": {
        "estimate": 15.854652270748687,
        "std": 5.120217620670093
    },
    "26": {
        "estimate": 15.689000165779763,
        "std": 5.081598845127566
    },
    "27": {
        "estimate": 15.83338876327792,
        "std": 5.231014594773988
    },
    "28": {
        "estimate": 15.922904043653462,
        "std": 5.300436055908573
    },
    "29": {
        "estimate": 16.005491883093967,
        "std": 5.349697440613062
    },
    "30": {
        "estimate": 16.265399750398828,
        "std": 5.41858162159514
    },
    "31": {
        "estimate": 16.4808269736689,
        "std": 5.574968341645372
    },
    "32": {
        "estimate": 16.58588038196851,
        "std": 5.8559942201355435
    }
}