{
    "0": {
        "estimate": NaN,
        "std": NaN
    },
    "1": {
        "estimate": 12.461921004804417,
        "std": 4.76920329277036
    },
    "2": {
        "estimate": 14.199093744429009,
        "std": 5.024940143486866
    },
    "3": {
        "estimate": 15.759195783948703,
        "std": 5.378353278695925
    },
    "4": {
        "estimate": 16.552059333373496,
        "std": 5.568674048215982
    },
    "5": {
        "estimate": 17.74389619588934,
        "std": 6.072345261470033
    },
    "6": {
        "estimate": 19.61860847278222,
        "std": 6.681310294221776
    },
    "7": {
        "estimate": 19.6934213064483,
        "std": 6.691731265882009
    },
    "8": {
        "estimate": 19.60981693238685,
        "std": 6.5892567023349
    },
    "9": {
        "estimate": 18.80753137692388,
        "std": 6.413797095421194
    },
    "10": {
        "estimate": 19.497402141474453,
        "std": 6.7144566017855
    },
    "11": {
        "estimate": 19.655332417991524,
        "std": 6.828957937676957
    },
    "12": {
        "estimate": 18.203063477866102,
        "std": 6.345244449078091
    },
    "13": {
        "estimate": 18.969040687163513,
        "std": 6.797706657739207
    },
    "14": {
        "estimate": 21.04492589653847,
        "std": 7.594232309822845
    },
    "15": {
        "estimate": 22.59128778414386,
        "std": 8.446087752493524
    },
    "16": {
        "estimate": 22.94079986279966,
        "std": 8.633653402892818
    },
    "17": {
        "estimate": 22.58517068229298,
        "std": 8.463667064464765
    },
    "18": {
        "estimate": 22.19460165829474,
        "std": 8.211042245364473
    },
    "19": {
        "estimate": 21.73981581717581,
        "std": 7.967868404186095
    },
    "20": {
        "estimate": 21.74963517706732,
        "std": 7.966386305344745
    },
    "21": {
        "estimate": 21.680665471192274,
        "std": 7.87786068716269
    },
    "22": {
        "estimate": 21.77433990160005,
        "std": 7.905874701053848
    },
    "23": {
        "estimate": 22.04375271085747,
        "std": 8.082142458815776
    },
    "24": {
        "estimate": 22.598568246964295,
        "std": 8.403137336980897
    },
    "25": {
        "estimate": 23.36931342890425,
        "std": 8.963773397427207
    },
    "26": {
        "estimate": 23.77017960944011,
        "std": 9.130505709349004
    },
    "27": {
        "estimate": 24.536575009474646,
        "std": 9.83749723085766
    },
    "28": {
        "estimate": 24.575555753415387,
        "std": 9.836829635629782
    },
    "29": {
        "estimate": 24.759352354459466,
        "std": 9.935301468453144
    },
    "30": {
        "estimate": 25.93723582900625,
        "std": 10.992072584629534
    },
    "31": {
        "estimate": 26.322302756641513,
        "std": 11.156571913710797
    },
    "32": {
        "estimate": 25.724463986889152,
        "std": 11.345467241267615
    }
}