{
    "0": {
        "estimate": NaN,
        "std": NaN
    },
    "1": {
        "estimate": 10.95732357990118,
        "std": 3.839678550043737
    },
    "2": {
        "estimate": 12.617751331944833,
        "std": 3.9092522621759764
    },
    "3": {
        "estimate": 14.179011708969501,
        "std": 4.211867997217596
    },
    "4": {
        "estimate": 15.173088659612263,
        "std": 4.487527470835676
    },
    "5": {
        "estimate": 16.337566681102793,
        "std": 4.952423419815603
    },
    "6": {
        "estimate": 18.30614952146857,
        "std": 5.6377569595130295
    },
    "7": {
        "estimate": 18.60278195380916,
        "std": 5.5529062730207555
    },
    "8": {
        "estimate": 18.518595931646395,
        "std": 5.427920505460316
    },
    "9": {
        "estimate": 18.026979590081805,
        "std": 5.368352015256801
    },
    "10": {
        "estimate": 18.720961092188965,
        "std": 5.662263840450856
    },
    "11": {
        "estimate": 18.9220937128685,
        "std": 5.8056642677264385
    },
    "12": {
        "estimate": 17.465707162603707,
        "std": 5.406649490519347
    },
    "13": {
        "estimate": 18.067303432716265,
        "std": 5.666664686338716
    },
    "14": {
        "estimate": 19.954302972248733,
        "std": 6.423637917762354
    },
    "15": {
        "estimate": 21.243056531942116,
        "std": 7.065410671015782
    },
    "16": {
        "estimate": 21.37308575611956,
        "std": 7.301212252916784
    },
    "17": {
        "estimate": 20.951969211556243,
        "std": 7.11596199493976
    },
    "18": {
        "estimate": 20.654813089901207,
        "std": 6.98628621304661
    },
    "19": {
        "estimate": 20.048961692256782,
        "std": 6.703954751470918
    },
    "20": {
        "estimate": 20.08681806847191,
        "std": 6.63662849153774
    },
    "21": {
        "estimate": 20.066941624031973,
        "std": 6.58817793078947
    },
    "22": {
        "estimate": 20.13300520118813,
        "std": 6.5663632825497285
    },
    "23": {
        "estimate": 20.388549477162293,
        "std": 6.714589156881548
    },
    "24": {
        "estimate": 20.883391487974663,
        "std": 7.001173392644125
    },
    "25": {
        "estimate": 21.61740450118281,
        "std": 7.5432972317878155
    },
    "26": {
        "estimate": 22.062525901282935,
        "std": 7.740612749641163
    },
    "27": {
        "estimate": 22.760695339206254,
        "std": 8.317943319293997
    },
    "28": {
        "estimate": 22.854332208755768,
        "std": 8.373049392829063
    },
    "29": {
        "estimate": 23.09290138211872,
        "std": 8.528832113821803
    },
    "30": {
        "estimate": 24.167989482823135,
        "std": 9.423304577739863
    },
    "31": {
        "estimate": 24.654263136559504,
        "std": 9.795965318226239
    },
    "32": {
        "estimate": 24.16688121232094,
        "std": 9.905882373854999
    }
}