{
    "0": {
        "estimate": NaN,
        "std": NaN
    },
    "1": {
        "estimate": 9.64457493073279,
        "std": 3.2958323406159806
    },
    "2": {
        "estimate": 11.193841488663207,
        "std": 3.134272345573464
    },
    "3": {
        "estimate": 12.738308218755646,
        "std": 3.545706583228869
    },
    "4": {
        "estimate": 13.84884863615562,
        "std": 3.79958364856378
    },
    "5": {
        "estimate": 15.040590740851854,
        "std": 4.25380059695289
    },
    "6": {
        "estimate": 17.001943583535358,
        "std": 4.913379413493979
    },
    "7": {
        "estimate": 17.42957797051266,
        "std": 4.846256549661632
    },
    "8": {
        "estimate": 17.437697729716497,
        "std": 4.836420475751497
    },
    "9": {
        "estimate": 17.169501442277255,
        "std": 4.730259635867447
    },
    "10": {
        "estimate": 17.88585454145023,
        "std": 5.094360136434058
    },
    "11": {
        "estimate": 18.054763574980864,
        "std": 5.203259571850788
    },
    "12": {
        "estimate": 16.61885366758422,
        "std": 4.722434406964328
    },
    "13": {
        "estimate": 17.117973427121992,
        "std": 4.946305917354202
    },
    "14": {
        "estimate": 18.73288963512172,
        "std": 5.6508406686728625
    },
    "15": {
        "estimate": 19.890838914221682,
        "std": 6.199834768828393
    },
    "16": {
        "estimate": 19.93802004096948,
        "std": 6.416745358748498
    },
    "17": {
        "estimate": 19.48385933343692,
        "std": 6.237333642127921
    },
    "18": {
        "estimate": 19.132385787046708,
        "std": 6.013098209121601
    },
    "19": {
        "estimate": 18.56522854342598,
        "std": 5.833858013868335
    },
    "20": {
        "estimate": 18.660025674109043,
        "std": 5.786052366980389
    },
    "21": {
        "estimate": 18.63057328746916,
        "std": 5.702342681453389
    },
    "22": {
        "estimate": 18.74788221909952,
        "std": 5.704592299863886
    },
    "23": {
        "estimate": 18.96024667110581,
        "std": 5.841782075708437
    },
    "24": {
        "estimate": 19.404748073679777,
        "std": 6.1396381444995685
    },
    "25": {
        "estimate": 20.100682897248664,
        "std": 6.612264914814676
    },
    "26": {
        "estimate": 20.48144717505698,
        "std": 6.721455922728472
    },
    "27": {
        "estimate": 21.108903555505268,
        "std": 7.255896081894766
    },
    "28": {
        "estimate": 21.239601338170026,
        "std": 7.305777363835058
    },
    "29": {
        "estimate": 21.4545648944745,
        "std": 7.411063817547061
    },
    "30": {
        "estimate": 22.492955462420483,
        "std": 8.343072274912116
    },
    "31": {
        "estimate": 23.01717243927502,
        "std": 8.684119988733071
    },
    "32": {
        "estimate": 22.55652436688302,
        "std": 8.832567047234283
    }
}