{
    "0": NaN,
    "1": 14.350114822387695,
    "2": 16.031190872192383,
    "3": 17.560970306396484,
    "4": 17.744054794311523,
    "5": 18.523832321166992,
    "6": 18.898433685302734,
    "7": 17.848539352416992,
    "8": 17.164506912231445,
    "9": 15.833061218261719,
    "10": 16.34263038635254,
    "11": 16.414350509643555,
    "12": 14.915035247802734,
    "13": 15.474831581115723,
    "14": 18.20284652709961,
    "15": 20.458778381347656,
    "16": 21.01680564880371,
    "17": 21.413639068603516,
    "18": 21.34377670288086,
    "19": 21.694944381713867,
    "20": 21.310871124267578,
    "21": 21.371965408325195,
    "22": 21.49835777282715,
    "23": 21.687297821044922,
    "24": 21.992584228515625,
    "25": 22.551218032836914,
    "26": 22.805173873901367,
    "27": 23.44260597229004,
    "28": 23.453731536865234,
    "29": 23.56267547607422,
    "30": 24.37552261352539,
    "31": 24.331497192382812,
    "32": 23.198287963867188
}