{
    "0": {
        "estimate": NaN,
        "std": NaN
    },
    "1": {
        "estimate": 13.78076117903543,
        "std": 4.437646483684386
    },
    "2": {
        "estimate": 10.601341929821439,
        "std": 6.395514018321282
    },
    "3": {
        "estimate": 11.786027538467696,
        "std": 6.7333370257731255
    },
    "4": {
        "estimate": 12.220183650022548,
        "std": 6.8043182794345505
    },
    "5": {
        "estimate": 13.630540583886997,
        "std": 7.962167630830239
    },
    "6": {
        "estimate": 13.910677967555227,
        "std": 7.784194498444848
    },
    "7": {
        "estimate": 14.419829454209719,
        "std": 7.527915110490191
    },
    "8": {
        "estimate": 14.567049970385348,
        "std": 7.403562597683539
    },
    "9": {
        "estimate": 15.332623580621492,
        "std": 7.790714888490476
    },
    "10": {
        "estimate": 15.746183976474189,
        "std": 7.926552766836077
    },
    "11": {
        "estimate": 16.100863103200695,
        "std": 8.146979503584177
    },
    "12": {
        "estimate": 16.50600134272503,
        "std": 8.15351848176619
    },
    "13": {
        "estimate": 16.632471608131112,
        "std": 8.03765383128751
    },
    "14": {
        "estimate": 16.646570367339013,
        "std": 7.996636163428992
    },
    "15": {
        "estimate": 16.432368552609066,
        "std": 7.804170130246854
    },
    "16": {
        "estimate": 15.66504662895825,
        "std": 7.06079849678615
    },
    "17": {
        "estimate": 15.25638952592971,
        "std": 6.8008947998601625
    },
    "18": {
        "estimate": 14.65793704075802,
        "std": 6.413642709457891
    },
    "19": {
        "estimate": 14.199578831264327,
        "std": 6.055018010969412
    },
    "20": {
        "estimate": 14.132815163356732,
        "std": 5.976969664888317
    },
    "21": {
        "estimate": 13.998142917232041,
        "std": 5.9293235013994705
    },
    "22": {
        "estimate": 14.119865322544088,
        "std": 5.867937109013102
    },
    "23": {
        "estimate": 14.301157973614393,
        "std": 5.905022578069498
    },
    "24": {
        "estimate": 14.399316870997689,
        "std": 5.911682641379327
    },
    "25": {
        "estimate": 14.839522859994439,
        "std": 6.123000884747032
    },
    "26": {
        "estimate": 15.039828317072839,
        "std": 6.154555557809735
    },
    "27": {
        "estimate": 15.482350801115397,
        "std": 6.351140079448441
    },
    "28": {
        "estimate": 15.502825969463208,
        "std": 6.302048537754985
    },
    "29": {
        "estimate": 15.632800615593395,
        "std": 6.322539242040637
    },
    "30": {
        "estimate": 16.064078505233883,
        "std": 6.5553394111214525
    },
    "31": {
        "estimate": 15.109797543510615,
        "std": 6.642451727075652
    },
    "32": {
        "estimate": 13.991282742049796,
        "std": 5.3216614964666125
    }
}