{
    "0": {
        "estimate": NaN,
        "std": NaN
    },
    "1": {
        "estimate": 14.838242529555005,
        "std": 5.51672028815441
    },
    "2": {
        "estimate": 11.50088270773728,
        "std": 7.262921152197135
    },
    "3": {
        "estimate": 11.962141829420014,
        "std": 7.180875770392541
    },
    "4": {
        "estimate": 12.23042805042775,
        "std": 7.2636701575133955
    },
    "5": {
        "estimate": 13.141368985800174,
        "std": 8.898422239121238
    },
    "6": {
        "estimate": 13.349391148375702,
        "std": 8.60428409379117
    },
    "7": {
        "estimate": 13.931846298631164,
        "std": 8.610077505755422
    },
    "8": {
        "estimate": 14.178101424602064,
        "std": 8.208387504395454
    },
    "9": {
        "estimate": 14.859677458935376,
        "std": 8.802425677656135
    },
    "10": {
        "estimate": 15.296722846967674,
        "std": 9.127292102407463
    },
    "11": {
        "estimate": 15.57178115706276,
        "std": 9.119374480029128
    },
    "12": {
        "estimate": 16.018184484807303,
        "std": 8.856761674395743
    },
    "13": {
        "estimate": 16.425227840155177,
        "std": 8.735324995501617
    },
    "14": {
        "estimate": 16.620502394497443,
        "std": 8.702349125403195
    },
    "15": {
        "estimate": 16.539831131662726,
        "std": 8.431886945195737
    },
    "16": {
        "estimate": 16.1234871916879,
        "std": 7.840553912872229
    },
    "17": {
        "estimate": 15.72764270126266,
        "std": 7.5222634913431765
    },
    "18": {
        "estimate": 15.21589720531711,
        "std": 7.168645885413317
    },
    "19": {
        "estimate": 14.911518446392165,
        "std": 6.898687963796915
    },
    "20": {
        "estimate": 14.810003274097678,
        "std": 6.814503332592908
    },
    "21": {
        "estimate": 14.650359107034976,
        "std": 6.807063951618902
    },
    "22": {
        "estimate": 14.71207966087198,
        "std": 6.777319056557027
    },
    "23": {
        "estimate": 14.87157873278521,
        "std": 6.84989536375277
    },
    "24": {
        "estimate": 14.992124714445584,
        "std": 6.954844551926316
    },
    "25": {
        "estimate": 15.323281950594037,
        "std": 7.251384324308341
    },
    "26": {
        "estimate": 15.431761646658353,
        "std": 7.261077889478453
    },
    "27": {
        "estimate": 15.783696784043068,
        "std": 7.519929514896149
    },
    "28": {
        "estimate": 15.820804045403646,
        "std": 7.51032383056069
    },
    "29": {
        "estimate": 15.864174832585284,
        "std": 7.590887170147253
    },
    "30": {
        "estimate": 16.16861985739464,
        "std": 7.823233918847206
    },
    "31": {
        "estimate": 15.35348249767407,
        "std": 7.601275277661847
    },
    "32": {
        "estimate": 14.243070887849859,
        "std": 6.375508004652475
    }
}