{
    "0": {
        "estimate": NaN,
        "std": NaN
    },
    "1": {
        "estimate": 12.191064917873847,
        "std": 4.05297843048096
    },
    "2": {
        "estimate": 9.412591057826079,
        "std": 5.688420734126592
    },
    "3": {
        "estimate": 11.174552158894915,
        "std": 6.502585177158065
    },
    "4": {
        "estimate": 11.786082908025401,
        "std": 6.892185894867698
    },
    "5": {
        "estimate": 13.768265105635406,
        "std": 8.238946914774935
    },
    "6": {
        "estimate": 14.015505902371261,
        "std": 8.034724032598609
    },
    "7": {
        "estimate": 14.533963918014534,
        "std": 7.945021211035197
    },
    "8": {
        "estimate": 14.418854353489547,
        "std": 7.708480219563276
    },
    "9": {
        "estimate": 15.250556039034104,
        "std": 8.137829353759665
    },
    "10": {
        "estimate": 15.581557065680425,
        "std": 8.129978840847473
    },
    "11": {
        "estimate": 16.018669247002236,
        "std": 8.303106615833514
    },
    "12": {
        "estimate": 16.35719907782807,
        "std": 8.306057665968344
    },
    "13": {
        "estimate": 16.323180644230412,
        "std": 8.181132053803406
    },
    "14": {
        "estimate": 16.206622150508476,
        "std": 8.095717498111012
    },
    "15": {
        "estimate": 15.916994628102271,
        "std": 7.9088284794930495
    },
    "16": {
        "estimate": 14.87951822465196,
        "std": 7.062346823953351
    },
    "17": {
        "estimate": 14.453741434964718,
        "std": 6.727723740323437
    },
    "18": {
        "estimate": 13.79914644761614,
        "std": 6.322287688482472
    },
    "19": {
        "estimate": 13.279736942665567,
        "std": 5.924550625116497
    },
    "20": {
        "estimate": 13.193918751876357,
        "std": 5.8247203196710196
    },
    "21": {
        "estimate": 13.110319380862027,
        "std": 5.785311216212408
    },
    "22": {
        "estimate": 13.24513009885479,
        "std": 5.738787996104252
    },
    "23": {
        "estimate": 13.41815983349881,
        "std": 5.73106813031947
    },
    "24": {
        "estimate": 13.527846058934765,
        "std": 5.731645094657153
    },
    "25": {
        "estimate": 14.003726171657519,
        "std": 5.91170627789935
    },
    "26": {
        "estimate": 14.218782358357194,
        "std": 5.933050638638533
    },
    "27": {
        "estimate": 14.757906280000068,
        "std": 6.055178973534413
    },
    "28": {
        "estimate": 14.794935779405892,
        "std": 5.993307166749651
    },
    "29": {
        "estimate": 14.986017326032272,
        "std": 6.015282351876772
    },
    "30": {
        "estimate": 15.450886740261483,
        "std": 6.188708028219569
    },
    "31": {
        "estimate": 14.492364924393163,
        "std": 6.4738015457353555
    },
    "32": {
        "estimate": 13.280342658423917,
        "std": 4.845499706084815
    }
}