{
    "0": NaN,
    "1": 5.287923336029053,
    "2": 4.03363037109375,
    "3": 2.6239967346191406,
    "4": 2.186595916748047,
    "5": 1.858496904373169,
    "6": 1.8565032482147217,
    "7": 1.9610912799835205,
    "8": 2.1095478534698486,
    "9": 2.167271614074707,
    "10": 2.3172876834869385,
    "11": 2.4354422092437744,
    "12": 2.6757047176361084,
    "13": 2.9704692363739014,
    "14": 3.2146902084350586,
    "15": 3.3543670177459717,
    "16": 3.617323398590088,
    "17": 3.637223958969116,
    "18": 3.7560858726501465,
    "19": 3.816530227661133,
    "20": 3.7642459869384766,
    "21": 3.7019948959350586,
    "22": 3.6785151958465576,
    "23": 3.6185009479522705,
    "24": 3.5961573123931885,
    "25": 3.475794553756714,
    "26": 3.4520885944366455,
    "27": 3.338599443435669,
    "28": 3.3394432067871094,
    "29": 3.3044958114624023,
    "30": 3.2090866565704346,
    "31": 3.336949348449707,
    "32": 3.334505558013916
}