{
    "0": {
        "estimate": NaN,
        "std": NaN
    },
    "1": {
        "estimate": 11.228593978222092,
        "std": 3.962614040615013
    },
    "2": {
        "estimate": 11.716398548846607,
        "std": 4.308903628064944
    },
    "3": {
        "estimate": 12.361772755708634,
        "std": 4.484152680542535
    },
    "4": {
        "estimate": 12.709666020046742,
        "std": 4.6829871976008945
    },
    "5": {
        "estimate": 13.178039800261026,
        "std": 4.9061302190830105
    },
    "6": {
        "estimate": 13.509463994463236,
        "std": 5.283338785389005
    },
    "7": {
        "estimate": 13.985808244222932,
        "std": 5.60988701928127
    },
    "8": {
        "estimate": 14.084771670588525,
        "std": 5.461720862266021
    },
    "9": {
        "estimate": 14.325356829333181,
        "std": 5.440688334688134
    },
    "10": {
        "estimate": 14.376681459307461,
        "std": 5.405180291211269
    },
    "11": {
        "estimate": 14.30890589237131,
        "std": 5.356926637829419
    },
    "12": {
        "estimate": 14.365797604705737,
        "std": 5.450513210625621
    },
    "13": {
        "estimate": 14.508234411391296,
        "std": 5.6791422924998525
    },
    "14": {
        "estimate": 14.51406011341801,
        "std": 5.494657308931487
    },
    "15": {
        "estimate": 14.630996541114344,
        "std": 5.465254706022831
    },
    "16": {
        "estimate": 14.936129003177822,
        "std": 5.607596820731365
    },
    "17": {
        "estimate": 15.394120688909034,
        "std": 5.677868380239867
    },
    "18": {
        "estimate": 15.574157799794007,
        "std": 5.826707501010496
    },
    "19": {
        "estimate": 15.498375904469734,
        "std": 5.725862100940057
    },
    "20": {
        "estimate": 15.504073457466141,
        "std": 5.665849587640701
    },
    "21": {
        "estimate": 15.53675251497862,
        "std": 5.643245210120141
    },
    "22": {
        "estimate": 15.433279997269437,
        "std": 5.558756826866081
    },
    "23": {
        "estimate": 15.3241951452506,
        "std": 5.517922522169131
    },
    "24": {
        "estimate": 15.315045458503649,
        "std": 5.498172547355049
    },
    "25": {
        "estimate": 15.277024149848748,
        "std": 5.502387363907103
    },
    "26": {
        "estimate": 15.171319391305158,
        "std": 5.471485050829024
    },
    "27": {
        "estimate": 15.153650570573646,
        "std": 5.446271799087579
    },
    "28": {
        "estimate": 15.171213736894233,
        "std": 5.488748113595933
    },
    "29": {
        "estimate": 15.190140380829352,
        "std": 5.488711055251205
    },
    "30": {
        "estimate": 15.22261868650571,
        "std": 5.523969029709368
    },
    "31": {
        "estimate": 15.18873133384632,
        "std": 5.492619864276018
    },
    "32": {
        "estimate": 15.223740681725475,
        "std": 5.51296171243755
    },
    "33": {
        "estimate": 15.23260860847992,
        "std": 5.505392603646094
    },
    "34": {
        "estimate": 15.249479713657422,
        "std": 5.53600103216342
    },
    "35": {
        "estimate": 15.264665947491306,
        "std": 5.539361417636768
    },
    "36": {
        "estimate": 15.322652812965762,
        "std": 5.591466348475562
    },
    "37": {
        "estimate": 15.357806513115671,
        "std": 5.598508705807838
    },
    "38": {
        "estimate": 15.510767784359347,
        "std": 5.668807855529339
    },
    "39": {
        "estimate": 15.639174865714123,
        "std": 5.730730759845525
    },
    "40": {
        "estimate": 15.739182123028204,
        "std": 5.792868977680376
    }
}