{
    "0": {
        "estimate": NaN,
        "std": NaN
    },
    "1": {
        "estimate": 14.042614667545818,
        "std": 6.1600728072351
    },
    "2": {
        "estimate": 14.462989839561187,
        "std": 6.363115970698243
    },
    "3": {
        "estimate": 15.048616334030166,
        "std": 6.572696737002464
    },
    "4": {
        "estimate": 15.62359498830458,
        "std": 6.9251853985686385
    },
    "5": {
        "estimate": 16.010301233222965,
        "std": 6.973351005760245
    },
    "6": {
        "estimate": 16.13787192232625,
        "std": 7.305347442870334
    },
    "7": {
        "estimate": 16.651058507367143,
        "std": 8.263242303778073
    },
    "8": {
        "estimate": 16.66967423880285,
        "std": 7.756219129731709
    },
    "9": {
        "estimate": 16.80270199899479,
        "std": 7.956911218479435
    },
    "10": {
        "estimate": 16.810601479838645,
        "std": 8.04050523086222
    },
    "11": {
        "estimate": 16.82742786542377,
        "std": 7.95193336378404
    },
    "12": {
        "estimate": 16.858483599263856,
        "std": 8.105388604170882
    },
    "13": {
        "estimate": 16.999756047698625,
        "std": 8.000057762148183
    },
    "14": {
        "estimate": 17.066387816805047,
        "std": 7.944397213586657
    },
    "15": {
        "estimate": 17.150709339602844,
        "std": 7.879285352337428
    },
    "16": {
        "estimate": 17.490551306143693,
        "std": 7.89470200064785
    },
    "17": {
        "estimate": 18.017669208172492,
        "std": 8.174929480600829
    },
    "18": {
        "estimate": 18.07882850784016,
        "std": 8.056468032092125
    },
    "19": {
        "estimate": 17.962100924101502,
        "std": 8.057103802119725
    },
    "20": {
        "estimate": 18.007590921773307,
        "std": 8.03460300015523
    },
    "21": {
        "estimate": 17.96321428841598,
        "std": 7.957259006793037
    },
    "22": {
        "estimate": 17.86978618022244,
        "std": 7.9286540659725695
    },
    "23": {
        "estimate": 17.73289948959174,
        "std": 7.916401789132589
    },
    "24": {
        "estimate": 17.70051630922365,
        "std": 7.8310575218586465
    },
    "25": {
        "estimate": 17.72529972200989,
        "std": 7.838395076942603
    },
    "26": {
        "estimate": 17.543481634301056,
        "std": 7.650070877241672
    },
    "27": {
        "estimate": 17.559294498206366,
        "std": 7.650750672657518
    },
    "28": {
        "estimate": 17.52923541282948,
        "std": 7.722236158956037
    },
    "29": {
        "estimate": 17.51682376398467,
        "std": 7.714824726765368
    },
    "30": {
        "estimate": 17.580875573432905,
        "std": 7.8186475946963645
    },
    "31": {
        "estimate": 17.59692052207865,
        "std": 7.901229446381003
    },
    "32": {
        "estimate": 17.64542903899059,
        "std": 7.881768955651572
    },
    "33": {
        "estimate": 17.64867919442068,
        "std": 7.881173009570474
    },
    "34": {
        "estimate": 17.657774650293675,
        "std": 7.890074134741085
    },
    "35": {
        "estimate": 17.72725753187196,
        "std": 7.956571051741116
    },
    "36": {
        "estimate": 17.820081548368925,
        "std": 8.096888215849553
    },
    "37": {
        "estimate": 17.821633524273143,
        "std": 7.997851121002373
    },
    "38": {
        "estimate": 17.99932579438002,
        "std": 8.059559395234428
    },
    "39": {
        "estimate": 18.125676759282634,
        "std": 8.225735798300576
    },
    "40": {
        "estimate": 18.24249797615811,
        "std": 8.288776094215045
    }
}