{
    "0": NaN,
    "1": 14.277155876159668,
    "2": 15.19880485534668,
    "3": 15.417234420776367,
    "4": 15.85637092590332,
    "5": 15.98633098602295,
    "6": 16.04677391052246,
    "7": 16.072324752807617,
    "8": 16.003856658935547,
    "9": 15.694664001464844,
    "10": 15.842305183410645,
    "11": 15.753436088562012,
    "12": 15.610376358032227,
    "13": 15.600799560546875,
    "14": 15.608566284179688,
    "15": 16.008119583129883,
    "16": 16.26384735107422,
    "17": 16.526185989379883,
    "18": 16.675125122070312,
    "19": 16.85582733154297,
    "20": 16.8222599029541,
    "21": 16.67794418334961,
    "22": 16.548721313476562,
    "23": 16.49419593811035,
    "24": 16.490888595581055,
    "25": 16.503345489501953,
    "26": 16.47197151184082,
    "27": 16.431365966796875,
    "28": 16.454254150390625,
    "29": 16.47452735900879,
    "30": 16.514062881469727,
    "31": 16.505687713623047,
    "32": 16.56886863708496,
    "33": 16.642263412475586,
    "34": 16.60922622680664,
    "35": 16.53983497619629,
    "36": 16.642959594726562,
    "37": 16.65587615966797,
    "38": 16.847505569458008,
    "39": 17.0175724029541,
    "40": 17.31000328063965
}