{
    "0": {
        "estimate": NaN,
        "std": NaN
    },
    "1": {
        "estimate": 15.249454709305134,
        "std": 3.2893821000255707
    },
    "2": {
        "estimate": 14.035634794226516,
        "std": 3.1119964632909123
    },
    "3": {
        "estimate": 15.440835637491267,
        "std": 4.040026111926946
    },
    "4": {
        "estimate": 18.69888571774003,
        "std": 4.501266064428888
    },
    "5": {
        "estimate": 18.308354551200686,
        "std": 4.491818973442478
    },
    "6": {
        "estimate": 19.176156707106497,
        "std": 4.62731170322717
    },
    "7": {
        "estimate": 20.748612303046126,
        "std": 4.76696912725844
    },
    "8": {
        "estimate": 21.978962622183225,
        "std": 4.998510781070851
    },
    "9": {
        "estimate": 21.773594412369725,
        "std": 4.689803373202868
    },
    "10": {
        "estimate": 21.16523401645228,
        "std": 4.654172370703892
    },
    "11": {
        "estimate": 21.487553514031273,
        "std": 4.764926110518732
    },
    "12": {
        "estimate": 21.856587565980703,
        "std": 4.849587887475846
    },
    "13": {
        "estimate": 22.973379430309397,
        "std": 4.984371788151486
    },
    "14": {
        "estimate": 24.45132697036778,
        "std": 5.484977331611432
    },
    "15": {
        "estimate": 25.33683623152916,
        "std": 5.624047792405898
    },
    "16": {
        "estimate": 25.5408403347447,
        "std": 5.539721723368764
    },
    "17": {
        "estimate": 26.375824419898265,
        "std": 5.634245678932182
    },
    "18": {
        "estimate": 25.757232502521685,
        "std": 5.4471826473444045
    },
    "19": {
        "estimate": 26.00030438033252,
        "std": 5.558602642619917
    },
    "20": {
        "estimate": 26.168689200277957,
        "std": 5.774356747673643
    },
    "21": {
        "estimate": 25.917082508559826,
        "std": 5.906025187375673
    },
    "22": {
        "estimate": 26.419125744347518,
        "std": 6.115529731404689
    },
    "23": {
        "estimate": 26.410389489868155,
        "std": 6.0785747463870985
    },
    "24": {
        "estimate": 26.071961591557447,
        "std": 6.06685705500097
    },
    "25": {
        "estimate": 26.09201208298164,
        "std": 5.987617425879414
    },
    "26": {
        "estimate": 26.250809256106983,
        "std": 6.077670011335785
    },
    "27": {
        "estimate": 26.15345382765808,
        "std": 6.09408877626932
    },
    "28": {
        "estimate": 26.086577504389346,
        "std": 6.122401290761057
    },
    "29": {
        "estimate": 26.35479345560648,
        "std": 6.233030757932891
    },
    "30": {
        "estimate": 26.157094780823726,
        "std": 6.2455318790791505
    },
    "31": {
        "estimate": 25.95470119508203,
        "std": 6.233650564577573
    },
    "32": {
        "estimate": 25.836770277097443,
        "std": 6.210365895145212
    },
    "33": {
        "estimate": 25.92434875284426,
        "std": 6.269731894740368
    },
    "34": {
        "estimate": 25.955902073457708,
        "std": 6.3295803818884995
    },
    "35": {
        "estimate": 26.068831864565194,
        "std": 6.42117054278084
    },
    "36": {
        "estimate": 26.281062427497307,
        "std": 6.495480985701003
    },
    "37": {
        "estimate": 26.4880885652391,
        "std": 6.601219003847895
    },
    "38": {
        "estimate": 26.94726924599816,
        "std": 6.840673154356456
    },
    "39": {
        "estimate": 28.00698792366367,
        "std": 6.97948997402952
    },
    "40": {
        "estimate": 28.06350858012175,
        "std": 6.51299430616326
    }
}