{
    "0": {
        "estimate": NaN,
        "std": NaN
    },
    "1": {
        "estimate": 13.957866416732124,
        "std": 2.8912187382110024
    },
    "2": {
        "estimate": 12.948097937872111,
        "std": 2.715403681436596
    },
    "3": {
        "estimate": 14.417075633733301,
        "std": 3.6359326560946967
    },
    "4": {
        "estimate": 17.617769042523513,
        "std": 4.084959528765791
    },
    "5": {
        "estimate": 17.206970917386748,
        "std": 4.023746186628578
    },
    "6": {
        "estimate": 17.945139774666732,
        "std": 4.177249930908889
    },
    "7": {
        "estimate": 19.493296056283402,
        "std": 4.274945590576475
    },
    "8": {
        "estimate": 20.719909443930078,
        "std": 4.414335212928951
    },
    "9": {
        "estimate": 20.650591245346213,
        "std": 4.224390216524703
    },
    "10": {
        "estimate": 20.049620270761583,
        "std": 4.152319983651396
    },
    "11": {
        "estimate": 20.35114383298759,
        "std": 4.247142547212041
    },
    "12": {
        "estimate": 20.6972922971775,
        "std": 4.274222794429797
    },
    "13": {
        "estimate": 21.80031173095443,
        "std": 4.460617368827712
    },
    "14": {
        "estimate": 22.96056972575589,
        "std": 4.854850994794355
    },
    "15": {
        "estimate": 23.812836635239766,
        "std": 4.944859694175153
    },
    "16": {
        "estimate": 24.014478693662472,
        "std": 4.864597235567339
    },
    "17": {
        "estimate": 24.91719844838027,
        "std": 4.876311526690644
    },
    "18": {
        "estimate": 24.272070764842827,
        "std": 4.791576448527661
    },
    "19": {
        "estimate": 24.49924157383107,
        "std": 4.907593962325514
    },
    "20": {
        "estimate": 24.678738692569688,
        "std": 5.079026421849799
    },
    "21": {
        "estimate": 24.38320950977333,
        "std": 5.2264611908818095
    },
    "22": {
        "estimate": 24.7622472030534,
        "std": 5.46712290855004
    },
    "23": {
        "estimate": 24.84008223254167,
        "std": 5.428287923393621
    },
    "24": {
        "estimate": 24.51783349313738,
        "std": 5.3733591468597055
    },
    "25": {
        "estimate": 24.563630681170576,
        "std": 5.331542899539754
    },
    "26": {
        "estimate": 24.70015200344928,
        "std": 5.426383709983648
    },
    "27": {
        "estimate": 24.606762071561786,
        "std": 5.481413466428924
    },
    "28": {
        "estimate": 24.54820140346309,
        "std": 5.5060712801771015
    },
    "29": {
        "estimate": 24.80535621652664,
        "std": 5.626747224870375
    },
    "30": {
        "estimate": 24.620630126019805,
        "std": 5.633424400393368
    },
    "31": {
        "estimate": 24.4077659175142,
        "std": 5.55835902960158
    },
    "32": {
        "estimate": 24.309975995876076,
        "std": 5.558467602949497
    },
    "33": {
        "estimate": 24.35387812705433,
        "std": 5.595224970031848
    },
    "34": {
        "estimate": 24.379096158815667,
        "std": 5.663373298898462
    },
    "35": {
        "estimate": 24.5006941173681,
        "std": 5.763099268698085
    },
    "36": {
        "estimate": 24.7329932110934,
        "std": 5.841447792971714
    },
    "37": {
        "estimate": 24.93691457006388,
        "std": 5.9116914357044905
    },
    "38": {
        "estimate": 25.36632214131971,
        "std": 6.160969955667266
    },
    "39": {
        "estimate": 26.417739431468654,
        "std": 6.3970249706094995
    },
    "40": {
        "estimate": 26.506887837409483,
        "std": 5.924893427465332
    }
}