{
    "0": {
        "estimate": NaN,
        "std": NaN
    },
    "1": {
        "estimate": 11.22790893717845,
        "std": 3.9711673345743965
    },
    "2": {
        "estimate": 11.67906813996828,
        "std": 4.387031786827285
    },
    "3": {
        "estimate": 12.076437153651199,
        "std": 4.341525469354042
    },
    "4": {
        "estimate": 12.204264667580182,
        "std": 4.444154544602046
    },
    "5": {
        "estimate": 12.752612113732173,
        "std": 4.769580000828537
    },
    "6": {
        "estimate": 13.112377185347322,
        "std": 4.985516058873364
    },
    "7": {
        "estimate": 13.777271058388733,
        "std": 5.492700026358291
    },
    "8": {
        "estimate": 13.788491183093575,
        "std": 5.305258437487488
    },
    "9": {
        "estimate": 13.849492411671491,
        "std": 5.2197685323117975
    },
    "10": {
        "estimate": 13.977518577712694,
        "std": 5.233477068530759
    },
    "11": {
        "estimate": 13.914029629858897,
        "std": 5.202680778649871
    },
    "12": {
        "estimate": 13.93709545183655,
        "std": 5.318941366494799
    },
    "13": {
        "estimate": 14.176551358781085,
        "std": 5.656244160626309
    },
    "14": {
        "estimate": 14.666557743295789,
        "std": 5.775386235210499
    },
    "15": {
        "estimate": 15.623894066256716,
        "std": 6.029556273487432
    },
    "16": {
        "estimate": 16.889636254879168,
        "std": 6.569599784980032
    },
    "17": {
        "estimate": 16.978524772330104,
        "std": 6.272907001679807
    },
    "18": {
        "estimate": 17.189456279818977,
        "std": 6.487719031246984
    },
    "19": {
        "estimate": 17.07595506786544,
        "std": 6.089376915254873
    },
    "20": {
        "estimate": 16.988334500842424,
        "std": 5.941170474865129
    },
    "21": {
        "estimate": 17.013654912253074,
        "std": 6.109200194730095
    },
    "22": {
        "estimate": 16.894192999349748,
        "std": 6.002572437022825
    },
    "23": {
        "estimate": 16.88642570048315,
        "std": 6.009751855002847
    },
    "24": {
        "estimate": 16.77337811701464,
        "std": 5.95913469591296
    },
    "25": {
        "estimate": 16.84564835385572,
        "std": 5.985068182831141
    },
    "26": {
        "estimate": 16.88014064653009,
        "std": 6.060631691601448
    },
    "27": {
        "estimate": 16.964535589678526,
        "std": 6.124644508704073
    },
    "28": {
        "estimate": 16.916302766426664,
        "std": 6.068297462586027
    },
    "29": {
        "estimate": 17.010959697964402,
        "std": 6.161443325563644
    },
    "30": {
        "estimate": 17.034813570509048,
        "std": 6.188394677863132
    },
    "31": {
        "estimate": 17.01908430028689,
        "std": 6.23314041916418
    },
    "32": {
        "estimate": 17.18840121436282,
        "std": 6.382699154713226
    },
    "33": {
        "estimate": 17.354995451187865,
        "std": 6.564496905650627
    },
    "34": {
        "estimate": 17.371790557362935,
        "std": 6.6057049583190315
    },
    "35": {
        "estimate": 17.400095340420332,
        "std": 6.8616268774272795
    },
    "36": {
        "estimate": 17.402259842119793,
        "std": 6.927638564466977
    },
    "37": {
        "estimate": 17.908712766144827,
        "std": 7.564251712063053
    },
    "38": {
        "estimate": 18.459826440615114,
        "std": 8.47246508154121
    },
    "39": {
        "estimate": 19.288077920006184,
        "std": 9.583215461639083
    },
    "40": {
        "estimate": 21.392332499698508,
        "std": 11.656757010921039
    }
}