{
    "0": {
        "estimate": NaN,
        "std": NaN
    },
    "1": {
        "estimate": 14.027512346363661,
        "std": 6.150041435829067
    },
    "2": {
        "estimate": 14.458971597672333,
        "std": 6.45606991803084
    },
    "3": {
        "estimate": 14.714984040630078,
        "std": 6.4042236906258845
    },
    "4": {
        "estimate": 14.949830960989901,
        "std": 6.496229734395593
    },
    "5": {
        "estimate": 15.485560433584679,
        "std": 6.8121303067897605
    },
    "6": {
        "estimate": 15.855447474325047,
        "std": 7.200057905471711
    },
    "7": {
        "estimate": 16.35129744312117,
        "std": 7.693832310611948
    },
    "8": {
        "estimate": 16.271894784879116,
        "std": 7.670933147121217
    },
    "9": {
        "estimate": 16.258285431972954,
        "std": 7.552097539811031
    },
    "10": {
        "estimate": 16.43424865503999,
        "std": 7.611670974567012
    },
    "11": {
        "estimate": 16.33554146172095,
        "std": 7.6431912663099055
    },
    "12": {
        "estimate": 16.258083320396587,
        "std": 7.5805485614456956
    },
    "13": {
        "estimate": 16.640008675287156,
        "std": 8.063616921576715
    },
    "14": {
        "estimate": 17.240428814926627,
        "std": 8.144920458960675
    },
    "15": {
        "estimate": 18.47096388756716,
        "std": 8.669232235670044
    },
    "16": {
        "estimate": 19.950082129360762,
        "std": 9.351368388033226
    },
    "17": {
        "estimate": 20.359126691019767,
        "std": 9.04640178282014
    },
    "18": {
        "estimate": 20.63059341497603,
        "std": 9.173848693908887
    },
    "19": {
        "estimate": 20.626005966863257,
        "std": 8.907077198863321
    },
    "20": {
        "estimate": 20.700343734280164,
        "std": 8.780035498710259
    },
    "21": {
        "estimate": 20.622390243265432,
        "std": 8.879946933337873
    },
    "22": {
        "estimate": 20.616876788034798,
        "std": 8.83335823259991
    },
    "23": {
        "estimate": 20.590444904873358,
        "std": 8.802932510630809
    },
    "24": {
        "estimate": 20.43368133591288,
        "std": 8.812378311754017
    },
    "25": {
        "estimate": 20.520108659467944,
        "std": 8.823957259876423
    },
    "26": {
        "estimate": 20.557417036422247,
        "std": 8.919895407739185
    },
    "27": {
        "estimate": 20.637475771027052,
        "std": 8.942169346833012
    },
    "28": {
        "estimate": 20.630637098057697,
        "std": 9.007777745178519
    },
    "29": {
        "estimate": 20.734352474139655,
        "std": 9.07886694143935
    },
    "30": {
        "estimate": 20.73088331207999,
        "std": 9.177789957989066
    },
    "31": {
        "estimate": 20.7278462582345,
        "std": 9.246695424356355
    },
    "32": {
        "estimate": 20.83598514384961,
        "std": 9.324722618307057
    },
    "33": {
        "estimate": 21.153544747469912,
        "std": 9.530676255599683
    },
    "34": {
        "estimate": 21.145744513252218,
        "std": 9.65017863565653
    },
    "35": {
        "estimate": 21.17741831116068,
        "std": 9.928819902696842
    },
    "36": {
        "estimate": 21.283456722975608,
        "std": 10.291922244193723
    },
    "37": {
        "estimate": 21.769063749712227,
        "std": 10.851902049814726
    },
    "38": {
        "estimate": 22.359320040750873,
        "std": 11.621127277174644
    },
    "39": {
        "estimate": 23.175857052932322,
        "std": 12.557788268531883
    },
    "40": {
        "estimate": 24.97901442602957,
        "std": 14.522043712157553
    }
}