{
    "0": {
        "estimate": NaN,
        "std": NaN
    },
    "1": {
        "estimate": 9.824725917117846,
        "std": 3.2707396810978113
    },
    "2": {
        "estimate": 10.380655728063601,
        "std": 3.7532739222215197
    },
    "3": {
        "estimate": 10.859025307976026,
        "std": 3.659791044960712
    },
    "4": {
        "estimate": 10.947158896230158,
        "std": 3.893699634773071
    },
    "5": {
        "estimate": 11.60004788739311,
        "std": 4.202549936529987
    },
    "6": {
        "estimate": 12.022554000263204,
        "std": 4.547760480174171
    },
    "7": {
        "estimate": 12.726665813029795,
        "std": 5.089268400129223
    },
    "8": {
        "estimate": 12.749329772362126,
        "std": 4.95646886109073
    },
    "9": {
        "estimate": 12.82221633540108,
        "std": 4.867636886877415
    },
    "10": {
        "estimate": 12.879386392976901,
        "std": 4.799473769248269
    },
    "11": {
        "estimate": 12.821405239073204,
        "std": 4.7493765814119016
    },
    "12": {
        "estimate": 12.812270469302417,
        "std": 4.789275770291275
    },
    "13": {
        "estimate": 13.003343280115688,
        "std": 5.060556594507541
    },
    "14": {
        "estimate": 13.467342781808155,
        "std": 5.185204797597744
    },
    "15": {
        "estimate": 14.299414031598124,
        "std": 5.497183700630535
    },
    "16": {
        "estimate": 15.445119662302716,
        "std": 6.032148090768703
    },
    "17": {
        "estimate": 15.271174825830105,
        "std": 5.611727925372855
    },
    "18": {
        "estimate": 15.446352582282382,
        "std": 5.757118506665237
    },
    "19": {
        "estimate": 15.252318260905676,
        "std": 5.304496779022702
    },
    "20": {
        "estimate": 15.132842220714723,
        "std": 5.178766386098431
    },
    "21": {
        "estimate": 15.163594732562194,
        "std": 5.34654493368935
    },
    "22": {
        "estimate": 15.049798504322046,
        "std": 5.273780302078785
    },
    "23": {
        "estimate": 15.043182843136762,
        "std": 5.255591763523086
    },
    "24": {
        "estimate": 14.965533289227183,
        "std": 5.223898923125234
    },
    "25": {
        "estimate": 15.039357556432236,
        "std": 5.274361254397083
    },
    "26": {
        "estimate": 15.05093297391042,
        "std": 5.300051593279967
    },
    "27": {
        "estimate": 15.133190039067564,
        "std": 5.367793622380254
    },
    "28": {
        "estimate": 15.099905676260885,
        "std": 5.34207602479889
    },
    "29": {
        "estimate": 15.187888431486988,
        "std": 5.412010292954927
    },
    "30": {
        "estimate": 15.224845370803784,
        "std": 5.443416648066189
    },
    "31": {
        "estimate": 15.20110230836405,
        "std": 5.452100051405458
    },
    "32": {
        "estimate": 15.376481546192162,
        "std": 5.586568802027273
    },
    "33": {
        "estimate": 15.51071300646677,
        "std": 5.723927644332835
    },
    "34": {
        "estimate": 15.530792425877092,
        "std": 5.758961533974619
    },
    "35": {
        "estimate": 15.57446589560284,
        "std": 6.040107832584883
    },
    "36": {
        "estimate": 15.5858960911536,
        "std": 6.1380971630015795
    },
    "37": {
        "estimate": 16.006886100916116,
        "std": 6.738424777545367
    },
    "38": {
        "estimate": 16.48873769257551,
        "std": 7.56690015031473
    },
    "39": {
        "estimate": 17.355552690361463,
        "std": 8.81255478274935
    },
    "40": {
        "estimate": 19.41924700122219,
        "std": 10.888670577381705
    }
}