{
    "0": {
        "estimate": NaN,
        "std": NaN
    },
    "1": {
        "estimate": 10.391999585986177,
        "std": 3.515027728592409
    },
    "2": {
        "estimate": 10.921156556607276,
        "std": 3.9890665887973786
    },
    "3": {
        "estimate": 11.36607891512431,
        "std": 3.9203089313198394
    },
    "4": {
        "estimate": 11.456686301728,
        "std": 4.082271850647164
    },
    "5": {
        "estimate": 12.047755572546121,
        "std": 4.408007067645501
    },
    "6": {
        "estimate": 12.439754479004229,
        "std": 4.658893233413938
    },
    "7": {
        "estimate": 13.142354657431104,
        "std": 5.195573364884308
    },
    "8": {
        "estimate": 13.167315390063429,
        "std": 5.054121515352233
    },
    "9": {
        "estimate": 13.246136647497911,
        "std": 4.9521513674382485
    },
    "10": {
        "estimate": 13.335709411167821,
        "std": 4.907589605703326
    },
    "11": {
        "estimate": 13.278936810481456,
        "std": 4.878930432313867
    },
    "12": {
        "estimate": 13.273697562992105,
        "std": 4.9315962610504664
    },
    "13": {
        "estimate": 13.481170842457196,
        "std": 5.18538547153249
    },
    "14": {
        "estimate": 13.938891546202573,
        "std": 5.316647081751979
    },
    "15": {
        "estimate": 14.821595213340093,
        "std": 5.653851354064747
    },
    "16": {
        "estimate": 16.04514574801221,
        "std": 6.177427880709568
    },
    "17": {
        "estimate": 15.977236301400955,
        "std": 5.8128934533854
    },
    "18": {
        "estimate": 16.17508599348782,
        "std": 5.981266093294945
    },
    "19": {
        "estimate": 15.997944284784086,
        "std": 5.524544036504638
    },
    "20": {
        "estimate": 15.906381457583956,
        "std": 5.393934268475238
    },
    "21": {
        "estimate": 15.959568453472352,
        "std": 5.6171747609341525
    },
    "22": {
        "estimate": 15.849828557615652,
        "std": 5.516076279987494
    },
    "23": {
        "estimate": 15.831697520428532,
        "std": 5.52025181414557
    },
    "24": {
        "estimate": 15.748069571796188,
        "std": 5.485266727844588
    },
    "25": {
        "estimate": 15.820573495879449,
        "std": 5.524911478528299
    },
    "26": {
        "estimate": 15.832196669395506,
        "std": 5.558356917607555
    },
    "27": {
        "estimate": 15.908987522721795,
        "std": 5.619110029874195
    },
    "28": {
        "estimate": 15.867493109579597,
        "std": 5.597107649020946
    },
    "29": {
        "estimate": 15.934525508931861,
        "std": 5.656548418586003
    },
    "30": {
        "estimate": 15.974914819890074,
        "std": 5.696806921622264
    },
    "31": {
        "estimate": 15.959677360688385,
        "std": 5.730263582041403
    },
    "32": {
        "estimate": 16.11357546229286,
        "std": 5.849619202197116
    },
    "33": {
        "estimate": 16.268667815011987,
        "std": 5.993826480588864
    },
    "34": {
        "estimate": 16.277712637121862,
        "std": 6.035327793524087
    },
    "35": {
        "estimate": 16.31451784954717,
        "std": 6.302100417932817
    },
    "36": {
        "estimate": 16.343898289887093,
        "std": 6.407053635552668
    },
    "37": {
        "estimate": 16.813216039267786,
        "std": 7.029657514629748
    },
    "38": {
        "estimate": 17.3305326560631,
        "std": 7.885930268974728
    },
    "39": {
        "estimate": 18.203092465809565,
        "std": 9.107858152449998
    },
    "40": {
        "estimate": 20.25368473522562,
        "std": 11.209024202172452
    }
}