{
    "0": {
        "estimate": Infinity,
        "std": NaN
    },
    "1": {
        "estimate": 24.69644701337892,
        "std": 6.711445166369586
    },
    "2": {
        "estimate": 21.66975922420199,
        "std": 6.413934807863494
    },
    "3": {
        "estimate": 22.29458323271465,
        "std": 6.4446391733124715
    },
    "4": {
        "estimate": 25.12683793261857,
        "std": 7.219903151329914
    },
    "5": {
        "estimate": 25.308245210160482,
        "std": 7.520258710887694
    },
    "6": {
        "estimate": 29.258829122308253,
        "std": 8.326739551936939
    },
    "7": {
        "estimate": 30.953289457248406,
        "std": 8.342780619716883
    },
    "8": {
        "estimate": 32.57220267019065,
        "std": 8.605346546302828
    },
    "9": {
        "estimate": 32.90336316881242,
        "std": 9.128886121286941
    },
    "10": {
        "estimate": 32.65828212294753,
        "std": 9.254084220653569
    },
    "11": {
        "estimate": 32.246331294028415,
        "std": 9.250439478842056
    },
    "12": {
        "estimate": 33.99733887028031,
        "std": 9.502816687147462
    },
    "13": {
        "estimate": 34.8339688053701,
        "std": 9.57755638171656
    },
    "14": {
        "estimate": 35.66039857913875,
        "std": 9.582257025942566
    },
    "15": {
        "estimate": 36.90813184885273,
        "std": 9.58232869047442
    },
    "16": {
        "estimate": 37.59049856916022,
        "std": 9.546929420914545
    },
    "17": {
        "estimate": 37.3837166145436,
        "std": 9.236471653995013
    },
    "18": {
        "estimate": 35.60800790433835,
        "std": 8.7784629585407
    },
    "19": {
        "estimate": 35.56460966238114,
        "std": 8.622843413215373
    },
    "20": {
        "estimate": 34.842957225233306,
        "std": 8.421740723076542
    },
    "21": {
        "estimate": 34.394704353820636,
        "std": 8.168195977797966
    },
    "22": {
        "estimate": 34.50652151814087,
        "std": 8.178282325056255
    },
    "23": {
        "estimate": 34.83577648112,
        "std": 8.243988103545215
    },
    "24": {
        "estimate": 34.84314132873181,
        "std": 8.243698489156301
    },
    "25": {
        "estimate": 35.00476956487026,
        "std": 8.46358000543057
    },
    "26": {
        "estimate": 35.058709860380446,
        "std": 8.499492975869982
    },
    "27": {
        "estimate": 35.542891067354674,
        "std": 8.723410875530481
    },
    "28": {
        "estimate": 35.71788472740407,
        "std": 8.857175782323646
    },
    "29": {
        "estimate": 35.81632096983016,
        "std": 8.931504905277942
    },
    "30": {
        "estimate": 35.80826699586853,
        "std": 8.954515775345842
    },
    "31": {
        "estimate": 35.73170232992107,
        "std": 8.990548738424431
    },
    "32": {
        "estimate": 32.039462037490345,
        "std": 8.124223708775093
    }
}