{
    "0": {
        "estimate": Infinity,
        "std": NaN
    },
    "1": {
        "estimate": 22.02091782129715,
        "std": 5.135978436844579
    },
    "2": {
        "estimate": 19.374521854139907,
        "std": 4.993749502545378
    },
    "3": {
        "estimate": 20.06438727652813,
        "std": 5.08580276525191
    },
    "4": {
        "estimate": 22.85527817863531,
        "std": 5.679709512481703
    },
    "5": {
        "estimate": 24.254856945239506,
        "std": 5.519374286007785
    },
    "6": {
        "estimate": 27.42522862589251,
        "std": 6.1952130370531355
    },
    "7": {
        "estimate": 28.895717028535977,
        "std": 6.1899849243139435
    },
    "8": {
        "estimate": 30.535857389364416,
        "std": 6.672246998172827
    },
    "9": {
        "estimate": 31.25471351666934,
        "std": 6.915000598849719
    },
    "10": {
        "estimate": 30.827455491322244,
        "std": 6.931569934647016
    },
    "11": {
        "estimate": 30.354386578580954,
        "std": 6.8827384066642185
    },
    "12": {
        "estimate": 31.67733587519707,
        "std": 7.048306003498799
    },
    "13": {
        "estimate": 32.250012404043396,
        "std": 7.185764518101436
    },
    "14": {
        "estimate": 32.969580862239354,
        "std": 7.105384227999882
    },
    "15": {
        "estimate": 33.900434205594046,
        "std": 7.0285682378483765
    },
    "16": {
        "estimate": 34.521599065713076,
        "std": 6.955489074779482
    },
    "17": {
        "estimate": 34.41423597799196,
        "std": 6.668587130793247
    },
    "18": {
        "estimate": 32.610404984650366,
        "std": 6.329753049363914
    },
    "19": {
        "estimate": 32.5307431429813,
        "std": 6.126137675916423
    },
    "20": {
        "estimate": 31.768726775505325,
        "std": 5.9402254950659845
    },
    "21": {
        "estimate": 31.36084975857417,
        "std": 5.850648155764552
    },
    "22": {
        "estimate": 31.44543883455706,
        "std": 5.926669052624432
    },
    "23": {
        "estimate": 31.69513968356111,
        "std": 6.010824315317487
    },
    "24": {
        "estimate": 31.717791353237153,
        "std": 6.04845706390694
    },
    "25": {
        "estimate": 31.85163386775804,
        "std": 6.068733432674536
    },
    "26": {
        "estimate": 31.807321605149568,
        "std": 6.165801597275703
    },
    "27": {
        "estimate": 32.251326191869815,
        "std": 6.334837441093596
    },
    "28": {
        "estimate": 32.328423808402654,
        "std": 6.339316425471214
    },
    "29": {
        "estimate": 32.39703381671337,
        "std": 6.501649653202634
    },
    "30": {
        "estimate": 32.37654010211358,
        "std": 6.554121699609996
    },
    "31": {
        "estimate": 32.25140224522778,
        "std": 6.668110718890691
    },
    "32": {
        "estimate": 28.854475980850665,
        "std": 5.893753026329487
    }
}