{
    "avg_lid": {
        "0": {
            "slope": NaN,
            "intercept": NaN,
            "r_value": NaN,
            "p_value": NaN,
            "std_err": NaN
        },
        "1": {
            "slope": -0.11253408478610095,
            "intercept": 1.0790923685280933,
            "r_value": -0.08917592515951843,
            "p_value": 0.5379941607479601,
            "std_err": 0.18141872408619722
        },
        "2": {
            "slope": -0.2127474720099959,
            "intercept": 1.6949285001062875,
            "r_value": -0.289986277809848,
            "p_value": 0.04107485401590263,
            "std_err": 0.10134265046913929
        },
        "3": {
            "slope": 0.02445866659414361,
            "intercept": 0.4882026212855066,
            "r_value": 0.027711300693773235,
            "p_value": 0.8485028766432265,
            "std_err": 0.12734691616426078
        },
        "4": {
            "slope": -0.07630925973717605,
            "intercept": 1.074330759374362,
            "r_value": -0.08233018263789933,
            "p_value": 0.5697605795276007,
            "std_err": 0.13332778119355326
        },
        "5": {
            "slope": -0.06920997880574613,
            "intercept": 1.0400733241652442,
            "r_value": -0.062228706413152785,
            "p_value": 0.6676973089137092,
            "std_err": 0.16021929209163963
        },
        "6": {
            "slope": 0.018916422153993737,
            "intercept": 0.5323322547662314,
            "r_value": 0.0183240057204278,
            "p_value": 0.899491596129568,
            "std_err": 0.14897899373568407
        },
        "7": {
            "slope": -0.18624154090648568,
            "intercept": 1.5601986214284693,
            "r_value": -0.17731580130019914,
            "p_value": 0.2179905393750573,
            "std_err": 0.14920094124766306
        },
        "8": {
            "slope": 0.02096868169793644,
            "intercept": 0.5172453120731451,
            "r_value": 0.027744298290203608,
            "p_value": 0.8483245983086605,
            "std_err": 0.10904595262025427
        },
        "9": {
            "slope": 0.019888985576968717,
            "intercept": 0.5354613915988278,
            "r_value": 0.019425864419310174,
            "p_value": 0.8934817336171315,
            "std_err": 0.1477507526135612
        },
        "10": {
            "slope": 0.20790088923956868,
            "intercept": -0.19412658078560807,
            "r_value": 0.14880163426219079,
            "p_value": 0.30238648079924074,
            "std_err": 0.19941872724940837
        },
        "11": {
            "slope": 0.09518574962348171,
            "intercept": 0.2924158917875456,
            "r_value": 0.07285645547035927,
            "p_value": 0.6150965826676555,
            "std_err": 0.18807348665806797
        },
        "12": {
            "slope": -0.052250189177900606,
            "intercept": 0.7912660699178162,
            "r_value": -0.026249657080833922,
            "p_value": 0.8564072005050894,
            "std_err": 0.2872062844236596
        },
        "13": {
            "slope": 0.04152336908039018,
            "intercept": 0.49644867987283364,
            "r_value": 0.022201341053772642,
            "p_value": 0.878370426168332,
            "std_err": 0.26988931951624856
        },
        "14": {
            "slope": 0.2590981466544084,
            "intercept": -0.09011959950890136,
            "r_value": 0.1312255718505118,
            "p_value": 0.3636816212506586,
            "std_err": 0.28252269176356876
        },
        "15": {
            "slope": 0.017182552499210677,
            "intercept": 0.5790276328842439,
            "r_value": 0.007595275456118646,
            "p_value": 0.9582505868950278,
            "std_err": 0.3265209148871175
        },
        "16": {
            "slope": 0.2387653007713995,
            "intercept": -0.016992549243557753,
            "r_value": 0.09068881621283655,
            "p_value": 0.5310919322175218,
            "std_err": 0.3784456839514624
        },
        "17": {
            "slope": 0.23774377387843854,
            "intercept": 0.01749588139847169,
            "r_value": 0.10978177947330615,
            "p_value": 0.44788937329332834,
            "std_err": 0.31068858857138326
        },
        "18": {
            "slope": -0.16831211521320116,
            "intercept": 1.039486646494709,
            "r_value": -0.06393812360120378,
            "p_value": 0.6591207090690048,
            "std_err": 0.37917992540271406
        },
        "19": {
            "slope": 0.19380985813627663,
            "intercept": 0.16480910877527122,
            "r_value": 0.07591835091922433,
            "p_value": 0.60027627911705,
            "std_err": 0.36741197703282125
        },
        "20": {
            "slope": 0.35548138945473373,
            "intercept": -0.20710179107915028,
            "r_value": 0.13507795863652328,
            "p_value": 0.34964241314989064,
            "std_err": 0.37636834483075116
        },
        "21": {
            "slope": 0.577479715556522,
            "intercept": -0.7031103239495105,
            "r_value": 0.1825342985051623,
            "p_value": 0.20452763815467823,
            "std_err": 0.44896581776594713
        },
        "22": {
            "slope": 0.25736365635639774,
            "intercept": 0.0747343090981365,
            "r_value": 0.07796162114075274,
            "p_value": 0.590474266656884,
            "std_err": 0.4750309283533121
        },
        "23": {
            "slope": 0.41003229207333874,
            "intercept": -0.2483637153478614,
            "r_value": 0.124981701985905,
            "p_value": 0.38714890738595087,
            "std_err": 0.4698208696739816
        },
        "24": {
            "slope": 0.7702478310167142,
            "intercept": -0.9943177854637817,
            "r_value": 0.23617497706329896,
            "p_value": 0.09869331890635122,
            "std_err": 0.4574176290977963
        },
        "25": {
            "slope": 0.43984876808931234,
            "intercept": -0.290270587608504,
            "r_value": 0.12086752780784667,
            "p_value": 0.4030889686235184,
            "std_err": 0.5214076834886276
        },
        "26": {
            "slope": -0.19796216506461392,
            "intercept": 1.0360647739119853,
            "r_value": -0.05259128300389776,
            "p_value": 0.7168126436730966,
            "std_err": 0.542558264284687
        },
        "27": {
            "slope": 0.12853830055906024,
            "intercept": 0.36517609316740807,
            "r_value": 0.03825880731057959,
            "p_value": 0.7919458453840705,
            "std_err": 0.4845765892098216
        },
        "28": {
            "slope": 0.1256700957242909,
            "intercept": 0.3667954725378138,
            "r_value": 0.032853182852848904,
            "p_value": 0.8208184313665403,
            "std_err": 0.5518224637319381
        },
        "29": {
            "slope": 0.2501422969275242,
            "intercept": 0.11599386619706986,
            "r_value": 0.07131135863581163,
            "p_value": 0.6226338719340432,
            "std_err": 0.5050108694747341
        },
        "30": {
            "slope": -0.27540190349873217,
            "intercept": 1.1854157233913722,
            "r_value": -0.0732825870131522,
            "p_value": 0.61302468657747,
            "std_err": 0.5409737973067698
        },
        "31": {
            "slope": 0.3423437356122669,
            "intercept": -0.0672334932244677,
            "r_value": 0.11070429847030404,
            "p_value": 0.4440599682184557,
            "std_err": 0.4436082408088927
        },
        "32": {
            "slope": -0.5201579687943865,
            "intercept": 1.6672432763099108,
            "r_value": -0.1595121779606424,
            "p_value": 0.26851184893981395,
            "std_err": 0.46464809659745365
        },