{
    "0": {
        "estimate": Infinity,
        "std": NaN
    },
    "1": {
        "estimate": 20.749881151762768,
        "std": 7.230357145968896
    },
    "2": {
        "estimate": 20.910474384052975,
        "std": 8.04327141557266
    },
    "3": {
        "estimate": 19.397260413361767,
        "std": 6.979806341450175
    },
    "4": {
        "estimate": 20.544974575794175,
        "std": 7.909957627730334
    },
    "5": {
        "estimate": 22.694906950410832,
        "std": 9.059732306387177
    },
    "6": {
        "estimate": 23.130100198627073,
        "std": 9.000438869859675
    },
    "7": {
        "estimate": 24.000549118373634,
        "std": 9.247627113694621
    },
    "8": {
        "estimate": 24.62799014331916,
        "std": 9.567832841625064
    },
    "9": {
        "estimate": 26.30893283147533,
        "std": 9.75862767698507
    },
    "10": {
        "estimate": 28.035190670763853,
        "std": 10.652070945222148
    },
    "11": {
        "estimate": 28.774779260068772,
        "std": 10.478974229374204
    },
    "12": {
        "estimate": 29.189910711323602,
        "std": 10.669602356525305
    },
    "13": {
        "estimate": 29.234417728140787,
        "std": 10.778066470428696
    },
    "14": {
        "estimate": 29.49199833303309,
        "std": 10.687580621376014
    },
    "15": {
        "estimate": 29.200911548650346,
        "std": 10.561283731603494
    },
    "16": {
        "estimate": 29.073729880708562,
        "std": 10.416178716917146
    },
    "17": {
        "estimate": 29.43248674554638,
        "std": 10.78482750655588
    },
    "18": {
        "estimate": 28.787318874682242,
        "std": 10.660206625129192
    },
    "19": {
        "estimate": 27.60262065062845,
        "std": 10.09496597827887
    },
    "20": {
        "estimate": 26.68075439392615,
        "std": 9.60299011338645
    },
    "21": {
        "estimate": 26.24396707154326,
        "std": 9.47076978893248
    },
    "22": {
        "estimate": 26.185472072003577,
        "std": 9.37720365737214
    },
    "23": {
        "estimate": 26.31139380314658,
        "std": 9.50292944785371
    },
    "24": {
        "estimate": 26.251431188444304,
        "std": 9.56542019482805
    },
    "25": {
        "estimate": 26.404784245855616,
        "std": 9.525847683250507
    },
    "26": {
        "estimate": 26.414433932870946,
        "std": 9.571857940393171
    },
    "27": {
        "estimate": 26.536902722995286,
        "std": 9.860408534070912
    },
    "28": {
        "estimate": 26.63669807122569,
        "std": 9.75764657954841
    },
    "29": {
        "estimate": 27.242766235160264,
        "std": 9.994076558828368
    },
    "30": {
        "estimate": 27.630810559641336,
        "std": 10.698378144289316
    },
    "31": {
        "estimate": 27.284067074351373,
        "std": 10.757971965052427
    },
    "32": {
        "estimate": 26.239848475809918,
        "std": 10.655471851154717
    }
}