{
    "0": {
        "estimate": Infinity,
        "std": NaN
    },
    "1": {
        "estimate": 17.53504284556693,
        "std": 3.486995073438164
    },
    "2": {
        "estimate": 17.539995686157617,
        "std": 4.300162745120312
    },
    "3": {
        "estimate": 15.42823639931485,
        "std": 3.861378185939553
    },
    "4": {
        "estimate": 17.390397936087062,
        "std": 4.586539593886617
    },
    "5": {
        "estimate": 20.74855093425478,
        "std": 4.979769207641947
    },
    "6": {
        "estimate": 21.258923435846658,
        "std": 5.081352772872387
    },
    "7": {
        "estimate": 22.007419893582952,
        "std": 5.311774696990221
    },
    "8": {
        "estimate": 22.25210189595175,
        "std": 5.529029152460146
    },
    "9": {
        "estimate": 23.768707227464276,
        "std": 5.897458178547108
    },
    "10": {
        "estimate": 24.832054955418233,
        "std": 6.0565806716924255
    },
    "11": {
        "estimate": 25.63784983540832,
        "std": 6.295263330414494
    },
    "12": {
        "estimate": 26.335711673624605,
        "std": 6.3669470222699225
    },
    "13": {
        "estimate": 26.175837183664733,
        "std": 6.327325003775935
    },
    "14": {
        "estimate": 26.42835904046509,
        "std": 6.16941695537034
    },
    "15": {
        "estimate": 26.34001926426663,
        "std": 6.093760829811714
    },
    "16": {
        "estimate": 25.996851788432412,
        "std": 5.910863983144924
    },
    "17": {
        "estimate": 25.960782149362284,
        "std": 5.933097580214682
    },
    "18": {
        "estimate": 25.009022539279275,
        "std": 5.76238389911361
    },
    "19": {
        "estimate": 23.63110748421505,
        "std": 5.379232403440749
    },
    "20": {
        "estimate": 22.583006256618237,
        "std": 5.128440034305675
    },
    "21": {
        "estimate": 21.868629237340116,
        "std": 4.95076666323397
    },
    "22": {
        "estimate": 21.69558392877181,
        "std": 4.928586484350772
    },
    "23": {
        "estimate": 21.720014817294835,
        "std": 4.963401832734464
    },
    "24": {
        "estimate": 21.61864147462898,
        "std": 4.957093634293226
    },
    "25": {
        "estimate": 21.769945448505414,
        "std": 5.046813118800163
    },
    "26": {
        "estimate": 21.770172181409208,
        "std": 5.146365169308028
    },
    "27": {
        "estimate": 21.985589038758096,
        "std": 5.18357178264011
    },
    "28": {
        "estimate": 22.196323143065843,
        "std": 5.216895104360334
    },
    "29": {
        "estimate": 22.73406112410625,
        "std": 5.457117167301265
    },
    "30": {
        "estimate": 23.4368701362055,
        "std": 5.828177752958326
    },
    "31": {
        "estimate": 23.599425271512636,
        "std": 5.951798346799255
    },
    "32": {
        "estimate": 22.276431809339343,
        "std": 6.323270350632406
    }
}