{
    "0": NaN,
    "1": 14.249836921691895,
    "2": 11.897058486938477,
    "3": 14.66187858581543,
    "4": 14.02841567993164,
    "5": 11.317440032958984,
    "6": 13.303679466247559,
    "7": 14.225776672363281,
    "8": 15.539828300476074,
    "9": 16.761425018310547,
    "10": 17.742477416992188,
    "11": 18.739498138427734,
    "12": 19.3250675201416,
    "13": 20.32723617553711,
    "14": 20.9008846282959,
    "15": 20.874099731445312,
    "16": 21.20673179626465,
    "17": 21.808996200561523,
    "18": 21.987144470214844,
    "19": 21.652250289916992,
    "20": 21.596881866455078,
    "21": 21.649032592773438,
    "22": 21.563886642456055,
    "23": 21.725250244140625,
    "24": 22.07874870300293,
    "25": 22.069095611572266,
    "26": 21.884790420532227,
    "27": 21.608776092529297,
    "28": 21.423633575439453,
    "29": 21.801847457885742,
    "30": 20.91766929626465,
    "31": 19.822542190551758,
    "32": 19.745027542114258
}