{
    "0": {
        "estimate": NaN,
        "std": NaN
    },
    "1": {
        "estimate": 19.747106303726866,
        "std": 5.28098807010023
    },
    "2": {
        "estimate": 19.770407547031397,
        "std": 5.560286475212363
    },
    "3": {
        "estimate": 21.527208667026454,
        "std": 6.315821065521549
    },
    "4": {
        "estimate": 23.16764622190922,
        "std": 6.782959169056285
    },
    "5": {
        "estimate": 22.790471408501315,
        "std": 6.3719382852106685
    },
    "6": {
        "estimate": 24.851137654989458,
        "std": 6.7522945349526955
    },
    "7": {
        "estimate": 30.592035358929866,
        "std": 8.562764651927747
    },
    "8": {
        "estimate": 30.13743065498739,
        "std": 9.032818914922881
    },
    "9": {
        "estimate": 25.66853029179275,
        "std": 7.868992403624043
    },
    "10": {
        "estimate": 26.840736322229244,
        "std": 7.7386936186558914
    },
    "11": {
        "estimate": 27.77363619781097,
        "std": 7.911813826748569
    },
    "12": {
        "estimate": 26.92935360237374,
        "std": 7.2588629780931795
    },
    "13": {
        "estimate": 26.80667290031426,
        "std": 7.147428080206909
    },
    "14": {
        "estimate": 27.784652184655947,
        "std": 7.412800432940623
    },
    "15": {
        "estimate": 27.874684643442812,
        "std": 7.9103996685161215
    },
    "16": {
        "estimate": 27.25025793122614,
        "std": 7.910525779222133
    },
    "17": {
        "estimate": 27.02358533770566,
        "std": 7.923443011140237
    },
    "18": {
        "estimate": 26.582791976867266,
        "std": 7.604436761279168
    },
    "19": {
        "estimate": 26.379870960265485,
        "std": 7.564980381411445
    },
    "20": {
        "estimate": 25.759971595442703,
        "std": 7.314796691213573
    },
    "21": {
        "estimate": 25.416102139224638,
        "std": 7.30806094113658
    },
    "22": {
        "estimate": 24.897404584907704,
        "std": 7.262426436315907
    },
    "23": {
        "estimate": 24.692614481360348,
        "std": 7.184483741818389
    },
    "24": {
        "estimate": 24.651362284432185,
        "std": 7.201657929027588
    },
    "25": {
        "estimate": 24.508227748119978,
        "std": 7.14341265136331
    },
    "26": {
        "estimate": 24.392165725834488,
        "std": 7.146981285421082
    },
    "27": {
        "estimate": 24.482192012022352,
        "std": 7.251743346953493
    },
    "28": {
        "estimate": 24.355296713018923,
        "std": 7.166361379760117
    },
    "29": {
        "estimate": 24.347570305482158,
        "std": 7.205105172442842
    },
    "30": {
        "estimate": 24.303012977690557,
        "std": 7.22278490124945
    },
    "31": {
        "estimate": 24.320287402210617,
        "std": 7.232052010621462
    },
    "32": {
        "estimate": 24.1826281492504,
        "std": 7.11110225590883
    },
    "33": {
        "estimate": 24.107741657218302,
        "std": 7.106877679952071
    },
    "34": {
        "estimate": 24.140103738274323,
        "std": 7.1619270789613045
    },
    "35": {
        "estimate": 23.96654962232782,
        "std": 7.149983340456625
    },
    "36": {
        "estimate": 23.90065538095499,
        "std": 7.164805066468398
    },
    "37": {
        "estimate": 23.962362402241997,
        "std": 7.11067724736973
    },
    "38": {
        "estimate": 23.700299940624113,
        "std": 7.0215221729679715
    },
    "39": {
        "estimate": 24.385050355508543,
        "std": 7.209789007324486
    },
    "40": {
        "estimate": 24.121011852394695,
        "std": 7.119796033400343
    }
}