{
    "0": {
        "estimate": NaN,
        "std": NaN
    },
    "1": {
        "estimate": 16.958159123026633,
        "std": 3.4769589871384197
    },
    "2": {
        "estimate": 16.442507394381636,
        "std": 3.8035534376966504
    },
    "3": {
        "estimate": 17.837510671315858,
        "std": 4.181641757230174
    },
    "4": {
        "estimate": 19.18735477637519,
        "std": 4.649008851631275
    },
    "5": {
        "estimate": 18.942353347959,
        "std": 4.408425169507438
    },
    "6": {
        "estimate": 21.038716464208427,
        "std": 4.376873761621487
    },
    "7": {
        "estimate": 26.565980302886352,
        "std": 5.721103815870766
    },
    "8": {
        "estimate": 26.59320610220591,
        "std": 5.977472236694311
    },
    "9": {
        "estimate": 22.64015456848104,
        "std": 5.218620663899319
    },
    "10": {
        "estimate": 23.70589779446992,
        "std": 5.050788784038341
    },
    "11": {
        "estimate": 24.715981271157833,
        "std": 5.298600417273309
    },
    "12": {
        "estimate": 23.76902668395824,
        "std": 4.784692679051195
    },
    "13": {
        "estimate": 23.697985698160263,
        "std": 4.571714768991696
    },
    "14": {
        "estimate": 24.787737235802812,
        "std": 5.043408931274238
    },
    "15": {
        "estimate": 24.80241632424488,
        "std": 5.510225141463582
    },
    "16": {
        "estimate": 24.182294651219365,
        "std": 5.411814435874845
    },
    "17": {
        "estimate": 23.933017891555746,
        "std": 5.513420453380944
    },
    "18": {
        "estimate": 23.433623339766918,
        "std": 5.460131357104559
    },
    "19": {
        "estimate": 23.0571990507135,
        "std": 5.439216780146853
    },
    "20": {
        "estimate": 22.485517171622504,
        "std": 5.3889286507817085
    },
    "21": {
        "estimate": 22.05838286631452,
        "std": 5.363633333601905
    },
    "22": {
        "estimate": 21.523452671483355,
        "std": 5.412235365775931
    },
    "23": {
        "estimate": 21.285268357172203,
        "std": 5.394731606983829
    },
    "24": {
        "estimate": 21.14019889741578,
        "std": 5.372994233382838
    },
    "25": {
        "estimate": 21.031147834869074,
        "std": 5.377894023587162
    },
    "26": {
        "estimate": 20.972506581279486,
        "std": 5.417458829187909
    },
    "27": {
        "estimate": 20.998878163817647,
        "std": 5.472329876415846
    },
    "28": {
        "estimate": 20.876914718186462,
        "std": 5.450765954325844
    },
    "29": {
        "estimate": 20.84394212341742,
        "std": 5.466477399598198
    },
    "30": {
        "estimate": 20.77956364439266,
        "std": 5.467033061100447
    },
    "31": {
        "estimate": 20.76404762986597,
        "std": 5.487902003644152
    },
    "32": {
        "estimate": 20.65005648080587,
        "std": 5.44837707057599
    },
    "33": {
        "estimate": 20.543880421435915,
        "std": 5.432357958133954
    },
    "34": {
        "estimate": 20.517853933986633,
        "std": 5.452148955007755
    },
    "35": {
        "estimate": 20.36183539704808,
        "std": 5.467350330143516
    },
    "36": {
        "estimate": 20.265768705640852,
        "std": 5.443703597299736
    },
    "37": {
        "estimate": 20.314891296584666,
        "std": 5.465106311937843
    },
    "38": {
        "estimate": 19.94856656854357,
        "std": 5.40613401355424
    },
    "39": {
        "estimate": 20.464317982314427,
        "std": 5.504230246083218
    },
    "40": {
        "estimate": 20.175680663072562,
        "std": 5.341039468108407
    }
}