{
    "0": {
        "estimate": NaN,
        "std": NaN
    },
    "1": {
        "estimate": 16.127699836558076,
        "std": 6.544771913321207
    },
    "2": {
        "estimate": 17.357575911367917,
        "std": 7.367458668775697
    },
    "3": {
        "estimate": 19.720715292233166,
        "std": 8.171304894751168
    },
    "4": {
        "estimate": 20.55018517899329,
        "std": 7.4576267999213774
    },
    "5": {
        "estimate": 22.340723131255512,
        "std": 7.902852077503535
    },
    "6": {
        "estimate": 20.898438178996457,
        "std": 6.890626069418656
    },
    "7": {
        "estimate": 22.06898269366875,
        "std": 7.452159378956548
    },
    "8": {
        "estimate": 22.545245582066663,
        "std": 7.342912906833244
    },
    "9": {
        "estimate": 23.74246783971291,
        "std": 7.155662514830543
    },
    "10": {
        "estimate": 24.17747276650509,
        "std": 6.9357633719891405
    },
    "11": {
        "estimate": 24.097309320998182,
        "std": 6.585985747216383
    },
    "12": {
        "estimate": 24.42907870445608,
        "std": 6.635182982770323
    },
    "13": {
        "estimate": 24.43202207989525,
        "std": 6.684264467938465
    },
    "14": {
        "estimate": 23.37476691763526,
        "std": 6.2331867130113725
    },
    "15": {
        "estimate": 23.483121218251288,
        "std": 6.3630465343540985
    },
    "16": {
        "estimate": 22.043440429962526,
        "std": 5.961399510699001
    },
    "17": {
        "estimate": 21.002508021861804,
        "std": 6.10402105088005
    },
    "18": {
        "estimate": 20.81305398905309,
        "std": 5.905241505034432
    },
    "19": {
        "estimate": 20.696461898875185,
        "std": 5.848494693018879
    },
    "20": {
        "estimate": 20.868466922606242,
        "std": 5.817165568355878
    },
    "21": {
        "estimate": 20.872475113508642,
        "std": 5.868531019380719
    },
    "22": {
        "estimate": 21.0703277824854,
        "std": 5.892160494222764
    },
    "23": {
        "estimate": 22.222013554255373,
        "std": 6.458195755530786
    },
    "24": {
        "estimate": 23.400753864195824,
        "std": 6.939928327373949
    },
    "25": {
        "estimate": 24.680056147654422,
        "std": 7.408688431021672
    },
    "26": {
        "estimate": 25.963886616481783,
        "std": 8.034950077343623
    },
    "27": {
        "estimate": 26.974918477688906,
        "std": 8.502590896285778
    },
    "28": {
        "estimate": 27.05382688210859,
        "std": 8.96299564061863
    },
    "29": {
        "estimate": 28.009864848954532,
        "std": 9.250413937306831
    },
    "30": {
        "estimate": 28.28716493367785,
        "std": 9.19598138274334
    },
    "31": {
        "estimate": 28.82290587206867,
        "std": 9.3860562928112
    },
    "32": {
        "estimate": 27.817171966761606,
        "std": 8.815920220825888
    }
}