{
    "0": {
        "estimate": NaN,
        "std": NaN
    },
    "1": {
        "estimate": 17.374019656722226,
        "std": 8.799217159351373
    },
    "2": {
        "estimate": 16.06834612337124,
        "std": 9.857207536319903
    },
    "3": {
        "estimate": 19.53581011346906,
        "std": 10.509867468535328
    },
    "4": {
        "estimate": 20.626829276447396,
        "std": 10.118342472049086
    },
    "5": {
        "estimate": 21.838519154610818,
        "std": 10.862840264683063
    },
    "6": {
        "estimate": 21.16377919540316,
        "std": 9.328080207722316
    },
    "7": {
        "estimate": 22.229100643143948,
        "std": 9.834477923628578
    },
    "8": {
        "estimate": 22.43866211711506,
        "std": 9.734805490029215
    },
    "9": {
        "estimate": 24.506916289376065,
        "std": 9.546723459810226
    },
    "10": {
        "estimate": 25.13997398132599,
        "std": 9.496981506194986
    },
    "11": {
        "estimate": 25.23912528499632,
        "std": 9.17558873634463
    },
    "12": {
        "estimate": 25.777142165105595,
        "std": 9.189610539467564
    },
    "13": {
        "estimate": 25.707045444170852,
        "std": 9.017542714324993
    },
    "14": {
        "estimate": 24.909771178168363,
        "std": 8.4485573053625
    },
    "15": {
        "estimate": 25.075970178445218,
        "std": 8.753288480609257
    },
    "16": {
        "estimate": 24.225142773085068,
        "std": 8.283174698736401
    },
    "17": {
        "estimate": 22.532782111404686,
        "std": 8.556977055624166
    },
    "18": {
        "estimate": 22.482493135188513,
        "std": 8.255070867718178
    },
    "19": {
        "estimate": 22.57871256719443,
        "std": 8.189619598934526
    },
    "20": {
        "estimate": 22.89173950153824,
        "std": 8.230652408769984
    },
    "21": {
        "estimate": 22.757138991069397,
        "std": 8.225242142475663
    },
    "22": {
        "estimate": 23.09659548229305,
        "std": 8.368661861027759
    },
    "23": {
        "estimate": 24.163744272320226,
        "std": 9.132919512794457
    },
    "24": {
        "estimate": 25.238577225720096,
        "std": 9.833465146538272
    },
    "25": {
        "estimate": 26.005900043542603,
        "std": 10.518079433737347
    },
    "26": {
        "estimate": 27.014973007403267,
        "std": 11.44764179658001
    },
    "27": {
        "estimate": 27.614631535461104,
        "std": 11.953269039170902
    },
    "28": {
        "estimate": 27.782055323363004,
        "std": 12.514304884305666
    },
    "29": {
        "estimate": 28.444966398071823,
        "std": 12.73491713094507
    },
    "30": {
        "estimate": 28.60606065834672,
        "std": 12.683429182787133
    },
    "31": {
        "estimate": 28.594497133026604,
        "std": 12.694888698024315
    },
    "32": {
        "estimate": 27.529251894884982,
        "std": 11.986650693296959
    }
}