{
    "0": {
        "estimate": NaN,
        "std": NaN
    },
    "1": {
        "estimate": 16.68124237636021,
        "std": 7.001107344550901
    },
    "2": {
        "estimate": 16.98835773696942,
        "std": 8.124813048229734
    },
    "3": {
        "estimate": 19.80005244588364,
        "std": 8.928069481385746
    },
    "4": {
        "estimate": 20.745025019081634,
        "std": 8.2331520234148
    },
    "5": {
        "estimate": 22.33121063021874,
        "std": 8.658539359311092
    },
    "6": {
        "estimate": 21.12552819975532,
        "std": 7.570474016004018
    },
    "7": {
        "estimate": 22.280957725827715,
        "std": 8.100502303765214
    },
    "8": {
        "estimate": 22.65577578519231,
        "std": 7.986227282492248
    },
    "9": {
        "estimate": 24.11419700697425,
        "std": 7.729292738460017
    },
    "10": {
        "estimate": 24.59254000316244,
        "std": 7.594830361105096
    },
    "11": {
        "estimate": 24.593869049538085,
        "std": 7.2777130255048625
    },
    "12": {
        "estimate": 24.965071013082675,
        "std": 7.2764465591563585
    },
    "13": {
        "estimate": 24.923556485169247,
        "std": 7.300380120296966
    },
    "14": {
        "estimate": 24.010296063915042,
        "std": 6.796262455603752
    },
    "15": {
        "estimate": 24.198259230503698,
        "std": 7.056513538985768
    },
    "16": {
        "estimate": 22.95746485184721,
        "std": 6.5857714549807875
    },
    "17": {
        "estimate": 21.596365232911232,
        "std": 6.809438235394307
    },
    "18": {
        "estimate": 21.43726782870565,
        "std": 6.507782530336364
    },
    "19": {
        "estimate": 21.432891502529937,
        "std": 6.539673848232
    },
    "20": {
        "estimate": 21.648746742727038,
        "std": 6.50921340811357
    },
    "21": {
        "estimate": 21.57673524260841,
        "std": 6.5502809675192495
    },
    "22": {
        "estimate": 21.826986638021648,
        "std": 6.580018536546752
    },
    "23": {
        "estimate": 22.97050278256777,
        "std": 7.127551250230074
    },
    "24": {
        "estimate": 24.163815399831574,
        "std": 7.770380644648917
    },
    "25": {
        "estimate": 25.266829683920704,
        "std": 8.194614760145114
    },
    "26": {
        "estimate": 26.453754470284462,
        "std": 8.994550295717662
    },
    "27": {
        "estimate": 27.407675119698258,
        "std": 9.523313132805969
    },
    "28": {
        "estimate": 27.487495665785087,
        "std": 9.96135910841394
    },
    "29": {
        "estimate": 28.35017962269315,
        "std": 10.2466222582877
    },
    "30": {
        "estimate": 28.59424038751808,
        "std": 10.162382799302598
    },
    "31": {
        "estimate": 28.916601251755537,
        "std": 10.353709269442842
    },
    "32": {
        "estimate": 27.857650963335082,
        "std": 9.688319421935663
    }
}