{
    "0": {
        "estimate": NaN,
        "std": NaN
    },
    "1": {
        "estimate": 15.657311675381829,
        "std": 6.494834507793068
    },
    "2": {
        "estimate": 17.526456023370123,
        "std": 7.021536373372724
    },
    "3": {
        "estimate": 19.508699624478055,
        "std": 7.916615321128387
    },
    "4": {
        "estimate": 20.25802608845753,
        "std": 6.9137542870191275
    },
    "5": {
        "estimate": 22.208340652566314,
        "std": 7.43732342323326
    },
    "6": {
        "estimate": 20.617432402100448,
        "std": 6.542695645357865
    },
    "7": {
        "estimate": 21.76777439729947,
        "std": 7.120099055791395
    },
    "8": {
        "estimate": 22.353473024084582,
        "std": 7.02647800311438
    },
    "9": {
        "estimate": 23.336048410493355,
        "std": 6.724812556740771
    },
    "10": {
        "estimate": 23.77848213205365,
        "std": 6.523442440243885
    },
    "11": {
        "estimate": 23.672217015865648,
        "std": 6.1993021297684585
    },
    "12": {
        "estimate": 23.964684408193783,
        "std": 6.2669356386639885
    },
    "13": {
        "estimate": 23.936103128886753,
        "std": 6.241962398230421
    },
    "14": {
        "estimate": 22.89619710477201,
        "std": 5.95515532289622
    },
    "15": {
        "estimate": 22.984274813953647,
        "std": 6.030806588539044
    },
    "16": {
        "estimate": 21.43124768901274,
        "std": 5.598580418790378
    },
    "17": {
        "estimate": 20.540408770590762,
        "std": 5.747604363746859
    },
    "18": {
        "estimate": 20.33286713765262,
        "std": 5.515782036534251
    },
    "19": {
        "estimate": 20.16543642686538,
        "std": 5.480992182080955
    },
    "20": {
        "estimate": 20.292153728986076,
        "std": 5.463282326076461
    },
    "21": {
        "estimate": 20.297245359709905,
        "std": 5.461080820002496
    },
    "22": {
        "estimate": 20.4700872388038,
        "std": 5.4868149086237645
    },
    "23": {
        "estimate": 21.603232033622714,
        "std": 6.014109442406319
    },
    "24": {
        "estimate": 22.79344148685065,
        "std": 6.487703200256368
    },
    "25": {
        "estimate": 24.094023950519873,
        "std": 6.9230461697707115
    },
    "26": {
        "estimate": 25.473505432853003,
        "std": 7.531617387062571
    },
    "27": {
        "estimate": 26.527232287883038,
        "std": 7.9255136843951055
    },
    "28": {
        "estimate": 26.595569810079294,
        "std": 8.424084369659509
    },
    "29": {
        "estimate": 27.543129718942065,
        "std": 8.660883134045934
    },
    "30": {
        "estimate": 27.857146606434927,
        "std": 8.678238236017076
    },
    "31": {
        "estimate": 28.4821019006646,
        "std": 8.83347420385641
    },
    "32": {
        "estimate": 27.537311444091483,
        "std": 8.332676292444923
    }
}