{
    "0": NaN,
    "1": 9.821769714355469,
    "2": 4.34023380279541,
    "3": 6.400824069976807,
    "4": 7.359153747558594,
    "5": 7.329311847686768,
    "6": 8.925127029418945,
    "7": 9.601110458374023,
    "8": 9.823006629943848,
    "9": 13.177370071411133,
    "10": 14.751930236816406,
    "11": 15.925396919250488,
    "12": 17.06973648071289,
    "13": 17.325973510742188,
    "14": 17.98906707763672,
    "15": 17.294994354248047,
    "16": 18.305479049682617,
    "17": 16.368030548095703,
    "18": 16.836652755737305,
    "19": 17.0660457611084,
    "20": 17.43630599975586,
    "21": 17.360754013061523,
    "22": 17.462255477905273,
    "23": 17.089866638183594,
    "24": 16.45937156677246,
    "25": 15.08604907989502,
    "26": 13.777566909790039,
    "27": 13.0496187210083,
    "28": 13.002068519592285,
    "29": 12.803903579711914,
    "30": 12.757933616638184,
    "31": 12.761357307434082,
    "32": 12.512722969055176
}