{
    "0": NaN,
    "1": 18.13261604309082,
    "2": 6.657437324523926,
    "3": 5.399046897888184,
    "4": 7.892080307006836,
    "5": 7.317978382110596,
    "6": 6.083819389343262,
    "7": 9.094182968139648,
    "8": 11.19670581817627,
    "9": 15.050288200378418,
    "10": 18.547195434570312,
    "11": 21.573020935058594,
    "12": 28.272531509399414,
    "13": 29.785829544067383,
    "14": 31.089187622070312,
    "15": 32.260013580322266,
    "16": 32.991722106933594,
    "17": 33.10533905029297,
    "18": 32.96573257446289,
    "19": 32.431060791015625,
    "20": 33.40754318237305,
    "21": 34.307098388671875,
    "22": 35.59483337402344,
    "23": 36.853878021240234,
    "24": 37.422447204589844,
    "25": 37.51393508911133,
    "26": 37.526283264160156,
    "27": 38.265625,
    "28": 38.23557662963867,
    "29": 37.74976348876953,
    "30": 37.52392578125,
    "31": 36.4010009765625,
    "32": 32.84048080444336
}