{
    "0": {
        "estimate": Infinity,
        "std": NaN
    },
    "1": {
        "estimate": 23.872402900148696,
        "std": 4.502570924012879
    },
    "2": {
        "estimate": 22.86826459188198,
        "std": 5.217713150784729
    },
    "3": {
        "estimate": 19.272816983539425,
        "std": 4.249150189761511
    },
    "4": {
        "estimate": 21.993679394317965,
        "std": 5.052897067411719
    },
    "5": {
        "estimate": 24.958623835829076,
        "std": 5.6886686666347535
    },
    "6": {
        "estimate": 25.157595335033765,
        "std": 5.632939349203785
    },
    "7": {
        "estimate": 26.038443729724236,
        "std": 5.728863655579619
    },
    "8": {
        "estimate": 25.822930034430232,
        "std": 5.748236197309524
    },
    "9": {
        "estimate": 27.0119425785835,
        "std": 6.295868439555861
    },
    "10": {
        "estimate": 26.051602860672705,
        "std": 6.206535639451241
    },
    "11": {
        "estimate": 24.578666212113777,
        "std": 5.490073032408996
    },
    "12": {
        "estimate": 23.83742019389676,
        "std": 5.353477444566038
    },
    "13": {
        "estimate": 23.946318767896386,
        "std": 5.417206281630139
    },
    "14": {
        "estimate": 23.529953082962155,
        "std": 5.37516830978692
    },
    "15": {
        "estimate": 22.50445843289152,
        "std": 5.156848204513412
    },
    "16": {
        "estimate": 22.250587055047102,
        "std": 5.198377214564583
    },
    "17": {
        "estimate": 22.11831225845695,
        "std": 5.166518668537019
    },
    "18": {
        "estimate": 21.047006335561193,
        "std": 4.954964045816495
    },
    "19": {
        "estimate": 20.25286757665589,
        "std": 4.772910064261976
    },
    "20": {
        "estimate": 20.000053829738523,
        "std": 4.656175565507228
    },
    "21": {
        "estimate": 19.051207757479595,
        "std": 4.365089498881624
    },
    "22": {
        "estimate": 19.038359940067963,
        "std": 4.350540436715795
    },
    "23": {
        "estimate": 19.02869079233088,
        "std": 4.371566941896619
    },
    "24": {
        "estimate": 19.035335096485266,
        "std": 4.340365351419208
    },
    "25": {
        "estimate": 19.349394518283113,
        "std": 4.441455449500614
    },
    "26": {
        "estimate": 19.10905196677853,
        "std": 4.385768396736537
    },
    "27": {
        "estimate": 19.123940335987974,
        "std": 4.445231434126417
    },
    "28": {
        "estimate": 19.134804551034605,
        "std": 4.444452156249932
    },
    "29": {
        "estimate": 19.222979538769078,
        "std": 4.53173324745597
    },
    "30": {
        "estimate": 19.748824570315538,
        "std": 4.733454197534134
    },
    "31": {
        "estimate": 20.16100971079582,
        "std": 4.951083040108994
    },
    "32": {
        "estimate": 20.4725373541326,
        "std": 5.286668398596562
    }
}