{
    "0": {
        "estimate": Infinity,
        "std": NaN
    },
    "1": {
        "estimate": 22.46220446303009,
        "std": 3.855967004591131
    },
    "2": {
        "estimate": 21.38652530884767,
        "std": 4.614279265977619
    },
    "3": {
        "estimate": 17.86894696769424,
        "std": 3.800701902139708
    },
    "4": {
        "estimate": 20.52362318887603,
        "std": 4.419765704270734
    },
    "5": {
        "estimate": 23.609073745203823,
        "std": 4.981546116869266
    },
    "6": {
        "estimate": 23.817544335250954,
        "std": 4.976894934393691
    },
    "7": {
        "estimate": 24.721976182331616,
        "std": 5.00773226378202
    },
    "8": {
        "estimate": 24.470340049460336,
        "std": 5.082407660713448
    },
    "9": {
        "estimate": 25.630612420984196,
        "std": 5.45331539217669
    },
    "10": {
        "estimate": 24.822556115320335,
        "std": 5.43195790614975
    },
    "11": {
        "estimate": 23.386979189195706,
        "std": 4.708061269387036
    },
    "12": {
        "estimate": 22.83094127787608,
        "std": 4.6275180444211825
    },
    "13": {
        "estimate": 22.8945895614244,
        "std": 4.846543781742983
    },
    "14": {
        "estimate": 22.5500776120389,
        "std": 4.809767481308214
    },
    "15": {
        "estimate": 21.592435998628428,
        "std": 4.647635138317857
    },
    "16": {
        "estimate": 21.29807097220034,
        "std": 4.620899831855056
    },
    "17": {
        "estimate": 21.117110654003085,
        "std": 4.613173277501091
    },
    "18": {
        "estimate": 20.108404127508916,
        "std": 4.462687211662658
    },
    "19": {
        "estimate": 19.246639702825924,
        "std": 4.296415577532233
    },
    "20": {
        "estimate": 18.99000787303169,
        "std": 4.179034781254852
    },
    "21": {
        "estimate": 17.967765523879173,
        "std": 3.8597058977586767
    },
    "22": {
        "estimate": 17.943628237550396,
        "std": 3.875452538346691
    },
    "23": {
        "estimate": 17.891442463549513,
        "std": 3.8263921305770396
    },
    "24": {
        "estimate": 17.91064920228974,
        "std": 3.846689362375798
    },
    "25": {
        "estimate": 18.18827373064717,
        "std": 3.927202519766006
    },
    "26": {
        "estimate": 17.909117370505374,
        "std": 3.890348905428824
    },
    "27": {
        "estimate": 17.859328409344023,
        "std": 3.9179907437597965
    },
    "28": {
        "estimate": 17.881877631813772,
        "std": 3.936104279751583
    },
    "29": {
        "estimate": 17.909766333566846,
        "std": 3.971659267194784
    },
    "30": {
        "estimate": 18.392309880927552,
        "std": 4.216277062022346
    },
    "31": {
        "estimate": 18.716400484212524,
        "std": 4.417206037723957
    },
    "32": {
        "estimate": 18.90534188062705,
        "std": 4.641937218287172
    }
}