{
    "0": NaN,
    "1": 31.196216583251953,
    "2": 29.442394256591797,
    "3": 26.386178970336914,
    "4": 29.530160903930664,
    "5": 29.986865997314453,
    "6": 30.774127960205078,
    "7": 31.66909408569336,
    "8": 31.261722564697266,
    "9": 31.50834846496582,
    "10": 30.755210876464844,
    "11": 28.906394958496094,
    "12": 28.25760269165039,
    "13": 28.508176803588867,
    "14": 28.900894165039062,
    "15": 27.630531311035156,
    "16": 27.23202133178711,
    "17": 27.19430160522461,
    "18": 26.539283752441406,
    "19": 26.030439376831055,
    "20": 26.000707626342773,
    "21": 25.231298446655273,
    "22": 25.11604881286621,
    "23": 25.221542358398438,
    "24": 25.306804656982422,
    "25": 25.751890182495117,
    "26": 25.938751220703125,
    "27": 26.25966453552246,
    "28": 26.420772552490234,
    "29": 27.278173446655273,
    "30": 28.398086547851562,
    "31": 29.40372657775879,
    "32": 29.95488166809082
}