{
    "0": {
        "estimate": NaN,
        "std": NaN
    },
    "1": {
        "estimate": 15.216028657165033,
        "std": 3.2466118857917663
    },
    "2": {
        "estimate": 15.397888017350011,
        "std": 4.221637311961274
    },
    "3": {
        "estimate": 16.921555450566096,
        "std": 4.4255087127231665
    },
    "4": {
        "estimate": 16.727645090279754,
        "std": 4.27309886811945
    },
    "5": {
        "estimate": 20.98979955102643,
        "std": 4.957415003245084
    },
    "6": {
        "estimate": 23.44624641717088,
        "std": 5.2802207889113815
    },
    "7": {
        "estimate": 26.607485216816094,
        "std": 5.611363873068221
    },
    "8": {
        "estimate": 27.717194873499313,
        "std": 5.526955316244938
    },
    "9": {
        "estimate": 30.217677080423933,
        "std": 5.882865736936526
    },
    "10": {
        "estimate": 30.806629727922832,
        "std": 5.9236888143635795
    },
    "11": {
        "estimate": 31.61418687280371,
        "std": 6.021847845723738
    },
    "12": {
        "estimate": 32.89458703721992,
        "std": 6.261703390120078
    },
    "13": {
        "estimate": 33.60753225559564,
        "std": 6.267601510380679
    },
    "14": {
        "estimate": 34.49470666966631,
        "std": 6.364931050295095
    },
    "15": {
        "estimate": 34.35210348723241,
        "std": 6.23958679612548
    },
    "16": {
        "estimate": 34.076773912438824,
        "std": 6.14821769248941
    },
    "17": {
        "estimate": 32.70199936800762,
        "std": 5.779715092452417
    },
    "18": {
        "estimate": 31.76451066680198,
        "std": 5.594362303800296
    },
    "19": {
        "estimate": 31.079796449812072,
        "std": 5.463338858817238
    },
    "20": {
        "estimate": 30.86000480336612,
        "std": 5.497362209949445
    },
    "21": {
        "estimate": 30.714676491174103,
        "std": 5.554431614091424
    },
    "22": {
        "estimate": 30.50370968036222,
        "std": 5.660055570123466
    },
    "23": {
        "estimate": 30.611883863898576,
        "std": 5.780024696923742
    },
    "24": {
        "estimate": 30.658253508228402,
        "std": 5.851381274168865
    },
    "25": {
        "estimate": 30.739967717375553,
        "std": 6.07612383837982
    },
    "26": {
        "estimate": 31.22371205313763,
        "std": 6.212610764832526
    },
    "27": {
        "estimate": 31.30825856350555,
        "std": 6.517950464782782
    },
    "28": {
        "estimate": 31.230555750854453,
        "std": 6.501628609214797
    },
    "29": {
        "estimate": 30.72594247070381,
        "std": 6.433742051347438
    },
    "30": {
        "estimate": 31.30508377138168,
        "std": 6.625369090323024
    },
    "31": {
        "estimate": 30.221176285316474,
        "std": 6.27466699311027
    },
    "32": {
        "estimate": 18.431055553941068,
        "std": 3.761202960955392
    }
}