{
    "0": {
        "estimate": NaN,
        "std": NaN
    },
    "1": {
        "estimate": 15.974750998094322,
        "std": 3.4961351116763226
    },
    "2": {
        "estimate": 16.416162496880425,
        "std": 4.4037209497673615
    },
    "3": {
        "estimate": 17.750245062595884,
        "std": 4.63047434990896
    },
    "4": {
        "estimate": 17.612933948671397,
        "std": 4.496650693779604
    },
    "5": {
        "estimate": 21.877463449842583,
        "std": 5.213645313600573
    },
    "6": {
        "estimate": 24.301705537399652,
        "std": 5.517100896222136
    },
    "7": {
        "estimate": 27.558848178603156,
        "std": 5.917585719892223
    },
    "8": {
        "estimate": 28.645313873315818,
        "std": 5.826444234172142
    },
    "9": {
        "estimate": 31.248543601247597,
        "std": 6.226734185058604
    },
    "10": {
        "estimate": 31.92124394713852,
        "std": 6.341265879572168
    },
    "11": {
        "estimate": 32.696366604744206,
        "std": 6.3816835214586725
    },
    "12": {
        "estimate": 34.12866189869802,
        "std": 6.642376090000501
    },
    "13": {
        "estimate": 34.83093889207846,
        "std": 6.729350321063778
    },
    "14": {
        "estimate": 35.69465065479969,
        "std": 6.810452342574026
    },
    "15": {
        "estimate": 35.5668218878077,
        "std": 6.7248848043692115
    },
    "16": {
        "estimate": 35.23462120095506,
        "std": 6.615198469196694
    },
    "17": {
        "estimate": 33.851197963436704,
        "std": 6.311742736515808
    },
    "18": {
        "estimate": 32.92457097373624,
        "std": 6.090446703897607
    },
    "19": {
        "estimate": 32.240691282934556,
        "std": 5.908906403424961
    },
    "20": {
        "estimate": 31.98658288021941,
        "std": 5.961139352240368
    },
    "21": {
        "estimate": 31.887308822749205,
        "std": 6.030727061923195
    },
    "22": {
        "estimate": 31.714984817055754,
        "std": 6.155526638711761
    },
    "23": {
        "estimate": 31.829681579258207,
        "std": 6.288782750573675
    },
    "24": {
        "estimate": 31.88853268429593,
        "std": 6.34371758539483
    },
    "25": {
        "estimate": 32.0492404806399,
        "std": 6.5871676286450285
    },
    "26": {
        "estimate": 32.5088861675819,
        "std": 6.709750480093288
    },
    "27": {
        "estimate": 32.619466927380245,
        "std": 7.050847620564776
    },
    "28": {
        "estimate": 32.56107165869972,
        "std": 7.010190504581102
    },
    "29": {
        "estimate": 32.02085591931482,
        "std": 6.890136365118824
    },
    "30": {
        "estimate": 32.6240418611198,
        "std": 7.083639313944755
    },
    "31": {
        "estimate": 31.52932804161684,
        "std": 6.7809657284457385
    },
    "32": {
        "estimate": 19.72029123071285,
        "std": 4.13737880489865
    }
}