{
    "0": {
        "estimate": NaN,
        "std": NaN
    },
    "1": {
        "estimate": 20.331957666005763,
        "std": 7.105827112218076
    },
    "2": {
        "estimate": 22.006856375798233,
        "std": 7.609828820497177
    },
    "3": {
        "estimate": 21.25604772055528,
        "std": 8.108081859772344
    },
    "4": {
        "estimate": 22.272719419955948,
        "std": 8.087802487942817
    },
    "5": {
        "estimate": 25.692024099371604,
        "std": 9.642648180154675
    },
    "6": {
        "estimate": 27.495970480890747,
        "std": 10.423099330393995
    },
    "7": {
        "estimate": 31.526911468274037,
        "std": 11.680047369746426
    },
    "8": {
        "estimate": 32.09570451797701,
        "std": 11.75056298123063
    },
    "9": {
        "estimate": 35.849861578257176,
        "std": 12.630573354355342
    },
    "10": {
        "estimate": 37.42851252967805,
        "std": 12.847301478395048
    },
    "11": {
        "estimate": 38.61719368185643,
        "std": 12.981137904503164
    },
    "12": {
        "estimate": 41.06950171463276,
        "std": 13.453800184890516
    },
    "13": {
        "estimate": 42.11682684767437,
        "std": 13.539260334304826
    },
    "14": {
        "estimate": 42.722761560108154,
        "std": 13.571385817480499
    },
    "15": {
        "estimate": 42.80374508373641,
        "std": 13.79240165584465
    },
    "16": {
        "estimate": 42.23346490133701,
        "std": 13.53299573109409
    },
    "17": {
        "estimate": 41.16351094186679,
        "std": 13.129825854917703
    },
    "18": {
        "estimate": 40.392081766829264,
        "std": 12.923991657308983
    },
    "19": {
        "estimate": 39.70821440535495,
        "std": 12.417251747067926
    },
    "20": {
        "estimate": 39.42764500215691,
        "std": 12.282105117242562
    },
    "21": {
        "estimate": 39.44557888592897,
        "std": 12.451522887244916
    },
    "22": {
        "estimate": 39.298358609972055,
        "std": 12.356352734047716
    },
    "23": {
        "estimate": 39.476837098145275,
        "std": 12.480297932009377
    },
    "24": {
        "estimate": 39.56464593793953,
        "std": 12.496861323675002
    },
    "25": {
        "estimate": 39.764212237700136,
        "std": 12.756472329762364
    },
    "26": {
        "estimate": 40.274986923655376,
        "std": 13.023109419501187
    },
    "27": {
        "estimate": 40.6894198150725,
        "std": 13.412397989903022
    },
    "28": {
        "estimate": 40.58907019198009,
        "std": 13.438861235308325
    },
    "29": {
        "estimate": 40.05061233422492,
        "std": 13.357850080952051
    },
    "30": {
        "estimate": 40.68876337851715,
        "std": 13.63791339398045
    },
    "31": {
        "estimate": 39.44901232197343,
        "std": 13.344686452388315
    },
    "32": {
        "estimate": 27.46533261577528,
        "std": 8.756466194211237
    }
}