{
    "0": {
        "estimate": Infinity,
        "std": NaN
    },
    "1": {
        "estimate": 18.711901822363377,
        "std": 7.615056802377614
    },
    "2": {
        "estimate": 19.206619826187886,
        "std": 7.068334554435566
    },
    "3": {
        "estimate": 20.00737745369469,
        "std": 7.797616992599289
    },
    "4": {
        "estimate": 19.642935981461928,
        "std": 8.533352621790868
    },
    "5": {
        "estimate": 20.777361863835942,
        "std": 8.55183548848971
    },
    "6": {
        "estimate": 20.31997304451061,
        "std": 8.10616818335558
    },
    "7": {
        "estimate": 19.87816869848797,
        "std": 7.7045453182433805
    },
    "8": {
        "estimate": 19.82980766429168,
        "std": 7.320040697619775
    },
    "9": {
        "estimate": 19.756465000866623,
        "std": 7.102633464000833
    },
    "10": {
        "estimate": 20.61812086550263,
        "std": 7.3460605630407825
    },
    "11": {
        "estimate": 20.67227798038038,
        "std": 7.321448316350372
    },
    "12": {
        "estimate": 21.921815859549348,
        "std": 7.976689081985479
    },
    "13": {
        "estimate": 21.587302460891603,
        "std": 7.500630833146877
    },
    "14": {
        "estimate": 21.55439085385949,
        "std": 7.329553054004413
    },
    "15": {
        "estimate": 22.00296130787716,
        "std": 7.7909194889590045
    },
    "16": {
        "estimate": 21.92511202454971,
        "std": 7.777921338965156
    },
    "17": {
        "estimate": 21.836879010140436,
        "std": 7.726053523669276
    },
    "18": {
        "estimate": 21.389109394473184,
        "std": 7.778545082686665
    },
    "19": {
        "estimate": 21.722023858571415,
        "std": 8.034840649544448
    },
    "20": {
        "estimate": 22.557861209501755,
        "std": 8.158789325596638
    },
    "21": {
        "estimate": 22.049288023629614,
        "std": 7.697765545764277
    },
    "22": {
        "estimate": 21.874068461493334,
        "std": 7.647968051405096
    },
    "23": {
        "estimate": 21.948075427186826,
        "std": 7.662203977780244
    },
    "24": {
        "estimate": 22.153876544371567,
        "std": 7.694192038154106
    },
    "25": {
        "estimate": 22.327174841466487,
        "std": 7.7879965856491085
    },
    "26": {
        "estimate": 22.2308087370535,
        "std": 7.796626630205573
    },
    "27": {
        "estimate": 22.264137199386695,
        "std": 7.8091869915306535
    },
    "28": {
        "estimate": 22.39115401158682,
        "std": 7.92337367007356
    },
    "29": {
        "estimate": 22.782042185464817,
        "std": 7.997894361310381
    },
    "30": {
        "estimate": 22.736530352965318,
        "std": 7.988474037688161
    },
    "31": {
        "estimate": 22.85374848317094,
        "std": 8.008232883080659
    },
    "32": {
        "estimate": 21.197280584205284,
        "std": 6.899959510303984
    }
}