{
    "0": {
        "estimate": Infinity,
        "std": NaN
    },
    "1": {
        "estimate": 19.809781832880258,
        "std": 9.245334596685607
    },
    "2": {
        "estimate": 20.433671383076494,
        "std": 8.78004848928198
    },
    "3": {
        "estimate": 21.157430707688647,
        "std": 9.511159510200972
    },
    "4": {
        "estimate": 21.06696792918234,
        "std": 10.44114670342426
    },
    "5": {
        "estimate": 22.2254113706606,
        "std": 10.554349952664225
    },
    "6": {
        "estimate": 21.782449448654777,
        "std": 10.173605068438604
    },
    "7": {
        "estimate": 21.26217247996432,
        "std": 9.467343831754041
    },
    "8": {
        "estimate": 21.259636377303465,
        "std": 9.227107472247397
    },
    "9": {
        "estimate": 21.14303597154286,
        "std": 8.784093443481082
    },
    "10": {
        "estimate": 22.056491473332734,
        "std": 9.223464495680558
    },
    "11": {
        "estimate": 22.08820593227555,
        "std": 9.093192459954857
    },
    "12": {
        "estimate": 23.455662066749145,
        "std": 10.052319737136731
    },
    "13": {
        "estimate": 23.03379736708582,
        "std": 9.434519817312534
    },
    "14": {
        "estimate": 22.95268085546616,
        "std": 9.225401084372077
    },
    "15": {
        "estimate": 23.55756565768791,
        "std": 9.921666168892273
    },
    "16": {
        "estimate": 23.353437518808597,
        "std": 9.760872185127146
    },
    "17": {
        "estimate": 23.258568700364687,
        "std": 9.640526786358727
    },
    "18": {
        "estimate": 22.771621395158867,
        "std": 9.532155289847552
    },
    "19": {
        "estimate": 23.098829652619543,
        "std": 9.918221296942466
    },
    "20": {
        "estimate": 23.994140066896193,
        "std": 10.239321380187391
    },
    "21": {
        "estimate": 23.471165372452543,
        "std": 9.76169064941452
    },
    "22": {
        "estimate": 23.27299212467106,
        "std": 9.488996242222628
    },
    "23": {
        "estimate": 23.40748245682629,
        "std": 9.72819042606822
    },
    "24": {
        "estimate": 23.660556816138786,
        "std": 9.842159691687634
    },
    "25": {
        "estimate": 23.728160547405334,
        "std": 9.732194691830854
    },
    "26": {
        "estimate": 23.779937268222564,
        "std": 9.887976862824013
    },
    "27": {
        "estimate": 23.83144494492789,
        "std": 10.027581658139612
    },
    "28": {
        "estimate": 23.81883336495504,
        "std": 9.88959561912974
    },
    "29": {
        "estimate": 24.207916576125143,
        "std": 10.219278934892014
    },
    "30": {
        "estimate": 24.118765023832978,
        "std": 9.909398902816035
    },
    "31": {
        "estimate": 24.194435197083383,
        "std": 9.951762970857795
    },
    "32": {
        "estimate": 22.653476162391055,
        "std": 8.836054854446159
    }
}