{
    "0": {
        "estimate": Infinity,
        "std": NaN
    },
    "1": {
        "estimate": 16.566554916501655,
        "std": 5.433081243126457
    },
    "2": {
        "estimate": 16.846835653445932,
        "std": 4.990790646568363
    },
    "3": {
        "estimate": 17.76140356519596,
        "std": 5.4861951346520454
    },
    "4": {
        "estimate": 17.182859026276418,
        "std": 6.429109939768618
    },
    "5": {
        "estimate": 18.185117560420117,
        "std": 6.199485487568785
    },
    "6": {
        "estimate": 17.70049018252372,
        "std": 5.617686646368717
    },
    "7": {
        "estimate": 17.472390247790837,
        "std": 5.520265567737109
    },
    "8": {
        "estimate": 17.46830905229622,
        "std": 5.211275283452719
    },
    "9": {
        "estimate": 17.421630466376193,
        "std": 5.024579270204768
    },
    "10": {
        "estimate": 18.197601135199182,
        "std": 5.132772574366297
    },
    "11": {
        "estimate": 18.21440000790575,
        "std": 5.013188409391186
    },
    "12": {
        "estimate": 19.47661351247072,
        "std": 5.516163331287868
    },
    "13": {
        "estimate": 19.138777873762482,
        "std": 5.1947910836245255
    },
    "14": {
        "estimate": 19.054945089493323,
        "std": 5.113475175992005
    },
    "15": {
        "estimate": 19.466943822433276,
        "std": 5.483506357490384
    },
    "16": {
        "estimate": 19.29971781858023,
        "std": 5.379703183527279
    },
    "17": {
        "estimate": 19.33335403802565,
        "std": 5.422524715914712
    },
    "18": {
        "estimate": 19.12019709321279,
        "std": 5.53230758216555
    },
    "19": {
        "estimate": 19.394838887949888,
        "std": 5.724843319272997
    },
    "20": {
        "estimate": 20.197645819847693,
        "std": 5.796921798459204
    },
    "21": {
        "estimate": 19.636270529075546,
        "std": 5.479695049144444
    },
    "22": {
        "estimate": 19.493713974528767,
        "std": 5.460582114354685
    },
    "23": {
        "estimate": 19.50562171423218,
        "std": 5.4457329434382045
    },
    "24": {
        "estimate": 19.665651526425982,
        "std": 5.487862804325619
    },
    "25": {
        "estimate": 19.76614852171693,
        "std": 5.524130485774884
    },
    "26": {
        "estimate": 19.711214175362176,
        "std": 5.52890141783434
    },
    "27": {
        "estimate": 19.776484548936526,
        "std": 5.53767600093693
    },
    "28": {
        "estimate": 19.90045790748008,
        "std": 5.643985367458243
    },
    "29": {
        "estimate": 20.279281291149015,
        "std": 5.7959892492206135
    },
    "30": {
        "estimate": 20.125006494553265,
        "std": 5.6484684968115895
    },
    "31": {
        "estimate": 20.207070194574932,
        "std": 5.688679630676598
    },
    "32": {
        "estimate": 18.47742484987059,
        "std": 4.758960785074718
    }
}