{
    "0": NaN,
    "1": 11.785930633544922,
    "2": 15.133636474609375,
    "3": 16.063079833984375,
    "4": 15.939265251159668,
    "5": 16.858888626098633,
    "6": 17.262924194335938,
    "7": 17.619359970092773,
    "8": 18.0911808013916,
    "9": 18.255512237548828,
    "10": 19.19196128845215,
    "11": 19.20915412902832,
    "12": 19.950237274169922,
    "13": 20.14916229248047,
    "14": 20.658849716186523,
    "15": 21.15181541442871,
    "16": 21.053823471069336,
    "17": 20.272350311279297,
    "18": 19.865108489990234,
    "19": 19.99359130859375,
    "20": 20.269750595092773,
    "21": 20.026504516601562,
    "22": 19.851404190063477,
    "23": 19.994203567504883,
    "24": 19.915512084960938,
    "25": 20.00412368774414,
    "26": 19.89852523803711,
    "27": 19.984386444091797,
    "28": 20.089284896850586,
    "29": 20.18812370300293,
    "30": 20.22979736328125,
    "31": 20.299152374267578,
    "32": 20.719688415527344
}