{
    "0": {
        "estimate": NaN,
        "std": NaN
    },
    "1": {
        "estimate": 14.25016644332257,
        "std": 3.7457573083775118
    },
    "2": {
        "estimate": 14.180342265253831,
        "std": 4.69201118098685
    },
    "3": {
        "estimate": 14.728282124718639,
        "std": 5.605721322732327
    },
    "4": {
        "estimate": 18.679164631272084,
        "std": 5.96961358135941
    },
    "5": {
        "estimate": 20.940212927112835,
        "std": 7.7710289015858995
    },
    "6": {
        "estimate": 20.63327343364461,
        "std": 8.522202178766298
    },
    "7": {
        "estimate": 23.007746958007605,
        "std": 8.82089254164592
    },
    "8": {
        "estimate": 24.17473361052408,
        "std": 8.876113929158619
    },
    "9": {
        "estimate": 25.078652426466007,
        "std": 8.341547995698448
    },
    "10": {
        "estimate": 26.531867051720713,
        "std": 8.64945695442009
    },
    "11": {
        "estimate": 27.54346977237399,
        "std": 8.693831012520397
    },
    "12": {
        "estimate": 28.267683078380784,
        "std": 8.38599266653209
    },
    "13": {
        "estimate": 28.556112232642132,
        "std": 8.293621292278084
    },
    "14": {
        "estimate": 28.086598644789976,
        "std": 8.237668586758941
    },
    "15": {
        "estimate": 28.73139490632342,
        "std": 8.58788268005998
    },
    "16": {
        "estimate": 28.948321250609535,
        "std": 8.807167906225086
    },
    "17": {
        "estimate": 29.15893629423955,
        "std": 8.617906776200142
    },
    "18": {
        "estimate": 28.98307127207709,
        "std": 8.247195292107573
    },
    "19": {
        "estimate": 29.1081550380948,
        "std": 8.209248728083095
    },
    "20": {
        "estimate": 29.01113590934024,
        "std": 8.069610703492183
    },
    "21": {
        "estimate": 29.04519485060288,
        "std": 8.084539667801046
    },
    "22": {
        "estimate": 29.57147430128937,
        "std": 8.084189486233706
    },
    "23": {
        "estimate": 29.398851892583956,
        "std": 7.975344683177321
    },
    "24": {
        "estimate": 29.18801783012807,
        "std": 7.815107258872613
    },
    "25": {
        "estimate": 29.045583492984132,
        "std": 7.74546212426657
    },
    "26": {
        "estimate": 29.50914361646436,
        "std": 7.888455009364364
    },
    "27": {
        "estimate": 29.690322438283857,
        "std": 8.027841937116051
    },
    "28": {
        "estimate": 29.868639265918517,
        "std": 8.126951731780151
    },
    "29": {
        "estimate": 30.00248307998033,
        "std": 8.215940257194177
    },
    "30": {
        "estimate": 30.32861598494493,
        "std": 8.367483074144648
    },
    "31": {
        "estimate": 30.252245992077665,
        "std": 8.447261414894735
    },
    "32": {
        "estimate": 29.200739502434644,
        "std": 7.4926617064846175
    }
}