{
    "0": {
        "estimate": NaN,
        "std": NaN
    },
    "1": {
        "estimate": 18.27381949367998,
        "std": 7.08891787883192
    },
    "2": {
        "estimate": 13.932547083395699,
        "std": 9.334000489190185
    },
    "3": {
        "estimate": 14.265646224568787,
        "std": 10.833604753714091
    },
    "4": {
        "estimate": 18.718473216990983,
        "std": 11.971155879821065
    },
    "5": {
        "estimate": 19.77875343880145,
        "std": 14.00675873076278
    },
    "6": {
        "estimate": 18.345308682313696,
        "std": 13.573259593729619
    },
    "7": {
        "estimate": 21.197458662967176,
        "std": 14.779096203159083
    },
    "8": {
        "estimate": 23.19177499730094,
        "std": 14.568151381461178
    },
    "9": {
        "estimate": 25.93640389222492,
        "std": 13.83102057254212
    },
    "10": {
        "estimate": 28.12893807954595,
        "std": 14.796669002341895
    },
    "11": {
        "estimate": 29.64244415067879,
        "std": 15.016113389958592
    },
    "12": {
        "estimate": 31.6653196011625,
        "std": 14.790488069322503
    },
    "13": {
        "estimate": 32.582371849261854,
        "std": 14.960985796478509
    },
    "14": {
        "estimate": 32.05774236770838,
        "std": 14.17323624547644
    },
    "15": {
        "estimate": 32.873368769838756,
        "std": 14.775126820824756
    },
    "16": {
        "estimate": 33.2230811237801,
        "std": 15.014818235587793
    },
    "17": {
        "estimate": 33.851499133652254,
        "std": 15.005757081509584
    },
    "18": {
        "estimate": 34.02384211139505,
        "std": 14.350805851655487
    },
    "19": {
        "estimate": 34.477581160200124,
        "std": 14.411517938385373
    },
    "20": {
        "estimate": 34.559788604159614,
        "std": 14.37611618338411
    },
    "21": {
        "estimate": 34.567551009869426,
        "std": 14.200754200662997
    },
    "22": {
        "estimate": 34.84322710789083,
        "std": 14.473782232715724
    },
    "23": {
        "estimate": 35.00762236422215,
        "std": 14.444005506544173
    },
    "24": {
        "estimate": 34.95459685646412,
        "std": 14.06337720475429
    },
    "25": {
        "estimate": 34.95505022404703,
        "std": 14.19932880288376
    },
    "26": {
        "estimate": 35.576958348179026,
        "std": 14.414209604398483
    },
    "27": {
        "estimate": 35.76799451738349,
        "std": 14.490122011674323
    },
    "28": {
        "estimate": 36.069866742086695,
        "std": 14.569737153612868
    },
    "29": {
        "estimate": 36.46518027168256,
        "std": 14.675992711119024
    },
    "30": {
        "estimate": 36.94896118048738,
        "std": 14.821289734292185
    },
    "31": {
        "estimate": 36.90564754449873,
        "std": 14.888649680025011
    },
    "32": {
        "estimate": 35.97998764470722,
        "std": 13.630857511602485
    }
}