{
    "0": {
        "estimate": NaN,
        "std": NaN
    },
    "1": {
        "estimate": 17.116176458974852,
        "std": 5.618269826049233
    },
    "2": {
        "estimate": 14.045367242889117,
        "std": 7.708183368958133
    },
    "3": {
        "estimate": 14.27060132438799,
        "std": 8.866416558493755
    },
    "4": {
        "estimate": 18.750482963537646,
        "std": 9.698895552212216
    },
    "5": {
        "estimate": 20.145311130079058,
        "std": 11.69175559949565
    },
    "6": {
        "estimate": 18.917586996046,
        "std": 11.804607959478865
    },
    "7": {
        "estimate": 21.57990230929001,
        "std": 12.39290384039649
    },
    "8": {
        "estimate": 23.58935403723999,
        "std": 12.374047433052391
    },
    "9": {
        "estimate": 25.854475709887453,
        "std": 11.4947508246087
    },
    "10": {
        "estimate": 27.7586049032614,
        "std": 12.327731945108894
    },
    "11": {
        "estimate": 29.01562828165567,
        "std": 12.405741228717257
    },
    "12": {
        "estimate": 30.66470402843795,
        "std": 12.094301371772351
    },
    "13": {
        "estimate": 31.233229451499845,
        "std": 11.899645323901145
    },
    "14": {
        "estimate": 30.895007078557565,
        "std": 11.692741987676353
    },
    "15": {
        "estimate": 31.703389986637795,
        "std": 12.195509106997658
    },
    "16": {
        "estimate": 31.892681193293583,
        "std": 12.166182738971692
    },
    "17": {
        "estimate": 32.3955614097978,
        "std": 12.093880585560282
    },
    "18": {
        "estimate": 32.50064521189378,
        "std": 11.642692263198608
    },
    "19": {
        "estimate": 32.96426457473832,
        "std": 11.816643552412312
    },
    "20": {
        "estimate": 32.90361367351912,
        "std": 11.586525002525295
    },
    "21": {
        "estimate": 32.922758345172674,
        "std": 11.510886186166909
    },
    "22": {
        "estimate": 33.299035350459874,
        "std": 11.627607214609075
    },
    "23": {
        "estimate": 33.34482657232171,
        "std": 11.585581704805188
    },
    "24": {
        "estimate": 33.1751546571982,
        "std": 11.455547118229953
    },
    "25": {
        "estimate": 33.17531175463133,
        "std": 11.405063143302174
    },
    "26": {
        "estimate": 33.74368717223187,
        "std": 11.675183872124913
    },
    "27": {
        "estimate": 33.904813278572135,
        "std": 11.622336176933656
    },
    "28": {
        "estimate": 34.14728647814588,
        "std": 11.559688522946047
    },
    "29": {
        "estimate": 34.49097960812278,
        "std": 11.735204272449481
    },
    "30": {
        "estimate": 34.85489814666648,
        "std": 11.772092827561474
    },
    "31": {
        "estimate": 34.80112581174169,
        "std": 11.71061370297014
    },
    "32": {
        "estimate": 33.9119255896777,
        "std": 10.998055762761341
    }
}