{
    "0": {
        "estimate": NaN,
        "std": NaN
    },
    "1": {
        "estimate": 14.821958744864808,
        "std": 6.218820906905716
    },
    "2": {
        "estimate": 14.998218476236659,
        "std": 6.487369552290724
    },
    "3": {
        "estimate": 14.282215553276211,
        "std": 6.891359395736517
    },
    "4": {
        "estimate": 14.965040822740397,
        "std": 7.635906358746041
    },
    "5": {
        "estimate": 14.622701761627745,
        "std": 7.321480713858289
    },
    "6": {
        "estimate": 14.330586121003085,
        "std": 7.209940012931306
    },
    "7": {
        "estimate": 14.645097778797021,
        "std": 7.323582727839312
    },
    "8": {
        "estimate": 15.080302628137323,
        "std": 7.416493599444136
    },
    "9": {
        "estimate": 15.115677804125083,
        "std": 7.535752058052274
    },
    "10": {
        "estimate": 15.311543672337121,
        "std": 7.502059322956071
    },
    "11": {
        "estimate": 15.13880167407184,
        "std": 7.370964761353585
    },
    "12": {
        "estimate": 15.11124481279187,
        "std": 7.298203042606464
    },
    "13": {
        "estimate": 18.166958709927993,
        "std": 7.497865683498545
    },
    "14": {
        "estimate": 20.99928121423187,
        "std": 7.268335046456293
    },
    "15": {
        "estimate": 22.654218720018655,
        "std": 7.335163061041076
    },
    "16": {
        "estimate": 22.589678154837806,
        "std": 6.827215929522849
    },
    "17": {
        "estimate": 22.397300942353304,
        "std": 6.779853134225304
    },
    "18": {
        "estimate": 22.14892987823133,
        "std": 6.584623640898724
    },
    "19": {
        "estimate": 21.79572447899456,
        "std": 6.497934058799579
    },
    "20": {
        "estimate": 21.658524029918954,
        "std": 6.444808046710407
    },
    "21": {
        "estimate": 21.477080338247816,
        "std": 6.395671502748138
    },
    "22": {
        "estimate": 21.13475567719776,
        "std": 6.137491406991318
    },
    "23": {
        "estimate": 21.00680185243577,
        "std": 6.1244892050059425
    },
    "24": {
        "estimate": 20.915623876007064,
        "std": 6.095674377703522
    },
    "25": {
        "estimate": 20.763464463690188,
        "std": 6.098231594936036
    },
    "26": {
        "estimate": 20.95332553590597,
        "std": 6.183835136901649
    },
    "27": {
        "estimate": 21.04060463304522,
        "std": 6.243113419933386
    },
    "28": {
        "estimate": 21.181746808293834,
        "std": 6.297301866045537
    },
    "29": {
        "estimate": 21.12354278382391,
        "std": 6.369689493868128
    },
    "30": {
        "estimate": 21.144289910416187,
        "std": 6.405685147830507
    },
    "31": {
        "estimate": 21.666284012433096,
        "std": 6.891508258154827
    },
    "32": {
        "estimate": 22.084935098531133,
        "std": 7.388139290184246
    }
}