{
    "0": {
        "estimate": NaN,
        "std": NaN
    },
    "1": {
        "estimate": 14.309804326515412,
        "std": 7.864611045192267
    },
    "2": {
        "estimate": 14.382037673671306,
        "std": 8.234738984387581
    },
    "3": {
        "estimate": 13.523678929326895,
        "std": 8.757964105800916
    },
    "4": {
        "estimate": 14.07169902245251,
        "std": 9.905691026756022
    },
    "5": {
        "estimate": 13.612597068755061,
        "std": 9.486021631040488
    },
    "6": {
        "estimate": 13.268714805844532,
        "std": 9.264115710950664
    },
    "7": {
        "estimate": 13.556143029284142,
        "std": 9.375663766623127
    },
    "8": {
        "estimate": 13.967707809229235,
        "std": 9.499847283739586
    },
    "9": {
        "estimate": 14.065745241892062,
        "std": 9.918516670870725
    },
    "10": {
        "estimate": 14.118694068718746,
        "std": 9.369610947491772
    },
    "11": {
        "estimate": 14.110837373873283,
        "std": 9.730187224181726
    },
    "12": {
        "estimate": 14.061739132335614,
        "std": 9.367715457210384
    },
    "13": {
        "estimate": 17.158303047360032,
        "std": 9.527623893578681
    },
    "14": {
        "estimate": 20.900903462455823,
        "std": 9.395272121579477
    },
    "15": {
        "estimate": 23.41899342457019,
        "std": 9.483894548301057
    },
    "16": {
        "estimate": 23.83508908005669,
        "std": 8.7679082076078
    },
    "17": {
        "estimate": 23.83160477818338,
        "std": 8.667217533044555
    },
    "18": {
        "estimate": 23.740670895301438,
        "std": 8.626686050327217
    },
    "19": {
        "estimate": 23.442143229433235,
        "std": 8.481845145140198
    },
    "20": {
        "estimate": 23.341891107620985,
        "std": 8.381313612256776
    },
    "21": {
        "estimate": 23.11290755198587,
        "std": 8.21549470769953
    },
    "22": {
        "estimate": 22.909208775338723,
        "std": 8.134803200378819
    },
    "23": {
        "estimate": 22.80711920246541,
        "std": 8.077954887800525
    },
    "24": {
        "estimate": 22.741474646211806,
        "std": 8.034961157680577
    },
    "25": {
        "estimate": 22.553948648322894,
        "std": 7.942656616481788
    },
    "26": {
        "estimate": 22.783281844367767,
        "std": 8.155610825151667
    },
    "27": {
        "estimate": 22.862829327786823,
        "std": 8.09442331459527
    },
    "28": {
        "estimate": 23.035930119860993,
        "std": 8.337332957956212
    },
    "29": {
        "estimate": 23.016518134237554,
        "std": 8.294568722513866
    },
    "30": {
        "estimate": 23.12271041455287,
        "std": 8.607634510235194
    },
    "31": {
        "estimate": 23.5672106537083,
        "std": 8.916450487838356
    },
    "32": {
        "estimate": 23.924290507489633,
        "std": 9.440363281758177
    }
}