{
    "0": {
        "estimate": NaN,
        "std": NaN
    },
    "1": {
        "estimate": 14.754410529403987,
        "std": 4.537923364195869
    },
    "2": {
        "estimate": 14.95545579919468,
        "std": 4.700769688638302
    },
    "3": {
        "estimate": 14.791775598448078,
        "std": 5.087956424149749
    },
    "4": {
        "estimate": 15.833538372527965,
        "std": 5.487545838834307
    },
    "5": {
        "estimate": 15.97087726976249,
        "std": 4.974556054385033
    },
    "6": {
        "estimate": 15.69176761851316,
        "std": 4.844747751863289
    },
    "7": {
        "estimate": 16.064403407264564,
        "std": 4.975639104277146
    },
    "8": {
        "estimate": 16.527283823975655,
        "std": 5.044530276186217
    },
    "9": {
        "estimate": 16.46335286423072,
        "std": 5.030075855032566
    },
    "10": {
        "estimate": 16.48990486931725,
        "std": 4.9581206357503085
    },
    "11": {
        "estimate": 16.292543207262245,
        "std": 4.8510026308302745
    },
    "12": {
        "estimate": 16.165056662780525,
        "std": 4.6828480355389965
    },
    "13": {
        "estimate": 18.86625008287481,
        "std": 4.981277789199128
    },
    "14": {
        "estimate": 20.40418705172328,
        "std": 5.0293582665419425
    },
    "15": {
        "estimate": 20.763621995864618,
        "std": 5.069975873432199
    },
    "16": {
        "estimate": 19.94462069779417,
        "std": 4.594901969122219
    },
    "17": {
        "estimate": 19.68206540385417,
        "std": 4.5619377227034565
    },
    "18": {
        "estimate": 19.29558037719898,
        "std": 4.565831595954237
    },
    "19": {
        "estimate": 18.721827033917165,
        "std": 4.416976875118192
    },
    "20": {
        "estimate": 18.55536304337819,
        "std": 4.3264377713705295
    },
    "21": {
        "estimate": 18.28847422901566,
        "std": 4.272775651805251
    },
    "22": {
        "estimate": 17.960409364454268,
        "std": 4.149242725698708
    },
    "23": {
        "estimate": 17.787904776229926,
        "std": 4.083344320107312
    },
    "24": {
        "estimate": 17.69990776243838,
        "std": 4.07680880803839
    },
    "25": {
        "estimate": 17.439630868483153,
        "std": 4.026398339894118
    },
    "26": {
        "estimate": 17.603071072147774,
        "std": 4.090255859241954
    },
    "27": {
        "estimate": 17.628684157377464,
        "std": 4.139803695817426
    },
    "28": {
        "estimate": 17.70055585800883,
        "std": 4.2628549602400065
    },
    "29": {
        "estimate": 17.59115931503917,
        "std": 4.200241679692162
    },
    "30": {
        "estimate": 17.551735973652445,
        "std": 4.233026374764202
    },
    "31": {
        "estimate": 17.91612428771706,
        "std": 4.630832498235755
    },
    "32": {
        "estimate": 18.220782835479767,
        "std": 5.060698296169683
    }
}