{
    "0": {
        "estimate": NaN,
        "std": NaN
    },
    "1": {
        "estimate": 14.430470414243205,
        "std": 4.343657128592206
    },
    "2": {
        "estimate": 14.591521596754989,
        "std": 4.494333164997579
    },
    "3": {
        "estimate": 14.565348377050116,
        "std": 4.905538994569119
    },
    "4": {
        "estimate": 15.672371594297607,
        "std": 5.236499419773063
    },
    "5": {
        "estimate": 15.898569837802754,
        "std": 4.710088471560195
    },
    "6": {
        "estimate": 15.68357478014789,
        "std": 4.623152878817872
    },
    "7": {
        "estimate": 16.055602927419443,
        "std": 4.768191066512737
    },
    "8": {
        "estimate": 16.473349884862255,
        "std": 4.770875422690008
    },
    "9": {
        "estimate": 16.45823782048346,
        "std": 4.815908311537178
    },
    "10": {
        "estimate": 16.400993265188532,
        "std": 4.687995055730387
    },
    "11": {
        "estimate": 16.231992062677698,
        "std": 4.577630225421769
    },
    "12": {
        "estimate": 16.08283870511258,
        "std": 4.4205877219989915
    },
    "13": {
        "estimate": 18.661611424766182,
        "std": 4.670542688535341
    },
    "14": {
        "estimate": 19.986012781019685,
        "std": 4.7346166480537475
    },
    "15": {
        "estimate": 20.162280848701965,
        "std": 4.780127370508973
    },
    "16": {
        "estimate": 19.275575885124773,
        "std": 4.340568007863204
    },
    "17": {
        "estimate": 18.952580260750658,
        "std": 4.272765709448212
    },
    "18": {
        "estimate": 18.554179078037304,
        "std": 4.284704616576536
    },
    "19": {
        "estimate": 17.943704803717548,
        "std": 4.101234972110775
    },
    "20": {
        "estimate": 17.756709869693516,
        "std": 4.022544111209802
    },
    "21": {
        "estimate": 17.492316685907372,
        "std": 3.963790780221212
    },
    "22": {
        "estimate": 17.1432739846729,
        "std": 3.849376730012048
    },
    "23": {
        "estimate": 16.966485773639633,
        "std": 3.7718145401726004
    },
    "24": {
        "estimate": 16.861675192392372,
        "std": 3.7660102632705295
    },
    "25": {
        "estimate": 16.572631019862246,
        "std": 3.690533380766488
    },
    "26": {
        "estimate": 16.74578444922327,
        "std": 3.752051511883645
    },
    "27": {
        "estimate": 16.73055939866195,
        "std": 3.7841760244545504
    },
    "28": {
        "estimate": 16.779286343219884,
        "std": 3.888797929389046
    },
    "29": {
        "estimate": 16.6668399087582,
        "std": 3.8219521424922087
    },
    "30": {
        "estimate": 16.624954676059932,
        "std": 3.870206127974649
    },
    "31": {
        "estimate": 16.942504690108926,
        "std": 4.190369807144356
    },
    "32": {
        "estimate": 17.222184417798534,
        "std": 4.662903290110376
    }
}