{
    "0": NaN,
    "1": 3.1120896339416504,
    "2": 2.8831183910369873,
    "3": 2.33994722366333,
    "4": 2.2147011756896973,
    "5": 1.988515019416809,
    "6": 1.9868125915527344,
    "7": 2.0673632621765137,
    "8": 2.1635935306549072,
    "9": 2.16326904296875,
    "10": 2.2782371044158936,
    "11": 2.2615950107574463,
    "12": 2.323834180831909,
    "13": 3.6035830974578857,
    "14": 6.580077648162842,
    "15": 10.659553527832031,
    "16": 18.886852264404297,
    "17": 19.58499526977539,
    "18": 20.76424789428711,
    "19": 21.24518585205078,
    "20": 21.384103775024414,
    "21": 21.494985580444336,
    "22": 22.030193328857422,
    "23": 22.196977615356445,
    "24": 22.088281631469727,
    "25": 22.05400848388672,
    "26": 22.08254051208496,
    "27": 22.422109603881836,
    "28": 22.827104568481445,
    "29": 22.85366439819336,
    "30": 22.625186920166016,
    "31": 22.6468448638916,
    "32": 22.716596603393555
}