{
    "0": NaN,
    "1": 12.80637264251709,
    "2": 16.098064422607422,
    "3": 25.985015869140625,
    "4": 21.97736358642578,
    "5": 22.326988220214844,
    "6": 28.01665496826172,
    "7": 28.47517204284668,
    "8": 28.238645553588867,
    "9": 26.4043025970459,
    "10": 28.03135108947754,
    "11": 26.99230194091797,
    "12": 30.24431800842285,
    "13": 33.2256965637207,
    "14": 34.57899856567383,
    "15": 36.109153747558594,
    "16": 35.141090393066406,
    "17": 34.059410095214844,
    "18": 32.887229919433594,
    "19": 33.92230224609375,
    "20": 33.02900695800781,
    "21": 32.68866729736328,
    "22": 32.38863754272461,
    "23": 32.3267936706543,
    "24": 32.2319221496582,
    "25": 32.74683380126953,
    "26": 32.73049545288086,
    "27": 33.03984069824219,
    "28": 33.45905685424805,
    "29": 34.23765182495117,
    "30": 34.9304313659668,
    "31": 35.37775421142578,
    "32": 35.00139617919922
}