{
    "0": {
        "estimate": NaN,
        "std": NaN
    },
    "1": {
        "estimate": 15.860571365860839,
        "std": 7.732392213897123
    },
    "2": {
        "estimate": 16.427379632452524,
        "std": 8.698964754753415
    },
    "3": {
        "estimate": 16.288228430829175,
        "std": 9.372391708034153
    },
    "4": {
        "estimate": 18.420880376600927,
        "std": 9.467302967129873
    },
    "5": {
        "estimate": 18.76954609976485,
        "std": 9.959359400710314
    },
    "6": {
        "estimate": 19.687946860338847,
        "std": 11.128083116924202
    },
    "7": {
        "estimate": 21.84748406585551,
        "std": 11.128367876153591
    },
    "8": {
        "estimate": 22.24270313210795,
        "std": 10.752063371274314
    },
    "9": {
        "estimate": 22.79631793054955,
        "std": 10.667105816832345
    },
    "10": {
        "estimate": 23.86471604304367,
        "std": 10.950246798115215
    },
    "11": {
        "estimate": 24.180140669296136,
        "std": 10.699565593399463
    },
    "12": {
        "estimate": 24.314346757122802,
        "std": 10.030165008191972
    },
    "13": {
        "estimate": 24.51895748196965,
        "std": 10.210879775066017
    },
    "14": {
        "estimate": 24.37822048428002,
        "std": 10.310543830675142
    },
    "15": {
        "estimate": 24.00343544583531,
        "std": 10.278982092277394
    },
    "16": {
        "estimate": 23.757089906391943,
        "std": 9.904251118338689
    },
    "17": {
        "estimate": 23.351886093606154,
        "std": 9.733516058200083
    },
    "18": {
        "estimate": 22.988046070998553,
        "std": 9.643955512831408
    },
    "19": {
        "estimate": 22.701741978259054,
        "std": 9.642308117679798
    },
    "20": {
        "estimate": 22.73059618220408,
        "std": 9.578335472515404
    },
    "21": {
        "estimate": 22.910380966079995,
        "std": 9.561265998885554
    },
    "22": {
        "estimate": 23.572908842092104,
        "std": 10.019450315528868
    },
    "23": {
        "estimate": 23.884915949033967,
        "std": 10.35190443388086
    },
    "24": {
        "estimate": 24.032981097031925,
        "std": 10.210080329607539
    },
    "25": {
        "estimate": 24.424400271775124,
        "std": 10.444078135223812
    },
    "26": {
        "estimate": 24.49478922803772,
        "std": 10.601184216403045
    },
    "27": {
        "estimate": 24.908997493672004,
        "std": 11.209935149620245
    },
    "28": {
        "estimate": 24.976863053044823,
        "std": 11.142857186979898
    },
    "29": {
        "estimate": 25.326378224780118,
        "std": 11.532609180956328
    },
    "30": {
        "estimate": 25.37635197841524,
        "std": 11.68858787512769
    },
    "31": {
        "estimate": 25.269741604906624,
        "std": 11.675950720569043
    },
    "32": {
        "estimate": 22.73404871319621,
        "std": 9.432367461778151
    }
}