{
    "0": {
        "estimate": NaN,
        "std": NaN
    },
    "1": {
        "estimate": 21.8979447996997,
        "std": 10.816305469058934
    },
    "2": {
        "estimate": 26.09362499424317,
        "std": 12.654143120610959
    },
    "3": {
        "estimate": 27.089327648441085,
        "std": 11.850585828931559
    },
    "4": {
        "estimate": 28.31755719073657,
        "std": 12.327181008145802
    },
    "5": {
        "estimate": 30.262978486223595,
        "std": 12.955732114864684
    },
    "6": {
        "estimate": 29.669873128569073,
        "std": 12.539469617794776
    },
    "7": {
        "estimate": 30.927559827863174,
        "std": 13.067695129069444
    },
    "8": {
        "estimate": 31.853509892391273,
        "std": 13.17076862340191
    },
    "9": {
        "estimate": 31.87527427483148,
        "std": 13.085843792053202
    },
    "10": {
        "estimate": 31.51029723857398,
        "std": 12.814414141041361
    },
    "11": {
        "estimate": 31.27462348188341,
        "std": 12.369541627213465
    },
    "12": {
        "estimate": 33.07783529098864,
        "std": 12.633416384423317
    },
    "13": {
        "estimate": 32.942100202042866,
        "std": 12.461178759035374
    },
    "14": {
        "estimate": 31.39136957093603,
        "std": 11.59040133353221
    },
    "15": {
        "estimate": 30.900708428500117,
        "std": 11.444930102103442
    },
    "16": {
        "estimate": 28.559050620980667,
        "std": 10.640991266314652
    },
    "17": {
        "estimate": 27.24670586978225,
        "std": 10.301821862689305
    },
    "18": {
        "estimate": 25.290545201029314,
        "std": 9.542716865557965
    },
    "19": {
        "estimate": 23.96440368178074,
        "std": 9.117590366870674
    },
    "20": {
        "estimate": 23.549488236604514,
        "std": 8.814960393470583
    },
    "21": {
        "estimate": 22.85890591635522,
        "std": 8.564821642297906
    },
    "22": {
        "estimate": 21.64978341080681,
        "std": 8.182078965728385
    },
    "23": {
        "estimate": 20.841348030319363,
        "std": 7.767455355069583
    },
    "24": {
        "estimate": 19.878614388371208,
        "std": 7.473645615405279
    },
    "25": {
        "estimate": 18.99633914608534,
        "std": 7.248735847460924
    },
    "26": {
        "estimate": 18.77013165165957,
        "std": 7.171984719381229
    },
    "27": {
        "estimate": 18.5742346101321,
        "std": 7.2002424140416625
    },
    "28": {
        "estimate": 18.561345354398103,
        "std": 7.237863196112593
    },
    "29": {
        "estimate": 18.593942733046354,
        "std": 7.282962874528409
    },
    "30": {
        "estimate": 18.544335393938905,
        "std": 7.350397701574485
    },
    "31": {
        "estimate": 19.369980878082284,
        "std": 7.606806399677559
    },
    "32": {
        "estimate": 19.894220587150198,
        "std": 7.986250443144618
    }
}