{
    "0": {
        "estimate": NaN,
        "std": NaN
    },
    "1": {
        "estimate": 17.941952776183417,
        "std": 8.49268881661261
    },
    "2": {
        "estimate": 23.509245058899953,
        "std": 9.167688579017552
    },
    "3": {
        "estimate": 22.656443082497084,
        "std": 8.285960528166623
    },
    "4": {
        "estimate": 23.905188782652882,
        "std": 8.691289012606523
    },
    "5": {
        "estimate": 25.630146484294837,
        "std": 9.347678447166016
    },
    "6": {
        "estimate": 25.045053422103102,
        "std": 9.001363750886616
    },
    "7": {
        "estimate": 26.163049441379204,
        "std": 9.562729159716946
    },
    "8": {
        "estimate": 26.747302292494602,
        "std": 9.348903569845483
    },
    "9": {
        "estimate": 26.68343536713717,
        "std": 8.958408144998378
    },
    "10": {
        "estimate": 26.47573601418424,
        "std": 8.723856246891014
    },
    "11": {
        "estimate": 26.52359908578234,
        "std": 8.400797939971074
    },
    "12": {
        "estimate": 28.27845198581286,
        "std": 8.305397156266825
    },
    "13": {
        "estimate": 28.117133908880888,
        "std": 8.155095977198304
    },
    "14": {
        "estimate": 26.709425300001364,
        "std": 7.6018246512740975
    },
    "15": {
        "estimate": 26.421297910355364,
        "std": 7.583134501414763
    },
    "16": {
        "estimate": 24.423305816548172,
        "std": 6.804587218604463
    },
    "17": {
        "estimate": 23.1811083599492,
        "std": 6.666153983206617
    },
    "18": {
        "estimate": 21.321176642812834,
        "std": 6.206524140635534
    },
    "19": {
        "estimate": 20.077020908556452,
        "std": 5.763554727595876
    },
    "20": {
        "estimate": 19.88653109482702,
        "std": 5.696343034924752
    },
    "21": {
        "estimate": 19.232779631522035,
        "std": 5.506307937971721
    },
    "22": {
        "estimate": 18.209545772996478,
        "std": 5.2122646751565025
    },
    "23": {
        "estimate": 17.53989537084442,
        "std": 5.050979473137246
    },
    "24": {
        "estimate": 16.718759604408515,
        "std": 4.887107951474111
    },
    "25": {
        "estimate": 16.087526044223132,
        "std": 4.753826009939301
    },
    "26": {
        "estimate": 15.953718395447565,
        "std": 4.737104101158967
    },
    "27": {
        "estimate": 15.78959917783865,
        "std": 4.701203415278908
    },
    "28": {
        "estimate": 15.76732182991131,
        "std": 4.661346135109936
    },
    "29": {
        "estimate": 15.777156455904159,
        "std": 4.76346986463244
    },
    "30": {
        "estimate": 15.674445696085202,
        "std": 4.775879800404332
    },
    "31": {
        "estimate": 16.407223094127946,
        "std": 4.995097416478142
    },
    "32": {
        "estimate": 16.919936095788273,
        "std": 5.711524195494437
    }
}