{
    "0": {
        "estimate": NaN,
        "std": NaN
    },
    "1": {
        "estimate": 16.80651364239396,
        "std": 7.837224854673119
    },
    "2": {
        "estimate": 22.739214352531327,
        "std": 8.657914487478436
    },
    "3": {
        "estimate": 21.50452148903326,
        "std": 7.784442206529725
    },
    "4": {
        "estimate": 22.672027719937176,
        "std": 8.11851904587831
    },
    "5": {
        "estimate": 24.347205651000476,
        "std": 8.725761689435231
    },
    "6": {
        "estimate": 23.804033221349773,
        "std": 8.399400570556526
    },
    "7": {
        "estimate": 24.871684387529015,
        "std": 8.924253383440314
    },
    "8": {
        "estimate": 25.429244264220454,
        "std": 8.659530373834448
    },
    "9": {
        "estimate": 25.369242458132895,
        "std": 8.24245939384779
    },
    "10": {
        "estimate": 25.235728617944808,
        "std": 8.081588079798292
    },
    "11": {
        "estimate": 25.27093521697326,
        "std": 7.722505685157093
    },
    "12": {
        "estimate": 27.00326663607443,
        "std": 7.621348476360546
    },
    "13": {
        "estimate": 26.77600480145465,
        "std": 7.401671011525936
    },
    "14": {
        "estimate": 25.384425141483625,
        "std": 6.915703642076946
    },
    "15": {
        "estimate": 25.12422167475908,
        "std": 6.953699697798461
    },
    "16": {
        "estimate": 23.22610673257002,
        "std": 6.1463785346590045
    },
    "17": {
        "estimate": 22.037309054059406,
        "std": 6.102453908416898
    },
    "18": {
        "estimate": 20.208765169474443,
        "std": 5.627072122883238
    },
    "19": {
        "estimate": 19.019159068151993,
        "std": 5.297376047875529
    },
    "20": {
        "estimate": 18.793827522405255,
        "std": 5.1643241913553
    },
    "21": {
        "estimate": 18.151328403082076,
        "std": 5.01645548162314
    },
    "22": {
        "estimate": 17.22987562985134,
        "std": 4.747681340844371
    },
    "23": {
        "estimate": 16.59116397662173,
        "std": 4.57227996587563
    },
    "24": {
        "estimate": 15.859275412618112,
        "std": 4.417442446652108
    },
    "25": {
        "estimate": 15.304761160691617,
        "std": 4.305601796454213
    },
    "26": {
        "estimate": 15.15135698783581,
        "std": 4.266309915321755
    },
    "27": {
        "estimate": 15.021561912437994,
        "std": 4.276521405234098
    },
    "28": {
        "estimate": 15.018215934555224,
        "std": 4.247532210643304
    },
    "29": {
        "estimate": 15.017526203690482,
        "std": 4.361166594432872
    },
    "30": {
        "estimate": 14.926959000492658,
        "std": 4.380078533357146
    },
    "31": {
        "estimate": 15.613844128623473,
        "std": 4.562905401647654
    },
    "32": {
        "estimate": 16.08167720132654,
        "std": 5.321753246434379
    }
}