{
    "0": {
        "estimate": NaN,
        "std": NaN
    },
    "1": {
        "estimate": 16.01152561765812,
        "std": 7.371488478140386
    },
    "2": {
        "estimate": 22.142527631422833,
        "std": 8.32902142458156
    },
    "3": {
        "estimate": 20.659290122802272,
        "std": 7.465483403374551
    },
    "4": {
        "estimate": 21.878167809469684,
        "std": 7.777829733175196
    },
    "5": {
        "estimate": 23.53548411652302,
        "std": 8.35613724959349
    },
    "6": {
        "estimate": 22.984896135600355,
        "std": 8.023707100227242
    },
    "7": {
        "estimate": 24.07419197111966,
        "std": 8.558056848857348
    },
    "8": {
        "estimate": 24.54397631216088,
        "std": 8.195958045140557
    },
    "9": {
        "estimate": 24.497287234909688,
        "std": 7.813088286456638
    },
    "10": {
        "estimate": 24.33795528039092,
        "std": 7.661852971118703
    },
    "11": {
        "estimate": 24.432943657408142,
        "std": 7.3231426179572825
    },
    "12": {
        "estimate": 26.082964407608017,
        "std": 7.206584117941715
    },
    "13": {
        "estimate": 25.928668984182124,
        "std": 6.967639434627532
    },
    "14": {
        "estimate": 24.528066263290004,
        "std": 6.523321050496332
    },
    "15": {
        "estimate": 24.277422504720224,
        "std": 6.612069765199949
    },
    "16": {
        "estimate": 22.413476137263814,
        "std": 5.789997250709477
    },
    "17": {
        "estimate": 21.23519410320248,
        "std": 5.792315912945585
    },
    "18": {
        "estimate": 19.45269665164395,
        "std": 5.2414555217065395
    },
    "19": {
        "estimate": 18.246844214552553,
        "std": 4.980552550506292
    },
    "20": {
        "estimate": 18.05892618134592,
        "std": 4.835670560662883
    },
    "21": {
        "estimate": 17.437007519745265,
        "std": 4.699591441085347
    },
    "22": {
        "estimate": 16.600292465099635,
        "std": 4.457103975957851
    },
    "23": {
        "estimate": 15.967235041207108,
        "std": 4.302920700744474
    },
    "24": {
        "estimate": 15.26351774146721,
        "std": 4.114681222197943
    },
    "25": {
        "estimate": 14.774415641024522,
        "std": 4.0630891646415614
    },
    "26": {
        "estimate": 14.635833482240166,
        "std": 4.030446796263849
    },
    "27": {
        "estimate": 14.501343556881423,
        "std": 4.019304932957813
    },
    "28": {
        "estimate": 14.499638127615407,
        "std": 4.016558246559534
    },
    "29": {
        "estimate": 14.510335023965256,
        "std": 4.1504045633301825
    },
    "30": {
        "estimate": 14.408575089026664,
        "std": 4.174957841451004
    },
    "31": {
        "estimate": 15.067687874056524,
        "std": 4.348209623086821
    },
    "32": {
        "estimate": 15.483017245076462,
        "std": 5.0719558074397995
    }
}