{
    "0": {
        "estimate": NaN,
        "std": NaN
    },
    "1": {
        "estimate": 13.399073521377234,
        "std": 7.762302503419414
    },
    "2": {
        "estimate": 14.487080757879932,
        "std": 8.716357500686016
    },
    "3": {
        "estimate": 14.920966942360895,
        "std": 9.446629023053196
    },
    "4": {
        "estimate": 15.681277018010157,
        "std": 10.088902509090918
    },
    "5": {
        "estimate": 16.581638374578095,
        "std": 11.096938123742468
    },
    "6": {
        "estimate": 16.403338017704495,
        "std": 10.431994513425703
    },
    "7": {
        "estimate": 17.125729128533635,
        "std": 10.979527150878994
    },
    "8": {
        "estimate": 17.250865192379266,
        "std": 11.097541605766486
    },
    "9": {
        "estimate": 17.28461595309062,
        "std": 10.649505056654014
    },
    "10": {
        "estimate": 18.645225929608042,
        "std": 10.806993454590616
    },
    "11": {
        "estimate": 18.468944116160905,
        "std": 10.716053026826897
    },
    "12": {
        "estimate": 18.419660036931973,
        "std": 10.407100964348626
    },
    "13": {
        "estimate": 18.81819409234196,
        "std": 10.761714507980615
    },
    "14": {
        "estimate": 18.92591023408507,
        "std": 10.77202844229948
    },
    "15": {
        "estimate": 18.70793235645479,
        "std": 10.689328160802676
    },
    "16": {
        "estimate": 18.46561704368481,
        "std": 10.083738068523765
    },
    "17": {
        "estimate": 18.239490543773957,
        "std": 10.443709599167876
    },
    "18": {
        "estimate": 18.28542991591973,
        "std": 9.876086130240152
    },
    "19": {
        "estimate": 18.31723095448915,
        "std": 9.953839684790625
    },
    "20": {
        "estimate": 18.585406583413235,
        "std": 10.34027454150716
    },
    "21": {
        "estimate": 19.69890460471153,
        "std": 11.461532657693693
    },
    "22": {
        "estimate": 20.78009133062456,
        "std": 12.760759518627534
    },
    "23": {
        "estimate": 21.029438938882944,
        "std": 13.14414556937244
    },
    "24": {
        "estimate": 21.425897855664882,
        "std": 13.41939596033494
    },
    "25": {
        "estimate": 21.918985730673437,
        "std": 14.542547614867216
    },
    "26": {
        "estimate": 21.818254793111624,
        "std": 14.763635104889019
    },
    "27": {
        "estimate": 22.147263984811552,
        "std": 14.958296029895568
    },
    "28": {
        "estimate": 21.84175991806399,
        "std": 14.690866045800892
    },
    "29": {
        "estimate": 22.008206277664677,
        "std": 14.795144014640925
    },
    "30": {
        "estimate": 22.250435394840025,
        "std": 15.16816355409073
    },
    "31": {
        "estimate": 21.711064538377023,
        "std": 14.753474385855863
    },
    "32": {
        "estimate": 21.020603071744098,
        "std": 14.051851726875242
    }
}