{
    "0": {
        "estimate": NaN,
        "std": NaN
    },
    "1": {
        "estimate": 12.910788247975605,
        "std": 4.940871963934766
    },
    "2": {
        "estimate": 14.317707012516015,
        "std": 5.870874648251835
    },
    "3": {
        "estimate": 15.212592122767779,
        "std": 6.101098026110155
    },
    "4": {
        "estimate": 15.82125734230629,
        "std": 6.611398104478887
    },
    "5": {
        "estimate": 16.906562328397307,
        "std": 7.247257721505194
    },
    "6": {
        "estimate": 16.746457652064315,
        "std": 6.840063494980195
    },
    "7": {
        "estimate": 17.513488311104698,
        "std": 7.0520556411936886
    },
    "8": {
        "estimate": 17.54122632649766,
        "std": 7.09542488630103
    },
    "9": {
        "estimate": 17.539819983585755,
        "std": 7.031718030540859
    },
    "10": {
        "estimate": 18.628071849609764,
        "std": 6.937356712173456
    },
    "11": {
        "estimate": 18.34264588351228,
        "std": 6.785411791037791
    },
    "12": {
        "estimate": 18.120901860231978,
        "std": 6.662000857322103
    },
    "13": {
        "estimate": 18.667602000683175,
        "std": 7.017378056027608
    },
    "14": {
        "estimate": 18.68942870413496,
        "std": 7.182756714519252
    },
    "15": {
        "estimate": 18.193740650351263,
        "std": 6.850051454890645
    },
    "16": {
        "estimate": 17.825737222713727,
        "std": 6.602689493298224
    },
    "17": {
        "estimate": 17.523973001178696,
        "std": 6.5665796282704685
    },
    "18": {
        "estimate": 17.631544400219386,
        "std": 7.12832665149724
    },
    "19": {
        "estimate": 17.071480756059064,
        "std": 6.428931343686617
    },
    "20": {
        "estimate": 17.515615718964685,
        "std": 6.671137541196532
    },
    "21": {
        "estimate": 18.90020192834424,
        "std": 7.563888560735561
    },
    "22": {
        "estimate": 20.101685152385237,
        "std": 8.300686525343044
    },
    "23": {
        "estimate": 20.832435379181906,
        "std": 8.946077785237023
    },
    "24": {
        "estimate": 21.163797634380074,
        "std": 9.21737396354319
    },
    "25": {
        "estimate": 21.97996404330262,
        "std": 9.961587070468765
    },
    "26": {
        "estimate": 22.07584527842762,
        "std": 9.983895780079946
    },
    "27": {
        "estimate": 22.48669329967503,
        "std": 10.337244399967163
    },
    "28": {
        "estimate": 22.296967361047734,
        "std": 10.233454798462345
    },
    "29": {
        "estimate": 22.330033029896125,
        "std": 10.29582871176842
    },
    "30": {
        "estimate": 22.808400642585287,
        "std": 10.521583245730543
    },
    "31": {
        "estimate": 22.513434021936597,
        "std": 10.471025109297738
    },
    "32": {
        "estimate": 21.688442788600295,
        "std": 9.749931920986882
    }
}