{
    "0": {
        "estimate": NaN,
        "std": NaN
    },
    "1": {
        "estimate": 14.471277354898435,
        "std": 3.5650806229582415
    },
    "2": {
        "estimate": 14.038751023234145,
        "std": 4.977209575683989
    },
    "3": {
        "estimate": 14.51193909661959,
        "std": 5.958448043567365
    },
    "4": {
        "estimate": 18.318909637971355,
        "std": 6.588510708772495
    },
    "5": {
        "estimate": 20.351651423131713,
        "std": 8.166353366632597
    },
    "6": {
        "estimate": 18.962306649499705,
        "std": 8.75723216707115
    },
    "7": {
        "estimate": 22.314276666705187,
        "std": 9.09788608044644
    },
    "8": {
        "estimate": 24.056006874237426,
        "std": 9.185801455271756
    },
    "9": {
        "estimate": 25.851797920861337,
        "std": 8.701461771267907
    },
    "10": {
        "estimate": 27.504491968919954,
        "std": 8.854073864824041
    },
    "11": {
        "estimate": 28.949415633272828,
        "std": 9.092793745342336
    },
    "12": {
        "estimate": 26.186155278801603,
        "std": 7.622820706694649
    },
    "13": {
        "estimate": 25.92374848759916,
        "std": 7.100531483606944
    },
    "14": {
        "estimate": 26.114610632217612,
        "std": 6.757822150439784
    },
    "15": {
        "estimate": 26.112305515653254,
        "std": 6.291396017722846
    },
    "16": {
        "estimate": 26.322371681291273,
        "std": 6.2900564452307455
    },
    "17": {
        "estimate": 25.338850738836825,
        "std": 5.820417839560227
    },
    "18": {
        "estimate": 24.86141398801466,
        "std": 5.503232585790713
    },
    "19": {
        "estimate": 24.56346594165682,
        "std": 5.2669035120282555
    },
    "20": {
        "estimate": 24.58981185052419,
        "std": 5.173624578477915
    },
    "21": {
        "estimate": 24.853696326196573,
        "std": 5.303269643488739
    },
    "22": {
        "estimate": 25.686740772643265,
        "std": 5.502038622669356
    },
    "23": {
        "estimate": 26.502898482185334,
        "std": 5.9446401767358585
    },
    "24": {
        "estimate": 26.886528133230783,
        "std": 6.2485464868881175
    },
    "25": {
        "estimate": 27.984273532798195,
        "std": 6.769564474995446
    },
    "26": {
        "estimate": 28.087125933061422,
        "std": 6.812885628238708
    },
    "27": {
        "estimate": 28.762391709488178,
        "std": 7.197733594950276
    },
    "28": {
        "estimate": 28.74908937343147,
        "std": 7.284671347019268
    },
    "29": {
        "estimate": 28.695092163977844,
        "std": 7.402413650413863
    },
    "30": {
        "estimate": 29.56200835782675,
        "std": 7.805567737904044
    },
    "31": {
        "estimate": 29.403782725010387,
        "std": 7.8335024438616525
    },
    "32": {
        "estimate": 26.751859956300283,
        "std": 7.42233824401551
    }
}