{
    "0": {
        "estimate": NaN,
        "std": NaN
    },
    "1": {
        "estimate": 13.878895565112192,
        "std": 3.277109489608361
    },
    "2": {
        "estimate": 13.959000145472874,
        "std": 4.511473983866236
    },
    "3": {
        "estimate": 14.507463894245879,
        "std": 5.474639499890934
    },
    "4": {
        "estimate": 18.127783221433653,
        "std": 5.985248290590141
    },
    "5": {
        "estimate": 20.268305382058973,
        "std": 7.566515821410311
    },
    "6": {
        "estimate": 19.194424049314087,
        "std": 8.299534303738925
    },
    "7": {
        "estimate": 22.459205306092223,
        "std": 8.67025879801009
    },
    "8": {
        "estimate": 23.971526994471375,
        "std": 8.729582814810025
    },
    "9": {
        "estimate": 25.503961627107987,
        "std": 8.26069410779676
    },
    "10": {
        "estimate": 27.015193003713655,
        "std": 8.30103778505586
    },
    "11": {
        "estimate": 28.356561415333346,
        "std": 8.613284308538224
    },
    "12": {
        "estimate": 25.14026049814303,
        "std": 7.282351260925142
    },
    "13": {
        "estimate": 24.747478988562875,
        "std": 6.684546104493156
    },
    "14": {
        "estimate": 24.917416322021648,
        "std": 6.3072152766342695
    },
    "15": {
        "estimate": 24.784378946532023,
        "std": 5.7884753537368425
    },
    "16": {
        "estimate": 25.066805013161282,
        "std": 5.889737865304221
    },
    "17": {
        "estimate": 23.90076584416644,
        "std": 5.302804220766628
    },
    "18": {
        "estimate": 23.456185236698822,
        "std": 5.067573065869088
    },
    "19": {
        "estimate": 23.17288669461608,
        "std": 4.849578086594904
    },
    "20": {
        "estimate": 23.190742152759015,
        "std": 4.741032737044206
    },
    "21": {
        "estimate": 23.39747959652332,
        "std": 4.836663556400807
    },
    "22": {
        "estimate": 24.17664242889949,
        "std": 5.009287657294143
    },
    "23": {
        "estimate": 24.934245701739417,
        "std": 5.387745984693419
    },
    "24": {
        "estimate": 25.322284393463494,
        "std": 5.708077503433656
    },
    "25": {
        "estimate": 26.40838257010402,
        "std": 6.258268923225486
    },
    "26": {
        "estimate": 26.45741668676988,
        "std": 6.307198949086553
    },
    "27": {
        "estimate": 27.150197593505286,
        "std": 6.7104965509726435
    },
    "28": {
        "estimate": 27.137903228342555,
        "std": 6.758510135962331
    },
    "29": {
        "estimate": 27.123817652011265,
        "std": 6.932793874211017
    },
    "30": {
        "estimate": 28.04501789773032,
        "std": 7.369931545520364
    },
    "31": {
        "estimate": 28.024530211467894,
        "std": 7.4815971709073885
    },
    "32": {
        "estimate": 25.558224410224806,
        "std": 7.10111243781543
    }
}