{
    "0": {
        "estimate": NaN,
        "std": NaN
    },
    "1": {
        "estimate": 18.800432600333885,
        "std": 11.15701559809403
    },
    "2": {
        "estimate": 15.378166899557604,
        "std": 11.445392661386915
    },
    "3": {
        "estimate": 19.420431142860394,
        "std": 13.209740356248533
    },
    "4": {
        "estimate": 20.850263106567354,
        "std": 12.51491590494254
    },
    "5": {
        "estimate": 21.87722146190014,
        "std": 13.655172541554375
    },
    "6": {
        "estimate": 21.69172206539119,
        "std": 11.66429461863481
    },
    "7": {
        "estimate": 23.22982667352509,
        "std": 12.372406617699008
    },
    "8": {
        "estimate": 23.506606941298372,
        "std": 12.361396686440505
    },
    "9": {
        "estimate": 25.977523708890853,
        "std": 12.620677474879846
    },
    "10": {
        "estimate": 27.153941499710978,
        "std": 12.835198545469394
    },
    "11": {
        "estimate": 27.888022411304078,
        "std": 12.1956458898265
    },
    "12": {
        "estimate": 29.125409892830096,
        "std": 12.251428335458066
    },
    "13": {
        "estimate": 28.620541067060426,
        "std": 11.988952696494021
    },
    "14": {
        "estimate": 28.367515323208767,
        "std": 11.341321148313853
    },
    "15": {
        "estimate": 27.47248713560094,
        "std": 11.07341435590174
    },
    "16": {
        "estimate": 26.65007988395872,
        "std": 10.385114723053919
    },
    "17": {
        "estimate": 26.35995042254609,
        "std": 10.680089113355786
    },
    "18": {
        "estimate": 26.018857477247966,
        "std": 10.55205591463039
    },
    "19": {
        "estimate": 25.729917636125446,
        "std": 10.390478318973262
    },
    "20": {
        "estimate": 25.98697922181043,
        "std": 10.473864160677136
    },
    "21": {
        "estimate": 26.15452533545976,
        "std": 10.49617935880681
    },
    "22": {
        "estimate": 26.121108558492544,
        "std": 10.392973004709447
    },
    "23": {
        "estimate": 27.20810268859755,
        "std": 11.067320353870553
    },
    "24": {
        "estimate": 27.924784533354057,
        "std": 11.88039212505424
    },
    "25": {
        "estimate": 28.872063427533302,
        "std": 12.788988323306612
    },
    "26": {
        "estimate": 29.607165273450228,
        "std": 14.191005891292473
    },
    "27": {
        "estimate": 30.180127002912155,
        "std": 14.606920440878831
    },
    "28": {
        "estimate": 30.367668579676188,
        "std": 14.880659493855381
    },
    "29": {
        "estimate": 30.84284146693235,
        "std": 15.50521013366302
    },
    "30": {
        "estimate": 31.175768426584476,
        "std": 15.769363588145126
    },
    "31": {
        "estimate": 31.160549875825826,
        "std": 15.934762925045606
    },
    "32": {
        "estimate": 30.128698234540014,
        "std": 15.399592078044405
    }
}