{
    "0": {
        "estimate": NaN,
        "std": NaN
    },
    "1": {
        "estimate": 18.09590076493122,
        "std": 9.489471521036196
    },
    "2": {
        "estimate": 15.858100344185024,
        "std": 9.790163098270293
    },
    "3": {
        "estimate": 19.763347959565184,
        "std": 11.15716029240544
    },
    "4": {
        "estimate": 21.007942936336324,
        "std": 10.445279007634067
    },
    "5": {
        "estimate": 22.133920932520176,
        "std": 11.062778397435016
    },
    "6": {
        "estimate": 21.679853779454483,
        "std": 9.415556154470481
    },
    "7": {
        "estimate": 23.174394018721486,
        "std": 9.95377153300486
    },
    "8": {
        "estimate": 23.643980839768744,
        "std": 10.178644747124617
    },
    "9": {
        "estimate": 25.713896471327935,
        "std": 10.17814659109592
    },
    "10": {
        "estimate": 26.692161150058197,
        "std": 10.046519865276778
    },
    "11": {
        "estimate": 27.29886450744965,
        "std": 9.720559131874305
    },
    "12": {
        "estimate": 28.235130982613626,
        "std": 9.762849773785101
    },
    "13": {
        "estimate": 27.641945703410123,
        "std": 9.363519867233498
    },
    "14": {
        "estimate": 27.217993454110704,
        "std": 8.895317097433603
    },
    "15": {
        "estimate": 26.521836107862637,
        "std": 8.896856573219443
    },
    "16": {
        "estimate": 25.469890824246548,
        "std": 8.360009906693865
    },
    "17": {
        "estimate": 25.16106139778705,
        "std": 8.561451559121107
    },
    "18": {
        "estimate": 24.67225534723536,
        "std": 8.474298591839315
    },
    "19": {
        "estimate": 24.42213418405709,
        "std": 8.272032691205409
    },
    "20": {
        "estimate": 24.38251463102408,
        "std": 8.237953556266632
    },
    "21": {
        "estimate": 24.635937538810555,
        "std": 8.351236684236788
    },
    "22": {
        "estimate": 24.543996566937277,
        "std": 8.06628513443754
    },
    "23": {
        "estimate": 25.70358823454416,
        "std": 8.773783437357023
    },
    "24": {
        "estimate": 26.627967406243638,
        "std": 9.309465732911603
    },
    "25": {
        "estimate": 27.817678332674568,
        "std": 10.222931715329809
    },
    "26": {
        "estimate": 28.838043392074958,
        "std": 11.257202603923886
    },
    "27": {
        "estimate": 29.44626080663977,
        "std": 11.546827528181336
    },
    "28": {
        "estimate": 29.656290521882276,
        "std": 11.839448472895073
    },
    "29": {
        "estimate": 30.351274739851046,
        "std": 12.218515305133797
    },
    "30": {
        "estimate": 30.579877866786834,
        "std": 12.108770318956463
    },
    "31": {
        "estimate": 30.995032043323363,
        "std": 12.789981445781589
    },
    "32": {
        "estimate": 29.947682263508113,
        "std": 12.381957272833159
    }
}