{
    "0": {
        "estimate": NaN,
        "std": NaN
    },
    "1": {
        "estimate": 17.214854321361624,
        "std": 3.7982722321095506
    },
    "2": {
        "estimate": 18.273010088529777,
        "std": 4.464172332351278
    },
    "3": {
        "estimate": 20.533716302065905,
        "std": 4.6292752235150365
    },
    "4": {
        "estimate": 17.281238369916736,
        "std": 3.8093926046806525
    },
    "5": {
        "estimate": 22.014768478355712,
        "std": 5.259279549235956
    },
    "6": {
        "estimate": 23.256071175035125,
        "std": 5.628950479527367
    },
    "7": {
        "estimate": 25.29038066599433,
        "std": 5.6556627730852105
    },
    "8": {
        "estimate": 24.585363657458668,
        "std": 5.29921685003817
    },
    "9": {
        "estimate": 26.094010092757255,
        "std": 5.60014152792563
    },
    "10": {
        "estimate": 21.482896357432438,
        "std": 4.513141776309782
    },
    "11": {
        "estimate": 21.7570129596095,
        "std": 4.248956007718861
    },
    "12": {
        "estimate": 25.427438320470856,
        "std": 4.87929292849543
    },
    "13": {
        "estimate": 24.749360597321342,
        "std": 5.331334019654891
    },
    "14": {
        "estimate": 24.071626535325112,
        "std": 5.396865181458462
    },
    "15": {
        "estimate": 24.000536259076863,
        "std": 5.667234362369429
    },
    "16": {
        "estimate": 23.039698978893757,
        "std": 5.391023349385128
    },
    "17": {
        "estimate": 22.35896376054886,
        "std": 5.213435542438861
    },
    "18": {
        "estimate": 22.119370486915994,
        "std": 5.166756755944516
    },
    "19": {
        "estimate": 21.69140453400617,
        "std": 4.9907174401640555
    },
    "20": {
        "estimate": 21.698393620463666,
        "std": 5.0310971020905635
    },
    "21": {
        "estimate": 21.486527981030726,
        "std": 4.9482654435280935
    },
    "22": {
        "estimate": 21.566559388968592,
        "std": 4.986937545230036
    },
    "23": {
        "estimate": 21.60752707524029,
        "std": 4.972535209468507
    },
    "24": {
        "estimate": 21.656621881090604,
        "std": 5.043980834966098
    },
    "25": {
        "estimate": 22.05732496315471,
        "std": 5.143245098480861
    },
    "26": {
        "estimate": 22.263457146086072,
        "std": 5.223731081731432
    },
    "27": {
        "estimate": 22.397083204283234,
        "std": 5.318333406332056
    },
    "28": {
        "estimate": 22.412805586571853,
        "std": 5.319335324461421
    },
    "29": {
        "estimate": 22.484291087469785,
        "std": 5.275296652641327
    },
    "30": {
        "estimate": 22.902121383366666,
        "std": 5.439053595179308
    },
    "31": {
        "estimate": 22.74017819853993,
        "std": 5.4058574490837685
    },
    "32": {
        "estimate": 17.64875782846698,
        "std": 4.7712612546229085
    }
}