{
    "0": {
        "estimate": NaN,
        "std": NaN
    },
    "1": {
        "estimate": 18.287704073740013,
        "std": 4.351481449989465
    },
    "2": {
        "estimate": 19.650130463575763,
        "std": 5.080624418322728
    },
    "3": {
        "estimate": 21.922999199853525,
        "std": 5.367610544161129
    },
    "4": {
        "estimate": 18.577346922104688,
        "std": 4.321917769668094
    },
    "5": {
        "estimate": 23.501499571384898,
        "std": 5.924809615186685
    },
    "6": {
        "estimate": 24.493926608298278,
        "std": 6.35382165210293
    },
    "7": {
        "estimate": 26.64423672742394,
        "std": 6.515386422036672
    },
    "8": {
        "estimate": 25.93807451398679,
        "std": 6.065283215511414
    },
    "9": {
        "estimate": 27.466713456397784,
        "std": 6.447723031253708
    },
    "10": {
        "estimate": 22.566153657476107,
        "std": 5.228821580108153
    },
    "11": {
        "estimate": 22.822398382003293,
        "std": 4.972743602169262
    },
    "12": {
        "estimate": 26.557223336953378,
        "std": 5.674791904130607
    },
    "13": {
        "estimate": 25.779680747584756,
        "std": 5.953114690169594
    },
    "14": {
        "estimate": 25.092022441933867,
        "std": 6.065211683708609
    },
    "15": {
        "estimate": 24.999908974006317,
        "std": 6.371448310545375
    },
    "16": {
        "estimate": 24.004659966134213,
        "std": 6.015146024167443
    },
    "17": {
        "estimate": 23.30169313541303,
        "std": 5.857933301172566
    },
    "18": {
        "estimate": 23.130832700895407,
        "std": 5.820028198517494
    },
    "19": {
        "estimate": 22.733866583506693,
        "std": 5.667094735140628
    },
    "20": {
        "estimate": 22.678205424991727,
        "std": 5.661945009170884
    },
    "21": {
        "estimate": 22.49524414079649,
        "std": 5.599089633340972
    },
    "22": {
        "estimate": 22.598782449333406,
        "std": 5.616625716355847
    },
    "23": {
        "estimate": 22.653556036419857,
        "std": 5.602394487299642
    },
    "24": {
        "estimate": 22.70194757861443,
        "std": 5.650496668320573
    },
    "25": {
        "estimate": 23.16308686453017,
        "std": 5.76226860204792
    },
    "26": {
        "estimate": 23.406835784554104,
        "std": 5.8722351923699465
    },
    "27": {
        "estimate": 23.51853191420465,
        "std": 5.939639880563203
    },
    "28": {
        "estimate": 23.57077733700958,
        "std": 5.969025017524872
    },
    "29": {
        "estimate": 23.690022091970278,
        "std": 5.946167433855449
    },
    "30": {
        "estimate": 24.158870321732266,
        "std": 6.1292055666075544
    },
    "31": {
        "estimate": 23.986667306814557,
        "std": 6.096320253207236
    },
    "32": {
        "estimate": 19.055087613467837,
        "std": 5.347282104423488
    }
}