{
    "0": {
        "estimate": NaN,
        "std": NaN
    },
    "1": {
        "estimate": 19.674128285594453,
        "std": 5.868593261743426
    },
    "2": {
        "estimate": 21.38999394225362,
        "std": 6.267316708568884
    },
    "3": {
        "estimate": 25.00441571733212,
        "std": 7.214325004884674
    },
    "4": {
        "estimate": 26.54445028019786,
        "std": 7.000829844828707
    },
    "5": {
        "estimate": 30.171950768310342,
        "std": 8.052509445457487
    },
    "6": {
        "estimate": 31.793832486543177,
        "std": 8.804865215111388
    },
    "7": {
        "estimate": 33.018025666983604,
        "std": 8.904445603461554
    },
    "8": {
        "estimate": 33.093404374474936,
        "std": 8.907392650205257
    },
    "9": {
        "estimate": 35.03748043616414,
        "std": 9.190821414991639
    },
    "10": {
        "estimate": 34.45446285336371,
        "std": 8.484147387832389
    },
    "11": {
        "estimate": 34.98272191555417,
        "std": 8.612269914212568
    },
    "12": {
        "estimate": 34.90400629369245,
        "std": 8.463479953264105
    },
    "13": {
        "estimate": 34.48175250373945,
        "std": 8.060101515116548
    },
    "14": {
        "estimate": 34.385173369058826,
        "std": 8.37828895044034
    },
    "15": {
        "estimate": 32.22544416037659,
        "std": 8.457815104538936
    },
    "16": {
        "estimate": 31.128109907349746,
        "std": 8.263574780710007
    },
    "17": {
        "estimate": 29.197846137044085,
        "std": 7.958726253261839
    },
    "18": {
        "estimate": 28.211438878117676,
        "std": 7.793627693843728
    },
    "19": {
        "estimate": 27.0709161514865,
        "std": 7.62015087999358
    },
    "20": {
        "estimate": 26.821869316565397,
        "std": 7.532314595245617
    },
    "21": {
        "estimate": 26.82021383513134,
        "std": 7.810224551733395
    },
    "22": {
        "estimate": 27.189050408794387,
        "std": 8.25131027768383
    },
    "23": {
        "estimate": 27.033921622815622,
        "std": 8.38473862282969
    },
    "24": {
        "estimate": 26.728396493387887,
        "std": 8.35432846014782
    },
    "25": {
        "estimate": 27.404526094365316,
        "std": 9.003419141946264
    },
    "26": {
        "estimate": 27.73551563485898,
        "std": 9.294846099404701
    },
    "27": {
        "estimate": 28.715873666137878,
        "std": 10.032130642221047
    },
    "28": {
        "estimate": 28.63569948435994,
        "std": 10.085474962969466
    },
    "29": {
        "estimate": 28.954736295982414,
        "std": 10.332582217399505
    },
    "30": {
        "estimate": 29.634453953744103,
        "std": 10.706992987284043
    },
    "31": {
        "estimate": 28.92165761837027,
        "std": 10.140903912508467
    },
    "32": {
        "estimate": 24.875625688141618,
        "std": 8.272850576199954
    }
}