{
    "0": {
        "estimate": NaN,
        "std": NaN
    },
    "1": {
        "estimate": 16.877204275912284,
        "std": 7.535959953129725
    },
    "2": {
        "estimate": 22.04000020133141,
        "std": 8.641316195784139
    },
    "3": {
        "estimate": 18.989369299131884,
        "std": 7.513485235975442
    },
    "4": {
        "estimate": 18.082834891740944,
        "std": 7.558540964315628
    },
    "5": {
        "estimate": 18.7523783829859,
        "std": 7.805921047527479
    },
    "6": {
        "estimate": 17.98061788787861,
        "std": 7.402695674115941
    },
    "7": {
        "estimate": 18.109090427752385,
        "std": 7.567237293033545
    },
    "8": {
        "estimate": 18.421695636797697,
        "std": 7.658185564165815
    },
    "9": {
        "estimate": 19.0359011515715,
        "std": 7.789119504907867
    },
    "10": {
        "estimate": 19.397250150162243,
        "std": 7.673651167404121
    },
    "11": {
        "estimate": 19.608267877696285,
        "std": 7.766990053080311
    },
    "12": {
        "estimate": 19.363191703331097,
        "std": 7.574809913175845
    },
    "13": {
        "estimate": 19.84212749490638,
        "std": 7.725372540605478
    },
    "14": {
        "estimate": 18.725741229443578,
        "std": 7.122228787093927
    },
    "15": {
        "estimate": 18.746828699521473,
        "std": 7.015846068647227
    },
    "16": {
        "estimate": 16.90294925808977,
        "std": 6.198035553585898
    },
    "17": {
        "estimate": 15.742386817218751,
        "std": 5.6977787545106375
    },
    "18": {
        "estimate": 14.9311703907769,
        "std": 5.483732754216142
    },
    "19": {
        "estimate": 14.90258955916937,
        "std": 5.467271726107121
    },
    "20": {
        "estimate": 14.862339926508183,
        "std": 5.437449690888182
    },
    "21": {
        "estimate": 14.655442878974817,
        "std": 5.352941528916192
    },
    "22": {
        "estimate": 13.527544933911047,
        "std": 5.141993280316376
    },
    "23": {
        "estimate": 13.260789478725533,
        "std": 5.019608412363334
    },
    "24": {
        "estimate": 12.678739828648489,
        "std": 4.825956260172134
    },
    "25": {
        "estimate": 12.347413192971974,
        "std": 4.720159377088987
    },
    "26": {
        "estimate": 12.048104233742144,
        "std": 4.624085168677485
    },
    "27": {
        "estimate": 11.939771321214886,
        "std": 4.583585729904394
    },
    "28": {
        "estimate": 11.85518292818363,
        "std": 4.551093241168639
    },
    "29": {
        "estimate": 11.78060777224084,
        "std": 4.506045694817786
    },
    "30": {
        "estimate": 11.850989880454595,
        "std": 4.489433151397412
    },
    "31": {
        "estimate": 11.920274216929666,
        "std": 4.517087679371565
    },
    "32": {
        "estimate": 11.62036123289034,
        "std": 4.376509091646872
    }
}