{
    "0": {
        "estimate": NaN,
        "std": NaN
    },
    "1": {
        "estimate": 16.00852977242236,
        "std": 6.870976439931976
    },
    "2": {
        "estimate": 21.162668218600206,
        "std": 8.176997417776935
    },
    "3": {
        "estimate": 17.939542040488526,
        "std": 7.089668358932496
    },
    "4": {
        "estimate": 17.133595434874373,
        "std": 7.21018070581804
    },
    "5": {
        "estimate": 17.700652396690767,
        "std": 7.358103081455622
    },
    "6": {
        "estimate": 17.034538212655576,
        "std": 7.01474450370998
    },
    "7": {
        "estimate": 17.123189601999627,
        "std": 7.261460745906208
    },
    "8": {
        "estimate": 17.42929593183067,
        "std": 7.258388210517835
    },
    "9": {
        "estimate": 18.08632547266465,
        "std": 7.383502202282163
    },
    "10": {
        "estimate": 18.470864980006898,
        "std": 7.262738484962289
    },
    "11": {
        "estimate": 18.762551291241905,
        "std": 7.376427664440563
    },
    "12": {
        "estimate": 18.478952428226982,
        "std": 7.139811908512249
    },
    "13": {
        "estimate": 18.939297256511146,
        "std": 7.296285815207268
    },
    "14": {
        "estimate": 17.85195364978577,
        "std": 6.74288411810776
    },
    "15": {
        "estimate": 17.794325681778986,
        "std": 6.576453680424776
    },
    "16": {
        "estimate": 16.16229632848228,
        "std": 5.777905630038201
    },
    "17": {
        "estimate": 14.995051493538748,
        "std": 5.364728684316652
    },
    "18": {
        "estimate": 14.140420835810792,
        "std": 5.14479009141267
    },
    "19": {
        "estimate": 14.101942220055435,
        "std": 5.1443237415865495
    },
    "20": {
        "estimate": 14.035935908088993,
        "std": 5.120165404480688
    },
    "21": {
        "estimate": 13.827779150503705,
        "std": 4.995794025858753
    },
    "22": {
        "estimate": 12.997502283203826,
        "std": 4.770665357277797
    },
    "23": {
        "estimate": 12.706731195159856,
        "std": 4.60919574744396
    },
    "24": {
        "estimate": 12.12781984799721,
        "std": 4.439729341539546
    },
    "25": {
        "estimate": 11.857371471734323,
        "std": 4.461980984636282
    },
    "26": {
        "estimate": 11.578922902660448,
        "std": 4.325106738433384
    },
    "27": {
        "estimate": 11.464658567271591,
        "std": 4.297024084570883
    },
    "28": {
        "estimate": 11.3647872941626,
        "std": 4.261326416960097
    },
    "29": {
        "estimate": 11.27783282856893,
        "std": 4.217827713458268
    },
    "30": {
        "estimate": 11.347357447261349,
        "std": 4.2092700459261785
    },
    "31": {
        "estimate": 11.424279418070272,
        "std": 4.22087752280284
    },
    "32": {
        "estimate": 11.11716295393935,
        "std": 4.052088066340232
    }
}