{
    "0": {
        "estimate": NaN,
        "std": NaN
    },
    "1": {
        "estimate": 18.518139946248937,
        "std": 8.634914018853127
    },
    "2": {
        "estimate": 23.611716030509847,
        "std": 10.045006567254688
    },
    "3": {
        "estimate": 20.948615527712192,
        "std": 8.792061588637463
    },
    "4": {
        "estimate": 19.935592288854227,
        "std": 8.91179225652017
    },
    "5": {
        "estimate": 20.752083431521122,
        "std": 9.224603745153217
    },
    "6": {
        "estimate": 19.76849319100629,
        "std": 8.604692365874005
    },
    "7": {
        "estimate": 19.899453763650257,
        "std": 8.688346504253559
    },
    "8": {
        "estimate": 20.18647367752586,
        "std": 8.779317853573628
    },
    "9": {
        "estimate": 20.88088222646997,
        "std": 9.105947973378056
    },
    "10": {
        "estimate": 21.197305787556257,
        "std": 9.097072183449235
    },
    "11": {
        "estimate": 21.395500994484326,
        "std": 9.059287945512436
    },
    "12": {
        "estimate": 21.081553214127375,
        "std": 8.85463435245466
    },
    "13": {
        "estimate": 21.541457330706645,
        "std": 9.0055631699389
    },
    "14": {
        "estimate": 20.466497966015414,
        "std": 8.38660702055878
    },
    "15": {
        "estimate": 20.53959116041126,
        "std": 8.353425810891839
    },
    "16": {
        "estimate": 18.285586855802336,
        "std": 7.3270274187159945
    },
    "17": {
        "estimate": 17.13137703548669,
        "std": 6.745290262833894
    },
    "18": {
        "estimate": 16.330699279336812,
        "std": 6.347770308884882
    },
    "19": {
        "estimate": 16.305692247965,
        "std": 6.359217244215388
    },
    "20": {
        "estimate": 16.353475826632458,
        "std": 6.389756916463723
    },
    "21": {
        "estimate": 16.178408706135063,
        "std": 6.3244007803622395
    },
    "22": {
        "estimate": 14.60613776126575,
        "std": 6.010583862439373
    },
    "23": {
        "estimate": 14.338421853294108,
        "std": 5.8201997773142065
    },
    "24": {
        "estimate": 13.73644924054049,
        "std": 5.612989951041418
    },
    "25": {
        "estimate": 13.247232673874315,
        "std": 5.4484594991179875
    },
    "26": {
        "estimate": 12.908363588260608,
        "std": 5.370223285040976
    },
    "27": {
        "estimate": 12.777059105380438,
        "std": 5.317731161398353
    },
    "28": {
        "estimate": 12.706744421203982,
        "std": 5.266256859952346
    },
    "29": {
        "estimate": 12.65869883737274,
        "std": 5.252417559802687
    },
    "30": {
        "estimate": 12.744680084106896,
        "std": 5.272586920145384
    },
    "31": {
        "estimate": 12.846499037680585,
        "std": 5.3424255424883915
    },
    "32": {
        "estimate": 12.529108901669861,
        "std": 5.222236195637855
    }
}