{
    "0": NaN,
    "1": 20.263172149658203,
    "2": 22.17962646484375,
    "3": 23.302465438842773,
    "4": 22.057546615600586,
    "5": 23.24772071838379,
    "6": 22.64454460144043,
    "7": 22.525053024291992,
    "8": 22.520278930664062,
    "9": 22.58190155029297,
    "10": 22.61868667602539,
    "11": 22.147174835205078,
    "12": 21.925188064575195,
    "13": 22.17147445678711,
    "14": 21.60196876525879,
    "15": 21.822050094604492,
    "16": 18.33334732055664,
    "17": 17.472957611083984,
    "18": 17.091777801513672,
    "19": 17.000953674316406,
    "20": 17.0493221282959,
    "21": 17.070280075073242,
    "22": 14.61950397491455,
    "23": 14.348834991455078,
    "24": 13.65443229675293,
    "25": 12.752998352050781,
    "26": 12.421407699584961,
    "27": 12.343482971191406,
    "28": 12.16966438293457,
    "29": 12.253935813903809,
    "30": 12.286728858947754,
    "31": 12.3651123046875,
    "32": 12.142507553100586
}