{
    "0": {
        "estimate": NaN,
        "std": NaN
    },
    "1": {
        "estimate": 16.012730897327895,
        "std": 3.415522533400442
    },
    "2": {
        "estimate": 16.635633040803924,
        "std": 3.7680878404095326
    },
    "3": {
        "estimate": 20.31732247877472,
        "std": 4.040957511747254
    },
    "4": {
        "estimate": 23.137426317706755,
        "std": 4.523985374875889
    },
    "5": {
        "estimate": 24.446222050135763,
        "std": 4.597341266585119
    },
    "6": {
        "estimate": 27.898248058127333,
        "std": 4.998405493785916
    },
    "7": {
        "estimate": 29.404226723685568,
        "std": 5.3700877329060495
    },
    "8": {
        "estimate": 30.6782081042866,
        "std": 5.8643514564450205
    },
    "9": {
        "estimate": 26.878654064255922,
        "std": 6.18955206857505
    },
    "10": {
        "estimate": 28.82048820807658,
        "std": 6.513548165781138
    },
    "11": {
        "estimate": 30.073212541703985,
        "std": 7.065366747109498
    },
    "12": {
        "estimate": 30.710147041288902,
        "std": 6.88554836772939
    },
    "13": {
        "estimate": 30.622870244480065,
        "std": 6.434685572640119
    },
    "14": {
        "estimate": 31.606987588417564,
        "std": 6.414453352607219
    },
    "15": {
        "estimate": 30.356527057350892,
        "std": 6.609779825546612
    },
    "16": {
        "estimate": 29.399280050436822,
        "std": 6.265491989383732
    },
    "17": {
        "estimate": 28.44363499137921,
        "std": 6.166816777466331
    },
    "18": {
        "estimate": 28.423484637067123,
        "std": 6.077905641687542
    },
    "19": {
        "estimate": 28.02582341843025,
        "std": 5.869289940867287
    },
    "20": {
        "estimate": 27.574477236146258,
        "std": 5.693906935911029
    },
    "21": {
        "estimate": 27.1069191836725,
        "std": 5.594841224403285
    },
    "22": {
        "estimate": 26.902400062900035,
        "std": 5.483961301374321
    },
    "23": {
        "estimate": 26.227895291599317,
        "std": 5.3664847572828505
    },
    "24": {
        "estimate": 26.095073653047876,
        "std": 5.230832492568943
    },
    "25": {
        "estimate": 26.022748562998856,
        "std": 5.238085508286258
    },
    "26": {
        "estimate": 26.072085074280235,
        "std": 5.213199349525568
    },
    "27": {
        "estimate": 26.088654427944757,
        "std": 5.239149847443185
    },
    "28": {
        "estimate": 25.85884421782638,
        "std": 5.195967390957016
    },
    "29": {
        "estimate": 25.86263435739174,
        "std": 5.181030348720654
    },
    "30": {
        "estimate": 25.728541994404466,
        "std": 5.185680137689517
    },
    "31": {
        "estimate": 25.68411537155462,
        "std": 5.174679595006705
    },
    "32": {
        "estimate": 25.48868775628902,
        "std": 5.226548518319716
    },
    "33": {
        "estimate": 25.47598365521112,
        "std": 5.259156296423996
    },
    "34": {
        "estimate": 25.52175705049174,
        "std": 5.251864414874378
    },
    "35": {
        "estimate": 25.58862001832352,
        "std": 5.293216687583002
    },
    "36": {
        "estimate": 25.479193142795975,
        "std": 5.276764715558309
    },
    "37": {
        "estimate": 25.773344268371897,
        "std": 5.386379977003175
    },
    "38": {
        "estimate": 25.89458899685613,
        "std": 5.377313411788108
    },
    "39": {
        "estimate": 26.64353086441115,
        "std": 5.491522750246608
    },
    "40": {
        "estimate": 26.926966047687507,
        "std": 6.263224002830321
    }
}