{
    "0": {
        "estimate": NaN,
        "std": NaN
    },
    "1": {
        "estimate": 17.21461339205529,
        "std": 4.21628291723551
    },
    "2": {
        "estimate": 18.457556811139902,
        "std": 4.6582718040226005
    },
    "3": {
        "estimate": 22.522691689253623,
        "std": 5.182162006954767
    },
    "4": {
        "estimate": 25.806495727364528,
        "std": 5.766338291399309
    },
    "5": {
        "estimate": 27.219559175723592,
        "std": 5.846582932410738
    },
    "6": {
        "estimate": 30.85531442774731,
        "std": 6.351576921987923
    },
    "7": {
        "estimate": 31.961494811676907,
        "std": 6.7486274633027845
    },
    "8": {
        "estimate": 32.93517057168489,
        "std": 7.395023120259611
    },
    "9": {
        "estimate": 28.729688751606265,
        "std": 7.281192820069006
    },
    "10": {
        "estimate": 30.771965003570134,
        "std": 7.633692369510997
    },
    "11": {
        "estimate": 32.215670349976506,
        "std": 8.291289636160165
    },
    "12": {
        "estimate": 33.01257620163709,
        "std": 8.144474738789206
    },
    "13": {
        "estimate": 32.71308926697145,
        "std": 7.75780208246343
    },
    "14": {
        "estimate": 33.8991029692841,
        "std": 7.83897368498728
    },
    "15": {
        "estimate": 32.477401466839915,
        "std": 7.91019436221922
    },
    "16": {
        "estimate": 31.236601909994082,
        "std": 7.485340757396605
    },
    "17": {
        "estimate": 30.30460602605732,
        "std": 7.425354748495211
    },
    "18": {
        "estimate": 30.3878518580793,
        "std": 7.345105484591621
    },
    "19": {
        "estimate": 29.999851567902866,
        "std": 7.087867468058078
    },
    "20": {
        "estimate": 29.66171619035544,
        "std": 6.904532459092913
    },
    "21": {
        "estimate": 29.244916400541115,
        "std": 6.755544971351768
    },
    "22": {
        "estimate": 29.13803317795043,
        "std": 6.672386310769365
    },
    "23": {
        "estimate": 28.460328394999838,
        "std": 6.5318904026331115
    },
    "24": {
        "estimate": 28.38072324881202,
        "std": 6.440853219715
    },
    "25": {
        "estimate": 28.304755381144496,
        "std": 6.425965121898542
    },
    "26": {
        "estimate": 28.42897121072861,
        "std": 6.458952305046996
    },
    "27": {
        "estimate": 28.4644130282751,
        "std": 6.4484634272707675
    },
    "28": {
        "estimate": 28.249119025494043,
        "std": 6.423932060878876
    },
    "29": {
        "estimate": 28.287287751842058,
        "std": 6.402632059174855
    },
    "30": {
        "estimate": 28.14511918387341,
        "std": 6.381931617934633
    },
    "31": {
        "estimate": 28.138687008740856,
        "std": 6.3732996839620535
    },
    "32": {
        "estimate": 27.93273284209799,
        "std": 6.386778544747416
    },
    "33": {
        "estimate": 28.006209335097186,
        "std": 6.407168979907855
    },
    "34": {
        "estimate": 28.073110274361323,
        "std": 6.407570304616651
    },
    "35": {
        "estimate": 28.164175430603073,
        "std": 6.457139296788548
    },
    "36": {
        "estimate": 28.07635274257186,
        "std": 6.422692713168374
    },
    "37": {
        "estimate": 28.390766025655957,
        "std": 6.546950524024472
    },
    "38": {
        "estimate": 28.59994973889502,
        "std": 6.543737685631568
    },
    "39": {
        "estimate": 29.492324990354177,
        "std": 6.757962130921379
    },
    "40": {
        "estimate": 29.868080304598482,
        "std": 7.460714910877206
    }
}