{
    "0": {
        "estimate": NaN,
        "std": NaN
    },
    "1": {
        "estimate": 18.23777751461493,
        "std": 5.613346507363664
    },
    "2": {
        "estimate": 20.11786555948663,
        "std": 6.090120338413511
    },
    "3": {
        "estimate": 24.707530414424372,
        "std": 6.827532218494653
    },
    "4": {
        "estimate": 28.45331579737291,
        "std": 7.937554194412788
    },
    "5": {
        "estimate": 30.075028999701747,
        "std": 8.09558240541902
    },
    "6": {
        "estimate": 33.57497314826892,
        "std": 8.73801524188036
    },
    "7": {
        "estimate": 34.337166354479265,
        "std": 9.149277638459994
    },
    "8": {
        "estimate": 34.91032832243292,
        "std": 9.91947512063165
    },
    "9": {
        "estimate": 30.41287860664705,
        "std": 9.228413144000301
    },
    "10": {
        "estimate": 32.591871623769876,
        "std": 9.59713043844169
    },
    "11": {
        "estimate": 34.12834538268406,
        "std": 10.39488516628568
    },
    "12": {
        "estimate": 35.16348412794731,
        "std": 10.431265590562935
    },
    "13": {
        "estimate": 34.94577846988479,
        "std": 9.848345672731895
    },
    "14": {
        "estimate": 36.556742864529596,
        "std": 10.453491082813121
    },
    "15": {
        "estimate": 34.75561972967566,
        "std": 10.244897675682415
    },
    "16": {
        "estimate": 33.071728569375026,
        "std": 9.523186565959584
    },
    "17": {
        "estimate": 32.066665546174406,
        "std": 9.458182344263136
    },
    "18": {
        "estimate": 32.30630115640985,
        "std": 9.354033845714921
    },
    "19": {
        "estimate": 32.26204506068062,
        "std": 9.324038107878394
    },
    "20": {
        "estimate": 32.081101810067054,
        "std": 9.19774500086269
    },
    "21": {
        "estimate": 31.578642076337676,
        "std": 8.916557610234344
    },
    "22": {
        "estimate": 31.63422003126529,
        "std": 8.905287629820318
    },
    "23": {
        "estimate": 30.953275429620756,
        "std": 8.62180472169115
    },
    "24": {
        "estimate": 30.794863820588066,
        "std": 8.490621558248236
    },
    "25": {
        "estimate": 30.691545325769354,
        "std": 8.429591326445683
    },
    "26": {
        "estimate": 30.826710211141222,
        "std": 8.396949747426302
    },
    "27": {
        "estimate": 30.87256218210197,
        "std": 8.30440406063394
    },
    "28": {
        "estimate": 30.67650749990177,
        "std": 8.205463908271243
    },
    "29": {
        "estimate": 30.738575720379384,
        "std": 8.232532528441055
    },
    "30": {
        "estimate": 30.617074542422465,
        "std": 8.206966629579474
    },
    "31": {
        "estimate": 30.61948653280057,
        "std": 8.225901326899766
    },
    "32": {
        "estimate": 30.48320914418667,
        "std": 8.337938213997687
    },
    "33": {
        "estimate": 30.48118765187171,
        "std": 8.274049066551568
    },
    "34": {
        "estimate": 30.55769015310976,
        "std": 8.367777430159016
    },
    "35": {
        "estimate": 30.72762317777976,
        "std": 8.420967610369246
    },
    "36": {
        "estimate": 30.675534088786417,
        "std": 8.403269523743631
    },
    "37": {
        "estimate": 31.10443494270494,
        "std": 8.539779380592295
    },
    "38": {
        "estimate": 31.42338366112227,
        "std": 8.705976717915
    },
    "39": {
        "estimate": 32.46952821272076,
        "std": 9.02586784308586
    },
    "40": {
        "estimate": 32.82301955637626,
        "std": 9.292062172543684
    }
}