{
    "0": NaN,
    "1": 9.936370849609375,
    "2": 13.50526237487793,
    "3": 22.66094398498535,
    "4": 27.11958122253418,
    "5": 31.056859970092773,
    "6": 33.52335739135742,
    "7": 29.70594596862793,
    "8": 26.797332763671875,
    "9": 21.712804794311523,
    "10": 24.867904663085938,
    "11": 26.935123443603516,
    "12": 29.822473526000977,
    "13": 30.916885375976562,
    "14": 35.58034133911133,
    "15": 31.759275436401367,
    "16": 29.02819061279297,
    "17": 27.574169158935547,
    "18": 29.389310836791992,
    "19": 29.804859161376953,
    "20": 31.150123596191406,
    "21": 31.548263549804688,
    "22": 32.87569046020508,
    "23": 32.41147232055664,
    "24": 32.82469940185547,
    "25": 32.86651611328125,
    "26": 33.07941436767578,
    "27": 33.187538146972656,
    "28": 33.210845947265625,
    "29": 33.59406280517578,
    "30": 33.68699264526367,
    "31": 33.81193923950195,
    "32": 33.69713592529297,
    "33": 33.822811126708984,
    "34": 33.97963333129883,
    "35": 34.32682800292969,
    "36": 34.51588821411133,
    "37": 34.8065299987793,
    "38": 35.34312438964844,
    "39": 35.88896560668945,
    "40": 36.03279113769531
}