{
    "0": {
        "estimate": Infinity,
        "std": NaN
    },
    "1": {
        "estimate": 12.657593000903095,
        "std": 6.672229424784886
    },
    "2": {
        "estimate": 13.239439297316288,
        "std": 7.5627207894565185
    },
    "3": {
        "estimate": 16.29026642592369,
        "std": 7.45161855514631
    },
    "4": {
        "estimate": 17.2841151561535,
        "std": 9.148405221419758
    },
    "5": {
        "estimate": 20.43916091741465,
        "std": 9.747187731029765
    },
    "6": {
        "estimate": 23.81350120811631,
        "std": 10.410148201727075
    },
    "7": {
        "estimate": 23.996968676573996,
        "std": 9.733055681118422
    },
    "8": {
        "estimate": 24.843293973395497,
        "std": 9.605639658162213
    },
    "9": {
        "estimate": 25.86267296077924,
        "std": 9.892392327174445
    },
    "10": {
        "estimate": 26.348134909716574,
        "std": 9.719172972139107
    },
    "11": {
        "estimate": 27.527256481989205,
        "std": 9.472081381259729
    },
    "12": {
        "estimate": 28.664025969559862,
        "std": 9.41236849679158
    },
    "13": {
        "estimate": 29.06487686640072,
        "std": 8.971504291321576
    },
    "14": {
        "estimate": 28.60054309032432,
        "std": 8.389628240374584
    },
    "15": {
        "estimate": 28.289545325359807,
        "std": 7.853383225890693
    },
    "16": {
        "estimate": 26.76025770827058,
        "std": 7.089228189669132
    },
    "17": {
        "estimate": 25.38284312690868,
        "std": 6.794309711208749
    },
    "18": {
        "estimate": 24.46001699968608,
        "std": 6.592018824914488
    },
    "19": {
        "estimate": 22.300276444519692,
        "std": 6.390451021959259
    },
    "20": {
        "estimate": 21.292486454611023,
        "std": 5.817709972889805
    },
    "21": {
        "estimate": 20.963192758547905,
        "std": 6.185847838316634
    },
    "22": {
        "estimate": 20.263318215605437,
        "std": 6.333620621817337
    },
    "23": {
        "estimate": 19.82371192697129,
        "std": 6.352204872621578
    },
    "24": {
        "estimate": 19.896641091115995,
        "std": 6.41961454406657
    },
    "25": {
        "estimate": 20.21684268856094,
        "std": 6.602226386023084
    },
    "26": {
        "estimate": 20.39743767728111,
        "std": 7.0037569006417035
    },
    "27": {
        "estimate": 20.663152071051393,
        "std": 7.166557584666138
    },
    "28": {
        "estimate": 20.43113453689606,
        "std": 7.187235707790956
    },
    "29": {
        "estimate": 20.703038336901976,
        "std": 7.345769468737567
    },
    "30": {
        "estimate": 22.63492122681768,
        "std": 8.249544186678204
    },
    "31": {
        "estimate": 23.68990340012009,
        "std": 8.930239508314234
    },
    "32": {
        "estimate": 24.90309067080557,
        "std": 10.092456345327799
    }
}