{
    "0": {
        "estimate": Infinity,
        "std": NaN
    },
    "1": {
        "estimate": 12.511771985934187,
        "std": 7.474313291313863
    },
    "2": {
        "estimate": 12.60563114802786,
        "std": 8.392224285592285
    },
    "3": {
        "estimate": 15.879601181761839,
        "std": 8.396592508725263
    },
    "4": {
        "estimate": 16.830302357868206,
        "std": 9.952726358417708
    },
    "5": {
        "estimate": 20.024509908991465,
        "std": 10.44246930779724
    },
    "6": {
        "estimate": 23.57203530128526,
        "std": 11.082605565500112
    },
    "7": {
        "estimate": 24.199179672945903,
        "std": 10.46935333172115
    },
    "8": {
        "estimate": 25.251053182777767,
        "std": 10.235811419959589
    },
    "9": {
        "estimate": 26.252439876001677,
        "std": 10.595774141035015
    },
    "10": {
        "estimate": 26.86653904595852,
        "std": 10.437106522227285
    },
    "11": {
        "estimate": 28.17045194419854,
        "std": 10.16321945990834
    },
    "12": {
        "estimate": 29.405867368028918,
        "std": 10.069223401783077
    },
    "13": {
        "estimate": 30.21274801242931,
        "std": 9.713298090570142
    },
    "14": {
        "estimate": 29.83102324501606,
        "std": 9.170276163206628
    },
    "15": {
        "estimate": 29.540736449318402,
        "std": 8.671259128378713
    },
    "16": {
        "estimate": 28.08659884534995,
        "std": 7.880199811247989
    },
    "17": {
        "estimate": 26.80784518796489,
        "std": 7.464022040308927
    },
    "18": {
        "estimate": 25.91182972492564,
        "std": 7.173586618939405
    },
    "19": {
        "estimate": 23.74956566816954,
        "std": 6.839398459377319
    },
    "20": {
        "estimate": 22.75630649590158,
        "std": 6.298948782125165
    },
    "21": {
        "estimate": 22.42632034428801,
        "std": 6.528295892259619
    },
    "22": {
        "estimate": 21.82388389573292,
        "std": 6.598653875250724
    },
    "23": {
        "estimate": 21.46507707223272,
        "std": 6.628505390026399
    },
    "24": {
        "estimate": 21.555944622120077,
        "std": 6.733280845475642
    },
    "25": {
        "estimate": 21.901140724113613,
        "std": 6.94355240837901
    },
    "26": {
        "estimate": 22.091751264240553,
        "std": 7.29536557288406
    },
    "27": {
        "estimate": 22.400863067986506,
        "std": 7.463485745879984
    },
    "28": {
        "estimate": 22.18119667206658,
        "std": 7.463403566919833
    },
    "29": {
        "estimate": 22.596640391799372,
        "std": 7.713205897230245
    },
    "30": {
        "estimate": 24.606600301494655,
        "std": 8.608562422110582
    },
    "31": {
        "estimate": 25.772090845541683,
        "std": 9.416714421406404
    },
    "32": {
        "estimate": 26.787821155722426,
        "std": 10.566830048141222
    }
}