{
    "0": {
        "estimate": Infinity,
        "std": NaN
    },
    "1": {
        "estimate": 12.691159137340618,
        "std": 6.07915124446224
    },
    "2": {
        "estimate": 13.600148285593328,
        "std": 7.00337966011807
    },
    "3": {
        "estimate": 16.486098695544108,
        "std": 6.815882867899859
    },
    "4": {
        "estimate": 17.509906157914724,
        "std": 8.72097409220502
    },
    "5": {
        "estimate": 20.52460992110472,
        "std": 9.32471001111362
    },
    "6": {
        "estimate": 23.849401084616108,
        "std": 9.981488118734065
    },
    "7": {
        "estimate": 23.741306842686573,
        "std": 9.393512794500761
    },
    "8": {
        "estimate": 24.46973669305017,
        "std": 9.356924920086604
    },
    "9": {
        "estimate": 25.519527467570448,
        "std": 9.532819119646232
    },
    "10": {
        "estimate": 25.931302828695777,
        "std": 9.437523443788491
    },
    "11": {
        "estimate": 27.040837884371193,
        "std": 9.155864957783438
    },
    "12": {
        "estimate": 28.055851072538122,
        "std": 9.006130155380948
    },
    "13": {
        "estimate": 28.265978503732622,
        "std": 8.641860857907732
    },
    "14": {
        "estimate": 27.76291381135846,
        "std": 8.046302345074588
    },
    "15": {
        "estimate": 27.425646679518355,
        "std": 7.499698797881479
    },
    "16": {
        "estimate": 25.88282624841731,
        "std": 6.670831179936114
    },
    "17": {
        "estimate": 24.40109301306251,
        "std": 6.457162813874832
    },
    "18": {
        "estimate": 23.44683569800141,
        "std": 6.273404166736004
    },
    "19": {
        "estimate": 21.31372847345243,
        "std": 6.221123878440176
    },
    "20": {
        "estimate": 20.272447569414297,
        "std": 5.591303000083975
    },
    "21": {
        "estimate": 19.89250855477187,
        "std": 5.9258705340479665
    },
    "22": {
        "estimate": 19.138932437449483,
        "std": 6.276052161233486
    },
    "23": {
        "estimate": 18.708354419438326,
        "std": 6.330534457846014
    },
    "24": {
        "estimate": 18.75944006583856,
        "std": 6.374488570921948
    },
    "25": {
        "estimate": 19.04340601148228,
        "std": 6.568452539505215
    },
    "26": {
        "estimate": 19.182695138989676,
        "std": 6.9450843915961125
    },
    "27": {
        "estimate": 19.447002843535167,
        "std": 7.116993515346628
    },
    "28": {
        "estimate": 19.199883095936226,
        "std": 7.05859318290249
    },
    "29": {
        "estimate": 19.398126514007714,
        "std": 7.2085751673844936
    },
    "30": {
        "estimate": 21.214762650317052,
        "std": 8.040609815280886
    },
    "31": {
        "estimate": 22.205835868768474,
        "std": 8.723679955343252
    },
    "32": {
        "estimate": 23.563295593307615,
        "std": 9.788795696279763
    }
}