{
    "0": {
        "estimate": Infinity,
        "std": NaN
    },
    "1": {
        "estimate": 12.404984300377025,
        "std": 11.961982925720609
    },
    "2": {
        "estimate": 11.775975431919706,
        "std": 12.783615542960282
    },
    "3": {
        "estimate": 14.741090824576892,
        "std": 12.606530991683831
    },
    "4": {
        "estimate": 15.393427872239531,
        "std": 13.549590816321052
    },
    "5": {
        "estimate": 18.789706406383655,
        "std": 14.503935689761148
    },
    "6": {
        "estimate": 22.598066108030086,
        "std": 15.135298271365736
    },
    "7": {
        "estimate": 24.295693115380004,
        "std": 14.441182178419844
    },
    "8": {
        "estimate": 26.070502253087557,
        "std": 14.295300152482644
    },
    "9": {
        "estimate": 26.999998302796367,
        "std": 14.54851834041428
    },
    "10": {
        "estimate": 28.13438351218386,
        "std": 14.217431040268751
    },
    "11": {
        "estimate": 29.943331318516343,
        "std": 14.27457067597783
    },
    "12": {
        "estimate": 31.388479774274707,
        "std": 14.295419785738758
    },
    "13": {
        "estimate": 33.78758202850178,
        "std": 14.312065241513146
    },
    "14": {
        "estimate": 33.8054632950598,
        "std": 13.854060356778437
    },
    "15": {
        "estimate": 33.51854866581679,
        "std": 13.046589454666945
    },
    "16": {
        "estimate": 32.6616993513038,
        "std": 12.140960567598961
    },
    "17": {
        "estimate": 31.77014496268815,
        "std": 11.433035097389622
    },
    "18": {
        "estimate": 30.95787678187526,
        "std": 11.364853457824609
    },
    "19": {
        "estimate": 28.859634924443416,
        "std": 10.554160910723946
    },
    "20": {
        "estimate": 27.736493941526977,
        "std": 9.660558456938032
    },
    "21": {
        "estimate": 27.615940424679046,
        "std": 9.937846283922907
    },
    "22": {
        "estimate": 27.17174691947098,
        "std": 9.841795760770276
    },
    "23": {
        "estimate": 26.802971642480777,
        "std": 9.600886862761028
    },
    "24": {
        "estimate": 27.02308691728058,
        "std": 9.66690503521155
    },
    "25": {
        "estimate": 27.491370099632366,
        "std": 9.846558272579715
    },
    "26": {
        "estimate": 27.891697586811905,
        "std": 10.29838710026332
    },
    "27": {
        "estimate": 28.298952378390975,
        "std": 10.586941292647388
    },
    "28": {
        "estimate": 28.057375502035907,
        "std": 10.498358400518969
    },
    "29": {
        "estimate": 28.752603610930347,
        "std": 11.070471615574776
    },
    "30": {
        "estimate": 31.276316660882532,
        "std": 12.3989792739248
    },
    "31": {
        "estimate": 32.69905478075207,
        "std": 13.284938901709873
    },
    "32": {
        "estimate": 33.098401224790585,
        "std": 14.337168242950629
    }
}