{
    "0": NaN,
    "1": 4.329797267913818,
    "2": 2.5523223876953125,
    "3": 5.284908294677734,
    "4": 4.841891765594482,
    "5": 7.298313140869141,
    "6": 10.358345031738281,
    "7": 12.467090606689453,
    "8": 14.893378257751465,
    "9": 15.355266571044922,
    "10": 17.54594612121582,
    "11": 20.543285369873047,
    "12": 21.80866813659668,
    "13": 27.402196884155273,
    "14": 28.606380462646484,
    "15": 31.17812728881836,
    "16": 32.0889892578125,
    "17": 33.243080139160156,
    "18": 32.46650695800781,
    "19": 32.04827880859375,
    "20": 31.123355865478516,
    "21": 31.001863479614258,
    "22": 30.421239852905273,
    "23": 30.41045379638672,
    "24": 30.9577693939209,
    "25": 31.664871215820312,
    "26": 31.848812103271484,
    "27": 32.10060501098633,
    "28": 32.20939254760742,
    "29": 32.79352951049805,
    "30": 34.31587219238281,
    "31": 35.5743522644043,
    "32": 35.37429428100586
}