{
    "0": NaN,
    "1": 11.723918914794922,
    "2": 15.4723482131958,
    "3": 17.642763137817383,
    "4": 20.345176696777344,
    "5": 23.342187881469727,
    "6": 21.056716918945312,
    "7": 19.93334197998047,
    "8": 21.542278289794922,
    "9": 22.800100326538086,
    "10": 23.080493927001953,
    "11": 22.62009048461914,
    "12": 20.27305793762207,
    "13": 18.9569034576416,
    "14": 17.468284606933594,
    "15": 16.900957107543945,
    "16": 17.628957748413086,
    "17": 18.057220458984375,
    "18": 18.091876983642578,
    "19": 18.291574478149414,
    "20": 18.10691261291504,
    "21": 18.544221878051758,
    "22": 18.674345016479492,
    "23": 18.84543800354004,
    "24": 18.997970581054688,
    "25": 19.235519409179688,
    "26": 19.05274772644043,
    "27": 19.243852615356445,
    "28": 19.23419189453125,
    "29": 19.097257614135742,
    "30": 19.02340316772461,
    "31": 19.11708641052246,
    "32": 18.788673400878906
}