{
    "0": {
        "estimate": NaN,
        "std": NaN
    },
    "1": {
        "estimate": 14.63725869197669,
        "std": 6.067109115519604
    },
    "2": {
        "estimate": 16.559735177166704,
        "std": 6.3358769237566825
    },
    "3": {
        "estimate": 19.05021155168924,
        "std": 7.187670894303348
    },
    "4": {
        "estimate": 20.69261510314245,
        "std": 7.671142346512418
    },
    "5": {
        "estimate": 22.733059514136613,
        "std": 8.403764828777566
    },
    "6": {
        "estimate": 25.48803765733191,
        "std": 9.591912574468147
    },
    "7": {
        "estimate": 27.007691432821016,
        "std": 9.95499808563844
    },
    "8": {
        "estimate": 27.311946453222145,
        "std": 10.188129255161746
    },
    "9": {
        "estimate": 28.621864633356758,
        "std": 10.574448382325263
    },
    "10": {
        "estimate": 27.37061897402676,
        "std": 10.342837312053975
    },
    "11": {
        "estimate": 27.35048700366402,
        "std": 10.963459015614616
    },
    "12": {
        "estimate": 29.44127203825185,
        "std": 11.670535841449652
    },
    "13": {
        "estimate": 30.82493435732826,
        "std": 12.471667695479809
    },
    "14": {
        "estimate": 28.90834964998481,
        "std": 12.026366073122276
    },
    "15": {
        "estimate": 27.889017339728458,
        "std": 11.965919477726821
    },
    "16": {
        "estimate": 27.806170305231646,
        "std": 11.942770923806085
    },
    "17": {
        "estimate": 26.57718930795229,
        "std": 11.113748752148112
    },
    "18": {
        "estimate": 26.303386046550777,
        "std": 11.058400608408546
    },
    "19": {
        "estimate": 25.451371787231555,
        "std": 10.540059189604843
    },
    "20": {
        "estimate": 25.610994936567714,
        "std": 10.473556194437188
    },
    "21": {
        "estimate": 25.57557071886197,
        "std": 10.53414827651331
    },
    "22": {
        "estimate": 25.590589231484227,
        "std": 10.475401059466863
    },
    "23": {
        "estimate": 25.774495242142567,
        "std": 10.6617154196062
    },
    "24": {
        "estimate": 26.107168127636342,
        "std": 10.832722194285413
    },
    "25": {
        "estimate": 26.684398893036235,
        "std": 11.520475077500228
    },
    "26": {
        "estimate": 26.644866998795187,
        "std": 11.458694731728722
    },
    "27": {
        "estimate": 27.18940008943047,
        "std": 11.935455110547258
    },
    "28": {
        "estimate": 27.169425986071584,
        "std": 11.796069708656235
    },
    "29": {
        "estimate": 27.25518665213438,
        "std": 11.944563013002059
    },
    "30": {
        "estimate": 27.98529565453917,
        "std": 12.314302669996893
    },
    "31": {
        "estimate": 28.247099788734253,
        "std": 12.442563672803026
    },
    "32": {
        "estimate": 27.85080077549889,
        "std": 12.841686178677424
    }
}