{
    "0": NaN,
    "1": 20.815753936767578,
    "2": 20.73198699951172,
    "3": 22.198143005371094,
    "4": 21.043798446655273,
    "5": 21.045318603515625,
    "6": 20.9028377532959,
    "7": 21.009599685668945,
    "8": 21.714696884155273,
    "9": 21.280941009521484,
    "10": 21.52642250061035,
    "11": 21.71810531616211,
    "12": 22.604448318481445,
    "13": 23.317312240600586,
    "14": 24.25468635559082,
    "15": 25.19736671447754,
    "16": 25.466129302978516,
    "17": 24.481430053710938,
    "18": 23.27918815612793,
    "19": 22.79621124267578,
    "20": 22.5014591217041,
    "21": 22.341989517211914,
    "22": 22.146116256713867,
    "23": 21.628122329711914,
    "24": 21.708471298217773,
    "25": 21.212074279785156,
    "26": 21.18383026123047,
    "27": 20.303449630737305,
    "28": 20.166118621826172,
    "29": 20.059526443481445,
    "30": 19.870576858520508,
    "31": 19.90220832824707,
    "32": 19.537118911743164,
    "33": 19.08537483215332,
    "34": 19.050994873046875,
    "35": 19.285036087036133,
    "36": 19.35268783569336,
    "37": 19.150747299194336,
    "38": 19.21221923828125,
    "39": 18.98394012451172,
    "40": 18.149520874023438
}