{
    "0": {
        "estimate": Infinity,
        "std": NaN
    },
    "1": {
        "estimate": 23.642983557756384,
        "std": 7.833519657579794
    },
    "2": {
        "estimate": 23.883250654820387,
        "std": 7.493547868236559
    },
    "3": {
        "estimate": 27.90893184724081,
        "std": 7.682186383046451
    },
    "4": {
        "estimate": 29.16385886116908,
        "std": 8.611425066279402
    },
    "5": {
        "estimate": 29.68560578914678,
        "std": 8.95995146084755
    },
    "6": {
        "estimate": 31.71348607518347,
        "std": 8.976123723576732
    },
    "7": {
        "estimate": 31.557474360724015,
        "std": 9.052732966981544
    },
    "8": {
        "estimate": 30.55910800410012,
        "std": 8.885478182862535
    },
    "9": {
        "estimate": 29.40990447803542,
        "std": 9.067394404372614
    },
    "10": {
        "estimate": 28.939666534032124,
        "std": 8.914071481406015
    },
    "11": {
        "estimate": 28.450153758252146,
        "std": 8.865855377065591
    },
    "12": {
        "estimate": 31.214678040216874,
        "std": 9.502196462484193
    },
    "13": {
        "estimate": 31.91439134498797,
        "std": 9.33659202765617
    },
    "14": {
        "estimate": 32.963874661261464,
        "std": 9.598725774614337
    },
    "15": {
        "estimate": 33.27287876570688,
        "std": 9.221037787925196
    },
    "16": {
        "estimate": 33.0483472699231,
        "std": 9.262569215047465
    },
    "17": {
        "estimate": 32.197661005962864,
        "std": 8.939983002046105
    },
    "18": {
        "estimate": 30.95143658113511,
        "std": 8.952239087972803
    },
    "19": {
        "estimate": 31.06428437292303,
        "std": 8.616214112289251
    },
    "20": {
        "estimate": 30.486372177654307,
        "std": 8.419735595837128
    },
    "21": {
        "estimate": 30.098198336453578,
        "std": 8.195827763436625
    },
    "22": {
        "estimate": 30.174302536868538,
        "std": 8.19216989981308
    },
    "23": {
        "estimate": 30.22810432717431,
        "std": 8.171706461853352
    },
    "24": {
        "estimate": 30.15933838730781,
        "std": 8.232203141741302
    },
    "25": {
        "estimate": 30.39418322081284,
        "std": 8.355942573430756
    },
    "26": {
        "estimate": 30.410852150105946,
        "std": 8.339339939140672
    },
    "27": {
        "estimate": 30.65489020208011,
        "std": 8.406426623211546
    },
    "28": {
        "estimate": 30.625509121287802,
        "std": 8.285359893860765
    },
    "29": {
        "estimate": 30.841548736069235,
        "std": 8.44344911597309
    },
    "30": {
        "estimate": 31.332796817704605,
        "std": 8.67144286156112
    },
    "31": {
        "estimate": 31.37380927078482,
        "std": 8.66207495080517
    },
    "32": {
        "estimate": 31.222880318963224,
        "std": 8.563008569696366
    }
}