{
    "0": NaN,
    "1": 10.437959671020508,
    "2": 13.574167251586914,
    "3": 23.179018020629883,
    "4": 19.389301300048828,
    "5": 19.86511993408203,
    "6": 25.0745906829834,
    "7": 25.00361442565918,
    "8": 24.718461990356445,
    "9": 22.954286575317383,
    "10": 24.75920295715332,
    "11": 23.253793716430664,
    "12": 25.69759750366211,
    "13": 28.666492462158203,
    "14": 29.211599349975586,
    "15": 30.708566665649414,
    "16": 31.160669326782227,
    "17": 30.787954330444336,
    "18": 30.143301010131836,
    "19": 31.863908767700195,
    "20": 32.09356689453125,
    "21": 32.27178192138672,
    "22": 32.7691764831543,
    "23": 33.08049011230469,
    "24": 33.13896179199219,
    "25": 33.863224029541016,
    "26": 34.50837707519531,
    "27": 35.40091323852539,
    "28": 35.80213165283203,
    "29": 36.40796661376953,
    "30": 36.15642166137695,
    "31": 36.43421173095703,
    "32": 35.8658332824707
}