{
    "0": {
        "estimate": NaN,
        "std": NaN
    },
    "1": {
        "estimate": 15.351953103217953,
        "std": 3.2455505644624245
    },
    "2": {
        "estimate": 13.664022982124479,
        "std": 5.974352972222403
    },
    "3": {
        "estimate": 14.436650616388691,
        "std": 7.2101437386050256
    },
    "4": {
        "estimate": 15.177101456688455,
        "std": 7.550678429405617
    },
    "5": {
        "estimate": 16.990048344786494,
        "std": 7.686011182447499
    },
    "6": {
        "estimate": 19.26415469667383,
        "std": 9.041718808220399
    },
    "7": {
        "estimate": 21.252356655908592,
        "std": 9.313224097270446
    },
    "8": {
        "estimate": 23.865295353180535,
        "std": 9.345479929057948
    },
    "9": {
        "estimate": 24.987879802419688,
        "std": 9.450606666862143
    },
    "10": {
        "estimate": 26.636955540702353,
        "std": 8.992027995420147
    },
    "11": {
        "estimate": 28.427630453675963,
        "std": 8.573565551417733
    },
    "12": {
        "estimate": 29.34195726908405,
        "std": 8.413825654801329
    },
    "13": {
        "estimate": 28.733706541748166,
        "std": 8.177014691050315
    },
    "14": {
        "estimate": 25.883812925109225,
        "std": 7.7584274792187
    },
    "15": {
        "estimate": 25.193547887436615,
        "std": 7.394848700536475
    },
    "16": {
        "estimate": 25.826164814484002,
        "std": 7.223803452266727
    },
    "17": {
        "estimate": 25.83880673990995,
        "std": 6.962465719262774
    },
    "18": {
        "estimate": 23.087748904427624,
        "std": 6.552701299479149
    },
    "19": {
        "estimate": 22.654583767963494,
        "std": 6.449647368132266
    },
    "20": {
        "estimate": 21.257603044551644,
        "std": 6.08326476970761
    },
    "21": {
        "estimate": 20.937245495849808,
        "std": 6.075151172766783
    },
    "22": {
        "estimate": 21.233645531470177,
        "std": 6.475037441767118
    },
    "23": {
        "estimate": 21.374973298128406,
        "std": 6.635360714136393
    },
    "24": {
        "estimate": 21.449396325319057,
        "std": 6.718332814837205
    },
    "25": {
        "estimate": 22.31663089235451,
        "std": 7.198943020341366
    },
    "26": {
        "estimate": 23.478167716043302,
        "std": 8.118236711302753
    },
    "27": {
        "estimate": 24.539992599862522,
        "std": 8.551345741055302
    },
    "28": {
        "estimate": 25.040094102068885,
        "std": 9.10395757180278
    },
    "29": {
        "estimate": 25.745661941453257,
        "std": 9.658168075118924
    },
    "30": {
        "estimate": 25.98708444877989,
        "std": 9.829918676578782
    },
    "31": {
        "estimate": 26.372228394846655,
        "std": 9.84662841081125
    },
    "32": {
        "estimate": 26.70156427119837,
        "std": 9.913789937468945
    },
    "33": {
        "estimate": 27.551515865817112,
        "std": 10.341050270874518
    },
    "34": {
        "estimate": 27.727520054231498,
        "std": 10.458688631036377
    },
    "35": {
        "estimate": 27.845159333561593,
        "std": 10.516732719777005
    },
    "36": {
        "estimate": 27.98441545111127,
        "std": 10.68740710980019
    },
    "37": {
        "estimate": 28.40062719664544,
        "std": 10.828057352252488
    },
    "38": {
        "estimate": 29.282704913803318,
        "std": 11.280459239395029
    },
    "39": {
        "estimate": 30.06569094052465,
        "std": 11.32282294756372
    },
    "40": {
        "estimate": 29.83198366823041,
        "std": 10.700840039130618
    }
}