{
    "0": {
        "estimate": NaN,
        "std": NaN
    },
    "1": {
        "estimate": 17.698962553012144,
        "std": 4.812925762456954
    },
    "2": {
        "estimate": 13.054833045792474,
        "std": 8.800106906509908
    },
    "3": {
        "estimate": 13.652691712763414,
        "std": 10.43741908320404
    },
    "4": {
        "estimate": 13.676977906239676,
        "std": 10.562028146414729
    },
    "5": {
        "estimate": 15.614208027382599,
        "std": 10.772399948336348
    },
    "6": {
        "estimate": 17.87009860070832,
        "std": 11.757711495346449
    },
    "7": {
        "estimate": 20.209137378217726,
        "std": 12.068509918039531
    },
    "8": {
        "estimate": 23.46287719308902,
        "std": 12.169974048448191
    },
    "9": {
        "estimate": 24.927949827595686,
        "std": 12.269496570308105
    },
    "10": {
        "estimate": 27.272065644881142,
        "std": 11.877944370448855
    },
    "11": {
        "estimate": 30.45048511510056,
        "std": 11.635188174854685
    },
    "12": {
        "estimate": 31.956934999785787,
        "std": 11.388783827152654
    },
    "13": {
        "estimate": 32.05439993075158,
        "std": 10.985146914099214
    },
    "14": {
        "estimate": 30.04090509764119,
        "std": 9.889441494944318
    },
    "15": {
        "estimate": 29.814224181056023,
        "std": 9.251508283660806
    },
    "16": {
        "estimate": 30.622389239597112,
        "std": 9.121834429029994
    },
    "17": {
        "estimate": 30.797745570411465,
        "std": 9.18905759800052
    },
    "18": {
        "estimate": 27.978467842338798,
        "std": 8.037988527772495
    },
    "19": {
        "estimate": 27.80353281739261,
        "std": 8.058870617101725
    },
    "20": {
        "estimate": 26.69334263045751,
        "std": 7.690687939349263
    },
    "21": {
        "estimate": 26.44281893405675,
        "std": 7.735858418394496
    },
    "22": {
        "estimate": 26.846430236061597,
        "std": 8.059540030031112
    },
    "23": {
        "estimate": 26.878521868011752,
        "std": 8.132018247647238
    },
    "24": {
        "estimate": 26.99440146899612,
        "std": 8.157010698278427
    },
    "25": {
        "estimate": 27.971042384998825,
        "std": 8.631771634035337
    },
    "26": {
        "estimate": 29.27558878635629,
        "std": 9.52096456082683
    },
    "27": {
        "estimate": 30.315449329476913,
        "std": 9.890728012622903
    },
    "28": {
        "estimate": 30.96008189064531,
        "std": 10.455610350957063
    },
    "29": {
        "estimate": 31.78166571466732,
        "std": 11.138282288089057
    },
    "30": {
        "estimate": 31.969848795612414,
        "std": 11.342500444005195
    },
    "31": {
        "estimate": 32.110901738386076,
        "std": 11.130584511199796
    },
    "32": {
        "estimate": 32.37022941927762,
        "std": 11.18862786163899
    },
    "33": {
        "estimate": 33.19451348321336,
        "std": 11.561002173565587
    },
    "34": {
        "estimate": 33.36972920577344,
        "std": 11.683821248399308
    },
    "35": {
        "estimate": 33.41450115048614,
        "std": 11.871094081476533
    },
    "36": {
        "estimate": 33.61471111396683,
        "std": 12.106126749235958
    },
    "37": {
        "estimate": 33.88599906555916,
        "std": 11.991837351732928
    },
    "38": {
        "estimate": 34.59503618763829,
        "std": 12.56434653430223
    },
    "39": {
        "estimate": 34.82456819196069,
        "std": 12.456057576130675
    },
    "40": {
        "estimate": 33.49057219261225,
        "std": 12.249667927366852
    }
}