{
    "0": {
        "estimate": NaN,
        "std": NaN
    },
    "1": {
        "estimate": 18.95635087930056,
        "std": 6.43570318239723
    },
    "2": {
        "estimate": 12.937481523449842,
        "std": 10.553566701664906
    },
    "3": {
        "estimate": 13.536799602707958,
        "std": 12.392973037188684
    },
    "4": {
        "estimate": 13.342524675938018,
        "std": 12.30058046255886
    },
    "5": {
        "estimate": 15.230023429725552,
        "std": 12.635072583414253
    },
    "6": {
        "estimate": 17.371139880829535,
        "std": 13.768921853327505
    },
    "7": {
        "estimate": 19.830029285358208,
        "std": 14.298495629312141
    },
    "8": {
        "estimate": 23.303833754651677,
        "std": 14.52673009159018
    },
    "9": {
        "estimate": 24.74178393700912,
        "std": 14.238133522475371
    },
    "10": {
        "estimate": 27.740491636473855,
        "std": 14.355083140328821
    },
    "11": {
        "estimate": 31.525073418487715,
        "std": 14.58860734886979
    },
    "12": {
        "estimate": 33.331538865312616,
        "std": 14.117514806852904
    },
    "13": {
        "estimate": 34.05443296502921,
        "std": 13.840147675042171
    },
    "14": {
        "estimate": 32.492953078631295,
        "std": 12.176213967382974
    },
    "15": {
        "estimate": 32.337555861099354,
        "std": 11.50459545281869
    },
    "16": {
        "estimate": 33.4902115242898,
        "std": 11.843206904484669
    },
    "17": {
        "estimate": 33.49147228328555,
        "std": 11.775903518967565
    },
    "18": {
        "estimate": 30.802799740970734,
        "std": 10.50825066902793
    },
    "19": {
        "estimate": 30.58884236255373,
        "std": 10.442574285415178
    },
    "20": {
        "estimate": 29.71582805522707,
        "std": 10.16301463364588
    },
    "21": {
        "estimate": 29.459900453989604,
        "std": 9.921061095976238
    },
    "22": {
        "estimate": 29.91717530123006,
        "std": 10.243627957251276
    },
    "23": {
        "estimate": 29.85917940070673,
        "std": 10.262694709906157
    },
    "24": {
        "estimate": 29.98080342525395,
        "std": 10.281384727750327
    },
    "25": {
        "estimate": 31.08307331146828,
        "std": 10.881208145269728
    },
    "26": {
        "estimate": 32.55921794942245,
        "std": 12.094391207006412
    },
    "27": {
        "estimate": 33.5881731529838,
        "std": 12.299265073359402
    },
    "28": {
        "estimate": 34.16925863654668,
        "std": 12.829582975367488
    },
    "29": {
        "estimate": 34.892646473241946,
        "std": 13.383334873155937
    },
    "30": {
        "estimate": 35.19070256955662,
        "std": 13.873825474700661
    },
    "31": {
        "estimate": 35.22854665310251,
        "std": 13.7581860531024
    },
    "32": {
        "estimate": 35.37153218978181,
        "std": 13.728869281214827
    },
    "33": {
        "estimate": 36.147381781682014,
        "std": 14.05340585106644
    },
    "34": {
        "estimate": 36.328889589769396,
        "std": 14.15586134721632
    },
    "35": {
        "estimate": 36.13371158972496,
        "std": 14.220928788906441
    },
    "36": {
        "estimate": 36.24942933496351,
        "std": 14.14027304650353
    },
    "37": {
        "estimate": 36.71699859619734,
        "std": 14.548356351593771
    },
    "38": {
        "estimate": 37.259779897518236,
        "std": 15.155465834787563
    },
    "39": {
        "estimate": 37.181051374153604,
        "std": 15.321799000923372
    },
    "40": {
        "estimate": 35.24566358614092,
        "std": 14.696105985119594
    }
}