{
    "0": {
        "estimate": Infinity,
        "std": NaN
    },
    "1": {
        "estimate": 18.804527416665497,
        "std": 7.040988514272632
    },
    "2": {
        "estimate": 19.982650201350403,
        "std": 7.002764652545148
    },
    "3": {
        "estimate": 21.940540051967474,
        "std": 6.855209001612817
    },
    "4": {
        "estimate": 22.284214822388517,
        "std": 7.269862113376948
    },
    "5": {
        "estimate": 23.245504235409438,
        "std": 7.8546430882251865
    },
    "6": {
        "estimate": 23.103717413603185,
        "std": 7.70044756691337
    },
    "7": {
        "estimate": 23.871103468802556,
        "std": 7.555941708242397
    },
    "8": {
        "estimate": 25.33703767432708,
        "std": 8.421012640282449
    },
    "9": {
        "estimate": 25.691178145440038,
        "std": 8.384407557250153
    },
    "10": {
        "estimate": 25.391407137155795,
        "std": 7.8868410610578366
    },
    "11": {
        "estimate": 25.303138239071753,
        "std": 7.168658336141468
    },
    "12": {
        "estimate": 26.59244181005156,
        "std": 7.50920003986304
    },
    "13": {
        "estimate": 27.506796578721435,
        "std": 7.38522037104235
    },
    "14": {
        "estimate": 26.61843591444383,
        "std": 7.167836612808342
    },
    "15": {
        "estimate": 27.091293282605537,
        "std": 7.183465078672789
    },
    "16": {
        "estimate": 25.078875977383465,
        "std": 6.863059804107933
    },
    "17": {
        "estimate": 23.844353657097688,
        "std": 6.410765374003989
    },
    "18": {
        "estimate": 22.5575038038622,
        "std": 6.079775927293621
    },
    "19": {
        "estimate": 21.63330136310567,
        "std": 6.013417591794461
    },
    "20": {
        "estimate": 20.09646824389728,
        "std": 5.711063672201839
    },
    "21": {
        "estimate": 19.019952243363967,
        "std": 5.5215928457436005
    },
    "22": {
        "estimate": 17.680255733299667,
        "std": 5.393263873001312
    },
    "23": {
        "estimate": 16.93071983170227,
        "std": 5.30767356290444
    },
    "24": {
        "estimate": 16.470937044073874,
        "std": 5.219221329983011
    },
    "25": {
        "estimate": 16.173214213596495,
        "std": 5.303096465450438
    },
    "26": {
        "estimate": 15.723684815337919,
        "std": 5.166098032543992
    },
    "27": {
        "estimate": 15.633114163099,
        "std": 5.105478443322112
    },
    "28": {
        "estimate": 15.343177239391729,
        "std": 5.038477731669241
    },
    "29": {
        "estimate": 15.092679540959944,
        "std": 4.978609019847235
    },
    "30": {
        "estimate": 15.203704660448414,
        "std": 5.076622387990428
    },
    "31": {
        "estimate": 15.75089824414929,
        "std": 5.188542782925371
    },
    "32": {
        "estimate": 16.325599362090365,
        "std": 5.37137482683329
    }
}