{
    "0": {
        "estimate": Infinity,
        "std": NaN
    },
    "1": {
        "estimate": 22.185865781520175,
        "std": 10.13092779177731
    },
    "2": {
        "estimate": 24.144152367672778,
        "std": 10.452738690616622
    },
    "3": {
        "estimate": 26.51711387166201,
        "std": 10.322300171202972
    },
    "4": {
        "estimate": 26.83776957057606,
        "std": 10.45626794147741
    },
    "5": {
        "estimate": 28.062254773621618,
        "std": 11.239230405459569
    },
    "6": {
        "estimate": 28.1039525179105,
        "std": 11.127969917516989
    },
    "7": {
        "estimate": 28.960114397363657,
        "std": 11.142222329425623
    },
    "8": {
        "estimate": 30.54580319805029,
        "std": 12.26832499587637
    },
    "9": {
        "estimate": 30.645416526042972,
        "std": 12.560653941738499
    },
    "10": {
        "estimate": 30.01629542462596,
        "std": 11.63785130444366
    },
    "11": {
        "estimate": 29.827435771084616,
        "std": 11.491285223236282
    },
    "12": {
        "estimate": 31.194657668559653,
        "std": 11.742453871645358
    },
    "13": {
        "estimate": 32.18687229256138,
        "std": 11.769932934877918
    },
    "14": {
        "estimate": 31.533277988177957,
        "std": 11.652082731608438
    },
    "15": {
        "estimate": 31.95892154186865,
        "std": 11.77265408922665
    },
    "16": {
        "estimate": 29.40109219154879,
        "std": 11.018144269799027
    },
    "17": {
        "estimate": 28.240802971462994,
        "std": 10.489937597631924
    },
    "18": {
        "estimate": 26.591287397109426,
        "std": 9.618996966220516
    },
    "19": {
        "estimate": 25.684076773818582,
        "std": 9.229701009969157
    },
    "20": {
        "estimate": 24.10266316684351,
        "std": 8.820141634860546
    },
    "21": {
        "estimate": 22.90172449517298,
        "std": 8.462657302130864
    },
    "22": {
        "estimate": 21.332154453275702,
        "std": 7.965994482215478
    },
    "23": {
        "estimate": 20.49231274110703,
        "std": 7.785777608919047
    },
    "24": {
        "estimate": 20.000694264825427,
        "std": 7.723001198940308
    },
    "25": {
        "estimate": 19.558356239744683,
        "std": 7.743166167157195
    },
    "26": {
        "estimate": 19.098956125257143,
        "std": 7.442189486115142
    },
    "27": {
        "estimate": 18.99312183106898,
        "std": 7.334150099098374
    },
    "28": {
        "estimate": 18.657190881621897,
        "std": 7.271129751589609
    },
    "29": {
        "estimate": 18.45239654416232,
        "std": 7.153307609442548
    },
    "30": {
        "estimate": 18.62705214078602,
        "std": 7.386795230689803
    },
    "31": {
        "estimate": 19.322236283986097,
        "std": 7.561821885473148
    },
    "32": {
        "estimate": 19.87073301784283,
        "std": 7.856210163991446
    }
}