{
    "0": {
        "estimate": Infinity,
        "std": NaN
    },
    "1": {
        "estimate": 20.590882350390338,
        "std": 8.430468124096635
    },
    "2": {
        "estimate": 22.168475969184076,
        "std": 8.491114577734137
    },
    "3": {
        "estimate": 24.347309785192113,
        "std": 8.335404810076062
    },
    "4": {
        "estimate": 24.653392048158484,
        "std": 8.596129514004911
    },
    "5": {
        "estimate": 25.809972032859775,
        "std": 9.24447983591386
    },
    "6": {
        "estimate": 25.80615962375546,
        "std": 9.077998776276688
    },
    "7": {
        "estimate": 26.51665765862184,
        "std": 8.955341329355129
    },
    "8": {
        "estimate": 28.048557973318285,
        "std": 9.980082428668968
    },
    "9": {
        "estimate": 28.158481903020327,
        "std": 10.141548687961304
    },
    "10": {
        "estimate": 27.793615333520936,
        "std": 9.562529971309406
    },
    "11": {
        "estimate": 27.58721992240619,
        "std": 8.999354809285132
    },
    "12": {
        "estimate": 29.044886491593044,
        "std": 9.330291126274684
    },
    "13": {
        "estimate": 29.90445846325446,
        "std": 9.321847388123619
    },
    "14": {
        "estimate": 29.136164894456968,
        "std": 9.100925637936108
    },
    "15": {
        "estimate": 29.69681697853076,
        "std": 9.319753036766603
    },
    "16": {
        "estimate": 27.273813984114117,
        "std": 8.613142660564945
    },
    "17": {
        "estimate": 26.153197553750942,
        "std": 8.152484443948559
    },
    "18": {
        "estimate": 24.79498266251469,
        "std": 7.709948636798191
    },
    "19": {
        "estimate": 23.822949600546703,
        "std": 7.451936125164749
    },
    "20": {
        "estimate": 22.175676276446328,
        "std": 6.924814875614548
    },
    "21": {
        "estimate": 21.062642240116034,
        "std": 6.732830968207115
    },
    "22": {
        "estimate": 19.6104119192459,
        "std": 6.509560323780234
    },
    "23": {
        "estimate": 18.814432753627926,
        "std": 6.4074887564891085
    },
    "24": {
        "estimate": 18.321151373914024,
        "std": 6.283781514477991
    },
    "25": {
        "estimate": 17.96339327525713,
        "std": 6.2948086151556994
    },
    "26": {
        "estimate": 17.498668108295423,
        "std": 6.089970324528392
    },
    "27": {
        "estimate": 17.47258847185073,
        "std": 6.1027628103176985
    },
    "28": {
        "estimate": 17.117669593710062,
        "std": 5.935209770662061
    },
    "29": {
        "estimate": 16.905293624527953,
        "std": 5.92094525284365
    },
    "30": {
        "estimate": 17.022827862762433,
        "std": 6.035578597733527
    },
    "31": {
        "estimate": 17.65213172135396,
        "std": 6.147489399727008
    },
    "32": {
        "estimate": 18.210779951259713,
        "std": 6.4334681816868855
    }
}