{
    "0": NaN,
    "1": 21.04714584350586,
    "2": 24.302640914916992,
    "3": 27.91032600402832,
    "4": 29.022350311279297,
    "5": 29.784902572631836,
    "6": 29.601537704467773,
    "7": 30.976285934448242,
    "8": 32.20584487915039,
    "9": 31.697959899902344,
    "10": 32.11547088623047,
    "11": 31.473604202270508,
    "12": 33.10871505737305,
    "13": 33.972286224365234,
    "14": 33.7206916809082,
    "15": 33.864192962646484,
    "16": 30.647485733032227,
    "17": 29.731761932373047,
    "18": 27.78032684326172,
    "19": 27.21115493774414,
    "20": 25.5357608795166,
    "21": 24.60000991821289,
    "22": 22.665172576904297,
    "23": 21.745399475097656,
    "24": 21.12455940246582,
    "25": 20.521276473999023,
    "26": 20.128890991210938,
    "27": 20.17962646484375,
    "28": 19.96971893310547,
    "29": 19.854310989379883,
    "30": 19.8188419342041,
    "31": 21.101993560791016,
    "32": 21.687219619750977
}