{
    "0": {
        "estimate": NaN,
        "std": NaN
    },
    "1": {
        "estimate": 16.4044625620773,
        "std": 4.9328022205603945
    },
    "2": {
        "estimate": 17.83470626867058,
        "std": 5.492436236565222
    },
    "3": {
        "estimate": 19.388041074461384,
        "std": 6.506577943953742
    },
    "4": {
        "estimate": 20.8415537978767,
        "std": 6.876522885436614
    },
    "5": {
        "estimate": 22.433452625164396,
        "std": 7.250598634100142
    },
    "6": {
        "estimate": 23.461909902037487,
        "std": 7.946887302673947
    },
    "7": {
        "estimate": 24.730264680913802,
        "std": 8.644616352805757
    },
    "8": {
        "estimate": 26.042974035393062,
        "std": 9.405540452512772
    },
    "9": {
        "estimate": 27.168520047557482,
        "std": 9.510295658642832
    },
    "10": {
        "estimate": 28.941966470816382,
        "std": 9.748094174594648
    },
    "11": {
        "estimate": 27.70360931613101,
        "std": 9.108760508793681
    },
    "12": {
        "estimate": 27.676984762591463,
        "std": 8.430895692628688
    },
    "13": {
        "estimate": 27.02588797867134,
        "std": 8.166140472878833
    },
    "14": {
        "estimate": 25.111215635378414,
        "std": 7.185085368198708
    },
    "15": {
        "estimate": 24.48114272723197,
        "std": 7.180574717888541
    },
    "16": {
        "estimate": 24.940811721142342,
        "std": 7.0085119331889345
    },
    "17": {
        "estimate": 24.193812452991853,
        "std": 6.801049457910841
    },
    "18": {
        "estimate": 23.700469838198362,
        "std": 6.546348897009393
    },
    "19": {
        "estimate": 22.218538275773476,
        "std": 6.13590620333251
    },
    "20": {
        "estimate": 20.79115861072119,
        "std": 5.796895892134087
    },
    "21": {
        "estimate": 20.43885233115474,
        "std": 5.820488869975189
    },
    "22": {
        "estimate": 19.89736553638849,
        "std": 5.68343711315108
    },
    "23": {
        "estimate": 19.200036877612263,
        "std": 5.615412468571567
    },
    "24": {
        "estimate": 18.678718077507572,
        "std": 5.424279605832381
    },
    "25": {
        "estimate": 18.535882032326324,
        "std": 5.3986115388969305
    },
    "26": {
        "estimate": 18.354360875391343,
        "std": 5.380799658077985
    },
    "27": {
        "estimate": 18.02876783541287,
        "std": 5.3679885601098025
    },
    "28": {
        "estimate": 17.645994304847935,
        "std": 5.2581256117765465
    },
    "29": {
        "estimate": 17.525613634041463,
        "std": 5.256973366005761
    },
    "30": {
        "estimate": 17.420705142152134,
        "std": 5.376735302583101
    },
    "31": {
        "estimate": 17.39080323768025,
        "std": 5.431690006052036
    },
    "32": {
        "estimate": 17.12856086880589,
        "std": 5.448260224364355
    },
    "33": {
        "estimate": 17.0928628940062,
        "std": 5.48605665512442
    },
    "34": {
        "estimate": 17.06736768692236,
        "std": 5.494265518688865
    },
    "35": {
        "estimate": 17.20601715286774,
        "std": 5.626093987258133
    },
    "36": {
        "estimate": 17.203601069456607,
        "std": 5.680534254307282
    },
    "37": {
        "estimate": 17.418740680628837,
        "std": 5.837644321490059
    },
    "38": {
        "estimate": 17.788555920851,
        "std": 5.912529495351709
    },
    "39": {
        "estimate": 18.779855488404817,
        "std": 6.452747804216414
    },
    "40": {
        "estimate": 19.829414186425616,
        "std": 7.861622002953511
    }
}