{
    "0": {
        "estimate": NaN,
        "std": NaN
    },
    "1": {
        "estimate": 15.39253554228855,
        "std": 4.532227207131242
    },
    "2": {
        "estimate": 16.79261607290508,
        "std": 5.025687263379401
    },
    "3": {
        "estimate": 18.3057286067441,
        "std": 6.057651619623473
    },
    "4": {
        "estimate": 19.75412267609172,
        "std": 6.4502890322537185
    },
    "5": {
        "estimate": 21.32532230183457,
        "std": 6.829695648159689
    },
    "6": {
        "estimate": 22.32390885748459,
        "std": 7.534389881411934
    },
    "7": {
        "estimate": 23.510156665138094,
        "std": 8.167344136537155
    },
    "8": {
        "estimate": 24.759970396212,
        "std": 8.806034743405487
    },
    "9": {
        "estimate": 25.901036006974035,
        "std": 8.918213692663103
    },
    "10": {
        "estimate": 27.67883809032702,
        "std": 9.221377523517672
    },
    "11": {
        "estimate": 26.48877714015717,
        "std": 8.519326773295434
    },
    "12": {
        "estimate": 26.572689227284997,
        "std": 7.785573927361598
    },
    "13": {
        "estimate": 26.016717376453506,
        "std": 7.472166254623802
    },
    "14": {
        "estimate": 24.130019349035575,
        "std": 6.6134046208219575
    },
    "15": {
        "estimate": 23.403670495190784,
        "std": 6.6194367261181934
    },
    "16": {
        "estimate": 23.901537928783057,
        "std": 6.414547045792145
    },
    "17": {
        "estimate": 23.26498702466395,
        "std": 6.292115307821478
    },
    "18": {
        "estimate": 22.886659024295245,
        "std": 6.064074902578933
    },
    "19": {
        "estimate": 21.47257163593024,
        "std": 5.633531532345999
    },
    "20": {
        "estimate": 20.040643639594528,
        "std": 5.358279897666596
    },
    "21": {
        "estimate": 19.717470151408232,
        "std": 5.336309163836777
    },
    "22": {
        "estimate": 19.195982365392755,
        "std": 5.2267616677133
    },
    "23": {
        "estimate": 18.536170540771405,
        "std": 5.160916553363064
    },
    "24": {
        "estimate": 18.01314702138783,
        "std": 4.983317076602373
    },
    "25": {
        "estimate": 17.864986174598116,
        "std": 4.9734017130614685
    },
    "26": {
        "estimate": 17.660676945087545,
        "std": 4.939734472235379
    },
    "27": {
        "estimate": 17.356210761341337,
        "std": 4.911930191249283
    },
    "28": {
        "estimate": 16.978621067958258,
        "std": 4.83935490088676
    },
    "29": {
        "estimate": 16.8503696357344,
        "std": 4.853955901968479
    },
    "30": {
        "estimate": 16.74212701549354,
        "std": 4.941908519827188
    },
    "31": {
        "estimate": 16.703297695024965,
        "std": 4.996576871964708
    },
    "32": {
        "estimate": 16.456211719534494,
        "std": 5.04307309667011
    },
    "33": {
        "estimate": 16.420570538862208,
        "std": 5.068198610215064
    },
    "34": {
        "estimate": 16.373697163675313,
        "std": 5.078389357933409
    },
    "35": {
        "estimate": 16.504279843117935,
        "std": 5.203237823244465
    },
    "36": {
        "estimate": 16.514691570300965,
        "std": 5.273065033884164
    },
    "37": {
        "estimate": 16.70484961629728,
        "std": 5.39234685976029
    },
    "38": {
        "estimate": 17.059899720046822,
        "std": 5.492729400588212
    },
    "39": {
        "estimate": 18.014189999428286,
        "std": 6.017351161593647
    },
    "40": {
        "estimate": 19.04156573242118,
        "std": 7.425038882479134
    }
}