{
    "0": {
        "estimate": Infinity,
        "std": NaN
    },
    "1": {
        "estimate": 17.875880499536045,
        "std": 5.930564100372475
    },
    "2": {
        "estimate": 17.92589513924292,
        "std": 5.752385483703506
    },
    "3": {
        "estimate": 18.770290061392192,
        "std": 6.274952705930858
    },
    "4": {
        "estimate": 17.60685259552296,
        "std": 6.533064963987586
    },
    "5": {
        "estimate": 17.78682579979251,
        "std": 6.831810585144793
    },
    "6": {
        "estimate": 18.306674902299058,
        "std": 7.000148573837286
    },
    "7": {
        "estimate": 19.055016520058167,
        "std": 7.4568992243586925
    },
    "8": {
        "estimate": 19.865932962861205,
        "std": 7.787695838126414
    },
    "9": {
        "estimate": 20.699692779033047,
        "std": 8.026293092738667
    },
    "10": {
        "estimate": 21.68069583689858,
        "std": 8.30207877675875
    },
    "11": {
        "estimate": 22.04237762141867,
        "std": 8.32663125181844
    },
    "12": {
        "estimate": 23.010078360300238,
        "std": 8.702051469059086
    },
    "13": {
        "estimate": 22.75728700502203,
        "std": 8.595180430666852
    },
    "14": {
        "estimate": 22.7635671119363,
        "std": 8.477201778647554
    },
    "15": {
        "estimate": 23.267665161220577,
        "std": 8.784583426841781
    },
    "16": {
        "estimate": 22.893260651974334,
        "std": 8.53473196999753
    },
    "17": {
        "estimate": 22.735159007185207,
        "std": 8.4708124687104
    },
    "18": {
        "estimate": 23.00084813847355,
        "std": 8.429863260579777
    },
    "19": {
        "estimate": 22.176480358273217,
        "std": 8.094866141766976
    },
    "20": {
        "estimate": 20.52968949765581,
        "std": 7.63272877065952
    },
    "21": {
        "estimate": 19.228008203253623,
        "std": 7.216683355148215
    },
    "22": {
        "estimate": 18.60639939262183,
        "std": 7.199683119967736
    },
    "23": {
        "estimate": 18.341778989476275,
        "std": 7.178206989735647
    },
    "24": {
        "estimate": 18.11693597923451,
        "std": 7.123434392778828
    },
    "25": {
        "estimate": 17.67707142373037,
        "std": 6.976144763340389
    },
    "26": {
        "estimate": 17.54046802203322,
        "std": 6.976046043803771
    },
    "27": {
        "estimate": 17.54236147301622,
        "std": 6.975406239807527
    },
    "28": {
        "estimate": 17.589607712226435,
        "std": 7.064906610857572
    },
    "29": {
        "estimate": 17.74088281907114,
        "std": 7.10635902564846
    },
    "30": {
        "estimate": 17.998852935443043,
        "std": 7.210600178195204
    },
    "31": {
        "estimate": 18.206273365767252,
        "std": 7.114593145091562
    },
    "32": {
        "estimate": 17.668873353971232,
        "std": 6.872228696833579
    }
}