{
    "0": {
        "estimate": Infinity,
        "std": NaN
    },
    "1": {
        "estimate": 16.28190141226564,
        "std": 5.120457820303253
    },
    "2": {
        "estimate": 16.202271734475282,
        "std": 4.899384002937351
    },
    "3": {
        "estimate": 16.991020698452356,
        "std": 5.646610863776955
    },
    "4": {
        "estimate": 15.808755837142954,
        "std": 5.817714476490733
    },
    "5": {
        "estimate": 16.2107287528711,
        "std": 6.2827530969973875
    },
    "6": {
        "estimate": 17.00772542768827,
        "std": 6.5959941503484965
    },
    "7": {
        "estimate": 17.68385617244715,
        "std": 6.887816773228523
    },
    "8": {
        "estimate": 18.37236588776128,
        "std": 7.140499138760781
    },
    "9": {
        "estimate": 19.10339060504618,
        "std": 7.419687242450373
    },
    "10": {
        "estimate": 19.938457810784676,
        "std": 7.505341084152835
    },
    "11": {
        "estimate": 20.30457267587728,
        "std": 7.511525255365634
    },
    "12": {
        "estimate": 21.20127627593628,
        "std": 7.860887120161353
    },
    "13": {
        "estimate": 20.960661894996594,
        "std": 7.704691751185274
    },
    "14": {
        "estimate": 20.933755385294575,
        "std": 7.590595149610915
    },
    "15": {
        "estimate": 21.420763417362313,
        "std": 7.8196525734266675
    },
    "16": {
        "estimate": 21.243718118364818,
        "std": 7.635479457803326
    },
    "17": {
        "estimate": 21.09463138666738,
        "std": 7.4767295487556655
    },
    "18": {
        "estimate": 21.369902128333322,
        "std": 7.493079935320946
    },
    "19": {
        "estimate": 20.65460747577974,
        "std": 7.055236757675143
    },
    "20": {
        "estimate": 19.393180750084586,
        "std": 6.676577340282171
    },
    "21": {
        "estimate": 18.062211769272707,
        "std": 6.203108050432345
    },
    "22": {
        "estimate": 17.446532782404415,
        "std": 6.292699654466303
    },
    "23": {
        "estimate": 17.167518656425127,
        "std": 6.227772422946179
    },
    "24": {
        "estimate": 16.90669906011935,
        "std": 6.182265669790828
    },
    "25": {
        "estimate": 16.59514645639251,
        "std": 6.152312228614566
    },
    "26": {
        "estimate": 16.36422575117643,
        "std": 6.076363304235373
    },
    "27": {
        "estimate": 16.358444385022754,
        "std": 6.098013127139796
    },
    "28": {
        "estimate": 16.3476920303973,
        "std": 6.110487829377153
    },
    "29": {
        "estimate": 16.50580445687034,
        "std": 6.207198544078811
    },
    "30": {
        "estimate": 16.756315551825995,
        "std": 6.289657508098264
    },
    "31": {
        "estimate": 16.964382557404157,
        "std": 6.197613048517227
    },
    "32": {
        "estimate": 16.245769825041645,
        "std": 5.834420175760901
    }
}