{
    "0": {
        "estimate": Infinity,
        "std": NaN
    },
    "1": {
        "estimate": 16.316508382397913,
        "std": 7.8636976478988085
    },
    "2": {
        "estimate": 17.207690302730015,
        "std": 8.761474941649697
    },
    "3": {
        "estimate": 17.96307185293993,
        "std": 7.995076326533915
    },
    "4": {
        "estimate": 19.231687759846626,
        "std": 8.784191017031695
    },
    "5": {
        "estimate": 20.591389687397275,
        "std": 9.33465910623309
    },
    "6": {
        "estimate": 22.249232127077935,
        "std": 9.254621111804319
    },
    "7": {
        "estimate": 22.0716801282957,
        "std": 9.162792509663925
    },
    "8": {
        "estimate": 22.743812761493015,
        "std": 9.659346118931408
    },
    "9": {
        "estimate": 23.92403018425749,
        "std": 10.110940619976995
    },
    "10": {
        "estimate": 24.32592594467336,
        "std": 9.688973880633936
    },
    "11": {
        "estimate": 24.612268542980228,
        "std": 9.008188672478376
    },
    "12": {
        "estimate": 25.20051106594268,
        "std": 8.88943847726106
    },
    "13": {
        "estimate": 26.09590414649599,
        "std": 8.926679345868903
    },
    "14": {
        "estimate": 24.60213910874132,
        "std": 8.271026916206646
    },
    "15": {
        "estimate": 25.002287800089793,
        "std": 8.360034361471783
    },
    "16": {
        "estimate": 24.46171341389938,
        "std": 8.004474642387743
    },
    "17": {
        "estimate": 23.953115346659917,
        "std": 8.106799657778383
    },
    "18": {
        "estimate": 23.4669812056959,
        "std": 7.876234959219817
    },
    "19": {
        "estimate": 23.85628743979371,
        "std": 7.585869404301553
    },
    "20": {
        "estimate": 23.892689275215986,
        "std": 7.496530395988523
    },
    "21": {
        "estimate": 23.69060009578428,
        "std": 7.230851809646008
    },
    "22": {
        "estimate": 23.758095453033842,
        "std": 7.2102388333651755
    },
    "23": {
        "estimate": 24.0116049485802,
        "std": 7.378989535367191
    },
    "24": {
        "estimate": 24.178591970606746,
        "std": 7.422227526987547
    },
    "25": {
        "estimate": 24.575576044330077,
        "std": 7.562497501328619
    },
    "26": {
        "estimate": 24.728628835757807,
        "std": 7.5786569970079105
    },
    "27": {
        "estimate": 25.142220795408885,
        "std": 7.809849966801844
    },
    "28": {
        "estimate": 25.523624048392392,
        "std": 7.952092117907358
    },
    "29": {
        "estimate": 26.572567415990076,
        "std": 8.279694802587606
    },
    "30": {
        "estimate": 27.96999151363965,
        "std": 9.210594667863717
    },
    "31": {
        "estimate": 28.79445185444234,
        "std": 9.534348929474286
    },
    "32": {
        "estimate": 29.815992809657835,
        "std": 10.243270469687427
    }
}