{
    "0": {
        "estimate": Infinity,
        "std": NaN
    },
    "1": {
        "estimate": 15.810814026703571,
        "std": 5.625918220952608
    },
    "2": {
        "estimate": 17.36199295409394,
        "std": 6.185095388733887
    },
    "3": {
        "estimate": 17.774230727329606,
        "std": 5.873683546327713
    },
    "4": {
        "estimate": 19.167929473174812,
        "std": 6.369349068516568
    },
    "5": {
        "estimate": 20.52097280094488,
        "std": 6.835733866376817
    },
    "6": {
        "estimate": 21.5581646025421,
        "std": 6.676058432030758
    },
    "7": {
        "estimate": 21.38127175367295,
        "std": 6.660485522970399
    },
    "8": {
        "estimate": 22.2890456338196,
        "std": 7.051509393297661
    },
    "9": {
        "estimate": 23.525613790618355,
        "std": 7.393272919233779
    },
    "10": {
        "estimate": 23.11614469913842,
        "std": 6.9230034800282825
    },
    "11": {
        "estimate": 23.03799424127269,
        "std": 6.585887448909425
    },
    "12": {
        "estimate": 23.238745520524315,
        "std": 6.394025222795363
    },
    "13": {
        "estimate": 23.684615842430542,
        "std": 6.320719956519214
    },
    "14": {
        "estimate": 22.419081190968846,
        "std": 5.800020601292269
    },
    "15": {
        "estimate": 22.77357985052793,
        "std": 5.730872061312679
    },
    "16": {
        "estimate": 22.332112201717504,
        "std": 5.681122704722501
    },
    "17": {
        "estimate": 22.014968111315188,
        "std": 5.85299950525604
    },
    "18": {
        "estimate": 21.493826985807686,
        "std": 5.757482821052592
    },
    "19": {
        "estimate": 21.626205950838262,
        "std": 5.713298786842751
    },
    "20": {
        "estimate": 21.39169935902119,
        "std": 5.595594753052925
    },
    "21": {
        "estimate": 21.043229649844843,
        "std": 5.400402268112483
    },
    "22": {
        "estimate": 21.03409487256805,
        "std": 5.425408611327484
    },
    "23": {
        "estimate": 21.19868046819039,
        "std": 5.520719039873777
    },
    "24": {
        "estimate": 21.373374002448642,
        "std": 5.569979693059374
    },
    "25": {
        "estimate": 21.710657978191087,
        "std": 5.666807731549915
    },
    "26": {
        "estimate": 21.72043032780802,
        "std": 5.629428183428623
    },
    "27": {
        "estimate": 21.90939548681716,
        "std": 5.720927139917859
    },
    "28": {
        "estimate": 22.21296615873335,
        "std": 5.834614197877813
    },
    "29": {
        "estimate": 22.966423761368816,
        "std": 6.013124752832668
    },
    "30": {
        "estimate": 24.29279594287187,
        "std": 6.661947888111663
    },
    "31": {
        "estimate": 24.92157806814537,
        "std": 6.881609595563776
    },
    "32": {
        "estimate": 26.15701685272499,
        "std": 7.718674174466828
    }
}