{
    "0": NaN,
    "1": 7.289477825164795,
    "2": 5.758747100830078,
    "3": 7.272491931915283,
    "4": 7.248118877410889,
    "5": 8.0826416015625,
    "6": 10.16397476196289,
    "7": 10.321903228759766,
    "8": 10.393775939941406,
    "9": 10.778172492980957,
    "10": 12.526122093200684,
    "11": 14.735749244689941,
    "12": 16.402233123779297,
    "13": 19.04942512512207,
    "14": 18.15642547607422,
    "15": 19.27265167236328,
    "16": 19.147735595703125,
    "17": 18.214353561401367,
    "18": 18.346559524536133,
    "19": 20.017236709594727,
    "20": 21.05657958984375,
    "21": 21.620267868041992,
    "22": 21.839021682739258,
    "23": 22.032306671142578,
    "24": 22.18479347229004,
    "25": 22.4449405670166,
    "26": 23.023794174194336,
    "27": 23.59433364868164,
    "28": 23.838176727294922,
    "29": 24.645700454711914,
    "30": 24.535476684570312,
    "31": 25.558757781982422,
    "32": 25.824398040771484
}