{
    "0": {
        "estimate": NaN,
        "std": NaN
    },
    "1": {
        "estimate": 16.648017391698378,
        "std": 4.283443186683942
    },
    "2": {
        "estimate": 16.969201304802976,
        "std": 4.5014956655862255
    },
    "3": {
        "estimate": 18.288303559110236,
        "std": 4.926317580310299
    },
    "4": {
        "estimate": 20.333577324684306,
        "std": 6.008800167635591
    },
    "5": {
        "estimate": 19.66761524200772,
        "std": 6.22070891064263
    },
    "6": {
        "estimate": 20.042141096266864,
        "std": 6.316805943647033
    },
    "7": {
        "estimate": 20.257913441199143,
        "std": 6.680894332462188
    },
    "8": {
        "estimate": 20.201868661439647,
        "std": 6.533458824033323
    },
    "9": {
        "estimate": 20.92134618823772,
        "std": 6.6429212449942385
    },
    "10": {
        "estimate": 21.261179478116603,
        "std": 6.471987432123603
    },
    "11": {
        "estimate": 21.256988421640386,
        "std": 6.43468487014828
    },
    "12": {
        "estimate": 21.35173001204645,
        "std": 6.381269620556559
    },
    "13": {
        "estimate": 21.46055269063707,
        "std": 6.2725798439146025
    },
    "14": {
        "estimate": 22.075459712260763,
        "std": 6.206845811366313
    },
    "15": {
        "estimate": 23.399622770908778,
        "std": 6.412645895482068
    },
    "16": {
        "estimate": 23.50065489612595,
        "std": 6.203865302839176
    },
    "17": {
        "estimate": 23.79924747800183,
        "std": 6.2925068801138275
    },
    "18": {
        "estimate": 23.831440258006328,
        "std": 6.335973463800358
    },
    "19": {
        "estimate": 23.409182914136352,
        "std": 6.044118446264984
    },
    "20": {
        "estimate": 23.565667785542345,
        "std": 6.079609960577937
    },
    "21": {
        "estimate": 23.60664205637674,
        "std": 6.1410802553036925
    },
    "22": {
        "estimate": 24.36611686852124,
        "std": 6.575617482347998
    },
    "23": {
        "estimate": 23.54226815207229,
        "std": 6.222690625696616
    },
    "24": {
        "estimate": 23.609300108584836,
        "std": 6.213460797900413
    },
    "25": {
        "estimate": 23.69324410474116,
        "std": 6.194183203996075
    },
    "26": {
        "estimate": 23.806054538707087,
        "std": 6.297586499208132
    },
    "27": {
        "estimate": 23.90909413815973,
        "std": 6.304289932677764
    },
    "28": {
        "estimate": 23.279896770696663,
        "std": 6.005505868995952
    },
    "29": {
        "estimate": 23.44545379016231,
        "std": 6.019370192766655
    },
    "30": {
        "estimate": 23.56645505437292,
        "std": 6.065953933712164
    },
    "31": {
        "estimate": 23.753174270533986,
        "std": 6.198851764492087
    },
    "32": {
        "estimate": 23.934881557598665,
        "std": 6.3319355979092045
    },
    "33": {
        "estimate": 24.08930758274108,
        "std": 6.458573369152542
    },
    "34": {
        "estimate": 24.102848470758847,
        "std": 6.473122390227542
    },
    "35": {
        "estimate": 24.278834992264056,
        "std": 6.603163705460212
    },
    "36": {
        "estimate": 24.340808594736444,
        "std": 6.609232711552963
    },
    "37": {
        "estimate": 24.394068974855116,
        "std": 6.680179350539249
    },
    "38": {
        "estimate": 24.69673239554582,
        "std": 6.841517010279001
    },
    "39": {
        "estimate": 24.811790101880337,
        "std": 7.196642887167769
    },
    "40": {
        "estimate": 23.77948433341023,
        "std": 7.58572246071386
    }
}