{
    "0": NaN,
    "1": 7.657065391540527,
    "2": 8.06692123413086,
    "3": 9.125091552734375,
    "4": 8.729117393493652,
    "5": 7.242076873779297,
    "6": 7.244152069091797,
    "7": 5.905091285705566,
    "8": 5.486698627471924,
    "9": 5.95974063873291,
    "10": 6.344656467437744,
    "11": 6.3827691078186035,
    "12": 6.62659215927124,
    "13": 6.732542514801025,
    "14": 7.558830738067627,
    "15": 10.049278259277344,
    "16": 12.957056045532227,
    "17": 14.17773151397705,
    "18": 14.483603477478027,
    "19": 15.366707801818848,
    "20": 15.799151420593262,
    "21": 16.05537986755371,
    "22": 15.76105785369873,
    "23": 17.406909942626953,
    "24": 17.108531951904297,
    "25": 16.666194915771484,
    "26": 16.404809951782227,
    "27": 16.211732864379883,
    "28": 17.354124069213867,
    "29": 17.249326705932617,
    "30": 17.03569984436035,
    "31": 16.781091690063477,
    "32": 16.316194534301758,
    "33": 16.091575622558594,
    "34": 16.00823402404785,
    "35": 15.543292999267578,
    "36": 15.518760681152344,
    "37": 15.137825965881348,
    "38": 14.661402702331543,
    "39": 13.547041893005371,
    "40": 11.463184356689453
}