{
    "0": {
        "estimate": NaN,
        "std": NaN
    },
    "1": {
        "estimate": 14.484347974691401,
        "std": 4.579951996414097
    },
    "2": {
        "estimate": 15.069601577074907,
        "std": 5.209452281307516
    },
    "3": {
        "estimate": 16.00007924000245,
        "std": 5.489580764916702
    },
    "4": {
        "estimate": 18.04931641079908,
        "std": 6.148991479368208
    },
    "5": {
        "estimate": 18.815708612859844,
        "std": 6.29259598616799
    },
    "6": {
        "estimate": 19.42731336682139,
        "std": 6.45587000973348
    },
    "7": {
        "estimate": 22.112131642681355,
        "std": 6.873599275790545
    },
    "8": {
        "estimate": 22.11011334483238,
        "std": 6.790658284172732
    },
    "9": {
        "estimate": 23.041010759457777,
        "std": 6.985720788098089
    },
    "10": {
        "estimate": 23.754285086165044,
        "std": 6.862498452061143
    },
    "11": {
        "estimate": 23.661759819458982,
        "std": 6.59270045120106
    },
    "12": {
        "estimate": 23.166833019219553,
        "std": 6.223778188509213
    },
    "13": {
        "estimate": 21.979240512276675,
        "std": 6.037464790836077
    },
    "14": {
        "estimate": 22.067841759568132,
        "std": 6.026146104772784
    },
    "15": {
        "estimate": 21.292207440562848,
        "std": 5.8850231134364
    },
    "16": {
        "estimate": 21.108587338796436,
        "std": 5.826439431715636
    },
    "17": {
        "estimate": 20.674452152883514,
        "std": 5.703841415774684
    },
    "18": {
        "estimate": 20.413946782437467,
        "std": 5.668990259547328
    },
    "19": {
        "estimate": 20.1674892832296,
        "std": 5.646447379317529
    },
    "20": {
        "estimate": 20.493644677463024,
        "std": 5.666831308671471
    },
    "21": {
        "estimate": 20.47260846254042,
        "std": 5.7260207439125805
    },
    "22": {
        "estimate": 20.817150427150395,
        "std": 5.873294461418594
    },
    "23": {
        "estimate": 21.092090010413283,
        "std": 6.0197727925489986
    },
    "24": {
        "estimate": 21.138878033873173,
        "std": 5.998160447740544
    },
    "25": {
        "estimate": 21.564549444473162,
        "std": 6.093362976949323
    },
    "26": {
        "estimate": 22.029589792607002,
        "std": 6.172108598830278
    },
    "27": {
        "estimate": 22.452909172160986,
        "std": 6.330524102172986
    },
    "28": {
        "estimate": 22.621352326753513,
        "std": 6.370947635646724
    },
    "29": {
        "estimate": 22.960792496381245,
        "std": 6.52735034314719
    },
    "30": {
        "estimate": 23.96227731145836,
        "std": 6.8729124944602935
    },
    "31": {
        "estimate": 23.97034025182792,
        "std": 6.764915765056265
    },
    "32": {
        "estimate": 18.17913364043053,
        "std": 5.761824082032367
    }
}