{
    "0": {
        "estimate": NaN,
        "std": NaN
    },
    "1": {
        "estimate": 13.989253289186465,
        "std": 4.344055128913449
    },
    "2": {
        "estimate": 14.527094826674043,
        "std": 4.998975417788146
    },
    "3": {
        "estimate": 15.609885581793257,
        "std": 5.262732981658861
    },
    "4": {
        "estimate": 17.587380208012732,
        "std": 5.868383810076733
    },
    "5": {
        "estimate": 18.472304005070104,
        "std": 6.021572675085516
    },
    "6": {
        "estimate": 19.0782373010323,
        "std": 6.099277503612237
    },
    "7": {
        "estimate": 21.651497385754972,
        "std": 6.5748801773755385
    },
    "8": {
        "estimate": 21.62997666112458,
        "std": 6.566506344586127
    },
    "9": {
        "estimate": 22.480824568040635,
        "std": 6.732299331797115
    },
    "10": {
        "estimate": 23.188252294338653,
        "std": 6.635584105682831
    },
    "11": {
        "estimate": 23.019761113723135,
        "std": 6.30171758151947
    },
    "12": {
        "estimate": 22.442895474024454,
        "std": 6.013617408058951
    },
    "13": {
        "estimate": 21.08281141124368,
        "std": 5.788044958500916
    },
    "14": {
        "estimate": 21.188409192022547,
        "std": 5.797690727349648
    },
    "15": {
        "estimate": 20.31409524021874,
        "std": 5.6219816656607255
    },
    "16": {
        "estimate": 20.136559568022612,
        "std": 5.590354830556266
    },
    "17": {
        "estimate": 19.670865887523462,
        "std": 5.456628344184497
    },
    "18": {
        "estimate": 19.38656811345555,
        "std": 5.408130801290564
    },
    "19": {
        "estimate": 19.156572111440923,
        "std": 5.3879786405545715
    },
    "20": {
        "estimate": 19.454632996028,
        "std": 5.405344920193826
    },
    "21": {
        "estimate": 19.418343187455992,
        "std": 5.439341424385376
    },
    "22": {
        "estimate": 19.759820276432304,
        "std": 5.56920119516894
    },
    "23": {
        "estimate": 19.979240848169045,
        "std": 5.692362662066324
    },
    "24": {
        "estimate": 20.024106390602114,
        "std": 5.696856601841764
    },
    "25": {
        "estimate": 20.423184054912184,
        "std": 5.764829645776999
    },
    "26": {
        "estimate": 20.930186111259083,
        "std": 5.88423358424227
    },
    "27": {
        "estimate": 21.28567461315352,
        "std": 6.028501601265058
    },
    "28": {
        "estimate": 21.470212319501083,
        "std": 6.073092714415746
    },
    "29": {
        "estimate": 21.79237229699523,
        "std": 6.202277773653131
    },
    "30": {
        "estimate": 22.821163809191827,
        "std": 6.518610616608572
    },
    "31": {
        "estimate": 22.856844284930965,
        "std": 6.441254095535883
    },
    "32": {
        "estimate": 16.98068473733903,
        "std": 5.504759322184086
    }
}