{
    "0": {
        "estimate": NaN,
        "std": NaN
    },
    "1": {
        "estimate": 16.453444299177885,
        "std": 7.877076769650582
    },
    "2": {
        "estimate": 16.831949511953688,
        "std": 8.68865535976755
    },
    "3": {
        "estimate": 16.659668531729547,
        "std": 9.393582527307148
    },
    "4": {
        "estimate": 19.2220335116023,
        "std": 10.106610178872945
    },
    "5": {
        "estimate": 19.558168154483514,
        "std": 10.525723628306588
    },
    "6": {
        "estimate": 19.893003401248073,
        "std": 10.623163999035143
    },
    "7": {
        "estimate": 23.43030490072693,
        "std": 11.613257454050297
    },
    "8": {
        "estimate": 23.857803268691363,
        "std": 11.304485295012082
    },
    "9": {
        "estimate": 25.138299178030156,
        "std": 11.164829718926633
    },
    "10": {
        "estimate": 25.95770396063644,
        "std": 11.357141677402643
    },
    "11": {
        "estimate": 26.33471194160644,
        "std": 11.01882417621258
    },
    "12": {
        "estimate": 27.04126573874221,
        "std": 10.567944092601044
    },
    "13": {
        "estimate": 26.8702482211592,
        "std": 10.317681850532013
    },
    "14": {
        "estimate": 26.80404751624148,
        "std": 10.461307890127014
    },
    "15": {
        "estimate": 26.653868256224577,
        "std": 10.05837338363087
    },
    "16": {
        "estimate": 26.586746786030346,
        "std": 10.126853916831307
    },
    "17": {
        "estimate": 26.234611032051948,
        "std": 9.63192080209603
    },
    "18": {
        "estimate": 26.087504752506497,
        "std": 9.755329956847758
    },
    "19": {
        "estimate": 25.80862848256643,
        "std": 9.368921125538174
    },
    "20": {
        "estimate": 26.149588483179883,
        "std": 9.472766224541788
    },
    "21": {
        "estimate": 26.23925754327753,
        "std": 9.681212175712773
    },
    "22": {
        "estimate": 26.69794182476619,
        "std": 9.937676248694189
    },
    "23": {
        "estimate": 27.059900443677126,
        "std": 10.079899464958142
    },
    "24": {
        "estimate": 27.1023605687163,
        "std": 10.297397174371728
    },
    "25": {
        "estimate": 27.53567364082724,
        "std": 10.396099726175677
    },
    "26": {
        "estimate": 27.892074255725134,
        "std": 10.691271224731558
    },
    "27": {
        "estimate": 28.420866755204752,
        "std": 10.813265016936262
    },
    "28": {
        "estimate": 28.490705013446107,
        "std": 10.961736075815992
    },
    "29": {
        "estimate": 28.875234513325292,
        "std": 11.395643998637324
    },
    "30": {
        "estimate": 29.5820950050614,
        "std": 11.695570871573285
    },
    "31": {
        "estimate": 29.52222024601572,
        "std": 11.618553957786252
    },
    "32": {
        "estimate": 24.727776239889074,
        "std": 9.444036674043794
    }
}