{
    "0": {
        "estimate": NaN,
        "std": NaN
    },
    "1": {
        "estimate": 15.92980118269752,
        "std": 6.315351799884278
    },
    "2": {
        "estimate": 16.33049273926329,
        "std": 6.943245317711189
    },
    "3": {
        "estimate": 16.50442959707059,
        "std": 7.522832101576199
    },
    "4": {
        "estimate": 18.954806453480536,
        "std": 8.161033274062113
    },
    "5": {
        "estimate": 19.477442623021176,
        "std": 8.71356957048405
    },
    "6": {
        "estimate": 19.916748702305235,
        "std": 8.758373789373866
    },
    "7": {
        "estimate": 23.083176279509477,
        "std": 9.196255188651705
    },
    "8": {
        "estimate": 23.387982571030605,
        "std": 9.00466024549459
    },
    "9": {
        "estimate": 24.595605469991163,
        "std": 9.147873319690122
    },
    "10": {
        "estimate": 25.2733072099138,
        "std": 9.073709913084427
    },
    "11": {
        "estimate": 25.543877519667095,
        "std": 8.734861792440345
    },
    "12": {
        "estimate": 25.785889438623453,
        "std": 8.48341003646578
    },
    "13": {
        "estimate": 25.2708519040909,
        "std": 8.148282458245038
    },
    "14": {
        "estimate": 25.262217446994445,
        "std": 8.313021091879524
    },
    "15": {
        "estimate": 24.871628058538544,
        "std": 8.075585214876314
    },
    "16": {
        "estimate": 24.740610875279113,
        "std": 8.054877254312546
    },
    "17": {
        "estimate": 24.34641143331537,
        "std": 7.710806419443701
    },
    "18": {
        "estimate": 24.153626674645533,
        "std": 7.587972258004188
    },
    "19": {
        "estimate": 23.995555357466262,
        "std": 7.560055027078705
    },
    "20": {
        "estimate": 24.247294932998745,
        "std": 7.524401942521844
    },
    "21": {
        "estimate": 24.188162729209942,
        "std": 7.585923720559316
    },
    "22": {
        "estimate": 24.717918366618356,
        "std": 7.912902340131813
    },
    "23": {
        "estimate": 24.999882688401897,
        "std": 8.021158913859463
    },
    "24": {
        "estimate": 25.070422861202577,
        "std": 8.04689396141981
    },
    "25": {
        "estimate": 25.51409430124893,
        "std": 8.060873706136945
    },
    "26": {
        "estimate": 25.856420519878046,
        "std": 8.401621438006966
    },
    "27": {
        "estimate": 26.351175409254118,
        "std": 8.56015005923861
    },
    "28": {
        "estimate": 26.511274709315558,
        "std": 8.659202886862898
    },
    "29": {
        "estimate": 26.948900057502737,
        "std": 9.013292963848686
    },
    "30": {
        "estimate": 27.812658971678616,
        "std": 9.306996772198342
    },
    "31": {
        "estimate": 27.761909242647853,
        "std": 9.227546360394335
    },
    "32": {
        "estimate": 22.5544642895184,
        "std": 7.4944878705385936
    }
}