{
    "0": {
        "estimate": NaN,
        "std": NaN
    },
    "1": {
        "estimate": 16.276974559379642,
        "std": 5.551333578459331
    },
    "2": {
        "estimate": 17.94005558355435,
        "std": 6.352116632960497
    },
    "3": {
        "estimate": 19.782451671731323,
        "std": 6.769304970499003
    },
    "4": {
        "estimate": 20.654320118898728,
        "std": 8.02616753565833
    },
    "5": {
        "estimate": 21.81619914129369,
        "std": 8.713929964587626
    },
    "6": {
        "estimate": 21.237413885694234,
        "std": 8.42683493814769
    },
    "7": {
        "estimate": 21.995146778396002,
        "std": 8.181459620046347
    },
    "8": {
        "estimate": 21.92537068839305,
        "std": 8.53727621032022
    },
    "9": {
        "estimate": 22.03916192762191,
        "std": 8.894996577936126
    },
    "10": {
        "estimate": 21.31543869344579,
        "std": 8.225352179026325
    },
    "11": {
        "estimate": 21.56351798073571,
        "std": 8.380750805412134
    },
    "12": {
        "estimate": 21.52429566730976,
        "std": 7.982155094431427
    },
    "13": {
        "estimate": 21.611749468869082,
        "std": 7.991969838403727
    },
    "14": {
        "estimate": 21.88874174101264,
        "std": 8.202051993693564
    },
    "15": {
        "estimate": 21.700030994332604,
        "std": 8.187892873002546
    },
    "16": {
        "estimate": 21.28800042943346,
        "std": 7.817362989432929
    },
    "17": {
        "estimate": 21.053352620431546,
        "std": 7.573817064320678
    },
    "18": {
        "estimate": 20.593363788954804,
        "std": 7.3141241543428315
    },
    "19": {
        "estimate": 20.115207866637626,
        "std": 7.007841964329443
    },
    "20": {
        "estimate": 20.133834323482272,
        "std": 6.99072131672084
    },
    "21": {
        "estimate": 20.68863360236122,
        "std": 7.060368683800953
    },
    "22": {
        "estimate": 21.1482719928328,
        "std": 7.276466212657331
    },
    "23": {
        "estimate": 21.298657856564144,
        "std": 7.452096573810939
    },
    "24": {
        "estimate": 21.749245461173746,
        "std": 7.784376855751626
    },
    "25": {
        "estimate": 22.378170026785096,
        "std": 8.29068908556795
    },
    "26": {
        "estimate": 22.352764026082372,
        "std": 8.284084563076803
    },
    "27": {
        "estimate": 23.063576647347027,
        "std": 8.539880261582763
    },
    "28": {
        "estimate": 22.941992285757564,
        "std": 8.445435780155675
    },
    "29": {
        "estimate": 22.741400985065482,
        "std": 8.219289641223492
    },
    "30": {
        "estimate": 22.93861600036447,
        "std": 8.307379543692432
    },
    "31": {
        "estimate": 22.599707577722963,
        "std": 8.220268933320948
    },
    "32": {
        "estimate": 20.680576791093586,
        "std": 7.031913971366114
    }
}