{
    "0": {
        "estimate": NaN,
        "std": NaN
    },
    "1": {
        "estimate": 14.6169102151905,
        "std": 4.364520290795914
    },
    "2": {
        "estimate": 16.08360677121767,
        "std": 4.6887343264772365
    },
    "3": {
        "estimate": 18.115921626511085,
        "std": 5.019037292529984
    },
    "4": {
        "estimate": 19.153766982785143,
        "std": 6.175972757752141
    },
    "5": {
        "estimate": 20.33398983554961,
        "std": 6.845632848468699
    },
    "6": {
        "estimate": 19.631231244992442,
        "std": 6.689042590936321
    },
    "7": {
        "estimate": 20.255389416899423,
        "std": 6.4205383726986645
    },
    "8": {
        "estimate": 20.392639726797672,
        "std": 6.976058405750063
    },
    "9": {
        "estimate": 20.535430361183607,
        "std": 7.320443512434336
    },
    "10": {
        "estimate": 19.758779786755383,
        "std": 6.596494559731878
    },
    "11": {
        "estimate": 20.035510095560024,
        "std": 6.625080156445987
    },
    "12": {
        "estimate": 19.972248908466355,
        "std": 6.404552679597234
    },
    "13": {
        "estimate": 20.056369503974544,
        "std": 6.479623311806331
    },
    "14": {
        "estimate": 20.317407228173174,
        "std": 6.652925934011092
    },
    "15": {
        "estimate": 20.159425750492716,
        "std": 6.613756064799807
    },
    "16": {
        "estimate": 19.743206181604446,
        "std": 6.223172157861334
    },
    "17": {
        "estimate": 19.49134022644348,
        "std": 6.027051971072549
    },
    "18": {
        "estimate": 19.146534997075342,
        "std": 5.836744009428898
    },
    "19": {
        "estimate": 18.631881960447476,
        "std": 5.498473973436092
    },
    "20": {
        "estimate": 18.57636261124158,
        "std": 5.446249599344189
    },
    "21": {
        "estimate": 19.116387558541728,
        "std": 5.53387846869135
    },
    "22": {
        "estimate": 19.538543859616382,
        "std": 5.743808250754721
    },
    "23": {
        "estimate": 19.674615786078483,
        "std": 5.985621847953337
    },
    "24": {
        "estimate": 20.071768103387196,
        "std": 6.226344396921224
    },
    "25": {
        "estimate": 20.583180574109146,
        "std": 6.823730367524528
    },
    "26": {
        "estimate": 20.60767912175047,
        "std": 6.779751107064625
    },
    "27": {
        "estimate": 21.29783506411409,
        "std": 6.988187019603805
    },
    "28": {
        "estimate": 21.116910654321657,
        "std": 6.798992881862359
    },
    "29": {
        "estimate": 20.880352742354717,
        "std": 6.6074466539821275
    },
    "30": {
        "estimate": 21.226917930582083,
        "std": 6.758520151317622
    },
    "31": {
        "estimate": 20.841551407818745,
        "std": 6.588524630926296
    },
    "32": {
        "estimate": 18.903271698944693,
        "std": 5.528111264533533
    }
}