{
    "0": {
        "estimate": NaN,
        "std": NaN
    },
    "1": {
        "estimate": 17.788992236763598,
        "std": 7.237616270962305
    },
    "2": {
        "estimate": 19.464929977832888,
        "std": 8.15312567139319
    },
    "3": {
        "estimate": 21.285677994816314,
        "std": 8.972089131457631
    },
    "4": {
        "estimate": 21.953686732576223,
        "std": 10.010057652027198
    },
    "5": {
        "estimate": 23.161418441484688,
        "std": 10.993467642816993
    },
    "6": {
        "estimate": 22.6484927307613,
        "std": 10.413925250935874
    },
    "7": {
        "estimate": 23.440000271166838,
        "std": 10.269632838309214
    },
    "8": {
        "estimate": 23.35711301471694,
        "std": 10.479147733241295
    },
    "9": {
        "estimate": 23.330940042134998,
        "std": 10.75613737975017
    },
    "10": {
        "estimate": 22.75270504222567,
        "std": 10.241747016471658
    },
    "11": {
        "estimate": 23.02246479147562,
        "std": 10.296855717667874
    },
    "12": {
        "estimate": 23.00320001558052,
        "std": 9.987693216320743
    },
    "13": {
        "estimate": 22.98997182622204,
        "std": 9.921081576233766
    },
    "14": {
        "estimate": 23.30402825105622,
        "std": 9.987473330911122
    },
    "15": {
        "estimate": 23.153493198265043,
        "std": 10.315879823362991
    },
    "16": {
        "estimate": 22.87877941062379,
        "std": 9.877327787537682
    },
    "17": {
        "estimate": 22.585488087140217,
        "std": 9.747231616043608
    },
    "18": {
        "estimate": 22.060428226926177,
        "std": 9.27518216143729
    },
    "19": {
        "estimate": 21.44840805218729,
        "std": 8.77918074000629
    },
    "20": {
        "estimate": 21.473919537503896,
        "std": 8.742665975671253
    },
    "21": {
        "estimate": 22.1331571937138,
        "std": 8.98212953768815
    },
    "22": {
        "estimate": 22.61956187926219,
        "std": 9.191027963380163
    },
    "23": {
        "estimate": 22.820441521323477,
        "std": 9.270282731279623
    },
    "24": {
        "estimate": 23.23135966505718,
        "std": 9.601687615698246
    },
    "25": {
        "estimate": 23.91752561378772,
        "std": 10.230246242096879
    },
    "26": {
        "estimate": 23.892905439287034,
        "std": 10.162640193846629
    },
    "27": {
        "estimate": 24.742596874995197,
        "std": 10.811668411744261
    },
    "28": {
        "estimate": 24.569840883057278,
        "std": 10.52772854533453
    },
    "29": {
        "estimate": 24.39107384940629,
        "std": 10.523719114487825
    },
    "30": {
        "estimate": 24.68804891212392,
        "std": 10.60518610811137
    },
    "31": {
        "estimate": 24.262498959064985,
        "std": 10.306652019003888
    },
    "32": {
        "estimate": 22.25503748925786,
        "std": 8.893565292824748
    }
}