{
    "0": {
        "estimate": NaN,
        "std": NaN
    },
    "1": {
        "estimate": 17.41845573131275,
        "std": 4.368981801829584
    },
    "2": {
        "estimate": 21.013961737131805,
        "std": 5.197584129489915
    },
    "3": {
        "estimate": 24.013446520005346,
        "std": 5.200452828109722
    },
    "4": {
        "estimate": 27.139407025272817,
        "std": 5.531728511524538
    },
    "5": {
        "estimate": 30.725855242269102,
        "std": 5.662116177312011
    },
    "6": {
        "estimate": 27.992334045906155,
        "std": 5.149433528692299
    },
    "7": {
        "estimate": 28.53604168748362,
        "std": 5.36220186872898
    },
    "8": {
        "estimate": 27.92070535987045,
        "std": 5.717303071251227
    },
    "9": {
        "estimate": 28.6540856839446,
        "std": 5.985914926378616
    },
    "10": {
        "estimate": 29.7141862212475,
        "std": 6.0963519932173105
    },
    "11": {
        "estimate": 30.867355555707974,
        "std": 6.049611499815262
    },
    "12": {
        "estimate": 31.96676313822197,
        "std": 5.795371093320966
    },
    "13": {
        "estimate": 29.968259308819636,
        "std": 5.868660862051005
    },
    "14": {
        "estimate": 28.658106648901203,
        "std": 6.21790841191573
    },
    "15": {
        "estimate": 28.30623843392122,
        "std": 6.143195277063104
    },
    "16": {
        "estimate": 27.142620634002217,
        "std": 5.920135640407215
    },
    "17": {
        "estimate": 26.306577424964182,
        "std": 5.997905202493666
    },
    "18": {
        "estimate": 24.98074741704391,
        "std": 5.89741371947084
    },
    "19": {
        "estimate": 24.571835761434485,
        "std": 5.849951083529252
    },
    "20": {
        "estimate": 24.451170369629246,
        "std": 5.883660005070551
    },
    "21": {
        "estimate": 24.05192458576304,
        "std": 5.781125225988044
    },
    "22": {
        "estimate": 23.875004700114776,
        "std": 5.887418495443852
    },
    "23": {
        "estimate": 24.124741538032772,
        "std": 6.45022713513163
    },
    "24": {
        "estimate": 24.76563781858408,
        "std": 6.960584480892195
    },
    "25": {
        "estimate": 25.204218857970567,
        "std": 7.582329276570624
    },
    "26": {
        "estimate": 25.810081923279014,
        "std": 8.089256611003655
    },
    "27": {
        "estimate": 26.661862696563023,
        "std": 8.797798691506665
    },
    "28": {
        "estimate": 27.510168170068848,
        "std": 9.45312128674449
    },
    "29": {
        "estimate": 28.305800976316235,
        "std": 10.343179250132017
    },
    "30": {
        "estimate": 27.738063969382114,
        "std": 10.177927456198226
    },
    "31": {
        "estimate": 28.117731284740426,
        "std": 10.90666558066466
    },
    "32": {
        "estimate": 22.339562504845297,
        "std": 8.524952280632064
    }
}