{
    "0": {
        "estimate": NaN,
        "std": NaN
    },
    "1": {
        "estimate": 19.693559924059183,
        "std": 6.407432691680173
    },
    "2": {
        "estimate": 21.894935892303085,
        "std": 8.292688401626732
    },
    "3": {
        "estimate": 28.03217626462031,
        "std": 8.329569299505328
    },
    "4": {
        "estimate": 30.709766907017375,
        "std": 9.166817150959366
    },
    "5": {
        "estimate": 33.93793845237014,
        "std": 10.205334365140553
    },
    "6": {
        "estimate": 32.53106941456025,
        "std": 9.122777897484657
    },
    "7": {
        "estimate": 32.811637301387265,
        "std": 9.422957509332113
    },
    "8": {
        "estimate": 31.417978998264967,
        "std": 9.382511645030394
    },
    "9": {
        "estimate": 32.30405084916855,
        "std": 9.459066350685303
    },
    "10": {
        "estimate": 33.47024736740284,
        "std": 9.756927441745548
    },
    "11": {
        "estimate": 34.93470406557779,
        "std": 9.927219014632477
    },
    "12": {
        "estimate": 36.9753984181336,
        "std": 10.062309177902621
    },
    "13": {
        "estimate": 33.69530992013639,
        "std": 9.671663095269256
    },
    "14": {
        "estimate": 31.86573334637369,
        "std": 9.586733404788351
    },
    "15": {
        "estimate": 31.414668773784413,
        "std": 9.601969273469582
    },
    "16": {
        "estimate": 30.789219383056317,
        "std": 9.269663327009884
    },
    "17": {
        "estimate": 30.023702224803884,
        "std": 8.938996339992073
    },
    "18": {
        "estimate": 28.91243787886221,
        "std": 8.52022100590157
    },
    "19": {
        "estimate": 28.59737562609656,
        "std": 8.366831395733382
    },
    "20": {
        "estimate": 28.601328299942328,
        "std": 8.454865100240921
    },
    "21": {
        "estimate": 28.263176494383778,
        "std": 8.38345864417554
    },
    "22": {
        "estimate": 27.743925315464345,
        "std": 8.281818422525467
    },
    "23": {
        "estimate": 28.012216915708944,
        "std": 8.699097889457363
    },
    "24": {
        "estimate": 28.500157520243466,
        "std": 9.245558518333842
    },
    "25": {
        "estimate": 29.081770853025244,
        "std": 9.690240643561413
    },
    "26": {
        "estimate": 29.74757996654656,
        "std": 10.211697750853892
    },
    "27": {
        "estimate": 30.43208327084313,
        "std": 11.035929805694092
    },
    "28": {
        "estimate": 31.202723980386445,
        "std": 11.75269206522924
    },
    "29": {
        "estimate": 31.712592015216103,
        "std": 12.744704370569401
    },
    "30": {
        "estimate": 30.27784402829575,
        "std": 11.943568364557501
    },
    "31": {
        "estimate": 30.62325165154055,
        "std": 12.366846874654009
    },
    "32": {
        "estimate": 24.926074577027215,
        "std": 9.91574696114228
    }
}