{
    "0": NaN,
    "1": 9.862984657287598,
    "2": 6.122276306152344,
    "3": 18.68536376953125,
    "4": 20.5224552154541,
    "5": 18.87506866455078,
    "6": 25.611719131469727,
    "7": 25.5915584564209,
    "8": 24.311235427856445,
    "9": 25.702476501464844,
    "10": 26.32796859741211,
    "11": 29.842655181884766,
    "12": 34.80109786987305,
    "13": 26.822948455810547,
    "14": 23.179115295410156,
    "15": 22.45952796936035,
    "16": 24.233200073242188,
    "17": 24.404157638549805,
    "18": 24.813919067382812,
    "19": 25.124361038208008,
    "20": 25.758024215698242,
    "21": 25.97410774230957,
    "22": 24.99995231628418,
    "23": 25.106679916381836,
    "24": 24.294584274291992,
    "25": 25.047800064086914,
    "26": 24.998449325561523,
    "27": 24.297216415405273,
    "28": 24.616514205932617,
    "29": 23.743371963500977,
    "30": 22.0972957611084,
    "31": 22.653295516967773,
    "32": 20.170204162597656
}