{
    "0": {
        "estimate": Infinity,
        "std": NaN
    },
    "1": {
        "estimate": 16.649565743840224,
        "std": 4.831071957885307
    },
    "2": {
        "estimate": 16.237490255774354,
        "std": 5.200492066572929
    },
    "3": {
        "estimate": 18.908876551461614,
        "std": 5.689452575045951
    },
    "4": {
        "estimate": 18.949095524269598,
        "std": 5.797232742849186
    },
    "5": {
        "estimate": 20.61669689467128,
        "std": 6.488294289037162
    },
    "6": {
        "estimate": 21.2919381213496,
        "std": 6.397270940832179
    },
    "7": {
        "estimate": 21.121667046569755,
        "std": 6.339696528706925
    },
    "8": {
        "estimate": 21.231333908069228,
        "std": 6.225872821131767
    },
    "9": {
        "estimate": 21.317240104418662,
        "std": 6.193108312731725
    },
    "10": {
        "estimate": 21.87456332399457,
        "std": 6.368277913344211
    },
    "11": {
        "estimate": 22.37639065741797,
        "std": 6.451788263898039
    },
    "12": {
        "estimate": 23.615345478543382,
        "std": 6.78293457798873
    },
    "13": {
        "estimate": 24.438469737522087,
        "std": 6.886022488879658
    },
    "14": {
        "estimate": 24.6708585952528,
        "std": 7.518754888120099
    },
    "15": {
        "estimate": 26.42833500419444,
        "std": 8.369011514584024
    },
    "16": {
        "estimate": 27.155152501005464,
        "std": 9.236896520767461
    },
    "17": {
        "estimate": 26.23681611889687,
        "std": 8.82563684813252
    },
    "18": {
        "estimate": 25.16598038281187,
        "std": 8.347134371009059
    },
    "19": {
        "estimate": 23.97870466880996,
        "std": 7.877863959336242
    },
    "20": {
        "estimate": 22.344345331287244,
        "std": 7.0956348130169795
    },
    "21": {
        "estimate": 22.125771281039807,
        "std": 6.9387335488309985
    },
    "22": {
        "estimate": 22.15915592038597,
        "std": 6.839865880030624
    },
    "23": {
        "estimate": 22.05622430333266,
        "std": 6.834672741541306
    },
    "24": {
        "estimate": 22.110483311253184,
        "std": 6.978561767877147
    },
    "25": {
        "estimate": 22.17643414389962,
        "std": 6.911403659171654
    },
    "26": {
        "estimate": 22.05557311933142,
        "std": 6.96012996379771
    },
    "27": {
        "estimate": 22.36780065184253,
        "std": 6.949621615206261
    },
    "28": {
        "estimate": 22.067756396088388,
        "std": 6.758549771968815
    },
    "29": {
        "estimate": 22.015583436521617,
        "std": 6.894502893115664
    },
    "30": {
        "estimate": 23.033904545052994,
        "std": 7.771457369107986
    },
    "31": {
        "estimate": 24.09138385703706,
        "std": 8.941330805175863
    },
    "32": {
        "estimate": 25.143441805811193,
        "std": 11.345090445753764
    }
}