{
    "0": {
        "estimate": Infinity,
        "std": NaN
    },
    "1": {
        "estimate": 15.7589113358123,
        "std": 4.443515111131191
    },
    "2": {
        "estimate": 15.155119834762491,
        "std": 4.641917422172077
    },
    "3": {
        "estimate": 17.77875790393959,
        "std": 5.070956805403016
    },
    "4": {
        "estimate": 17.963517839381538,
        "std": 5.360725577245376
    },
    "5": {
        "estimate": 19.619665123811743,
        "std": 6.015774882877141
    },
    "6": {
        "estimate": 20.313929587467992,
        "std": 6.023964097332452
    },
    "7": {
        "estimate": 20.15243059611836,
        "std": 5.9577253945294055
    },
    "8": {
        "estimate": 20.224759749484743,
        "std": 5.755675297584723
    },
    "9": {
        "estimate": 20.292027097412646,
        "std": 5.7378978873941415
    },
    "10": {
        "estimate": 20.868184587670928,
        "std": 5.8800790379214
    },
    "11": {
        "estimate": 21.360767296637196,
        "std": 5.973857012703202
    },
    "12": {
        "estimate": 22.585613845800008,
        "std": 6.158410377149377
    },
    "13": {
        "estimate": 23.330133598865366,
        "std": 6.306054216499577
    },
    "14": {
        "estimate": 23.471663651529116,
        "std": 6.91633700987427
    },
    "15": {
        "estimate": 25.08563291089222,
        "std": 7.746746717142957
    },
    "16": {
        "estimate": 25.759132614976124,
        "std": 8.518659975630005
    },
    "17": {
        "estimate": 24.951854225515014,
        "std": 8.157457215078729
    },
    "18": {
        "estimate": 23.81838480717342,
        "std": 7.748311892007349
    },
    "19": {
        "estimate": 22.629937249735654,
        "std": 7.270851795902881
    },
    "20": {
        "estimate": 20.852753352568588,
        "std": 6.516744819589114
    },
    "21": {
        "estimate": 20.655150094490473,
        "std": 6.38995623708273
    },
    "22": {
        "estimate": 20.676729824230588,
        "std": 6.337567022431426
    },
    "23": {
        "estimate": 20.569987312849094,
        "std": 6.318923776759795
    },
    "24": {
        "estimate": 20.596272320008207,
        "std": 6.351432917466585
    },
    "25": {
        "estimate": 20.656259339113323,
        "std": 6.386368279823225
    },
    "26": {
        "estimate": 20.511681414163075,
        "std": 6.3264539469754775
    },
    "27": {
        "estimate": 20.796292270610092,
        "std": 6.299473323370445
    },
    "28": {
        "estimate": 20.521127624279483,
        "std": 6.141366705572208
    },
    "29": {
        "estimate": 20.445947066196748,
        "std": 6.224293710312892
    },
    "30": {
        "estimate": 21.400430299245034,
        "std": 7.023098269011311
    },
    "31": {
        "estimate": 22.36610226223201,
        "std": 8.110807650863405
    },
    "32": {
        "estimate": 23.48619605245195,
        "std": 10.462550055232672
    }
}