{
    "0": {
        "estimate": Infinity,
        "std": NaN
    },
    "1": {
        "estimate": 18.08190774976059,
        "std": 6.002768243823797
    },
    "2": {
        "estimate": 18.228160133073345,
        "std": 6.542719238750518
    },
    "3": {
        "estimate": 20.956812389699973,
        "std": 7.070726696296596
    },
    "4": {
        "estimate": 20.809257717270555,
        "std": 7.115665511071537
    },
    "5": {
        "estimate": 22.511744301223256,
        "std": 7.775262542767235
    },
    "6": {
        "estimate": 23.158603678505408,
        "std": 7.629666216931277
    },
    "7": {
        "estimate": 23.053481029634572,
        "std": 7.670302012960936
    },
    "8": {
        "estimate": 23.058523449517878,
        "std": 7.440573150168561
    },
    "9": {
        "estimate": 23.217152665201127,
        "std": 7.638410176907001
    },
    "10": {
        "estimate": 23.7467464665909,
        "std": 7.771242150027691
    },
    "11": {
        "estimate": 24.27209727138556,
        "std": 7.9607436652870485
    },
    "12": {
        "estimate": 25.497428625701083,
        "std": 8.417872491342912
    },
    "13": {
        "estimate": 26.33813151259487,
        "std": 8.456624318393251
    },
    "14": {
        "estimate": 26.79423510334469,
        "std": 9.221344478531508
    },
    "15": {
        "estimate": 28.66125700420636,
        "std": 10.108358741458806
    },
    "16": {
        "estimate": 29.509819150283,
        "std": 10.879747760392613
    },
    "17": {
        "estimate": 28.547850770006043,
        "std": 10.448839432877907
    },
    "18": {
        "estimate": 27.682233062931058,
        "std": 9.915441143696416
    },
    "19": {
        "estimate": 26.531664206978075,
        "std": 9.410764693105229
    },
    "20": {
        "estimate": 25.015612365277633,
        "std": 8.689399511483703
    },
    "21": {
        "estimate": 24.711969743759603,
        "std": 8.469667392685839
    },
    "22": {
        "estimate": 24.80539317064471,
        "std": 8.475329327999173
    },
    "23": {
        "estimate": 24.64582650326396,
        "std": 8.389710381297727
    },
    "24": {
        "estimate": 24.69697341790198,
        "std": 8.420582385559747
    },
    "25": {
        "estimate": 24.800464684399554,
        "std": 8.527091715110442
    },
    "26": {
        "estimate": 24.749687807140102,
        "std": 8.604765870652768
    },
    "27": {
        "estimate": 25.070059052856312,
        "std": 8.645371547114918
    },
    "28": {
        "estimate": 24.657054402917964,
        "std": 8.465391790964523
    },
    "29": {
        "estimate": 24.816235245148498,
        "std": 8.576173640979992
    },
    "30": {
        "estimate": 25.928127838868285,
        "std": 9.550459174004954
    },
    "31": {
        "estimate": 27.03220680137511,
        "std": 10.714004567096431
    },
    "32": {
        "estimate": 27.909414075222134,
        "std": 13.137683391011295
    }
}