{
    "0": {
        "estimate": Infinity,
        "std": NaN
    },
    "1": {
        "estimate": 19.299127411714103,
        "std": 7.753989770727996
    },
    "2": {
        "estimate": 19.91515190189269,
        "std": 8.115030374919316
    },
    "3": {
        "estimate": 22.80922931969677,
        "std": 8.992130997706424
    },
    "4": {
        "estimate": 22.286923060099657,
        "std": 8.616254427143343
    },
    "5": {
        "estimate": 24.190212393997907,
        "std": 9.511102687000816
    },
    "6": {
        "estimate": 24.884041036990546,
        "std": 9.472486054988702
    },
    "7": {
        "estimate": 24.705873250268613,
        "std": 9.290257994432837
    },
    "8": {
        "estimate": 24.70044506276153,
        "std": 9.28013053558187
    },
    "9": {
        "estimate": 24.833694005787496,
        "std": 9.351580122945435
    },
    "10": {
        "estimate": 25.421414820048746,
        "std": 9.632839947651052
    },
    "11": {
        "estimate": 25.788260520993074,
        "std": 9.604840121107223
    },
    "12": {
        "estimate": 27.09853236875933,
        "std": 10.41987085551055
    },
    "13": {
        "estimate": 28.14626048002057,
        "std": 10.680120551498211
    },
    "14": {
        "estimate": 28.70725189678021,
        "std": 11.40983832632145
    },
    "15": {
        "estimate": 30.798380852009682,
        "std": 12.552034000030332
    },
    "16": {
        "estimate": 31.571475136128033,
        "std": 13.134423780262761
    },
    "17": {
        "estimate": 30.63957051901786,
        "std": 12.793360979495048
    },
    "18": {
        "estimate": 29.64703288645188,
        "std": 12.147569041198881
    },
    "19": {
        "estimate": 28.648653523814335,
        "std": 11.553151407859316
    },
    "20": {
        "estimate": 27.022935789156293,
        "std": 10.660762082189375
    },
    "21": {
        "estimate": 26.910096135197108,
        "std": 10.765203940248066
    },
    "22": {
        "estimate": 27.04899062649122,
        "std": 10.730501716649107
    },
    "23": {
        "estimate": 26.892615995534356,
        "std": 10.597831488102752
    },
    "24": {
        "estimate": 26.96576948523753,
        "std": 10.575033920046513
    },
    "25": {
        "estimate": 27.056620630019193,
        "std": 10.643139703730986
    },
    "26": {
        "estimate": 26.926569540248625,
        "std": 10.5294375264541
    },
    "27": {
        "estimate": 27.282221767358585,
        "std": 10.752657877904376
    },
    "28": {
        "estimate": 27.05652339360538,
        "std": 10.961768234685072
    },
    "29": {
        "estimate": 27.267993031487784,
        "std": 11.054118517793142
    },
    "30": {
        "estimate": 28.251581008294643,
        "std": 11.880516531938468
    },
    "31": {
        "estimate": 29.49336982769292,
        "std": 13.053126224297085
    },
    "32": {
        "estimate": 30.489981734908785,
        "std": 15.595476266742327
    }
}