{
    "0": {
        "estimate": Infinity,
        "std": NaN
    },
    "1": {
        "estimate": 11.966411511024097,
        "std": 6.074256428923281
    },
    "2": {
        "estimate": 13.148558494548112,
        "std": 6.968808720134035
    },
    "3": {
        "estimate": 15.722386282998015,
        "std": 6.86869686257999
    },
    "4": {
        "estimate": 16.90238812442047,
        "std": 8.719155762798572
    },
    "5": {
        "estimate": 19.62732577711115,
        "std": 9.315952640386783
    },
    "6": {
        "estimate": 21.867588161473765,
        "std": 9.758788212103799
    },
    "7": {
        "estimate": 22.01263501265694,
        "std": 9.104908893974486
    },
    "8": {
        "estimate": 23.264650829371217,
        "std": 9.020796745911728
    },
    "9": {
        "estimate": 25.049491122171876,
        "std": 9.243710335061312
    },
    "10": {
        "estimate": 25.47094930938961,
        "std": 8.896553885219516
    },
    "11": {
        "estimate": 26.652236214007054,
        "std": 8.373368180011147
    },
    "12": {
        "estimate": 26.8822008059379,
        "std": 7.938566242857912
    },
    "13": {
        "estimate": 27.619044634405576,
        "std": 7.4656571544438854
    },
    "14": {
        "estimate": 27.185905633091508,
        "std": 6.959915760595278
    },
    "15": {
        "estimate": 28.25485345632581,
        "std": 6.424113070312713
    },
    "16": {
        "estimate": 29.042588673773537,
        "std": 5.906975766952024
    },
    "17": {
        "estimate": 27.16799121496149,
        "std": 5.702603889114477
    },
    "18": {
        "estimate": 26.664307193749536,
        "std": 5.668750101623725
    },
    "19": {
        "estimate": 27.10993092884544,
        "std": 5.681783078500914
    },
    "20": {
        "estimate": 24.82235630175164,
        "std": 5.097573343453915
    },
    "21": {
        "estimate": 24.899278456030785,
        "std": 5.168039033417336
    },
    "22": {
        "estimate": 24.788415775098223,
        "std": 5.157735072651498
    },
    "23": {
        "estimate": 24.296414721750043,
        "std": 4.987592465142619
    },
    "24": {
        "estimate": 24.414812378272444,
        "std": 5.044760434231899
    },
    "25": {
        "estimate": 24.671148803695832,
        "std": 5.24368740616886
    },
    "26": {
        "estimate": 25.039587314020558,
        "std": 5.580082195396186
    },
    "27": {
        "estimate": 25.413320895466416,
        "std": 5.528869945026329
    },
    "28": {
        "estimate": 24.721407930275408,
        "std": 5.420262935844928
    },
    "29": {
        "estimate": 24.266505447794906,
        "std": 5.388215783054761
    },
    "30": {
        "estimate": 25.93132310935766,
        "std": 5.983301667343843
    },
    "31": {
        "estimate": 26.27036719373773,
        "std": 6.33561901880876
    },
    "32": {
        "estimate": 28.048011191267463,
        "std": 7.768154912797599
    }
}