{
    "0": {
        "estimate": Infinity,
        "std": NaN
    },
    "1": {
        "estimate": 11.715961454699562,
        "std": 7.405306093530154
    },
    "2": {
        "estimate": 12.151154796125192,
        "std": 8.347226186449724
    },
    "3": {
        "estimate": 14.996841597764345,
        "std": 8.430498756940404
    },
    "4": {
        "estimate": 16.159088240938004,
        "std": 9.849453614845723
    },
    "5": {
        "estimate": 19.119269301907654,
        "std": 10.570316846061813
    },
    "6": {
        "estimate": 21.383523916684375,
        "std": 10.78084671255288
    },
    "7": {
        "estimate": 22.029466126906197,
        "std": 10.047858128684188
    },
    "8": {
        "estimate": 23.622754459181753,
        "std": 9.95305382420335
    },
    "9": {
        "estimate": 25.339016090555774,
        "std": 10.346153505991442
    },
    "10": {
        "estimate": 25.98116527787649,
        "std": 10.099625079570233
    },
    "11": {
        "estimate": 27.455576252251586,
        "std": 9.559453598563362
    },
    "12": {
        "estimate": 27.770384613687753,
        "std": 9.3284540198608
    },
    "13": {
        "estimate": 29.127356579943466,
        "std": 8.882349040323744
    },
    "14": {
        "estimate": 28.89632334845688,
        "std": 8.307241546836986
    },
    "15": {
        "estimate": 30.31758251185445,
        "std": 7.753283635605847
    },
    "16": {
        "estimate": 31.44518069848516,
        "std": 7.343527380970685
    },
    "17": {
        "estimate": 29.75264790910857,
        "std": 6.955796275842357
    },
    "18": {
        "estimate": 29.260717106385297,
        "std": 6.9389041895015415
    },
    "19": {
        "estimate": 29.826316955756926,
        "std": 6.832387935011291
    },
    "20": {
        "estimate": 27.771366788911326,
        "std": 6.220496897831625
    },
    "21": {
        "estimate": 27.915118216451084,
        "std": 6.277895984958166
    },
    "22": {
        "estimate": 27.8750330921415,
        "std": 6.3008841759287355
    },
    "23": {
        "estimate": 27.419594783684342,
        "std": 6.11395354063763
    },
    "24": {
        "estimate": 27.557502497044805,
        "std": 6.134090367888264
    },
    "25": {
        "estimate": 27.930491973039672,
        "std": 6.347614775718438
    },
    "26": {
        "estimate": 28.326985298503267,
        "std": 6.625769372337889
    },
    "27": {
        "estimate": 28.766528349265695,
        "std": 6.656300761076374
    },
    "28": {
        "estimate": 28.060173831863334,
        "std": 6.501218279717315
    },
    "29": {
        "estimate": 27.787293680138212,
        "std": 6.480720421265553
    },
    "30": {
        "estimate": 29.566560116908356,
        "std": 7.19764844515629
    },
    "31": {
        "estimate": 30.100813302334632,
        "std": 7.6198866045200075
    },
    "32": {
        "estimate": 31.488271031111477,
        "std": 8.868955805859628
    }
}