{
    "0": {
        "estimate": Infinity,
        "std": NaN
    },
    "1": {
        "estimate": 11.902343971012545,
        "std": 6.623816171806918
    },
    "2": {
        "estimate": 12.790467797504052,
        "std": 7.547967442378323
    },
    "3": {
        "estimate": 15.464892546312724,
        "std": 7.478589010697646
    },
    "4": {
        "estimate": 16.653831750715046,
        "std": 9.116220971979121
    },
    "5": {
        "estimate": 19.44732511960403,
        "std": 9.665788979734218
    },
    "6": {
        "estimate": 21.74205802303005,
        "std": 10.117571052938269
    },
    "7": {
        "estimate": 22.076313351373006,
        "std": 9.441595071054422
    },
    "8": {
        "estimate": 23.494254412456915,
        "std": 9.337875270168924
    },
    "9": {
        "estimate": 25.25164474778717,
        "std": 9.625727824356296
    },
    "10": {
        "estimate": 25.730497074983944,
        "std": 9.284233567838587
    },
    "11": {
        "estimate": 27.035102877087613,
        "std": 8.775113923238704
    },
    "12": {
        "estimate": 27.285267932560703,
        "std": 8.431942677804763
    },
    "13": {
        "estimate": 28.268388228562575,
        "std": 7.9315121288284836
    },
    "14": {
        "estimate": 27.931250871229818,
        "std": 7.421851815990139
    },
    "15": {
        "estimate": 29.125242047465743,
        "std": 6.872971402619217
    },
    "16": {
        "estimate": 30.028952120320866,
        "std": 6.375360215540635
    },
    "17": {
        "estimate": 28.274959828634007,
        "std": 6.1536112024511835
    },
    "18": {
        "estimate": 27.716494926519424,
        "std": 6.141630075154672
    },
    "19": {
        "estimate": 28.269487654813542,
        "std": 6.140212298588418
    },
    "20": {
        "estimate": 26.044881062474392,
        "std": 5.485557264410479
    },
    "21": {
        "estimate": 26.152253935165273,
        "std": 5.575270135381325
    },
    "22": {
        "estimate": 26.044014391812663,
        "std": 5.52010017454743
    },
    "23": {
        "estimate": 25.591829754619695,
        "std": 5.392291018812912
    },
    "24": {
        "estimate": 25.717134538152244,
        "std": 5.41894470814606
    },
    "25": {
        "estimate": 26.02547202673626,
        "std": 5.58054161833586
    },
    "26": {
        "estimate": 26.424515135838448,
        "std": 5.962277094421003
    },
    "27": {
        "estimate": 26.836903637621912,
        "std": 5.937461431052967
    },
    "28": {
        "estimate": 26.123340697244522,
        "std": 5.776340552043264
    },
    "29": {
        "estimate": 25.719920295336216,
        "std": 5.764057926659568
    },
    "30": {
        "estimate": 27.451427017584734,
        "std": 6.392567333809711
    },
    "31": {
        "estimate": 27.83262461880618,
        "std": 6.847280014489876
    },
    "32": {
        "estimate": 29.472342128170222,
        "std": 8.097271995096131
    }
}