{
    "0": NaN,
    "1": 3.491929292678833,
    "2": 2.180131673812866,
    "3": 4.202358245849609,
    "4": 4.295453071594238,
    "5": 6.423431873321533,
    "6": 8.450441360473633,
    "7": 10.010683059692383,
    "8": 11.989144325256348,
    "9": 12.897253036499023,
    "10": 14.73807430267334,
    "11": 17.46866798400879,
    "12": 17.800369262695312,
    "13": 22.501319885253906,
    "14": 24.606178283691406,
    "15": 29.339244842529297,
    "16": 34.83867263793945,
    "17": 35.291595458984375,
    "18": 34.964229583740234,
    "19": 36.59605026245117,
    "20": 35.189945220947266,
    "21": 35.46155548095703,
    "22": 36.2181510925293,
    "23": 36.16934585571289,
    "24": 36.27517318725586,
    "25": 36.70260238647461,
    "26": 37.20582580566406,
    "27": 37.522361755371094,
    "28": 36.97905731201172,
    "29": 37.51740264892578,
    "30": 38.9283447265625,
    "31": 40.31523132324219,
    "32": 39.154151916503906
}