{
    "0": {
        "estimate": NaN,
        "std": NaN
    },
    "1": {
        "estimate": 13.810920942177248,
        "std": 3.2532141280237887
    },
    "2": {
        "estimate": 15.363645295310791,
        "std": 3.37386867999031
    },
    "3": {
        "estimate": 16.854555532124806,
        "std": 3.8644975470128777
    },
    "4": {
        "estimate": 17.984555800670094,
        "std": 3.956455136261756
    },
    "5": {
        "estimate": 19.269727079127374,
        "std": 4.216654979102651
    },
    "6": {
        "estimate": 18.531819236508408,
        "std": 4.186870845636482
    },
    "7": {
        "estimate": 17.612780083674927,
        "std": 4.155422639122105
    },
    "8": {
        "estimate": 18.270806355800115,
        "std": 4.141082932580363
    },
    "9": {
        "estimate": 18.977783220263973,
        "std": 4.199980351977278
    },
    "10": {
        "estimate": 19.567514412846855,
        "std": 4.255322712800325
    },
    "11": {
        "estimate": 19.95444869239209,
        "std": 4.347576508271998
    },
    "12": {
        "estimate": 20.059461209944708,
        "std": 4.418628472154637
    },
    "13": {
        "estimate": 20.386244415059657,
        "std": 4.415917110983708
    },
    "14": {
        "estimate": 20.844370969425704,
        "std": 4.4926846636967985
    },
    "15": {
        "estimate": 21.374701271148933,
        "std": 4.488813194166717
    },
    "16": {
        "estimate": 22.08382019088767,
        "std": 4.517408524782752
    },
    "17": {
        "estimate": 22.143807593109443,
        "std": 4.5255633728922
    },
    "18": {
        "estimate": 21.962964408523405,
        "std": 4.46120004957678
    },
    "19": {
        "estimate": 21.72018355184116,
        "std": 4.385236359791706
    },
    "20": {
        "estimate": 22.35067895953406,
        "std": 4.406650014591687
    },
    "21": {
        "estimate": 22.992563639860997,
        "std": 4.595390055417994
    },
    "22": {
        "estimate": 23.211122755116712,
        "std": 4.788383313890728
    },
    "23": {
        "estimate": 23.535727138489502,
        "std": 4.917051343563313
    },
    "24": {
        "estimate": 23.897829445560845,
        "std": 5.265665720182923
    },
    "25": {
        "estimate": 24.46188178806851,
        "std": 5.583954470468831
    },
    "26": {
        "estimate": 24.646370495612988,
        "std": 5.645204585264611
    },
    "27": {
        "estimate": 25.930761144844606,
        "std": 6.151901589621506
    },
    "28": {
        "estimate": 25.94984798717833,
        "std": 6.2021321152954565
    },
    "29": {
        "estimate": 26.078092018046107,
        "std": 6.24982903839057
    },
    "30": {
        "estimate": 27.446307872869156,
        "std": 6.536009772009907
    },
    "31": {
        "estimate": 27.19979334121692,
        "std": 6.504252723078323
    },
    "32": {
        "estimate": 20.37611714635375,
        "std": 4.607461062033678
    }
}