{
    "0": {
        "estimate": NaN,
        "std": NaN
    },
    "1": {
        "estimate": 20.79848942910033,
        "std": 6.063174543628876
    },
    "2": {
        "estimate": 21.16226108221351,
        "std": 6.499242136771991
    },
    "3": {
        "estimate": 19.399809219863894,
        "std": 5.598043754347546
    },
    "4": {
        "estimate": 23.77483597509448,
        "std": 7.260612506030477
    },
    "5": {
        "estimate": 26.32023552154295,
        "std": 7.562881935523323
    },
    "6": {
        "estimate": 26.911474963389495,
        "std": 7.590820824682687
    },
    "7": {
        "estimate": 27.95448069636721,
        "std": 7.655967295940371
    },
    "8": {
        "estimate": 29.723134891030927,
        "std": 8.160839847167976
    },
    "9": {
        "estimate": 30.847390043641592,
        "std": 8.403358863076626
    },
    "10": {
        "estimate": 32.40785092010886,
        "std": 8.901104612842476
    },
    "11": {
        "estimate": 32.38242833467256,
        "std": 8.967232464159169
    },
    "12": {
        "estimate": 30.988357538090238,
        "std": 8.60383378908344
    },
    "13": {
        "estimate": 32.36332121898385,
        "std": 8.92213866709744
    },
    "14": {
        "estimate": 32.14730172737265,
        "std": 8.542533369435702
    },
    "15": {
        "estimate": 32.479303624294275,
        "std": 8.534235769770126
    },
    "16": {
        "estimate": 31.366700542961784,
        "std": 7.995919370342019
    },
    "17": {
        "estimate": 31.27138411292461,
        "std": 8.550725777019263
    },
    "18": {
        "estimate": 30.348374764440955,
        "std": 8.37755097158453
    },
    "19": {
        "estimate": 29.310853913958116,
        "std": 8.167112002974282
    },
    "20": {
        "estimate": 28.581035672984516,
        "std": 7.920615118307645
    },
    "21": {
        "estimate": 28.01115301048034,
        "std": 7.612153614563596
    },
    "22": {
        "estimate": 27.72647622221052,
        "std": 7.532706650583809
    },
    "23": {
        "estimate": 27.623353786941397,
        "std": 7.590479070139142
    },
    "24": {
        "estimate": 27.743757753732353,
        "std": 7.760443327862514
    },
    "25": {
        "estimate": 27.43134068033495,
        "std": 7.844870541389943
    },
    "26": {
        "estimate": 27.860713558943885,
        "std": 8.135987681863377
    },
    "27": {
        "estimate": 28.022671741750116,
        "std": 8.233661551096931
    },
    "28": {
        "estimate": 27.710481546851266,
        "std": 8.197694199120047
    },
    "29": {
        "estimate": 28.30637149775743,
        "std": 8.73602743560145
    },
    "30": {
        "estimate": 28.21401358930634,
        "std": 8.77854348896206
    },
    "31": {
        "estimate": 27.960313488452346,
        "std": 9.01006975793261
    },
    "32": {
        "estimate": 25.41759357969112,
        "std": 8.377037972470019
    }
}