{
    "0": {
        "estimate": NaN,
        "std": NaN
    },
    "1": {
        "estimate": 17.71981603198864,
        "std": 4.240384325074441
    },
    "2": {
        "estimate": 18.11144569683314,
        "std": 4.837176154542694
    },
    "3": {
        "estimate": 16.809907321424514,
        "std": 4.144485567141413
    },
    "4": {
        "estimate": 21.220654318549332,
        "std": 5.749412039847865
    },
    "5": {
        "estimate": 23.904638501556636,
        "std": 5.908516208162124
    },
    "6": {
        "estimate": 24.33145426648291,
        "std": 5.956091639825275
    },
    "7": {
        "estimate": 24.991518716827237,
        "std": 6.042934834429231
    },
    "8": {
        "estimate": 26.561842676518765,
        "std": 6.187813477572876
    },
    "9": {
        "estimate": 27.531453121983027,
        "std": 6.3072447285495485
    },
    "10": {
        "estimate": 28.877247421377746,
        "std": 6.745692407797004
    },
    "11": {
        "estimate": 29.003975218127856,
        "std": 6.679143594117681
    },
    "12": {
        "estimate": 27.4047727956598,
        "std": 6.202528055984459
    },
    "13": {
        "estimate": 28.751679688048455,
        "std": 6.382456537798184
    },
    "14": {
        "estimate": 28.152210556965553,
        "std": 6.111755179985104
    },
    "15": {
        "estimate": 28.403697079109836,
        "std": 6.248103873322054
    },
    "16": {
        "estimate": 26.794267223105667,
        "std": 5.532048314487982
    },
    "17": {
        "estimate": 26.654238090754916,
        "std": 6.043053895113916
    },
    "18": {
        "estimate": 25.79362385062721,
        "std": 5.942460768423693
    },
    "19": {
        "estimate": 24.747697047095087,
        "std": 5.83423082577277
    },
    "20": {
        "estimate": 23.994114340701515,
        "std": 5.5845684309241586
    },
    "21": {
        "estimate": 23.538045441511454,
        "std": 5.448136352271725
    },
    "22": {
        "estimate": 23.264442467063482,
        "std": 5.263856219073857
    },
    "23": {
        "estimate": 23.20216881008398,
        "std": 5.397671859101831
    },
    "24": {
        "estimate": 23.314888366970706,
        "std": 5.576787317148649
    },
    "25": {
        "estimate": 22.84741675258226,
        "std": 5.706966348964994
    },
    "26": {
        "estimate": 23.20466634243563,
        "std": 5.951927217682562
    },
    "27": {
        "estimate": 23.312667441603757,
        "std": 6.0870577103378505
    },
    "28": {
        "estimate": 22.91545698231171,
        "std": 6.027795894309815
    },
    "29": {
        "estimate": 23.352853782850907,
        "std": 6.347867880226099
    },
    "30": {
        "estimate": 23.424124768996098,
        "std": 6.463782199177157
    },
    "31": {
        "estimate": 23.404935407886576,
        "std": 6.7303437633932095
    },
    "32": {
        "estimate": 21.21196066199565,
        "std": 6.390468990691281
    }
}