{
    "0": NaN,
    "1": 3.7227771384145507,
    "2": 3.5966861071545613,
    "3": 3.574449569803914,
    "4": 3.411235611592471,
    "5": 3.2651279848126733,
    "6": 3.0334299196684285,
    "7": 2.9825777638830893,
    "8": 2.9527335936548926,
    "9": 3.0137344293078447,
    "10": 2.999838760586336,
    "11": 3.020690240695346,
    "12": 2.9487370786203315,
    "13": 2.901574253155393,
    "14": 2.724272124755967,
    "15": 2.678504598768663,
    "16": 2.613498064972213,
    "17": 2.611066830845363,
    "18": 2.5605153165678516,
    "19": 2.616322763658736,
    "20": 2.5990394467140243,
    "21": 2.6467527587957216,
    "22": 2.70213806746691,
    "23": 2.687405027035076,
    "24": 2.8153992316824885,
    "25": 2.910109118488029,
    "26": 3.0986301966867487,
    "27": 3.1544080932149914,
    "28": 3.2251025252121948,
    "29": 3.4572966518592,
    "30": 3.4634373126909725,
    "31": 3.568876492489462,
    "32": 3.9216379974239945
}