{
    "0": NaN,
    "1": 3.4971021444583137,
    "2": 3.088905444152146,
    "3": 3.190582187010595,
    "4": 3.2638438996163415,
    "5": 3.398890698036548,
    "6": 3.7410456258961875,
    "7": 3.7244163799874346,
    "8": 3.9136412380378247,
    "9": 4.142230040581569,
    "10": 4.362342100699546,
    "11": 2.94725588012551,
    "12": 3.0505181899398286,
    "13": 1.6673930030856756,
    "14": 1.6131321771209644,
    "15": 1.600609471433986,
    "16": 1.7412659112449316,
    "17": 1.746488518928569,
    "18": 1.823838123492272,
    "19": 1.8023451107715824,
    "20": 1.8458124253457746,
    "21": 1.8589617158878198,
    "22": 1.9724402316260183,
    "23": 2.1467559625336934,
    "24": 3.5581373164422603
}