{
    "0": NaN,
    "1": 3.4702893528517746,
    "2": 3.3814421190540127,
    "3": 3.690432678631561,
    "4": 3.6381580513356653,
    "5": 3.5855867322183257,
    "6": 3.6391801178537433,
    "7": 3.5854593945759183,
    "8": 3.6028518664147273,
    "9": 3.705461823643518,
    "10": 3.6718098339998733,
    "11": 3.9292815083463832,
    "12": 3.39850993803941,
    "13": 3.1954616135672933,
    "14": 2.452031157649228,
    "15": 2.6481501753783956,
    "16": 2.414896030424904,
    "17": 2.265878954862336,
    "18": 2.147688408671597,
    "19": 2.0012878899436495,
    "20": 1.9481347024769908,
    "21": 2.002614487722381,
    "22": 2.030919988158883,
    "23": 2.0561023285817237,
    "24": 2.1114040217481715,
    "25": 2.1490240998629293,
    "26": 2.1894252970811343,
    "27": 2.223456184215244,
    "28": 2.3261409746508135,
    "29": 2.4427985504951666,
    "30": 2.5266810327217994,
    "31": 3.189721113435602,
    "32": 4.043006748334845
}