{
    "0": NaN,
    "1": 3.686071092564475,
    "2": 3.7528573865796493,
    "3": 3.7826426206866794,
    "4": 3.471347582730483,
    "5": 3.31777169350355,
    "6": 3.2736354736984614,
    "7": 3.531886819924657,
    "8": 3.8510672607713428,
    "9": 3.915226279975833,
    "10": 3.705336291902605,
    "11": 3.6828822242233943,
    "12": 3.2813814270015382,
    "13": 3.408551038921195,
    "14": 3.221519030767585,
    "15": 3.0097761117053214,
    "16": 2.7194167045603486,
    "17": 2.648397181272526,
    "18": 2.5219645685668612,
    "19": 2.556794352543939,
    "20": 2.436919291619074,
    "21": 2.470364908187113,
    "22": 2.5920522476716275,
    "23": 2.548303316620472,
    "24": 2.592933975521951,
    "25": 2.4830800868759435,
    "26": 2.615925846909421,
    "27": 2.826359237667822,
    "28": 2.909297322283595,
    "29": 2.74620732617448,
    "30": 3.0093045866224553,
    "31": 2.9416435291990184,
    "32": 3.259047977848555
}