{
    "0": NaN,
    "1": 3.3291686307200115,
    "2": 3.0931083144418503,
    "3": 3.3455937363823485,
    "4": 3.202812001791157,
    "5": 3.162301058372135,
    "6": 3.381950786332002,
    "7": 3.3993067977904703,
    "8": 3.3542928133417926,
    "9": 3.342801431212155,
    "10": 3.56165748543568,
    "11": 3.586248877537752,
    "12": 3.908549760283524,
    "13": 3.9823597891860314,
    "14": 4.193234508922049,
    "15": 4.633877961700979,
    "16": 4.978112997427943,
    "17": 4.906455768157229,
    "18": 5.269218493795877,
    "19": 5.400951842005449,
    "20": 5.536337473839152,
    "21": 5.600104442091643,
    "22": 5.837360065317504,
    "23": 5.835401439136242,
    "24": 5.536304071148549
}