{
    "0": NaN,
    "1": 3.182531320649317,
    "2": 3.3175468306707963,
    "3": 3.637081728064771,
    "4": 3.882980817385052,
    "5": 3.94445375744635,
    "6": 3.7909815419402295,
    "7": 3.800799229362818,
    "8": 3.777802599834196,
    "9": 3.7687256215517904,
    "10": 3.9190034522583623,
    "11": 3.9791101689927326,
    "12": 3.5471571992542255,
    "13": 3.6052454606978706,
    "14": 2.2863083984344916,
    "15": 2.4245225525823253,
    "16": 2.366421526027411,
    "17": 2.261700438792065,
    "18": 2.1789990013442733,
    "19": 2.256228852008313,
    "20": 2.29566949542771,
    "21": 2.377294252768694,
    "22": 2.4259214121342505,
    "23": 2.507064090607255,
    "24": 2.546965424636971,
    "25": 2.6300636281980037,
    "26": 2.6539903961783353,
    "27": 2.6512113340075683,
    "28": 2.723969581047221,
    "29": 2.850099451865739,
    "30": 2.8638081974455893,
    "31": 2.87137904817221,
    "32": 2.8966762599436495
}