{
    "0": NaN,
    "1": 3.543677306507123,
    "2": 2.944358520320917,
    "3": 3.1259689027267306,
    "4": 2.8679181227431685,
    "5": 3.0720945572589344,
    "6": 3.219690206537718,
    "7": 3.158458364824579,
    "8": 3.114182913506469,
    "9": 3.262017917206503,
    "10": 3.30741911133132,
    "11": 1.9283772567352115,
    "12": 1.9622255791816108,
    "13": 1.9330339594216774,
    "14": 1.7443237254368205,
    "15": 1.690893967967819,
    "16": 1.7710958434899093,
    "17": 1.7395570844934516,
    "18": 1.8349198719161417,
    "19": 1.928757884860792,
    "20": 1.9848064485041912,
    "21": 2.1212849803510667,
    "22": 2.1446570096889963,
    "23": 2.2167225621370656,
    "24": 2.5593825343727192
}