{
    "0": NaN,
    "1": 3.180199520295951,
    "2": 3.490841119638852,
    "3": 3.1872668519449348,
    "4": 3.225788600489629,
    "5": 3.269248702567331,
    "6": 3.33990325993829,
    "7": 3.47629252162372,
    "8": 3.5284512233129597,
    "9": 3.495412986520371,
    "10": 3.660693962805419,
    "11": 3.712514639192044,
    "12": 3.849912344702813,
    "13": 3.9768057206759657,
    "14": 4.37414098975101,
    "15": 4.597577743022608,
    "16": 4.475821358526103,
    "17": 4.748485240698658,
    "18": 4.837153588381479,
    "19": 5.3268112669408225,
    "20": 5.745951615263573,
    "21": 6.365887077993011,
    "22": 6.725008743262122,
    "23": 6.84030681941356,
    "24": 7.039797348991163,
    "25": 7.179520433834704,
    "26": 7.199680288373093,
    "27": 7.342410223197895,
    "28": 7.540877606380593,
    "29": 7.523017722150499,
    "30": 7.492779670901104,
    "31": 7.34544137443317,
    "32": 7.438186495648968,
    "33": 7.586405608350986,
    "34": 7.520648139873415,
    "35": 7.398268720503092,
    "36": 6.186320138086097
}