{
    "0": NaN,
    "1": 3.3457488589631423,
    "2": 3.230249066342062,
    "3": 3.416955491990762,
    "4": 3.4323565926525084,
    "5": 3.6077865672970586,
    "6": 3.6640920209077508,
    "7": 3.838485458312193,
    "8": 4.137650149542042,
    "9": 4.275234302963352,
    "10": 4.3681032532897515,
    "11": 2.766641130259884,
    "12": 2.759139049965997,
    "13": 2.1207850233286925,
    "14": 1.9900446798600264,
    "15": 2.124164016063983,
    "16": 2.337325753523494,
    "17": 2.4364893205461575,
    "18": 2.476037254348312,
    "19": 2.613331077309825,
    "20": 2.7034046798380547,
    "21": 2.7012410624060137,
    "22": 2.7842972677256013,
    "23": 2.823864324161914,
    "24": 2.7961264607292455
}