{
    "0": NaN,
    "1": 3.7592933185845374,
    "2": 3.545681290033023,
    "3": 3.3334184162692844,
    "4": 3.207559725605315,
    "5": 3.2974682915495848,
    "6": 3.237626531398521,
    "7": 3.3605559639556355,
    "8": 3.4099327924846587,
    "9": 3.590028988544321,
    "10": 3.7328728528080903,
    "11": 3.7861715280019212,
    "12": 3.8145413766133105,
    "13": 4.099050341826825,
    "14": 4.074538607277413,
    "15": 4.266045453723019,
    "16": 4.166729351440451,
    "17": 4.17363309268897,
    "18": 4.175842241538669,
    "19": 4.092084546801839,
    "20": 3.943382699191318,
    "21": 3.887798237316036,
    "22": 3.855793671874544,
    "23": 3.7244041587204366,
    "24": 3.9426567234321137,
    "25": 4.063511419169631,
    "26": 4.163448867225535,
    "27": 4.369875566151016,
    "28": 4.596804494887121,
    "29": 4.71211628101802,
    "30": 5.034203330012488,
    "31": 5.033999727324405,
    "32": 5.186022924730782
}