{
    "0": NaN,
    "1": 3.527726837495933,
    "2": 3.436235561926489,
    "3": 3.6313769533515625,
    "4": 4.015616872898688,
    "5": 4.254576218719912,
    "6": 4.617431840962106,
    "7": 5.107653876870828,
    "8": 3.713879466920051,
    "9": 4.164473354607417,
    "10": 4.114891958336409,
    "11": 4.2589465408094265,
    "12": 5.171864457719749,
    "13": 5.610084801318727,
    "14": 5.8582642852579445,
    "15": 5.901597905617109,
    "16": 5.429997494623519
}