{
    "0": NaN,
    "1": 4.008231347927323,
    "2": 3.651673528897497,
    "3": 3.7277254805318467,
    "4": 4.076226311630761,
    "5": 4.432519340387884,
    "6": 4.522333165214879,
    "7": 5.12243916214882,
    "8": 4.215581352061986,
    "9": 4.433074376414262,
    "10": 4.7820555142264505,
    "11": 5.123528971545469,
    "12": 5.56046323861175,
    "13": 5.79143685021441,
    "14": 5.717419306026519,
    "15": 5.828922372463424,
    "16": 5.447004975747323
}