{
    "0": NaN,
    "1": 4.225514846096279,
    "2": 3.1621586487348963,
    "3": 3.2762568794341487,
    "4": 3.6471358362246993,
    "5": 4.584921526346697,
    "6": 5.208120362309988,
    "7": 5.706435247766762,
    "8": 5.861744398939896,
    "9": 4.984943353688018,
    "10": 5.325344343905542,
    "11": 5.136149475147336,
    "12": 4.9270312215114735,
    "13": 5.498236713764126,
    "14": 5.843915448198084,
    "15": 5.836631393617756,
    "16": 5.469219805400603
}