{
    "0": NaN,
    "1": 3.767338010448709,
    "2": 3.787973236060301,
    "3": 3.623373851252722,
    "4": 3.8271595021138967,
    "5": 3.9597063958139187,
    "6": 4.176986917294424,
    "7": 4.332870295856554,
    "8": 3.0907744932195547,
    "9": 3.1579005804541107,
    "10": 2.9537131012514646,
    "11": 2.739398285545567,
    "12": 2.6374957841697144,
    "13": 2.6322981061960906,
    "14": 2.9636651945691876,
    "15": 3.1932752639225503,
    "16": 3.673076807294988
}