{
    "0": NaN,
    "1": 3.25578695699478,
    "2": 3.1677839988360295,
    "3": 2.7608212953511706,
    "4": 2.5929227440929483,
    "5": 2.5417111364270233,
    "6": 2.648789720370126,
    "7": 2.701944926796217,
    "8": 2.301476111754209,
    "9": 2.302902748958272,
    "10": 2.2907569789944193,
    "11": 2.413581398096697,
    "12": 2.4031610058489052,
    "13": 2.4597713602721627,
    "14": 2.4257978535449696,
    "15": 2.5029216541127615,
    "16": 2.613559360886068,
    "17": 2.715830773348159,
    "18": 2.847039977070416,
    "19": 2.8147797565081953,
    "20": 2.810697068418946,
    "21": 2.8730016548651682,
    "22": 2.796607766172502,
    "23": 2.7414012075868888,
    "24": 2.7241480539872227,
    "25": 2.761983164525254,
    "26": 2.7924250855470656,
    "27": 2.8075895963724635,
    "28": 2.808574158793639,
    "29": 2.835109179987037,
    "30": 2.90528901753271,
    "31": 2.908369045613167,
    "32": 2.9343434671458843,
    "33": 2.988867718892408,
    "34": 3.015772459546838,
    "35": 3.107889951631517,
    "36": 2.776635686727568
}