{
    "0": NaN,
    "1": 3.662934078346337,
    "2": 3.6614680575010476,
    "3": 3.7637644019983103,
    "4": 3.8207872655620285,
    "5": 3.662544809117771,
    "6": 3.565467531686875,
    "7": 4.029000188467738,
    "8": 4.286102758301006,
    "9": 4.470511969886983,
    "10": 4.014845232424026,
    "11": 4.139999204416882,
    "12": 4.146539449961487,
    "13": 4.2309916053319085,
    "14": 3.246600962312979,
    "15": 3.2094040646025794,
    "16": 2.7622097357779305,
    "17": 2.556621228323575,
    "18": 2.3729298604408586,
    "19": 2.117807210540597,
    "20": 2.1191697795372892,
    "21": 2.110743715087024,
    "22": 2.1560172992911544,
    "23": 2.2290313767715855,
    "24": 2.2398912273444656,
    "25": 2.258871810003215,
    "26": 2.3152548116052345,
    "27": 2.4004563324091475,
    "28": 2.453304157320528,
    "29": 2.5527808605614317,
    "30": 2.5801864064940094,
    "31": 3.272170119610155,
    "32": 4.320344729297403
}