{
    "0": NaN,
    "1": 4.844233004250534,
    "2": 4.151650383966523,
    "3": 3.803941912716429,
    "4": 3.6238390635843465,
    "5": 3.7911199826796627,
    "6": 3.99873146924964,
    "7": 4.597167507122299,
    "8": 4.173779942853869,
    "9": 4.0600390287776795,
    "10": 3.932414226386249,
    "11": 3.8235847623935872,
    "12": 3.7458340401106685,
    "13": 3.9151461667609375,
    "14": 4.0281937906652345,
    "15": 3.7815815567851403,
    "16": 3.7398372655815595,
    "17": 3.819023466691011,
    "18": 4.035026145000717,
    "19": 4.001516045449917,
    "20": 3.6668535514969993,
    "21": 3.7167048311352806,
    "22": 3.7435373448913913,
    "23": 3.5338092711440323,
    "24": 3.455927124291933,
    "25": 3.5789888572446595,
    "26": 3.5718663403609194,
    "27": 3.5507419504325965,
    "28": 3.680802200931941,
    "29": 3.650873517056842,
    "30": 3.7193989636034854,
    "31": 3.767746074804562,
    "32": 3.774244134262302,
    "33": 3.9810522296839794,
    "34": 4.013662807834359,
    "35": 3.9711917289453718,
    "36": 4.439759962658451
}