{
    "0": NaN,
    "1": 3.9411332579518197,
    "2": 3.603269775276927,
    "3": 3.0951530696052725,
    "4": 2.8320425858773124,
    "5": 2.829965913454291,
    "6": 3.085443016572469,
    "7": 3.462734506119862,
    "8": 3.574340700618908,
    "9": 3.5595414541261006,
    "10": 3.2816974234029495,
    "11": 3.0556101362873713,
    "12": 2.8496944468736807,
    "13": 2.815216511916026,
    "14": 2.8614698406220787,
    "15": 2.8337664873079182,
    "16": 2.790376924995291,
    "17": 2.8446970046346216,
    "18": 2.9790970398620056,
    "19": 2.846941351286858,
    "20": 2.7611168155640553,
    "21": 2.8283450120040134,
    "22": 2.8784922944943525,
    "23": 2.7851859945711377,
    "24": 2.854651594944695,
    "25": 2.9589794966599947,
    "26": 2.95401712712312,
    "27": 3.0307519953229196,
    "28": 3.0696957608122006,
    "29": 3.1202742305274835,
    "30": 3.234224383294139,
    "31": 3.3370956028251593,
    "32": 3.4326270874818006,
    "33": 3.483963179719045,
    "34": 3.6039290844286915,
    "35": 3.7668828042502254,
    "36": 3.808630078464752
}