{
    "0": NaN,
    "1": 2.7631287113737355,
    "2": 3.5843729231426638,
    "3": 3.785901248373661,
    "4": 3.979354908678115,
    "5": 4.555567125898991,
    "6": 4.880272812918275,
    "7": 5.249584461288289,
    "8": 5.067647125906145,
    "9": 5.051443399160419,
    "10": 5.214080840233975,
    "11": 5.234918010843197,
    "12": 5.644891007153316,
    "13": 5.40355027444646,
    "14": 5.870834434784819,
    "15": 5.824896788487172,
    "16": 5.791098234690759,
    "17": 5.747703028797336,
    "18": 5.865213449523619,
    "19": 5.608233615460179,
    "20": 5.508503382783884,
    "21": 5.6196765132420925,
    "22": 5.4799290705008055,
    "23": 5.421824563110852,
    "24": 5.256872430462272,
    "25": 5.1739309090793215,
    "26": 5.082740814017318,
    "27": 5.028421773167251,
    "28": 5.068752353856358,
    "29": 5.049656501563958,
    "30": 4.975490959225104,
    "31": 4.930505339089959,
    "32": 4.91214025661554,
    "33": 4.998707663109788,
    "34": 4.936243082460386,
    "35": 4.967268017966761,
    "36": 4.860134297385247
}