{
    "0": NaN,
    "1": 3.655134411645412,
    "2": 3.6350571894133274,
    "3": 3.6164135267422757,
    "4": 3.459178453714669,
    "5": 3.6009095548952845,
    "6": 3.8356485079373797,
    "7": 4.323255537649926,
    "8": 5.000201075104504,
    "9": 5.103222405276129,
    "10": 4.982268051298725,
    "11": 5.246637674498499,
    "12": 4.948841640940748,
    "13": 5.743162261795545,
    "14": 6.091161775068332,
    "15": 5.566347545095805,
    "16": 4.856137978452074,
    "17": 4.20307360650677,
    "18": 4.12894536215493,
    "19": 3.816166057871344,
    "20": 3.8321318790523775,
    "21": 3.6545741305399355,
    "22": 3.8145468026710883,
    "23": 3.5827130483292327,
    "24": 3.6071741856275974,
    "25": 3.5152024944108056,
    "26": 3.6054600875164318,
    "27": 3.561352205083848,
    "28": 3.6444819974476923,
    "29": 3.6116481457754195,
    "30": 3.706335648573997,
    "31": 3.920096558540762,
    "32": 3.0606010062890583
}