{
    "0": NaN,
    "1": 3.112961690598389,
    "2": 3.256943728495636,
    "3": 3.7561479090368546,
    "4": 4.019111378160806,
    "5": 4.708778513193498,
    "6": 5.047140105859767,
    "7": 5.339826548988268,
    "8": 5.407350295535447,
    "9": 4.938063326771762,
    "10": 5.44213606388886,
    "11": 5.008760852441072,
    "12": 5.180983531925118,
    "13": 5.195146317124308,
    "14": 5.087755544180782,
    "15": 4.766492735409188,
    "16": 4.429352309402849
}