{
    "0": NaN,
    "1": 3.4895743180578767,
    "2": 3.3841183185130514,
    "3": 3.56490925553365,
    "4": 3.9360399072890293,
    "5": 4.141697692997594,
    "6": 4.161674668132454,
    "7": 4.307286795509058,
    "8": 3.1836448974222895,
    "9": 3.165661898410736,
    "10": 3.208315364334704,
    "11": 3.4195537771029887,
    "12": 5.014411021802281,
    "13": 5.174859889164314,
    "14": 5.591833324932223,
    "15": 6.036326034552581,
    "16": 6.214194726407741
}