{
    "0": NaN,
    "1": 4.967766322088833,
    "2": 4.367229665340913,
    "3": 3.6870100491365605,
    "4": 3.4845070329502974,
    "5": 3.441965005864302,
    "6": 3.181270230159626,
    "7": 3.0837050567262554,
    "8": 2.3241474026458095,
    "9": 2.259617880781697,
    "10": 2.2918997360778373,
    "11": 2.358295248185593,
    "12": 2.4994773136813513,
    "13": 2.5701466618686886,
    "14": 2.631513294208503,
    "15": 2.7106791553224614,
    "16": 2.836227695166364,
    "17": 2.9306366643763218,
    "18": 3.0554747514812597,
    "19": 2.872970124832975,
    "20": 2.7995338500522817,
    "21": 2.7637158214681006,
    "22": 2.6355378788776713,
    "23": 2.5691193523815747,
    "24": 2.643001556192782,
    "25": 2.6397981634169,
    "26": 2.6961931624310673,
    "27": 2.7477443760731304,
    "28": 2.796912311839396,
    "29": 2.822302776983754,
    "30": 2.909421261182086,
    "31": 3.0135440661855877,
    "32": 3.0616320816290163,
    "33": 3.188670081832391,
    "34": 3.1425858229548993,
    "35": 3.299889749819172,
    "36": 3.3409476863488665
}