{
    "0": NaN,
    "1": 3.419966899717817,
    "2": 3.837847508812329,
    "3": 3.7770619727801487,
    "4": 4.002539718193612,
    "5": 4.42337589830985,
    "6": 5.164082558461298,
    "7": 6.197513144816869,
    "8": 6.11869065071739,
    "9": 5.4156132445212295,
    "10": 5.171745557408535,
    "11": 5.047156032119447,
    "12": 5.563905457090449,
    "13": 5.829209105280472,
    "14": 6.319979281751206,
    "15": 6.078694051869374,
    "16": 5.949308242357637,
    "17": 5.681573340979523,
    "18": 5.664810108794476,
    "19": 5.415447155923142,
    "20": 5.146687881616703,
    "21": 4.918216930848812,
    "22": 4.865193420019802,
    "23": 4.858198336422151,
    "24": 4.722241826968347,
    "25": 4.704256210142638,
    "26": 4.664110845497262,
    "27": 4.579397949329371,
    "28": 4.634533466970374,
    "29": 4.720152424203568,
    "30": 4.612094313975834,
    "31": 4.611085774186501,
    "32": 4.603755053499588,
    "33": 4.51738803985699,
    "34": 4.589551078999975,
    "35": 4.5237692012438755,
    "36": 4.393338583258728
}