{
    "0": NaN,
    "1": 3.0001930343883445,
    "2": 2.904634809697097,
    "3": 2.9341855785154958,
    "4": 2.846700456651882,
    "5": 2.7857074545434846,
    "6": 2.892344510147375,
    "7": 2.896784515971781,
    "8": 2.812354235053155,
    "9": 2.787175791206974,
    "10": 2.886277083133773,
    "11": 2.8937986560053828,
    "12": 2.991460510071079,
    "13": 2.936617313594132,
    "14": 3.0549871938584654,
    "15": 3.2218767519407154,
    "16": 3.523174577933064,
    "17": 3.3476647941351136,
    "18": 3.7485494702851656,
    "19": 3.7905432787086486,
    "20": 4.007315940756937,
    "21": 4.00919215042728,
    "22": 4.244040304106897,
    "23": 4.2551866073118125,
    "24": 4.805194196741513
}