{
    "0": NaN,
    "1": 3.9113739978467184,
    "2": 3.8327465421037425,
    "3": 3.030321880388502,
    "4": 2.7269936574137286,
    "5": 2.7547837121278227,
    "6": 2.8486257770331296,
    "7": 2.9057716662804833,
    "8": 2.9232090207782218,
    "9": 3.0642962009646824,
    "10": 3.2900300741476443,
    "11": 3.3295334557064695,
    "12": 3.405136234970946,
    "13": 3.585023472022192,
    "14": 3.6241714667407345,
    "15": 3.658562479472614,
    "16": 3.680210762082498,
    "17": 3.7142889104549495,
    "18": 3.815331162934956,
    "19": 3.846190413398608,
    "20": 3.930475900616666,
    "21": 4.121210187919464,
    "22": 4.103190668938942,
    "23": 4.262576057887278,
    "24": 4.653606173298072,
    "25": 4.844293610732627,
    "26": 4.915092059616185,
    "27": 5.377948841606369,
    "28": 5.6394991648886545,
    "29": 5.603833219956966,
    "30": 5.9530612385991875,
    "31": 6.031312417980513,
    "32": 5.426441508053689
}