{
    "0": NaN,
    "1": 3.8270627473351615,
    "2": 3.611498972243127,
    "3": 3.177108554886973,
    "4": 2.852706275492382,
    "5": 2.8538004244623876,
    "6": 3.1517967918321825,
    "7": 3.8329636581263418,
    "8": 3.865680765333731,
    "9": 3.914225557448437,
    "10": 3.879079718808888,
    "11": 3.862447326499784,
    "12": 3.780493400862373,
    "13": 3.745972620897439,
    "14": 3.816719910543102,
    "15": 3.749261615295563,
    "16": 3.7355450450304537,
    "17": 3.864752243413223,
    "18": 3.9192301534444254,
    "19": 3.784381141215696,
    "20": 3.7381710544516356,
    "21": 3.771876945371822,
    "22": 3.744931864353454,
    "23": 3.4202373696180675,
    "24": 3.5103122572247405,
    "25": 3.5910599295843193,
    "26": 3.574894533633762,
    "27": 3.6486642954907254,
    "28": 3.5880916569925536,
    "29": 3.5248308249445413,
    "30": 3.6111539128103822,
    "31": 3.5753139375911682,
    "32": 3.6571294555845397,
    "33": 3.82328634357692,
    "34": 3.804445712715255,
    "35": 3.9126287757398424,
    "36": 4.151385369026926
}