{
    "0": NaN,
    "1": 4.432820110601303,
    "2": 4.132518148534125,
    "3": 3.2946147277271094,
    "4": 2.945345036845384,
    "5": 2.9883420713905386,
    "6": 3.137172841152667,
    "7": 3.2017531434490816,
    "8": 3.2338231662577277,
    "9": 2.929069968333785,
    "10": 2.6005555766471184,
    "11": 2.599420249360039,
    "12": 2.5431405218532412,
    "13": 2.5154477989442947,
    "14": 2.3482790170662047,
    "15": 2.170076516374979,
    "16": 2.1648606534428843,
    "17": 2.182620039983965,
    "18": 2.3510267134155924,
    "19": 2.342292882428562,
    "20": 2.360904487034508,
    "21": 2.4168060137976304,
    "22": 2.562212888897437,
    "23": 2.6604434535247576,
    "24": 2.72981341860511,
    "25": 2.8409770794089817,
    "26": 2.952021507710856,
    "27": 3.0048752054003627,
    "28": 3.136975996896572,
    "29": 3.228945099400387,
    "30": 3.2863523016460765,
    "31": 3.3969071961776964,
    "32": 3.812759779365123
}