{
    "0": NaN,
    "1": 3.037834266151376,
    "2": 3.5285994936800584,
    "3": 3.599137274872135,
    "4": 3.731662456457219,
    "5": 4.0834564115762255,
    "6": 4.38969273380656,
    "7": 4.521678253229565,
    "8": 3.701976562465402,
    "9": 3.4951200601333645,
    "10": 3.011917698500011,
    "11": 2.8713488508621126,
    "12": 2.763923866886705,
    "13": 2.829776128620811,
    "14": 2.848270182368311,
    "15": 2.8946272751215405,
    "16": 2.9173712551569144,
    "17": 2.9068865069502916,
    "18": 2.932981945729516,
    "19": 2.961446752536521,
    "20": 2.881240131621108,
    "21": 3.105841766849468,
    "22": 3.090011580920723,
    "23": 3.0413354162513175,
    "24": 3.0868064557446724,
    "25": 3.1105753973351935,
    "26": 3.135089182795939,
    "27": 3.1742351530554473,
    "28": 3.225255290630177,
    "29": 3.329367406894259,
    "30": 3.3544787379653105,
    "31": 3.419827665294268,
    "32": 3.475303323953042,
    "33": 3.563838779555646,
    "34": 3.649735897150053,
    "35": 3.738945310633206,
    "36": 3.580591336481838
}