{
    "0": NaN,
    "1": 3.183594791327981,
    "2": 3.247199742706642,
    "3": 3.3560808194166776,
    "4": 3.88541069105745,
    "5": 4.808803149264246,
    "6": 5.655595266394686,
    "7": 5.69697906217108,
    "8": 6.209336261055184,
    "9": 5.943975929643396,
    "10": 6.126441410466562,
    "11": 5.005509743061914,
    "12": 5.361140450237488,
    "13": 2.6632097380256656,
    "14": 2.108295737195179,
    "15": 2.1244744458044424,
    "16": 2.43127459741184,
    "17": 2.5182312248197922,
    "18": 2.4960308733709655,
    "19": 2.5058953762970426,
    "20": 2.4893801820112387,
    "21": 2.5826950161221944,
    "22": 2.6757371595761454,
    "23": 2.8979876185396263,
    "24": 5.039040070418625
}