{
    "0": NaN,
    "1": 2.910391343634667,
    "2": 3.1466475610596834,
    "3": 3.3227721263468712,
    "4": 3.28781205761567,
    "5": 3.317202104979171,
    "6": 3.354912295567065,
    "7": 3.3284541414698263,
    "8": 3.6680100374993403,
    "9": 3.9084165222386713,
    "10": 4.375183621560358,
    "11": 4.109501771453884,
    "12": 5.316040766038625,
    "13": 5.878227916234932,
    "14": 6.620823558120292,
    "15": 6.616842443971784,
    "16": 6.348823447966057
}