{
    "0": NaN,
    "1": 3.482561517005409,
    "2": 3.033316901435247,
    "3": 3.2465188304931116,
    "4": 3.2206958674230974,
    "5": 3.3642009277810643,
    "6": 3.8061197267973967,
    "7": 3.76328413061538,
    "8": 3.903624610249166,
    "9": 4.070905625975629,
    "10": 3.551934090597915,
    "11": 2.651948314443814,
    "12": 3.2014717524738683,
    "13": 2.0136343127507024,
    "14": 2.0213336850820336,
    "15": 2.0968468982814246,
    "16": 2.3577001731501492,
    "17": 2.4019904636156357,
    "18": 2.4608270307182583,
    "19": 2.4610517992110426,
    "20": 2.5680819214994175,
    "21": 2.62986837475624,
    "22": 2.7787827427211442,
    "23": 3.1234367139219477,
    "24": 4.109392162863315
}