{
    "0": NaN,
    "1": 2.9391888099170305,
    "2": 3.3608461664800298,
    "3": 3.439445521119452,
    "4": 3.3201656500512713,
    "5": 3.3676521415568326,
    "6": 3.262806316489279,
    "7": 3.300136788145114,
    "8": 2.8300206669361816,
    "9": 2.741669965031968,
    "10": 2.6705000770777376,
    "11": 2.4800295227223748,
    "12": 2.627331983583468,
    "13": 2.8677394211415477,
    "14": 3.01538655815617,
    "15": 3.6250172567506667,
    "16": 3.677731696148864
}