{
    "0": NaN,
    "1": 3.242337205678919,
    "2": 3.6145750266502223,
    "3": 3.7580185102521364,
    "4": 3.7699799764728086,
    "5": 3.8625009397723935,
    "6": 4.479909803912744,
    "7": 4.834288430986354,
    "8": 4.895834467007279,
    "9": 5.149710140620026,
    "10": 5.3967760112767476,
    "11": 6.138439324992075,
    "12": 5.743366737517644,
    "13": 5.831197541674143,
    "14": 4.453046882473227,
    "15": 4.805216108176229,
    "16": 4.361826938415879,
    "17": 4.468104514146641,
    "18": 4.712997747443624,
    "19": 4.765730194629556,
    "20": 4.770457341115369,
    "21": 4.77470812784288,
    "22": 4.831621293265563,
    "23": 4.793609585684822,
    "24": 4.723056705659655,
    "25": 4.668319080465144,
    "26": 4.658883660268811,
    "27": 4.712811072262774,
    "28": 4.820572279019238,
    "29": 4.806311455195762,
    "30": 4.889361011477745,
    "31": 5.084658171031538,
    "32": 4.708736272366085
}