{
    "0": NaN,
    "1": 3.1476370996470546,
    "2": 3.044373344779635,
    "3": 3.063894994609858,
    "4": 2.511450322691645,
    "5": 2.5014881738379815,
    "6": 2.837021452443352,
    "7": 2.8835405183100584,
    "8": 2.9579548840186156,
    "9": 2.9706553110791742,
    "10": 3.1919992437876212,
    "11": 3.7301634431478186,
    "12": 4.09625865500186,
    "13": 4.2629596454698975,
    "14": 4.480646873345615,
    "15": 4.917139352507693,
    "16": 5.799006258847232,
    "17": 5.795965400342738,
    "18": 6.358279857372678,
    "19": 6.686239252261554,
    "20": 6.655831437249177,
    "21": 7.022222214595625,
    "22": 7.009765001287879,
    "23": 7.247378764606748,
    "24": 7.2422649649381485
}