{
    "0": NaN,
    "1": 3.419868274278088,
    "2": 3.403148177642551,
    "3": 3.399479702348175,
    "4": 3.3948491788084665,
    "5": 3.687330838395206,
    "6": 4.329533864689259,
    "7": 5.068289344774153,
    "8": 4.907946206767414,
    "9": 4.821686637765931,
    "10": 4.6090062602178135,
    "11": 4.491959836097002,
    "12": 4.202497828451909,
    "13": 4.441966815982715,
    "14": 4.899750217777822,
    "15": 4.662221405909897,
    "16": 4.456236158280735,
    "17": 4.401962251474095,
    "18": 4.369665015321222,
    "19": 4.162182622438877,
    "20": 3.8419530113177514,
    "21": 3.9010698322311286,
    "22": 3.6700160035461793,
    "23": 3.4878361832624143,
    "24": 3.5499273060390224,
    "25": 3.5132627120386037,
    "26": 3.476221159334628,
    "27": 3.4365966584557803,
    "28": 3.3740466083027907,
    "29": 3.293369320234459,
    "30": 3.3170971264014537,
    "31": 3.2614206945083555,
    "32": 3.3628893504268453,
    "33": 3.2393442978842732,
    "34": 3.312540217801265,
    "35": 3.3477995092139534,
    "36": 2.7104186362713807
}