{
    "0": NaN,
    "1": 3.080027049097799,
    "2": 3.0512135772903144,
    "3": 3.18275689718149,
    "4": 3.6994280021870534,
    "5": 3.811433264765199,
    "6": 4.236609243726882,
    "7": 4.1343499550170675,
    "8": 4.309148810128583,
    "9": 4.771774244876996,
    "10": 5.16402713807369,
    "11": 4.432004434378007,
    "12": 5.030390756829355,
    "13": 2.955174667194394,
    "14": 2.616728061415132,
    "15": 2.6463833319959096,
    "16": 2.726436498144374,
    "17": 2.689344642094111,
    "18": 2.677627402687897,
    "19": 2.817127536085889,
    "20": 2.9874959489592583,
    "21": 3.099601189960669,
    "22": 3.201381408732059,
    "23": 3.380459128964109,
    "24": 3.4291170003954354
}