{
    "0": NaN,
    "1": 3.5208835822594415,
    "2": 3.690163087320504,
    "3": 3.71262992561434,
    "4": 4.205375027804758,
    "5": 4.341112705965838,
    "6": 4.989988614984616,
    "7": 5.310536540340623,
    "8": 5.353398142682357,
    "9": 5.8701560826160835,
    "10": 6.162877193608975,
    "11": 6.540732204603795,
    "12": 6.272686564847924,
    "13": 6.132301564058201,
    "14": 4.140854007582243,
    "15": 4.485239625596414,
    "16": 3.9259241531284452,
    "17": 3.446416372078599,
    "18": 3.090278662762643,
    "19": 2.669109536036418,
    "20": 2.5430403782260997,
    "21": 2.59488030727947,
    "22": 2.5726589133272166,
    "23": 2.5833175334699447,
    "24": 2.6684604707544577,
    "25": 2.6641339000348556,
    "26": 2.722501636573264,
    "27": 2.7815722443166457,
    "28": 2.8528067321314334,
    "29": 2.878213117950066,
    "30": 3.032893191341866,
    "31": 3.4667405509441176,
    "32": 4.075923079412363
}