{
    "0": NaN,
    "1": 3.7428638432901504,
    "2": 3.5651581687027356,
    "3": 3.9197742394900756,
    "4": 3.7868423966993854,
    "5": 3.8235858306063246,
    "6": 3.5894873812122077,
    "7": 3.5559864723820667,
    "8": 3.430513400160338,
    "9": 3.5540881838014995,
    "10": 3.5875737760823196,
    "11": 3.778148755560956,
    "12": 3.175609864869597,
    "13": 3.0828665052466873,
    "14": 2.1807046406899158,
    "15": 2.2958290769459615,
    "16": 2.1342184447728774,
    "17": 2.0661682850261163,
    "18": 1.9992677949864732,
    "19": 1.9136672516473157,
    "20": 1.9040893469577571,
    "21": 1.976505991444514,
    "22": 1.9394418254617152,
    "23": 1.9491486211793199,
    "24": 2.0002879929691977,
    "25": 2.0500854997528437,
    "26": 2.106585008635819,
    "27": 2.143754711141208,
    "28": 2.243088617986611,
    "29": 2.322711529766971,
    "30": 2.393549036820535,
    "31": 2.6408408727291373,
    "32": 2.627752258037533
}