{
    "0": NaN,
    "1": 2.9866470747073226,
    "2": 3.541269472767263,
    "3": 3.5639018405915968,
    "4": 3.8062302371249364,
    "5": 3.9726403513292374,
    "6": 4.131577175694457,
    "7": 4.092827738485375,
    "8": 3.8038176106621635,
    "9": 3.733472946553836,
    "10": 3.742674486999963,
    "11": 3.8259349664676057,
    "12": 3.931733563393639,
    "13": 3.838634036666072,
    "14": 3.856902223017777,
    "15": 3.8825453538568793,
    "16": 3.784228251475211,
    "17": 3.764430080388817,
    "18": 3.7282442989833258,
    "19": 3.5521243440035453,
    "20": 3.415555738452657,
    "21": 3.750240289534253,
    "22": 3.8304735887638572,
    "23": 3.790930832620179,
    "24": 3.989358288805306,
    "25": 4.068703661944203,
    "26": 4.178922586610214,
    "27": 4.370785536059279,
    "28": 4.534439798118546,
    "29": 4.710073987779407,
    "30": 4.707116742369012,
    "31": 4.787657121677435,
    "32": 4.831998612143755,
    "33": 4.8746047990001955,
    "34": 4.991808962824397,
    "35": 4.923367665110318,
    "36": 4.665710049351352
}