{
    "0": NaN,
    "1": 3.7119886480207684,
    "2": 3.653538037585854,
    "3": 3.603334722016413,
    "4": 3.4501098314724308,
    "5": 3.7317121225232075,
    "6": 3.8217837475780816,
    "7": 4.218631499364824,
    "8": 4.709088031988897,
    "9": 4.664503379117464,
    "10": 4.469974022006672,
    "11": 4.743718385375741,
    "12": 4.37178159605958,
    "13": 4.776600748328485,
    "14": 4.855267665388257,
    "15": 4.682598825445673,
    "16": 4.684696476242719,
    "17": 4.682351846148539,
    "18": 4.858967945393344,
    "19": 4.786246120647467,
    "20": 4.837975321242107,
    "21": 5.094820838816229,
    "22": 5.262066022237148,
    "23": 5.333849311198182,
    "24": 5.251058183318219,
    "25": 5.3809122930364275,
    "26": 5.504513563144593,
    "27": 5.504984374239137,
    "28": 5.620362534587996,
    "29": 5.673930608053919,
    "30": 5.743837874148949,
    "31": 5.880839714292068,
    "32": 4.648749543785458
}