{
    "0": NaN,
    "1": 3.7902264048081684,
    "2": 3.8059590519782556,
    "3": 3.6366481262309795,
    "4": 3.7986294184133857,
    "5": 3.8683924629709305,
    "6": 4.1551131722202195,
    "7": 4.467384462580274,
    "8": 3.8439786414702564,
    "9": 4.338193048673208,
    "10": 4.042457410425525,
    "11": 4.2200623662680945,
    "12": 4.03753463941774,
    "13": 3.9162126302355964,
    "14": 4.143207997937962,
    "15": 4.35544619724676,
    "16": 3.710074543442143
}