{
    "0": NaN,
    "1": 3.112582332061642,
    "2": 3.4290886311363393,
    "3": 3.3585082429499837,
    "4": 3.3376306820300603,
    "5": 3.367895219862285,
    "6": 3.309829045824731,
    "7": 3.318875896232284,
    "8": 2.6723162772817175,
    "9": 2.599027438414444,
    "10": 2.5242246043572942,
    "11": 2.288654845263421,
    "12": 2.345738662499415,
    "13": 2.4919005407062356,
    "14": 2.712424231708355,
    "15": 3.1255091067877707,
    "16": 3.340140128408743
}