{
    "0": NaN,
    "1": 3.8938432322819043,
    "2": 3.481885682150412,
    "3": 3.5294651741967606,
    "4": 3.8790240953673316,
    "5": 4.264609495241075,
    "6": 4.62157767218044,
    "7": 4.888037535624659,
    "8": 3.4525169081446525,
    "9": 3.6471440687072487,
    "10": 3.753555128064782,
    "11": 3.8497389383205807,
    "12": 4.324167449843055,
    "13": 4.546515417593275,
    "14": 5.116816874506973,
    "15": 5.195464306407518,
    "16": 4.563724603121108
}