{
    "0": NaN,
    "1": 3.310181254921744,
    "2": 3.1159880169121066,
    "3": 3.4237286593387917,
    "4": 3.195363841986227,
    "5": 3.159129231006385,
    "6": 3.3904027158107506,
    "7": 3.471428351579784,
    "8": 3.327084784557279,
    "9": 3.3663968326599325,
    "10": 3.5039840893014653,
    "11": 3.6221152520678976,
    "12": 3.849725693172201,
    "13": 3.9976366859229984,
    "14": 4.177725463980292,
    "15": 4.695607534139959,
    "16": 5.044124164074556,
    "17": 4.915834591254204,
    "18": 5.24871157974444,
    "19": 5.265251719441056,
    "20": 5.605022231793645,
    "21": 5.684953050427368,
    "22": 5.785018827118145,
    "23": 5.777419262387516,
    "24": 5.505839133705874
}