{
    "0": NaN,
    "1": 3.6661655172724936,
    "2": 3.4300698394827704,
    "3": 3.1866227627798613,
    "4": 2.9478479528665975,
    "5": 2.8665512861344595,
    "6": 3.271378175634717,
    "7": 3.340218985367338,
    "8": 3.0207888972107457,
    "9": 3.038870254859119,
    "10": 2.9736579541726127,
    "11": 3.0974752824941585,
    "12": 3.0763525334070168,
    "13": 3.105005852939869,
    "14": 3.137927560658933,
    "15": 3.109694162082302,
    "16": 3.0724086408386095,
    "17": 3.172172099133171,
    "18": 3.1116623982631473,
    "19": 3.0154136795492232,
    "20": 2.823277131540757,
    "21": 2.9535272092448532,
    "22": 3.0275911946753076,
    "23": 2.983992787264142,
    "24": 3.113240768630987,
    "25": 3.1208661289214286,
    "26": 3.243954793556021,
    "27": 3.2366701158813744,
    "28": 3.3256297491366813,
    "29": 3.4683027692194623,
    "30": 3.512699778140638,
    "31": 3.6620768060886966,
    "32": 3.755433520181519,
    "33": 3.853212261809594,
    "34": 3.9748449803715777,
    "35": 4.163490209260915,
    "36": 4.533177290114532
}