{
    "0": NaN,
    "1": 2.4603590271523075,
    "2": 3.025964295662234,
    "3": 3.2791090331755877,
    "4": 3.329419446444239,
    "5": 3.7726188371094245,
    "6": 3.425529084019059,
    "7": 3.6018603461763288,
    "8": 3.833426359505096,
    "9": 4.157815731502085,
    "10": 4.001442580071745,
    "11": 4.203883556808124,
    "12": 4.306721019288843,
    "13": 4.11167815026236,
    "14": 4.106964467757934,
    "15": 4.060767883111495,
    "16": 4.037761208751025,
    "17": 4.000626892311292,
    "18": 4.034872687138638,
    "19": 4.179303900046258,
    "20": 4.315287814305922,
    "21": 4.381173421020072,
    "22": 4.359371261377758,
    "23": 4.306003705854785,
    "24": 4.170453486002167,
    "25": 4.132826698581532,
    "26": 4.15799281408788,
    "27": 4.223217792314382,
    "28": 4.321678374184256,
    "29": 4.436323834223687,
    "30": 4.49036370345814,
    "31": 4.467277668140873,
    "32": 4.453261262623195,
    "33": 4.392909130977221,
    "34": 4.390967702906064,
    "35": 4.298329355082771,
    "36": 4.241529831521654
}