{
    "0": NaN,
    "1": 3.4190319379288856,
    "2": 3.4636025291265504,
    "3": 3.528995796772389,
    "4": 3.5419057284651725,
    "5": 3.771780539244544,
    "6": 4.394073137640424,
    "7": 5.220314321784199,
    "8": 3.9702372326493585,
    "9": 3.8796268665826914,
    "10": 3.6338871898874188,
    "11": 3.3937437863081894,
    "12": 3.4233098463974465,
    "13": 3.469530548522361,
    "14": 3.8628329457373747,
    "15": 3.4589545867003806,
    "16": 3.5065180250624364,
    "17": 3.4830280135983887,
    "18": 3.4821846248769432,
    "19": 3.226853572406969,
    "20": 2.893715533598706,
    "21": 3.098358762582788,
    "22": 3.05337423627757,
    "23": 3.0096445183537286,
    "24": 3.077694261448518,
    "25": 3.2620228889979295,
    "26": 3.2598242333274303,
    "27": 3.2980433460079253,
    "28": 3.29439246810242,
    "29": 3.353497567720101,
    "30": 3.2907850593080235,
    "31": 3.44759975699438,
    "32": 3.418024255265538,
    "33": 3.523847865515236,
    "34": 3.6085351929941996,
    "35": 3.7937861552313454,
    "36": 2.9269758821783607
}