{
    "0": NaN,
    "1": 3.4367715703233688,
    "2": 3.0484308460493112,
    "3": 3.3195718421986724,
    "4": 3.2117925813801933,
    "5": 3.3268195814601276,
    "6": 3.7183238770905045,
    "7": 3.6019402220256307,
    "8": 3.7010111986842564,
    "9": 3.6909659906494365,
    "10": 3.799703861386107,
    "11": 2.9447284948575256,
    "12": 3.0366785199359025,
    "13": 2.9749182167363553,
    "14": 2.924230071786032,
    "15": 2.9141403623867994,
    "16": 3.0161037946944376,
    "17": 2.944719921302238,
    "18": 3.0539115221428004,
    "19": 3.160217363089827,
    "20": 3.287783226904974,
    "21": 3.4905616045191747,
    "22": 3.621660657123069,
    "23": 3.931677253257083,
    "24": 4.773886803626772
}