{
    "0": NaN,
    "1": 4.084047628884432,
    "2": 3.7736082879695774,
    "3": 3.635301777806978,
    "4": 3.416983433279824,
    "5": 3.2916812270656766,
    "6": 3.0830046326408826,
    "7": 3.012351717840916,
    "8": 3.0055805939078932,
    "9": 2.9656921072119395,
    "10": 2.9219508167197814,
    "11": 3.005806716776224,
    "12": 2.8882843893836077,
    "13": 2.9077471345729804,
    "14": 2.9448850387914245,
    "15": 2.8418990034890195,
    "16": 2.8153730728065165,
    "17": 2.881733452095653,
    "18": 2.8878196497058233,
    "19": 2.9076783578732006,
    "20": 2.935216235345688,
    "21": 3.0283744608278473,
    "22": 3.1256922391599633,
    "23": 3.2357741172914087,
    "24": 3.31117887553245,
    "25": 3.4801183465200487,
    "26": 3.596339422500145,
    "27": 3.7603262779486637,
    "28": 3.980633115433379,
    "29": 4.075844257054674,
    "30": 4.168269064934497,
    "31": 4.3974306369201015,
    "32": 4.429390938833305
}