{
    "0": NaN,
    "1": 3.1224150876549346,
    "2": 3.408393750773925,
    "3": 3.349133769342037,
    "4": 3.308078961730379,
    "5": 3.309403786308525,
    "6": 3.3111383453394145,
    "7": 3.37450736126807,
    "8": 3.4493398114844056,
    "9": 3.409648175890853,
    "10": 3.4150081464372852,
    "11": 3.3418038172557476,
    "12": 3.389057831157682,
    "13": 3.450712413439868,
    "14": 3.677327843951083,
    "15": 3.9984399575032956,
    "16": 3.990402123514453
}