{
    "0": NaN,
    "1": 3.5590723629551198,
    "2": 2.9265975387161345,
    "3": 2.9632974808831816,
    "4": 2.7644127844421393,
    "5": 2.9758298568320547,
    "6": 3.0678406029737144,
    "7": 3.080716413131837,
    "8": 3.4965863682504477,
    "9": 3.4563476495824643,
    "10": 3.868915365899626,
    "11": 3.438631637017528,
    "12": 3.7364494698877238,
    "13": 2.26026086816156,
    "14": 1.9192198357699142,
    "15": 1.9230072362146196,
    "16": 2.2101483160839845,
    "17": 2.274407190535419,
    "18": 2.4189553591588435,
    "19": 2.366690748586007,
    "20": 2.332481635760539,
    "21": 2.452552143253994,
    "22": 2.611478813022254,
    "23": 2.8650827601657696,
    "24": 4.945978273387608
}