{
    "0": NaN,
    "1": 4.127868097776678,
    "2": 4.001148907897798,
    "3": 3.8298217764826243,
    "4": 3.832562084705039,
    "5": 4.146336348432899,
    "6": 4.354962438563909,
    "7": 4.800363144938582,
    "8": 4.9908618696737435,
    "9": 5.019131662511357,
    "10": 4.7930178684388745,
    "11": 4.723017531789053,
    "12": 4.614102528075669,
    "13": 4.434564678888848,
    "14": 4.333019170864165,
    "15": 3.869038672114076,
    "16": 3.8598071307106423,
    "17": 3.514445235449515,
    "18": 3.4212154105069157,
    "19": 3.3357987470752333,
    "20": 3.2536109176051413,
    "21": 3.1580547856576704,
    "22": 3.154420352244486,
    "23": 3.0608220281963217,
    "24": 3.1638536551436816,
    "25": 3.1085336914375477,
    "26": 3.1968590261588057,
    "27": 3.210669973157403,
    "28": 3.329480154479517,
    "29": 3.5006257984315847,
    "30": 3.5199426963096947,
    "31": 3.5780695757385126,
    "32": 3.7654618862821274
}