{
    "0": NaN,
    "1": 4.19503583427899,
    "2": 3.782810639250264,
    "3": 3.5660248253333497,
    "4": 3.417469068327721,
    "5": 3.4846578976900533,
    "6": 3.6521965133510483,
    "7": 3.9167134165219455,
    "8": 4.16689999136187,
    "9": 3.7492614225678986,
    "10": 3.4632934302475835,
    "11": 3.5484268903418994,
    "12": 3.3531795274073906,
    "13": 3.5143599909284453,
    "14": 3.3727376385069108,
    "15": 3.1303163065371127,
    "16": 2.950260348247634,
    "17": 2.85247464180924,
    "18": 2.951398395222038,
    "19": 2.948929935435672,
    "20": 2.9600551801747232,
    "21": 3.014678078746954,
    "22": 3.156839273818417,
    "23": 3.394270871458306,
    "24": 3.3553677516518863,
    "25": 3.5140835450292425,
    "26": 3.6508549835909765,
    "27": 3.7511058117577,
    "28": 3.884989823357287,
    "29": 3.958248294039839,
    "30": 4.104800300953071,
    "31": 4.326029611936974,
    "32": 3.6759820156796907
}