{
    "0": NaN,
    "1": 3.882386115585593,
    "2": 3.850160055476911,
    "3": 3.615169380287964,
    "4": 3.6674997068420985,
    "5": 3.8726082093261045,
    "6": 4.031878254516008,
    "7": 4.3345368472907895,
    "8": 4.915453406008485,
    "9": 4.718039059862389,
    "10": 4.31113073056718,
    "11": 4.097943051181869,
    "12": 3.5791046352989317,
    "13": 3.6062731277192794,
    "14": 3.191635589274447,
    "15": 2.9742613012247894,
    "16": 2.7809032962816196,
    "17": 2.469608413233572,
    "18": 2.5112007838217174,
    "19": 2.4499804784859864,
    "20": 2.413721768420076,
    "21": 2.378077092356742,
    "22": 2.3586379490563916,
    "23": 2.3461807461502993,
    "24": 2.3328959527919046,
    "25": 2.3037155613684988,
    "26": 2.4551471881388927,
    "27": 2.5171075211918406,
    "28": 2.617309671231677,
    "29": 2.6169682499502285,
    "30": 2.6490080321453635,
    "31": 2.79408530658375,
    "32": 2.9322688629509797
}