{
    "0": NaN,
    "1": 3.7762110517078336,
    "2": 3.8288293612496407,
    "3": 3.7721381653767447,
    "4": 3.886972531143261,
    "5": 3.945459663103255,
    "6": 3.8994131537777226,
    "7": 3.884098451379018,
    "8": 3.7173805397630995,
    "9": 3.6651720298273407,
    "10": 3.7224929343664055,
    "11": 3.627020362491785,
    "12": 3.6954437577267933,
    "13": 4.03079607818667,
    "14": 4.3304789478487145,
    "15": 4.548417029582861,
    "16": 4.495278813527078
}