{
    "0": NaN,
    "1": 3.1398932641534576,
    "2": 3.1477579972825898,
    "3": 3.5428384529440913,
    "4": 3.7845251359248935,
    "5": 4.37635783452795,
    "6": 4.415015215182626,
    "7": 4.565670043226116,
    "8": 3.8239746695937034,
    "9": 3.2149910971665996,
    "10": 3.4925256115669177,
    "11": 3.279848073913276,
    "12": 3.6186388049437785,
    "13": 3.875458410231792,
    "14": 4.25008606911547,
    "15": 4.366726582141774,
    "16": 4.001683104398472
}