{
    "0": NaN,
    "1": 2.7480753722721127,
    "2": 3.60677343641146,
    "3": 3.76759136227463,
    "4": 4.021167518247928,
    "5": 4.58082205086016,
    "6": 4.935680705993632,
    "7": 5.192023441657249,
    "8": 5.091923065731377,
    "9": 5.084513586233884,
    "10": 5.183477788267131,
    "11": 5.328928024227272,
    "12": 5.7975420501895645,
    "13": 5.507168990868792,
    "14": 5.918210640103453,
    "15": 5.782594549793306,
    "16": 5.817892437581917,
    "17": 5.827695233997432,
    "18": 5.769231465797583,
    "19": 5.565118217376711,
    "20": 5.387144372984695,
    "21": 5.50003901043168,
    "22": 5.138414681389182,
    "23": 5.038300730963636,
    "24": 4.947745159671585,
    "25": 4.773487221417041,
    "26": 4.70462720507213,
    "27": 4.593352966908929,
    "28": 4.59805349855289,
    "29": 4.51809873422266,
    "30": 4.49115646886665,
    "31": 4.37882529500238,
    "32": 4.434816030402711,
    "33": 4.3446591724691945,
    "34": 4.375234741920833,
    "35": 4.413451746998617,
    "36": 4.389203413412077
}