{
    "0": NaN,
    "1": 2.8001500351298425,
    "2": 3.1021530847579863,
    "3": 3.149228541225272,
    "4": 2.8059595743644157,
    "5": 3.016376885733406,
    "6": 2.9506580033781282,
    "7": 2.858446631173595,
    "8": 2.596677975559106,
    "9": 3.0740735658130305,
    "10": 3.159230052471365,
    "11": 3.1513079628636644,
    "12": 2.948363454347372,
    "13": 2.8766091789266928,
    "14": 3.0383433200572902,
    "15": 3.045199885040814,
    "16": 3.0399103577870936
}