{
    "0": NaN,
    "1": 4.166630066291335,
    "2": 3.402764002411363,
    "3": 3.4187883156051875,
    "4": 2.807860074353078,
    "5": 3.0604492399588015,
    "6": 3.0524114371456132,
    "7": 3.3888438560680476,
    "8": 3.338300103662892,
    "9": 3.5165983943998294,
    "10": 3.4873478500944253,
    "11": 3.3946729838344285,
    "12": 3.4903023401557327,
    "13": 3.7004331187460986,
    "14": 3.8243059364284373,
    "15": 4.0465908991988915,
    "16": 3.698368209294954
}