{
    "0": NaN,
    "1": 4.293606360225276,
    "2": 3.82552813799581,
    "3": 3.566735098703205,
    "4": 3.280974372391316,
    "5": 3.173785745441487,
    "6": 2.9740335996113747,
    "7": 2.9232784655959763,
    "8": 3.1829615219688994,
    "9": 3.5552243034012716,
    "10": 3.5456744192169185,
    "11": 3.5015679258847134,
    "12": 3.2083220910613264,
    "13": 3.2867803208482904,
    "14": 2.9706544989510086,
    "15": 2.7262956945595858,
    "16": 2.518401507162293,
    "17": 2.2054710333038408,
    "18": 2.180100572311682,
    "19": 2.2268925648633062,
    "20": 2.1420936702191136,
    "21": 2.1758194959188057,
    "22": 2.186865200142312,
    "23": 2.3260762754780178,
    "24": 2.2650496842934773,
    "25": 2.4178062239714024,
    "26": 2.33352106820868,
    "27": 2.4216706303585025,
    "28": 2.5031684557715583,
    "29": 2.57238219249788,
    "30": 2.6467327625414905,
    "31": 2.7493442991228525,
    "32": 2.896891409075401
}