{
    "0": NaN,
    "1": 2.5702675935443366,
    "2": 2.8980383331051285,
    "3": 3.1678260796181577,
    "4": 2.539601220422877,
    "5": 2.56857900081235,
    "6": 2.7972762066754133,
    "7": 2.778612063712021,
    "8": 2.644312445569866,
    "9": 2.61957263962099,
    "10": 2.557254220820811,
    "11": 2.5272506967875126,
    "12": 2.6611409108626862,
    "13": 2.7778083798687927,
    "14": 2.9575287683245604,
    "15": 3.0382619000339925,
    "16": 3.019614073058487,
    "17": 3.081483839764122,
    "18": 3.1753753200913413,
    "19": 3.173839861656015,
    "20": 3.3837954063839337,
    "21": 3.3536533958178705,
    "22": 3.445349294144385,
    "23": 3.452289789731965,
    "24": 3.4914673124602422,
    "25": 3.540866562776028,
    "26": 3.4944015481281827,
    "27": 3.568757218368682,
    "28": 3.658302770070754,
    "29": 3.8152465698322104,
    "30": 3.8368694362132763,
    "31": 4.013815468168829,
    "32": 3.888644708033371
}