{
    "0": {
        "estimate": NaN,
        "std": NaN
    },
    "1": {
        "estimate": 19.749865897120895,
        "std": 10.821552298104452
    },
    "2": {
        "estimate": 25.09830792466996,
        "std": 10.392263294388613
    },
    "3": {
        "estimate": 23.538496151323038,
        "std": 9.527408610707463
    },
    "4": {
        "estimate": 23.411846878386964,
        "std": 9.68948457514634
    },
    "5": {
        "estimate": 24.850547721638836,
        "std": 10.203304114259474
    },
    "6": {
        "estimate": 24.838607302403,
        "std": 9.8234345228344
    },
    "7": {
        "estimate": 25.800169657987595,
        "std": 10.3819064704146
    },
    "8": {
        "estimate": 26.68782186166352,
        "std": 10.495188475439905
    },
    "9": {
        "estimate": 28.104283948557054,
        "std": 11.072385257176037
    },
    "10": {
        "estimate": 29.241962340136116,
        "std": 11.20443954416671
    },
    "11": {
        "estimate": 29.100339732576696,
        "std": 10.930674574066893
    },
    "12": {
        "estimate": 28.022381532185886,
        "std": 10.106801713577308
    },
    "13": {
        "estimate": 29.21351084442858,
        "std": 10.374627002543008
    },
    "14": {
        "estimate": 25.935624776330094,
        "std": 8.76092511594103
    },
    "15": {
        "estimate": 25.813798066034884,
        "std": 8.70072095923667
    },
    "16": {
        "estimate": 22.86095476912781,
        "std": 7.642096159660675
    },
    "17": {
        "estimate": 22.14254365541261,
        "std": 7.731133538162264
    },
    "18": {
        "estimate": 20.71046327701203,
        "std": 7.146749350202537
    },
    "19": {
        "estimate": 19.949206353970805,
        "std": 6.865385892785502
    },
    "20": {
        "estimate": 19.856147460633196,
        "std": 6.882314837870589
    },
    "21": {
        "estimate": 19.192217794223847,
        "std": 6.578776368322562
    },
    "22": {
        "estimate": 18.65474211841665,
        "std": 6.259744703684232
    },
    "23": {
        "estimate": 18.191655660744402,
        "std": 6.250713015346992
    },
    "24": {
        "estimate": 17.734634950185534,
        "std": 5.99689742441355
    },
    "25": {
        "estimate": 17.878083082683062,
        "std": 6.036644982348849
    },
    "26": {
        "estimate": 18.068040815067704,
        "std": 6.035796342138037
    },
    "27": {
        "estimate": 18.604532928512782,
        "std": 6.363506899343122
    },
    "28": {
        "estimate": 18.987839769544216,
        "std": 6.5372730411844575
    },
    "29": {
        "estimate": 19.39890741613493,
        "std": 6.811451743417355
    },
    "30": {
        "estimate": 19.478000427489732,
        "std": 6.885133244576812
    },
    "31": {
        "estimate": 20.49807150349746,
        "std": 7.336799969704144
    },
    "32": {
        "estimate": 21.26336271997308,
        "std": 8.482902578728986
    }
}