{
    "0": NaN,
    "1": 21.642606735229492,
    "2": 17.692771911621094,
    "3": 21.231826782226562,
    "4": 20.769315719604492,
    "5": 14.160879135131836,
    "6": 18.851665496826172,
    "7": 20.421859741210938,
    "8": 22.32257080078125,
    "9": 21.53807258605957,
    "10": 22.028186798095703,
    "11": 23.921445846557617,
    "12": 28.853656768798828,
    "13": 31.247732162475586,
    "14": 32.364173889160156,
    "15": 34.12883758544922,
    "16": 34.5563850402832,
    "17": 34.8753547668457,
    "18": 34.176063537597656,
    "19": 33.364295959472656,
    "20": 32.491050720214844,
    "21": 31.783695220947266,
    "22": 31.725683212280273,
    "23": 31.590368270874023,
    "24": 31.724393844604492,
    "25": 31.91741180419922,
    "26": 32.205474853515625,
    "27": 32.286991119384766,
    "28": 32.34568786621094,
    "29": 32.09466552734375,
    "30": 31.844629287719727,
    "31": 30.814611434936523,
    "32": 29.171918869018555
}