{
    "0": {
        "estimate": NaN,
        "std": NaN
    },
    "1": {
        "estimate": 14.075789555467392,
        "std": 6.193690180532566
    },
    "2": {
        "estimate": 14.133659319660001,
        "std": 7.158053573963745
    },
    "3": {
        "estimate": 18.421409539796382,
        "std": 6.628775771990246
    },
    "4": {
        "estimate": 19.905972535191058,
        "std": 7.044599267678288
    },
    "5": {
        "estimate": 20.236090470194984,
        "std": 7.472608447673152
    },
    "6": {
        "estimate": 22.98712539527407,
        "std": 6.445919096002364
    },
    "7": {
        "estimate": 24.94104998652557,
        "std": 6.388923008800188
    },
    "8": {
        "estimate": 25.42270849429897,
        "std": 6.0720784603011255
    },
    "9": {
        "estimate": 29.008786427052318,
        "std": 6.563322843436453
    },
    "10": {
        "estimate": 30.37225695552166,
        "std": 6.891586969033425
    },
    "11": {
        "estimate": 31.29779753533345,
        "std": 6.696120222510951
    },
    "12": {
        "estimate": 31.93164542101866,
        "std": 6.480290360883569
    },
    "13": {
        "estimate": 31.96317551311684,
        "std": 6.295190495306202
    },
    "14": {
        "estimate": 31.834784077776106,
        "std": 6.086855767684581
    },
    "15": {
        "estimate": 31.100613099306955,
        "std": 6.332296475755344
    },
    "16": {
        "estimate": 30.754135995321278,
        "std": 6.249280914788924
    },
    "17": {
        "estimate": 29.132024127961735,
        "std": 5.899953241809248
    },
    "18": {
        "estimate": 25.12286335261061,
        "std": 5.201802718229904
    },
    "19": {
        "estimate": 24.175026169424665,
        "std": 4.844852492155569
    },
    "20": {
        "estimate": 23.567560959290706,
        "std": 4.599471655756134
    },
    "21": {
        "estimate": 23.157596847950078,
        "std": 4.493589841271444
    },
    "22": {
        "estimate": 22.69978075584203,
        "std": 4.458926414856718
    },
    "23": {
        "estimate": 22.581384018112747,
        "std": 4.521556272532342
    },
    "24": {
        "estimate": 22.588028567131634,
        "std": 4.708703998545981
    },
    "25": {
        "estimate": 22.728997566105306,
        "std": 4.960263605370666
    },
    "26": {
        "estimate": 23.55029006054653,
        "std": 5.407961807800712
    },
    "27": {
        "estimate": 23.678221170724235,
        "std": 5.551616676560442
    },
    "28": {
        "estimate": 23.87551734915486,
        "std": 5.902063542431106
    },
    "29": {
        "estimate": 24.157606326991292,
        "std": 6.225056655163702
    },
    "30": {
        "estimate": 23.423463525625813,
        "std": 6.1689527179198675
    },
    "31": {
        "estimate": 22.997661988468742,
        "std": 6.90083202059952
    },
    "32": {
        "estimate": 20.976312489398396,
        "std": 6.134198486884012
    }
}