{
    "0": {
        "estimate": NaN,
        "std": NaN
    },
    "1": {
        "estimate": 14.320260024472436,
        "std": 7.1873884650080875
    },
    "2": {
        "estimate": 13.119224167298928,
        "std": 8.694879164200914
    },
    "3": {
        "estimate": 18.074213219616084,
        "std": 8.363818177553393
    },
    "4": {
        "estimate": 19.981698611817986,
        "std": 8.794914423577195
    },
    "5": {
        "estimate": 19.649274421539037,
        "std": 9.213196721865122
    },
    "6": {
        "estimate": 23.92011627758336,
        "std": 7.987104191843089
    },
    "7": {
        "estimate": 26.418498799729964,
        "std": 7.785391688265779
    },
    "8": {
        "estimate": 27.047916103929456,
        "std": 7.338871436757931
    },
    "9": {
        "estimate": 31.19714754665854,
        "std": 7.743198105022146
    },
    "10": {
        "estimate": 32.97950302202585,
        "std": 8.033783122622705
    },
    "11": {
        "estimate": 33.85245373971049,
        "std": 7.936943575252142
    },
    "12": {
        "estimate": 34.74627687786828,
        "std": 7.836768026644957
    },
    "13": {
        "estimate": 34.783871070862936,
        "std": 7.671637400758484
    },
    "14": {
        "estimate": 34.73555356139772,
        "std": 7.556874591484981
    },
    "15": {
        "estimate": 33.899238000740255,
        "std": 7.743580736357333
    },
    "16": {
        "estimate": 33.66140306935292,
        "std": 7.54703141297097
    },
    "17": {
        "estimate": 31.994413364472006,
        "std": 7.166853525352197
    },
    "18": {
        "estimate": 27.972294350344413,
        "std": 6.189521477361877
    },
    "19": {
        "estimate": 27.107826540418483,
        "std": 5.9476060893632825
    },
    "20": {
        "estimate": 26.475508964728792,
        "std": 5.705824015355719
    },
    "21": {
        "estimate": 26.040499093998505,
        "std": 5.5327770999626695
    },
    "22": {
        "estimate": 25.585847113760497,
        "std": 5.454813487631567
    },
    "23": {
        "estimate": 25.5180358714273,
        "std": 5.560807007308046
    },
    "24": {
        "estimate": 25.579181057851013,
        "std": 5.681837272043886
    },
    "25": {
        "estimate": 25.773383967632746,
        "std": 5.926459284446544
    },
    "26": {
        "estimate": 26.75258190835726,
        "std": 6.4870630357204915
    },
    "27": {
        "estimate": 26.980798706688837,
        "std": 6.7439481986572805
    },
    "28": {
        "estimate": 27.266881964726498,
        "std": 7.097349476100119
    },
    "29": {
        "estimate": 27.59941040449287,
        "std": 7.445849710015849
    },
    "30": {
        "estimate": 26.794072741254464,
        "std": 7.285298121722283
    },
    "31": {
        "estimate": 26.33596047836223,
        "std": 7.791076568201509
    },
    "32": {
        "estimate": 23.448161492166697,
        "std": 7.107634441713737
    }
}