{
    "0": {
        "estimate": NaN,
        "std": NaN
    },
    "1": {
        "estimate": 14.261485793208163,
        "std": 8.80922493730889
    },
    "2": {
        "estimate": 12.284072849431539,
        "std": 10.95334658245454
    },
    "3": {
        "estimate": 17.341007549694382,
        "std": 10.41131326448089
    },
    "4": {
        "estimate": 19.531116964965427,
        "std": 11.116721096045652
    },
    "5": {
        "estimate": 18.747809998394725,
        "std": 11.680498688552056
    },
    "6": {
        "estimate": 24.25756163569195,
        "std": 10.382747502030288
    },
    "7": {
        "estimate": 27.61188232642736,
        "std": 10.181660387791677
    },
    "8": {
        "estimate": 28.388124304851505,
        "std": 9.478688793564089
    },
    "9": {
        "estimate": 33.440548985413244,
        "std": 10.266556296985458
    },
    "10": {
        "estimate": 35.48279435532452,
        "std": 10.450978531440294
    },
    "11": {
        "estimate": 36.537778281743364,
        "std": 10.360558933802245
    },
    "12": {
        "estimate": 37.9322359091341,
        "std": 10.293795278232068
    },
    "13": {
        "estimate": 37.71563101221512,
        "std": 9.969889827837997
    },
    "14": {
        "estimate": 37.968150817449704,
        "std": 10.16197972273442
    },
    "15": {
        "estimate": 36.82445783781558,
        "std": 10.111313693406347
    },
    "16": {
        "estimate": 36.83626268503142,
        "std": 9.895083603501593
    },
    "17": {
        "estimate": 34.91150399593573,
        "std": 9.310967859761476
    },
    "18": {
        "estimate": 30.96244483084341,
        "std": 8.110964885687608
    },
    "19": {
        "estimate": 30.167669775387353,
        "std": 7.7303093164545125
    },
    "20": {
        "estimate": 29.507150676486916,
        "std": 7.490345559305867
    },
    "21": {
        "estimate": 29.14265772515008,
        "std": 7.379396038841331
    },
    "22": {
        "estimate": 28.70955909309021,
        "std": 7.234386817886073
    },
    "23": {
        "estimate": 28.704435659788818,
        "std": 7.4662730756496725
    },
    "24": {
        "estimate": 28.75711035229075,
        "std": 7.4438739414013275
    },
    "25": {
        "estimate": 29.10350717713038,
        "std": 7.782706769940867
    },
    "26": {
        "estimate": 30.175696707198046,
        "std": 8.397997764633
    },
    "27": {
        "estimate": 30.432721276309493,
        "std": 8.530761466733674
    },
    "28": {
        "estimate": 30.814988635865674,
        "std": 9.047854099748086
    },
    "29": {
        "estimate": 31.23618118436823,
        "std": 9.400165157505944
    },
    "30": {
        "estimate": 30.391806051251095,
        "std": 9.239282969630269
    },
    "31": {
        "estimate": 29.882536480842518,
        "std": 9.506839475860739
    },
    "32": {
        "estimate": 26.066044313347113,
        "std": 8.408037808665512
    }
}