{
    "0": NaN,
    "1": 7.977936744689941,
    "2": 2.132025957107544,
    "3": 6.716208457946777,
    "4": 8.324517250061035,
    "5": 7.46798038482666,
    "6": 14.473831176757812,
    "7": 19.337339401245117,
    "8": 21.320545196533203,
    "9": 28.471923828125,
    "10": 31.713703155517578,
    "11": 35.1651725769043,
    "12": 41.20362091064453,
    "13": 39.37821960449219,
    "14": 39.368019104003906,
    "15": 38.84959030151367,
    "16": 40.53105545043945,
    "17": 39.99763107299805,
    "18": 37.44837951660156,
    "19": 36.6705436706543,
    "20": 35.6216926574707,
    "21": 34.93281173706055,
    "22": 34.340633392333984,
    "23": 34.18549346923828,
    "24": 34.66462326049805,
    "25": 35.52359390258789,
    "26": 36.28410720825195,
    "27": 36.27643585205078,
    "28": 36.50932312011719,
    "29": 36.556663513183594,
    "30": 35.26486587524414,
    "31": 36.07735824584961,
    "32": 29.88388442993164
}