{
    "0": {
        "estimate": NaN,
        "std": NaN
    },
    "1": {
        "estimate": 15.74136953889698,
        "std": 5.886916167051274
    },
    "2": {
        "estimate": 15.779848405420982,
        "std": 7.388481983082022
    },
    "3": {
        "estimate": 16.701291461312405,
        "std": 7.928948533524891
    },
    "4": {
        "estimate": 18.475277889995848,
        "std": 8.604440479216883
    },
    "5": {
        "estimate": 18.879954355180253,
        "std": 8.631694892113382
    },
    "6": {
        "estimate": 20.595722198787513,
        "std": 8.824350604567918
    },
    "7": {
        "estimate": 22.888134181777723,
        "std": 9.569694659876673
    },
    "8": {
        "estimate": 23.784516647193207,
        "std": 10.072965683368883
    },
    "9": {
        "estimate": 22.77297986907366,
        "std": 9.40537799365838
    },
    "10": {
        "estimate": 25.23177456173756,
        "std": 9.593940162563605
    },
    "11": {
        "estimate": 26.15503115766924,
        "std": 9.424157624435772
    },
    "12": {
        "estimate": 26.362595456751226,
        "std": 9.171045808073647
    },
    "13": {
        "estimate": 27.503982663612195,
        "std": 9.267322266870039
    },
    "14": {
        "estimate": 28.360454307142984,
        "std": 9.759527038836012
    },
    "15": {
        "estimate": 27.890569467383088,
        "std": 9.615394092224527
    },
    "16": {
        "estimate": 26.78828491351371,
        "std": 9.408704790809631
    },
    "17": {
        "estimate": 26.11484366337742,
        "std": 9.085105130374721
    },
    "18": {
        "estimate": 26.55543132694639,
        "std": 9.182615571387801
    },
    "19": {
        "estimate": 26.440236884351716,
        "std": 9.04300849213247
    },
    "20": {
        "estimate": 26.477022449044558,
        "std": 9.000585020408185
    },
    "21": {
        "estimate": 26.471273859267775,
        "std": 8.71746343742912
    },
    "22": {
        "estimate": 26.763754632181943,
        "std": 8.728977017691191
    },
    "23": {
        "estimate": 26.563874982488702,
        "std": 8.626732947590721
    },
    "24": {
        "estimate": 26.892963656351565,
        "std": 8.727314364276932
    },
    "25": {
        "estimate": 26.953319605041248,
        "std": 8.593236203521698
    },
    "26": {
        "estimate": 27.2621017598807,
        "std": 8.616691928582794
    },
    "27": {
        "estimate": 27.378914401874006,
        "std": 8.60349636881282
    },
    "28": {
        "estimate": 27.47375446776236,
        "std": 8.657044511589163
    },
    "29": {
        "estimate": 27.619161333435045,
        "std": 8.668000288436163
    },
    "30": {
        "estimate": 27.667328449454292,
        "std": 8.716927602996458
    },
    "31": {
        "estimate": 27.688340901499725,
        "std": 8.758244334692684
    },
    "32": {
        "estimate": 27.72835962690723,
        "std": 8.709439234328885
    },
    "33": {
        "estimate": 28.12754309537867,
        "std": 8.84540101442798
    },
    "34": {
        "estimate": 28.37478954648149,
        "std": 9.030808363854666
    },
    "35": {
        "estimate": 28.614438691751765,
        "std": 9.06327102034222
    },
    "36": {
        "estimate": 28.823683865036408,
        "std": 9.080709209843146
    },
    "37": {
        "estimate": 28.991103605197733,
        "std": 9.376886000346419
    },
    "38": {
        "estimate": 29.71973780809791,
        "std": 9.604984803200624
    },
    "39": {
        "estimate": 30.88961786413026,
        "std": 10.280622572543736
    },
    "40": {
        "estimate": 31.74313660146338,
        "std": 10.563928877386173
    }
}