{
    "0": {
        "estimate": NaN,
        "std": NaN
    },
    "1": {
        "estimate": 14.134436098695202,
        "std": 4.2633717360472385
    },
    "2": {
        "estimate": 14.672332586769638,
        "std": 5.291393182754056
    },
    "3": {
        "estimate": 16.243783008684375,
        "std": 5.848607363229784
    },
    "4": {
        "estimate": 17.98127238245579,
        "std": 6.306526594750535
    },
    "5": {
        "estimate": 18.366527182950442,
        "std": 6.14862451529451
    },
    "6": {
        "estimate": 19.8391381264987,
        "std": 6.3197073867040485
    },
    "7": {
        "estimate": 21.933356815702936,
        "std": 6.933223992148495
    },
    "8": {
        "estimate": 23.122971199536448,
        "std": 7.265557896873036
    },
    "9": {
        "estimate": 22.20161511029646,
        "std": 6.813980251599031
    },
    "10": {
        "estimate": 23.961279655303205,
        "std": 7.008339062807752
    },
    "11": {
        "estimate": 24.236747842870823,
        "std": 6.695549452117934
    },
    "12": {
        "estimate": 24.266826951518908,
        "std": 6.571869465734865
    },
    "13": {
        "estimate": 25.06845107342489,
        "std": 6.57544975549027
    },
    "14": {
        "estimate": 26.088891705651374,
        "std": 6.982911396707698
    },
    "15": {
        "estimate": 25.655505889268532,
        "std": 6.9956347950632845
    },
    "16": {
        "estimate": 24.973083065986714,
        "std": 6.722241847536803
    },
    "17": {
        "estimate": 24.151670610693778,
        "std": 6.655608825673013
    },
    "18": {
        "estimate": 24.25765528988882,
        "std": 6.68467283181738
    },
    "19": {
        "estimate": 23.925202625185715,
        "std": 6.578288479726725
    },
    "20": {
        "estimate": 23.654307328975754,
        "std": 6.4306331371319825
    },
    "21": {
        "estimate": 23.585051088016126,
        "std": 6.401490792758221
    },
    "22": {
        "estimate": 23.654102310045925,
        "std": 6.438717813636373
    },
    "23": {
        "estimate": 23.40042754398473,
        "std": 6.355492708514746
    },
    "24": {
        "estimate": 23.652053925146564,
        "std": 6.430931637897809
    },
    "25": {
        "estimate": 23.66158895420191,
        "std": 6.393631583462545
    },
    "26": {
        "estimate": 23.90186666005186,
        "std": 6.421501727961611
    },
    "27": {
        "estimate": 23.99762978753275,
        "std": 6.422632169070176
    },
    "28": {
        "estimate": 23.954664437533072,
        "std": 6.376412798523212
    },
    "29": {
        "estimate": 24.060004253258374,
        "std": 6.369932148144769
    },
    "30": {
        "estimate": 24.077328103304982,
        "std": 6.349617885418848
    },
    "31": {
        "estimate": 24.070362542741982,
        "std": 6.375466227779718
    },
    "32": {
        "estimate": 24.10997362005155,
        "std": 6.3275638700274435
    },
    "33": {
        "estimate": 24.524736503043027,
        "std": 6.484036757475773
    },
    "34": {
        "estimate": 24.707301601185673,
        "std": 6.605740986176451
    },
    "35": {
        "estimate": 24.94133688333851,
        "std": 6.681620534274935
    },
    "36": {
        "estimate": 25.108381040181605,
        "std": 6.693149912350189
    },
    "37": {
        "estimate": 25.368248122313876,
        "std": 6.905495556014725
    },
    "38": {
        "estimate": 25.88112239504003,
        "std": 6.927114968112009
    },
    "39": {
        "estimate": 27.120993386676698,
        "std": 7.283617769330512
    },
    "40": {
        "estimate": 28.006848213751137,
        "std": 7.870760942315452
    }
}