{
    "0": {
        "estimate": NaN,
        "std": NaN
    },
    "1": {
        "estimate": 16.351935096378483,
        "std": 7.4018228384550735
    },
    "2": {
        "estimate": 16.12262094327938,
        "std": 9.123995716591052
    },
    "3": {
        "estimate": 16.730141114284528,
        "std": 9.873257422773303
    },
    "4": {
        "estimate": 18.575652019069665,
        "std": 10.761635114752364
    },
    "5": {
        "estimate": 18.840692485813513,
        "std": 10.680549930670864
    },
    "6": {
        "estimate": 20.707825795630104,
        "std": 10.910955368115705
    },
    "7": {
        "estimate": 23.071444031704722,
        "std": 12.108835001721046
    },
    "8": {
        "estimate": 23.81169214163849,
        "std": 12.632359802663412
    },
    "9": {
        "estimate": 22.740886243169165,
        "std": 11.812770733097038
    },
    "10": {
        "estimate": 25.704188580034316,
        "std": 12.23212181491794
    },
    "11": {
        "estimate": 26.856405064783583,
        "std": 11.838218127382358
    },
    "12": {
        "estimate": 27.337275564085083,
        "std": 11.614927463334574
    },
    "13": {
        "estimate": 28.615217134395333,
        "std": 11.611341551180935
    },
    "14": {
        "estimate": 29.45518634610293,
        "std": 12.515182445523216
    },
    "15": {
        "estimate": 28.977753630425653,
        "std": 12.00672681537754
    },
    "16": {
        "estimate": 27.508074847757776,
        "std": 11.84597554626933
    },
    "17": {
        "estimate": 27.002189859456546,
        "std": 11.439389039225713
    },
    "18": {
        "estimate": 27.625524402215053,
        "std": 11.451999095964485
    },
    "19": {
        "estimate": 27.64838920998019,
        "std": 11.448832623798081
    },
    "20": {
        "estimate": 27.76060741008866,
        "std": 11.131217861538225
    },
    "21": {
        "estimate": 27.98042931717941,
        "std": 11.111472278314409
    },
    "22": {
        "estimate": 28.209857362857075,
        "std": 10.96157471246967
    },
    "23": {
        "estimate": 28.028793565870355,
        "std": 10.91155050017396
    },
    "24": {
        "estimate": 28.45040510672652,
        "std": 11.209595144393791
    },
    "25": {
        "estimate": 28.540953622743174,
        "std": 11.046880496099137
    },
    "26": {
        "estimate": 28.848576108713996,
        "std": 10.987487672088063
    },
    "27": {
        "estimate": 29.051810425350553,
        "std": 11.271748158561875
    },
    "28": {
        "estimate": 29.094525313603064,
        "std": 11.194485248651985
    },
    "29": {
        "estimate": 29.312565540353162,
        "std": 11.280040616303864
    },
    "30": {
        "estimate": 29.353865009656968,
        "std": 11.198417127540022
    },
    "31": {
        "estimate": 29.326630921098914,
        "std": 11.138688637420271
    },
    "32": {
        "estimate": 29.327054322563065,
        "std": 11.223332313352739
    },
    "33": {
        "estimate": 29.78765092727355,
        "std": 11.424568657175932
    },
    "34": {
        "estimate": 30.120127971892188,
        "std": 11.684229672168028
    },
    "35": {
        "estimate": 30.364924673963763,
        "std": 11.811099318874637
    },
    "36": {
        "estimate": 30.607139279444294,
        "std": 11.808477362718694
    },
    "37": {
        "estimate": 30.724495829419478,
        "std": 11.975423800785158
    },
    "38": {
        "estimate": 31.490846593984195,
        "std": 12.236451512203823
    },
    "39": {
        "estimate": 32.70806397958767,
        "std": 13.32280591395089
    },
    "40": {
        "estimate": 33.521274454194554,
        "std": 13.299641682840118
    }
}