{
    "0": {
        "estimate": NaN,
        "std": NaN
    },
    "1": {
        "estimate": 13.594678079785288,
        "std": 4.102317338326292
    },
    "2": {
        "estimate": 14.218737460658318,
        "std": 5.048686025996263
    },
    "3": {
        "estimate": 15.905645111799569,
        "std": 5.608613161217884
    },
    "4": {
        "estimate": 17.569700040970602,
        "std": 6.009171382718478
    },
    "5": {
        "estimate": 18.037868265974158,
        "std": 5.811567587354818
    },
    "6": {
        "estimate": 19.40021472441347,
        "std": 6.0130452860155374
    },
    "7": {
        "estimate": 21.459083443590114,
        "std": 6.560794682381669
    },
    "8": {
        "estimate": 22.691670097239637,
        "std": 6.922691167023583
    },
    "9": {
        "estimate": 21.821409267164412,
        "std": 6.48942872689793
    },
    "10": {
        "estimate": 23.43556296077767,
        "std": 6.6693994201640185
    },
    "11": {
        "estimate": 23.595328169041483,
        "std": 6.382054552183798
    },
    "12": {
        "estimate": 23.593183406387084,
        "std": 6.278055591047704
    },
    "13": {
        "estimate": 24.32384494742025,
        "std": 6.215153293449616
    },
    "14": {
        "estimate": 25.419094947967395,
        "std": 6.562022554516221
    },
    "15": {
        "estimate": 24.92682596458983,
        "std": 6.52373766337882
    },
    "16": {
        "estimate": 24.3801049758035,
        "std": 6.290184775180276
    },
    "17": {
        "estimate": 23.536573461825306,
        "std": 6.259962676963064
    },
    "18": {
        "estimate": 23.5410788747723,
        "std": 6.353778706414127
    },
    "19": {
        "estimate": 23.190764310053037,
        "std": 6.276118525996086
    },
    "20": {
        "estimate": 22.81358126354735,
        "std": 6.088262797499417
    },
    "21": {
        "estimate": 22.72197693510353,
        "std": 6.111516054011914
    },
    "22": {
        "estimate": 22.7436113412109,
        "std": 6.151691112392368
    },
    "23": {
        "estimate": 22.46200705361539,
        "std": 6.029504269541063
    },
    "24": {
        "estimate": 22.68204881636947,
        "std": 6.108957282977183
    },
    "25": {
        "estimate": 22.661345586297166,
        "std": 6.060502351398176
    },
    "26": {
        "estimate": 22.90783166533741,
        "std": 6.088773534703255
    },
    "27": {
        "estimate": 22.995793098441663,
        "std": 6.092077571989759
    },
    "28": {
        "estimate": 22.97064060564725,
        "std": 6.062422086437851
    },
    "29": {
        "estimate": 23.063831155671604,
        "std": 6.0483425402042545
    },
    "30": {
        "estimate": 23.081572626297742,
        "std": 6.050233528380992
    },
    "31": {
        "estimate": 23.04565411077607,
        "std": 6.04564226143653
    },
    "32": {
        "estimate": 23.068152778320663,
        "std": 6.0417279416635745
    },
    "33": {
        "estimate": 23.496570150894385,
        "std": 6.155570991090678
    },
    "34": {
        "estimate": 23.63520089670773,
        "std": 6.30006623267888
    },
    "35": {
        "estimate": 23.851920982809645,
        "std": 6.291436463875736
    },
    "36": {
        "estimate": 24.017331701670596,
        "std": 6.338121881114715
    },
    "37": {
        "estimate": 24.315918922743567,
        "std": 6.545415017435173
    },
    "38": {
        "estimate": 24.810083281483433,
        "std": 6.590863897058145
    },
    "39": {
        "estimate": 26.12557144337739,
        "std": 6.970184764999623
    },
    "40": {
        "estimate": 26.9332518461077,
        "std": 7.485701181086685
    }
}