{
    "0": {
        "estimate": NaN,
        "std": NaN
    },
    "1": {
        "estimate": 20.77212049061514,
        "std": 5.446700200839865
    },
    "2": {
        "estimate": 23.439619387638643,
        "std": 5.57948594326104
    },
    "3": {
        "estimate": 20.47942567920243,
        "std": 4.536315864718358
    },
    "4": {
        "estimate": 21.233986534751423,
        "std": 4.8755995734382065
    },
    "5": {
        "estimate": 22.229626552490576,
        "std": 5.417243128493161
    },
    "6": {
        "estimate": 22.074024929309143,
        "std": 5.39342365734837
    },
    "7": {
        "estimate": 22.127285159950198,
        "std": 5.1497725015677105
    },
    "8": {
        "estimate": 22.21044293497713,
        "std": 4.826872308703112
    },
    "9": {
        "estimate": 22.57166037220825,
        "std": 4.788867850938836
    },
    "10": {
        "estimate": 22.44572964627021,
        "std": 4.685151527297027
    },
    "11": {
        "estimate": 22.905077179963598,
        "std": 4.6264257305418495
    },
    "12": {
        "estimate": 23.01879467149616,
        "std": 4.619580075885828
    },
    "13": {
        "estimate": 23.0365578291009,
        "std": 4.474571479417157
    },
    "14": {
        "estimate": 24.015122996249026,
        "std": 4.980068018625254
    },
    "15": {
        "estimate": 23.725291500711908,
        "std": 4.9251640126305665
    },
    "16": {
        "estimate": 23.219363818360957,
        "std": 4.926871826966414
    },
    "17": {
        "estimate": 22.638598260737325,
        "std": 4.952574018708243
    },
    "18": {
        "estimate": 22.00553186550483,
        "std": 4.90926521603331
    },
    "19": {
        "estimate": 21.473895515294537,
        "std": 4.929620501529811
    },
    "20": {
        "estimate": 21.3149600868463,
        "std": 4.913120372723993
    },
    "21": {
        "estimate": 21.05643538894096,
        "std": 4.827050281513801
    },
    "22": {
        "estimate": 20.82103899474885,
        "std": 4.643520394377389
    },
    "23": {
        "estimate": 20.634661649031333,
        "std": 4.710472040204461
    },
    "24": {
        "estimate": 20.912354666420335,
        "std": 4.856677567807213
    },
    "25": {
        "estimate": 21.03739040681874,
        "std": 5.262574301114369
    },
    "26": {
        "estimate": 21.937002529200733,
        "std": 5.683114183526132
    },
    "27": {
        "estimate": 22.562869731921765,
        "std": 6.146237625547627
    },
    "28": {
        "estimate": 23.0104894879353,
        "std": 6.467060863163898
    },
    "29": {
        "estimate": 23.55497187411359,
        "std": 6.81532043311367
    },
    "30": {
        "estimate": 24.034277287864214,
        "std": 6.97752064325357
    },
    "31": {
        "estimate": 24.529496314006764,
        "std": 7.42690501618969
    },
    "32": {
        "estimate": 21.494965459766192,
        "std": 6.563477259036481
    }
}