{
    "0": {
        "estimate": NaN,
        "std": NaN
    },
    "1": {
        "estimate": 22.442824840567692,
        "std": 6.953431191430896
    },
    "2": {
        "estimate": 25.276985315923763,
        "std": 7.316590398938983
    },
    "3": {
        "estimate": 22.60760139586467,
        "std": 6.0224927802558
    },
    "4": {
        "estimate": 23.620173469020184,
        "std": 6.443765210139873
    },
    "5": {
        "estimate": 24.7613243404796,
        "std": 7.063699404269978
    },
    "6": {
        "estimate": 24.567365383509717,
        "std": 7.0742642804620655
    },
    "7": {
        "estimate": 24.637493595385195,
        "std": 6.733406077140792
    },
    "8": {
        "estimate": 24.58446190680741,
        "std": 6.592025293195895
    },
    "9": {
        "estimate": 24.89505973018701,
        "std": 6.564243826188471
    },
    "10": {
        "estimate": 24.771870718055084,
        "std": 6.41561426404382
    },
    "11": {
        "estimate": 25.152382328243736,
        "std": 6.3649891469423965
    },
    "12": {
        "estimate": 25.1564484141929,
        "std": 6.391232332845043
    },
    "13": {
        "estimate": 25.32202405608296,
        "std": 6.126673771179431
    },
    "14": {
        "estimate": 26.47876559353051,
        "std": 6.763011867514245
    },
    "15": {
        "estimate": 26.266132033395966,
        "std": 6.721590390701329
    },
    "16": {
        "estimate": 25.822225528468675,
        "std": 6.5746398764412515
    },
    "17": {
        "estimate": 25.179429875386383,
        "std": 6.512881773487875
    },
    "18": {
        "estimate": 24.581809674378864,
        "std": 6.461969804481407
    },
    "19": {
        "estimate": 23.996740204515493,
        "std": 6.300057272490323
    },
    "20": {
        "estimate": 23.92120331134664,
        "std": 6.361254661196447
    },
    "21": {
        "estimate": 23.585765777583347,
        "std": 6.270110585615676
    },
    "22": {
        "estimate": 23.41188388804439,
        "std": 6.158080948804611
    },
    "23": {
        "estimate": 23.23447192947412,
        "std": 6.1952449625788395
    },
    "24": {
        "estimate": 23.629270431078265,
        "std": 6.3995173775045755
    },
    "25": {
        "estimate": 23.80198778445695,
        "std": 6.5915362432823645
    },
    "26": {
        "estimate": 24.910480379928938,
        "std": 7.1557424714617826
    },
    "27": {
        "estimate": 25.552933243459808,
        "std": 7.699138496168926
    },
    "28": {
        "estimate": 26.028216265079095,
        "std": 8.030235273587436
    },
    "29": {
        "estimate": 26.669921094645037,
        "std": 8.36081487318688
    },
    "30": {
        "estimate": 27.149219511867553,
        "std": 8.692685361725884
    },
    "31": {
        "estimate": 27.658533916178417,
        "std": 9.245810898099158
    },
    "32": {
        "estimate": 24.50571450327211,
        "std": 8.21514675979239
    }
}