{
    "0": {
        "estimate": Infinity,
        "std": NaN
    },
    "1": {
        "estimate": 16.903026458091073,
        "std": 6.267413236814994
    },
    "2": {
        "estimate": 20.578447277867312,
        "std": 6.003012431168122
    },
    "3": {
        "estimate": 19.37401186612414,
        "std": 5.765431977326704
    },
    "4": {
        "estimate": 18.467722309124884,
        "std": 5.469124956460726
    },
    "5": {
        "estimate": 20.322139586253503,
        "std": 5.968054444005469
    },
    "6": {
        "estimate": 19.746258194299585,
        "std": 5.885582418182287
    },
    "7": {
        "estimate": 20.10790189681812,
        "std": 5.956248273477653
    },
    "8": {
        "estimate": 20.540875923551166,
        "std": 6.0479334153041915
    },
    "9": {
        "estimate": 21.333596741358587,
        "std": 6.296805044371709
    },
    "10": {
        "estimate": 21.643075080353405,
        "std": 6.476882703595786
    },
    "11": {
        "estimate": 22.362019050972478,
        "std": 6.542193595245592
    },
    "12": {
        "estimate": 23.547168863274404,
        "std": 6.906657732029054
    },
    "13": {
        "estimate": 22.57942902460857,
        "std": 6.671386875322257
    },
    "14": {
        "estimate": 23.378161492413742,
        "std": 6.60828994132372
    },
    "15": {
        "estimate": 23.934372374982182,
        "std": 6.900029957355908
    },
    "16": {
        "estimate": 24.935683938670238,
        "std": 7.240873714466349
    },
    "17": {
        "estimate": 25.442539796258625,
        "std": 7.420574606211728
    },
    "18": {
        "estimate": 24.528253981587042,
        "std": 7.152977584598743
    },
    "19": {
        "estimate": 24.077169384953944,
        "std": 7.133224434538201
    },
    "20": {
        "estimate": 23.299758694017672,
        "std": 6.693110774879204
    },
    "21": {
        "estimate": 23.557303751223653,
        "std": 6.7932940772991826
    },
    "22": {
        "estimate": 24.24100858260054,
        "std": 7.075007555289327
    },
    "23": {
        "estimate": 24.89996189344419,
        "std": 7.5012737000885155
    },
    "24": {
        "estimate": 25.230164973274448,
        "std": 7.626564059428428
    },
    "25": {
        "estimate": 25.85995978175799,
        "std": 7.801851447834726
    },
    "26": {
        "estimate": 25.967036736921173,
        "std": 7.897705240311
    },
    "27": {
        "estimate": 26.59170100628162,
        "std": 8.133909375864324
    },
    "28": {
        "estimate": 26.59868941691722,
        "std": 8.153398060340503
    },
    "29": {
        "estimate": 28.019242281299107,
        "std": 8.88756198686414
    },
    "30": {
        "estimate": 28.670970423357094,
        "std": 9.214297697235034
    },
    "31": {
        "estimate": 29.310234623857088,
        "std": 9.56250064585066
    },
    "32": {
        "estimate": 28.937717217544943,
        "std": 9.13185762509658
    }
}