{
    "0": NaN,
    "1": 9.720813751220703,
    "2": 17.02140998840332,
    "3": 14.961764335632324,
    "4": 15.711511611938477,
    "5": 19.08431625366211,
    "6": 16.80601692199707,
    "7": 16.662364959716797,
    "8": 15.992677688598633,
    "9": 16.273073196411133,
    "10": 16.22325897216797,
    "11": 17.0042667388916,
    "12": 18.979461669921875,
    "13": 18.697059631347656,
    "14": 20.112707138061523,
    "15": 21.2584285736084,
    "16": 23.135395050048828,
    "17": 25.16840934753418,
    "18": 25.023576736450195,
    "19": 24.49072265625,
    "20": 23.6915340423584,
    "21": 24.032331466674805,
    "22": 24.642574310302734,
    "23": 24.840930938720703,
    "24": 25.12263298034668,
    "25": 25.37926483154297,
    "26": 25.49945831298828,
    "27": 25.80380630493164,
    "28": 25.984046936035156,
    "29": 25.915916442871094,
    "30": 25.246498107910156,
    "31": 24.58806610107422,
    "32": 24.11609649658203
}