{
    "0": {
        "estimate": Infinity,
        "std": NaN
    },
    "1": {
        "estimate": 19.319805954267423,
        "std": 4.093882965099213
    },
    "2": {
        "estimate": 21.148967315878963,
        "std": 4.698754363555369
    },
    "3": {
        "estimate": 23.68342643155765,
        "std": 5.113834008184137
    },
    "4": {
        "estimate": 24.09946657347124,
        "std": 5.152410949659566
    },
    "5": {
        "estimate": 25.285203174770288,
        "std": 6.310994941996869
    },
    "6": {
        "estimate": 26.976113308231103,
        "std": 6.017722511348083
    },
    "7": {
        "estimate": 28.743711754414356,
        "std": 6.265563742163754
    },
    "8": {
        "estimate": 28.442581298253977,
        "std": 6.0919186783984856
    },
    "9": {
        "estimate": 28.290345708147793,
        "std": 6.154866075805805
    },
    "10": {
        "estimate": 28.674720004825456,
        "std": 6.435576608086966
    },
    "11": {
        "estimate": 29.666264580223796,
        "std": 6.6250181134193875
    },
    "12": {
        "estimate": 32.099910420949335,
        "std": 6.739846399306715
    },
    "13": {
        "estimate": 32.000483351882934,
        "std": 6.722566768610652
    },
    "14": {
        "estimate": 30.329444392004056,
        "std": 6.263717027800804
    },
    "15": {
        "estimate": 29.311436975079012,
        "std": 5.974368912996304
    },
    "16": {
        "estimate": 28.639263964968663,
        "std": 5.865977232626954
    },
    "17": {
        "estimate": 28.615759992397873,
        "std": 6.203976197224885
    },
    "18": {
        "estimate": 27.00248464515776,
        "std": 5.7101299822221625
    },
    "19": {
        "estimate": 26.284171501673768,
        "std": 5.2995499254877165
    },
    "20": {
        "estimate": 25.50518046561204,
        "std": 5.015610066494696
    },
    "21": {
        "estimate": 24.81071445958091,
        "std": 4.928753586460386
    },
    "22": {
        "estimate": 24.939837197058292,
        "std": 4.867535741252448
    },
    "23": {
        "estimate": 24.96996770159245,
        "std": 4.903247889148596
    },
    "24": {
        "estimate": 24.705470406180357,
        "std": 4.866516729315109
    },
    "25": {
        "estimate": 24.882543916159694,
        "std": 4.911897278354892
    },
    "26": {
        "estimate": 24.648765543135802,
        "std": 4.883494535111949
    },
    "27": {
        "estimate": 24.80245348406898,
        "std": 4.901645266043743
    },
    "28": {
        "estimate": 24.625520824470954,
        "std": 4.849435560966902
    },
    "29": {
        "estimate": 25.33639996587661,
        "std": 5.112671634176019
    },
    "30": {
        "estimate": 25.317649104536176,
        "std": 5.0827999877994445
    },
    "31": {
        "estimate": 25.84854425941777,
        "std": 5.331902075775239
    },
    "32": {
        "estimate": 25.901444899711706,
        "std": 5.5205470574711155
    }
}