{
    "0": {
        "estimate": NaN,
        "std": NaN
    },
    "1": {
        "estimate": 14.188890370220198,
        "std": 7.677193194140205
    },
    "2": {
        "estimate": 13.6030480662255,
        "std": 8.274457975737318
    },
    "3": {
        "estimate": 12.130003214631513,
        "std": 8.748691855347642
    },
    "4": {
        "estimate": 13.549127014875054,
        "std": 10.457852131009965
    },
    "5": {
        "estimate": 13.69074114930557,
        "std": 10.73734287359061
    },
    "6": {
        "estimate": 13.851157020142782,
        "std": 10.013904579575565
    },
    "7": {
        "estimate": 14.136860154490162,
        "std": 10.0322100019035
    },
    "8": {
        "estimate": 14.825810357938648,
        "std": 10.121945366102198
    },
    "9": {
        "estimate": 15.660669414741132,
        "std": 10.335402949962695
    },
    "10": {
        "estimate": 16.749987449614547,
        "std": 11.026329898871937
    },
    "11": {
        "estimate": 17.213670859821185,
        "std": 10.666371687331726
    },
    "12": {
        "estimate": 17.765253518699765,
        "std": 11.036932184871919
    },
    "13": {
        "estimate": 18.7727444030051,
        "std": 10.965465584830419
    },
    "14": {
        "estimate": 19.336593564169117,
        "std": 10.757535768551637
    },
    "15": {
        "estimate": 19.023696215597557,
        "std": 10.232232963660861
    },
    "16": {
        "estimate": 18.437526369158768,
        "std": 9.700295878960338
    },
    "17": {
        "estimate": 17.620130675346573,
        "std": 9.485313910863818
    },
    "18": {
        "estimate": 16.97225946559161,
        "std": 9.028621384453693
    },
    "19": {
        "estimate": 16.512815870978425,
        "std": 8.689446407708973
    },
    "20": {
        "estimate": 16.32612199327247,
        "std": 8.385880658308421
    },
    "21": {
        "estimate": 16.144824406431695,
        "std": 8.614128603835512
    },
    "22": {
        "estimate": 16.009005090179354,
        "std": 8.357289538548928
    },
    "23": {
        "estimate": 16.268381646264746,
        "std": 8.736676549973383
    },
    "24": {
        "estimate": 16.46188034192493,
        "std": 9.09507396634638
    },
    "25": {
        "estimate": 16.78393956530287,
        "std": 9.756640667916626
    },
    "26": {
        "estimate": 17.225813549280538,
        "std": 10.24558044333669
    },
    "27": {
        "estimate": 17.339670316301863,
        "std": 10.642541415321865
    },
    "28": {
        "estimate": 16.72367502445216,
        "std": 10.924126090944931
    },
    "29": {
        "estimate": 16.81165707133263,
        "std": 11.072102907689352
    },
    "30": {
        "estimate": 16.67428722449625,
        "std": 11.068205535102221
    },
    "31": {
        "estimate": 16.835372701247135,
        "std": 11.33126059176094
    },
    "32": {
        "estimate": 16.062101075164826,
        "std": 10.072685865106466
    }
}