{
    "0": {
        "estimate": NaN,
        "std": NaN
    },
    "1": {
        "estimate": 14.570951653774726,
        "std": 4.458947778535772
    },
    "2": {
        "estimate": 14.437126747163488,
        "std": 4.631977012399976
    },
    "3": {
        "estimate": 13.531774776715809,
        "std": 4.789640601371611
    },
    "4": {
        "estimate": 16.09458426371577,
        "std": 5.684417861656615
    },
    "5": {
        "estimate": 16.89117334064541,
        "std": 5.817398029051237
    },
    "6": {
        "estimate": 16.706008543316013,
        "std": 5.598112578738526
    },
    "7": {
        "estimate": 16.90058166303106,
        "std": 5.668279020705776
    },
    "8": {
        "estimate": 17.432726501136504,
        "std": 5.660153961582164
    },
    "9": {
        "estimate": 18.730780290939304,
        "std": 6.119177554007039
    },
    "10": {
        "estimate": 19.644268936490118,
        "std": 6.283235148428601
    },
    "11": {
        "estimate": 19.945009092524582,
        "std": 6.162982935065369
    },
    "12": {
        "estimate": 20.149644140389565,
        "std": 6.3246364540222535
    },
    "13": {
        "estimate": 20.851299641894272,
        "std": 6.533709739240439
    },
    "14": {
        "estimate": 20.582633710922785,
        "std": 6.36348005495662
    },
    "15": {
        "estimate": 19.417356961518834,
        "std": 6.124120142980419
    },
    "16": {
        "estimate": 18.465766561331147,
        "std": 5.758016056117304
    },
    "17": {
        "estimate": 17.653093587704994,
        "std": 5.619677594841444
    },
    "18": {
        "estimate": 16.54298782034956,
        "std": 5.3438127862110685
    },
    "19": {
        "estimate": 15.82126367799851,
        "std": 5.093402834482235
    },
    "20": {
        "estimate": 15.529132588208066,
        "std": 5.072141677497837
    },
    "21": {
        "estimate": 15.399772018543093,
        "std": 4.909077677741806
    },
    "22": {
        "estimate": 15.548417335874415,
        "std": 5.003913438426247
    },
    "23": {
        "estimate": 15.90553123702025,
        "std": 5.1713731945108
    },
    "24": {
        "estimate": 16.28527009001061,
        "std": 5.403585620233843
    },
    "25": {
        "estimate": 17.22668189611086,
        "std": 5.767079680939791
    },
    "26": {
        "estimate": 18.030601641096606,
        "std": 6.12629146974769
    },
    "27": {
        "estimate": 18.476289573163584,
        "std": 6.354391298332278
    },
    "28": {
        "estimate": 18.432497372134158,
        "std": 6.920671862985792
    },
    "29": {
        "estimate": 18.971539573763955,
        "std": 7.135919193538407
    },
    "30": {
        "estimate": 19.10322315459944,
        "std": 7.050299764890086
    },
    "31": {
        "estimate": 19.384286120435316,
        "std": 7.225682854123747
    },
    "32": {
        "estimate": 17.695778876426314,
        "std": 6.134320186391771
    }
}