{
    "0": NaN,
    "1": 3.115063428878784,
    "2": 2.4559550285339355,
    "3": 1.8470584154129028,
    "4": 1.8716343641281128,
    "5": 1.843851089477539,
    "6": 2.0464789867401123,
    "7": 2.20641827583313,
    "8": 2.443082571029663,
    "9": 2.6102089881896973,
    "10": 2.8069677352905273,
    "11": 3.0684258937835693,
    "12": 3.2854361534118652,
    "13": 3.7048990726470947,
    "14": 4.200697898864746,
    "15": 4.49275541305542,
    "16": 4.6011457443237305,
    "17": 4.429363250732422,
    "18": 4.527834892272949,
    "19": 4.657806873321533,
    "20": 4.7577033042907715,
    "21": 4.639638900756836,
    "22": 4.493350028991699,
    "23": 4.357648849487305,
    "24": 4.204841613769531,
    "25": 3.9317996501922607,
    "26": 3.802685499191284,
    "27": 3.6560683250427246,
    "28": 3.4547293186187744,
    "29": 3.2936339378356934,
    "30": 3.1591122150421143,
    "31": 3.07902455329895,
    "32": 3.166764736175537
}