{
    "0": NaN,
    "1": 1.9185760814917998,
    "2": 2.663396823829744,
    "3": 2.7872228918295616,
    "4": 3.100902606744107,
    "5": 3.703521295266159,
    "6": 4.02877886878039,
    "7": 4.6283630350886,
    "8": 4.627446734218285,
    "9": 4.366933913673138,
    "10": 4.31246301363439,
    "11": 4.073786766252367,
    "12": 3.918988228898893,
    "13": 3.9182454379327867,
    "14": 3.8442655686897376,
    "15": 3.96501941061064,
    "16": 3.8772102355606566,
    "17": 4.170922928434435,
    "18": 4.255700578487787,
    "19": 4.398737544945015,
    "20": 4.547999971687067,
    "21": 5.379784357676528,
    "22": 5.550985192233815,
    "23": 5.6494162824863965,
    "24": 5.850222448447209,
    "25": 6.1415307696203465,
    "26": 6.164926860518382,
    "27": 6.3788411771632685,
    "28": 6.328819311852868,
    "29": 6.577489245185016,
    "30": 6.744245134305939,
    "31": 6.450720454630719,
    "32": 3.8745651547011644
}