{
    "0": NaN,
    "1": 2.9460698253327027,
    "2": 3.534609362877593,
    "3": 4.566006158143453,
    "4": 4.163559026068771,
    "5": 4.410235775349183,
    "6": 4.18629929248093,
    "7": 4.378180690228606,
    "8": 4.195000206266024,
    "9": 4.304095835720363,
    "10": 4.697651631060551,
    "11": 4.688466505079935,
    "12": 5.215992601656553,
    "13": 6.214814114264364,
    "14": 5.998097858199858,
    "15": 6.887971786569481,
    "16": 7.16630714348911,
    "17": 6.977253530543045,
    "18": 6.225327522146838,
    "19": 5.609362726572922,
    "20": 4.963715602909691,
    "21": 4.780334275819019,
    "22": 4.207755176566857,
    "23": 3.914016926346411,
    "24": 3.9182923171049464,
    "25": 3.79099985307327,
    "26": 3.6784487280620843,
    "27": 3.777459224203968,
    "28": 3.5968354509334968,
    "29": 3.830055354760352,
    "30": 3.6300445588134678,
    "31": 3.692189731491254,
    "32": 3.4661209032589597,
    "33": 3.5609933991655436,
    "34": 3.52436627486768,
    "35": 3.5263051185176106,
    "36": 3.4665318264773126,
    "37": 3.1937551699139486,
    "38": 3.243575954774402,
    "39": 3.286316984813583,
    "40": 2.824761161313502
}