{
    "0": 0.0,
    "1": 1.023401100003245,
    "2": 1.2758673199304258,
    "3": 1.48309224342445,
    "4": 1.6901114927649077,
    "5": 1.9581092707632664,
    "6": 2.032230920656938,
    "7": 2.2551278698711195,
    "8": 2.375254867256116,
    "9": 2.3200169336885184,
    "10": 2.3287253096244793,
    "11": 2.289203969857459,
    "12": 2.33340716455098,
    "13": 2.3485781350645114,
    "14": 2.440145066184542,
    "15": 2.5067947658734604,
    "16": 2.5002682327184687,
    "17": 2.6293454019827585,
    "18": 2.5511903446207698,
    "19": 2.508168811416799,
    "20": 2.6001152866129504,
    "21": 2.536497868047999,
    "22": 2.507765709386833,
    "23": 2.5146397146199457,
    "24": 2.606363816490183,
    "25": 2.690275489199233,
    "26": 2.7894087961441416,
    "27": 2.994291162227171,
    "28": 3.0858415693998196,
    "29": 3.27965509225859,
    "30": 3.4073147433761526,
    "31": 3.5350118908460995,
    "32": 3.5115792759714033
}