{
    "0": NaN,
    "1": 3.0215566283486366,
    "2": 3.470558350613575,
    "3": 4.217985961163428,
    "4": 3.9191758330051316,
    "5": 4.110554915146487,
    "6": 4.21951625082408,
    "7": 4.696611335747445,
    "8": 4.461431619492647,
    "9": 4.431941824059879,
    "10": 4.964663782142353,
    "11": 5.294219850516172,
    "12": 5.348647323517486,
    "13": 6.073262767517344,
    "14": 5.886323841469863,
    "15": 6.231079314869047,
    "16": 6.174441365212319,
    "17": 5.765986748238795,
    "18": 5.355805707301901,
    "19": 4.964747405084574,
    "20": 4.398695827212702,
    "21": 4.211216742728354,
    "22": 4.0936480983833095,
    "23": 3.9901070121584494,
    "24": 3.8337563072232475,
    "25": 3.6963380716294236,
    "26": 3.6893166189698667,
    "27": 3.6399043418509116,
    "28": 3.619020412577595,
    "29": 3.585425920916945,
    "30": 3.6169390793850096,
    "31": 3.4522497788450495,
    "32": 3.6402302353189673,
    "33": 3.5841704400528407,
    "34": 3.564027536444484,
    "35": 3.749994873793936,
    "36": 3.597865726131737,
    "37": 3.7476312332013237,
    "38": 3.710525792490078,
    "39": 3.787008878448344,
    "40": 3.1622058606471546
}