{
    "0": 0.0,
    "1": 0.9126395706662258,
    "2": 1.1729078095079197,
    "3": 1.4382755657587543,
    "4": 1.795807414730904,
    "5": 2.1436986878104984,
    "6": 2.3831607785271145,
    "7": 2.8368445105053555,
    "8": 3.106536330887221,
    "9": 3.233062849280709,
    "10": 3.56679877773823,
    "11": 3.7163697493120655,
    "12": 3.7454555027293424,
    "13": 4.065893308799352,
    "14": 4.2354360512785245,
    "15": 4.100548089096017,
    "16": 4.215635658554308,
    "17": 4.316093845706684,
    "18": 4.226615901648386,
    "19": 3.9898717672902166,
    "20": 3.8168398059889594,
    "21": 3.682928628550185,
    "22": 3.6939786660837264,
    "23": 3.588442183409318,
    "24": 3.5401967089259707,
    "25": 3.566739073341209,
    "26": 3.549777717445046,
    "27": 3.6004621081185326,
    "28": 3.6493603188936787,
    "29": 3.6635613652386283,
    "30": 3.7261918109813945,
    "31": 3.7065003202586917,
    "32": 3.7545796644869376,
    "33": 3.80989269015636,
    "34": 3.799706887348538,
    "35": 3.904472942522342,
    "36": 3.950639445353359,
    "37": 4.05341015456315,
    "38": 4.253032667755948,
    "39": 4.45924000267247,
    "40": 4.406527819756257
}