{
    "0": 0.0,
    "1": 0.9493244554146382,
    "2": 1.164164686196602,
    "3": 1.4482902005235905,
    "4": 1.9568456729797352,
    "5": 2.2103206591649798,
    "6": 2.543789525963323,
    "7": 2.8455917954480268,
    "8": 3.034468457141697,
    "9": 3.0346149585877464,
    "10": 3.2137074901703713,
    "11": 3.2931669281811264,
    "12": 3.250401508995894,
    "13": 3.4838815558179546,
    "14": 3.6431441860175364,
    "15": 3.718933022155509,
    "16": 3.7537154000482027,
    "17": 3.9971961481167613,
    "18": 3.84292113279675,
    "19": 3.855318714866319,
    "20": 3.979453934630662,
    "21": 3.679469129994889,
    "22": 3.793930901619039,
    "23": 3.6941217891315006,
    "24": 3.6236327894096414,
    "25": 3.6360977790977445,
    "26": 3.695320994358771,
    "27": 3.695964619917397,
    "28": 3.673955599055511,
    "29": 3.713485684807339,
    "30": 3.6533703800957604,
    "31": 3.7053725383829748,
    "32": 3.7130197238160494,
    "33": 3.7263253966017396,
    "34": 3.688804391116032,
    "35": 3.802557549881893,
    "36": 3.8591073656325094,
    "37": 3.8802417156004365,
    "38": 4.013509288135645,
    "39": 4.237133789028008,
    "40": 4.710119176234261
}