{
    "0": 4.440066094454018,
    "1": 6.0763622423840715,
    "2": 6.471397001936765,
    "3": 6.2029870874315804,
    "4": 7.304145184858064,
    "5": 8.152371260262933,
    "6": 9.102841415133755,
    "7": 9.942258185997826,
    "8": 10.18713346826719,
    "9": 10.572524790143182,
    "10": 10.108536568473722,
    "11": 10.362387015675152,
    "12": 10.041711557929542,
    "13": 9.547949176653457,
    "14": 9.14876853476032,
    "15": 9.578007569701782,
    "16": 9.776180797556295,
    "17": 10.098093533599638,
    "18": 10.464535519268187,
    "19": 10.36003205090053,
    "20": 10.52801853014543,
    "21": 10.048510842638992,
    "22": 10.078071659372505,
    "23": 9.972502525316497,
    "24": 9.765618126886018,
    "25": 9.341566306548552,
    "26": 9.014323163837442,
    "27": 8.560191692398833,
    "28": 8.0887208122337,
    "29": 7.905585449853594,
    "30": 7.717657904232039,
    "31": 7.601650016291883,
    "32": 7.480580007878563,
    "33": 7.598344371653595,
    "34": 7.759995914021063,
    "35": 7.986421473179964,
    "36": 8.281735233807284,
    "37": 8.733245594951475,
    "38": 8.634609804176366,
    "39": 8.521437772625717,
    "40": 7.5338930641757855
}