{
    "0": NaN,
    "1": 2.179599067520477,
    "2": 2.4377575917650978,
    "3": 2.5333490417167597,
    "4": 2.5384516758801596,
    "5": 2.4480337358746063,
    "6": 2.2301015216364264,
    "7": 2.4675780821698234,
    "8": 2.4926230949776946,
    "9": 2.416102752264383,
    "10": 2.3925906729539648,
    "11": 2.3592599725938936,
    "12": 2.3887045560508007,
    "13": 2.2941295484373665,
    "14": 2.26003760780807,
    "15": 2.2722568992689403,
    "16": 2.3068938186073713,
    "17": 2.373780250756869,
    "18": 2.4181728555857593,
    "19": 2.505233696954309,
    "20": 2.4895650489478833,
    "21": 2.5061049378041282,
    "22": 2.6658919764964333,
    "23": 2.710300305329713,
    "24": 2.6724118731326434,
    "25": 2.701111481052683,
    "26": 2.7023535666943226,
    "27": 2.7131101975479863,
    "28": 2.6838933971757095,
    "29": 2.737982019905512,
    "30": 2.7647010008329245,
    "31": 2.872386294958434,
    "32": 2.902121068985909,
    "33": 2.944131657678569,
    "34": 3.0166241040140966,
    "35": 3.000254517260081,
    "36": 2.9966841988961788,
    "37": 3.0496210737403415,
    "38": 3.022043837298447,
    "39": 3.0518878572903003,
    "40": 2.930723807200261,
    "41": 2.832858407446275,
    "42": 2.9047124759166243,
    "43": 2.810116954841932,
    "44": 2.6058216283900983,
    "45": 1.8482634831949962,
    "46": 1.855942148638875,
    "47": 1.851378872327589,
    "48": 1.8818219108438288,
    "49": 1.8682831921789902,
    "50": 1.8386882453356048,
    "51": 1.8265830200195423,
    "52": 1.814308836697643,
    "53": 1.8156514319261627,
    "54": 1.8212011683843679,
    "55": 1.8028761526657309,
    "56": 1.7775858247992975,
    "57": 1.7675200925229966,
    "58": 1.7081610614126659,
    "59": 1.721950746163933,
    "60": 1.7712414361149549,
    "61": 1.7404874141303788,
    "62": 1.7330778675319227,
    "63": 1.7687994374083824,
    "64": 1.7318468612359261,
    "65": 1.722742086714952,
    "66": 1.748429737232635,
    "67": 1.737999441441152,
    "68": 1.74432572896444,
    "69": 1.7379308098547925,
    "70": 1.7165754005624188,
    "71": 1.7474715975138098,
    "72": 1.6714769242333152,
    "73": 1.7213032109147925,
    "74": 1.6851496849117378,
    "75": 1.710579881756679,
    "76": 1.7432177350868163,
    "77": 1.8032892673923286,
    "78": 1.859657172376208,
    "79": 1.9778737110570241,
    "80": 1.998726334267807
}