{
    "0": 0.0,
    "1": 0.8505705791716791,
    "2": 1.1165202802876515,
    "3": 1.3588434599494494,
    "4": 1.7884761519455015,
    "5": 2.0759485229661703,
    "6": 2.291093614735208,
    "7": 2.4308495787532154,
    "8": 2.473169612385186,
    "9": 2.5970811493797723,
    "10": 2.624641620917995,
    "11": 2.6323905950129607,
    "12": 2.622710438900778,
    "13": 2.5741915578679913,
    "14": 2.5921488855229193,
    "15": 2.5578442146228864,
    "16": 2.569015727005494,
    "17": 2.4215043106515344,
    "18": 2.4632323021551734,
    "19": 2.4510654209603264,
    "20": 2.5839196188162394,
    "21": 2.570574484167012,
    "22": 2.653812145939249,
    "23": 2.634975437742711,
    "24": 2.681120691504838,
    "25": 2.6305724537926776,
    "26": 2.613813526406436,
    "27": 2.645248769973367,
    "28": 2.625893576203171,
    "29": 2.675865223490857,
    "30": 2.7035505052858815,
    "31": 2.723974770459792,
    "32": 2.7467566267268695,
    "33": 2.7668042782364632,
    "34": 2.8085743889106256,
    "35": 2.7544972629779267,
    "36": 2.7741120729394337,
    "37": 2.796172258317137,
    "38": 2.7836952593086686,
    "39": 2.7240469124011204,
    "40": 2.734918250425322,
    "41": 2.7443247499518453,
    "42": 2.6803955387653042,
    "43": 2.664546381595007,
    "44": 2.610349588876337,
    "45": 2.6181358396626413,
    "46": 2.632212417809367,
    "47": 2.6197494197970363,
    "48": 2.6521515012537886,
    "49": 2.649446302959419,
    "50": 2.634674438072269,
    "51": 2.6688100879201433,
    "52": 2.6168638230549135,
    "53": 2.7117505615309776,
    "54": 2.7312465458679536,
    "55": 2.759944791857412,
    "56": 2.7575653173457932,
    "57": 2.8197582414089553,
    "58": 2.783777483190586,
    "59": 2.8095355486146882,
    "60": 2.7872770623461602,
    "61": 2.7636399059913637,
    "62": 2.7994537022804367,
    "63": 2.8307575193761982,
    "64": 2.8284787206213853,
    "65": 2.817002148314333,
    "66": 2.8068257704334703,
    "67": 2.8348361478485495,
    "68": 2.8618871478948273,
    "69": 2.832723095236712,
    "70": 2.885910799651822,
    "71": 2.927317203053769,
    "72": 2.9415318588944603,
    "73": 2.9432818249988975,
    "74": 2.932269745872175,
    "75": 2.97969012012247,
    "76": 3.0791882651597833,
    "77": 3.2723577309937992,
    "78": 3.4720803566304106,
    "79": 3.3946756903331083,
    "80": 2.765043900631708
}