{
    "0": NaN,
    "1": 1.8631484610267912,
    "2": 2.385459329948931,
    "3": 3.0006591921344294,
    "4": 3.7217451314377286,
    "5": 3.76671779350998,
    "6": 3.733994402316666,
    "7": 3.120975150991309,
    "8": 3.333010163379011,
    "9": 3.3946910346589005,
    "10": 3.6517662314983745,
    "11": 3.690680067886547,
    "12": 3.732718028546925,
    "13": 3.6842158148572084,
    "14": 3.6683434700924185,
    "15": 3.678356957588744,
    "16": 3.529847264907685,
    "17": 3.571004573462852,
    "18": 3.761157969271817,
    "19": 3.8012613891968305,
    "20": 3.9094814723106217,
    "21": 3.939190004482582,
    "22": 3.840637902166181,
    "23": 3.8275901770970573,
    "24": 3.8192503421498216,
    "25": 3.7949252239258358,
    "26": 3.8001737775134163,
    "27": 3.9736063901237393,
    "28": 3.8787347533981564,
    "29": 4.095022116910744,
    "30": 4.265625776743995,
    "31": 4.328524309132006,
    "32": 4.318556417589972,
    "33": 4.2824418667843975,
    "34": 4.294503117181081,
    "35": 4.260626763459105,
    "36": 4.375326224084594,
    "37": 4.263555783855358,
    "38": 4.3719726337177764,
    "39": 4.386482958082471,
    "40": 4.441998645305218,
    "41": 4.374358190388222,
    "42": 4.507659512544267,
    "43": 4.6325624938308145,
    "44": 4.4467990494569944,
    "45": 4.336221346209358,
    "46": 4.337284117249454,
    "47": 4.167659735922411,
    "48": 4.253039516717848,
    "49": 4.144121621029284,
    "50": 4.078772233426564,
    "51": 4.135818195571178,
    "52": 4.203960233329933,
    "53": 4.357074124436294,
    "54": 4.476196028904818,
    "55": 4.593270262661355,
    "56": 4.686597906601242,
    "57": 4.511336108288935,
    "58": 4.613824414968747,
    "59": 4.632147846607028,
    "60": 4.76334418220296,
    "61": 4.732017139968348,
    "62": 4.783447465166111,
    "63": 4.7952271520510985,
    "64": 4.685893481491755,
    "65": 4.780107065167968,
    "66": 4.687812085781801,
    "67": 4.710464637174248,
    "68": 4.735305639044984,
    "69": 4.765027742046311,
    "70": 4.9331982515224,
    "71": 4.83261356373718,
    "72": 5.039477991225699,
    "73": 5.034902167372984,
    "74": 5.119663074959775,
    "75": 5.138261647412937,
    "76": 5.323605211041345,
    "77": 5.417314699973379,
    "78": 5.558119162380426,
    "79": 5.586990495039892,
    "80": 4.648933959947394
}