{
    "0": NaN,
    "1": 3.3313123847861976,
    "2": 4.039570134504875,
    "3": 4.520977334779783,
    "4": 4.604009645449591,
    "5": 4.762209490915579,
    "6": 4.908986270945707,
    "7": 4.943773816412245,
    "8": 4.629267111411808,
    "9": 4.396362330230061,
    "10": 3.869094449964553,
    "11": 4.098659908294248,
    "12": 3.866282248453711,
    "13": 4.309263818600342,
    "14": 4.93280687541624,
    "15": 4.501134295518467,
    "16": 4.842836033890189,
    "17": 4.2089803762674505,
    "18": 3.807433979166499,
    "19": 3.4461283920632506,
    "20": 3.632805378297223,
    "21": 3.425102482844707,
    "22": 3.2442139902395515,
    "23": 3.2677132179728443,
    "24": 3.297588559854724,
    "25": 3.2915439907977118,
    "26": 3.316730696506573,
    "27": 3.2556269912539197,
    "28": 3.423780614621744,
    "29": 3.4899228130795614,
    "30": 3.612176403296876,
    "31": 3.8591225871422883,
    "32": 1.747491890757324
}