{
    "0": NaN,
    "1": 1.9417346167007938,
    "2": 2.2426053642907045,
    "3": 2.5039657815488647,
    "4": 2.6247406113341394,
    "5": 2.6390230555853456,
    "6": 2.4202217057844764,
    "7": 2.7750422146292233,
    "8": 2.8420313778445956,
    "9": 2.921650417423208,
    "10": 2.9018543411928994,
    "11": 2.614570081027895,
    "12": 2.6058036244507226,
    "13": 2.587655991299699,
    "14": 2.6192011902331838,
    "15": 2.6652979774802485,
    "16": 2.675876337785194,
    "17": 2.6639982804297904,
    "18": 2.619469669734535,
    "19": 2.8017882328179518,
    "20": 2.8768510647854892,
    "21": 2.951207430915857,
    "22": 3.053986491102925,
    "23": 3.1012227067415714,
    "24": 3.1895203216866927,
    "25": 3.0674469362134014,
    "26": 3.115406064571588,
    "27": 3.1433219996033652,
    "28": 3.126275951727629,
    "29": 3.298335068614554,
    "30": 3.3019291450979384,
    "31": 3.124399369397028,
    "32": 3.1856553987902325,
    "33": 3.174516730768699,
    "34": 3.208666313601565,
    "35": 3.212231801019817,
    "36": 3.301110169954335,
    "37": 3.242994495698029,
    "38": 3.3160483837365735,
    "39": 3.270934487808569,
    "40": 3.214202681543862,
    "41": 2.882802902616665,
    "42": 2.8999275274608802,
    "43": 2.9044463291532074,
    "44": 2.8851971710410376,
    "45": 2.8354339283211427,
    "46": 2.8812758641965477,
    "47": 2.8500146294952593,
    "48": 2.918548225049733,
    "49": 2.9300168053757156,
    "50": 2.960992606502626,
    "51": 2.9916856360050312,
    "52": 2.978208983047718,
    "53": 3.100729215194653,
    "54": 3.104518195422952,
    "55": 3.152388091928389,
    "56": 3.147912803800835,
    "57": 3.189403463698422,
    "58": 3.1086481920177365,
    "59": 3.1558482949930413,
    "60": 3.2362118346630226,
    "61": 3.170191270323573,
    "62": 3.2098310218830117,
    "63": 3.2187286359443994,
    "64": 3.2181750496817814,
    "65": 3.2190906082554913,
    "66": 3.2963549435834776,
    "67": 3.2847054678154834,
    "68": 3.306872332146997,
    "69": 3.288200266843103,
    "70": 3.288204216706451,
    "71": 3.345373373672854,
    "72": 3.2840780563877234,
    "73": 3.3063048044907046,
    "74": 3.258486608450807,
    "75": 3.3139332897809237,
    "76": 3.4215566343808943,
    "77": 3.6283416994971627,
    "78": 3.751688843400199,
    "79": 3.594047070162003,
    "80": 2.423764596296952
}