{
    "0": 0.0,
    "1": 0.9197198741378926,
    "2": 1.3686425611754993,
    "3": 1.602592974072294,
    "4": 1.9549113092852615,
    "5": 2.6079593592075963,
    "6": 2.7595426019895446,
    "7": 2.9930618777454505,
    "8": 2.9887043226537164,
    "9": 2.9831707492828357,
    "10": 3.1691203203354887,
    "11": 3.36220413113428,
    "12": 3.499870078371639,
    "13": 3.7904648165203567,
    "14": 3.6081368067484174,
    "15": 3.5974136134735444,
    "16": 3.6008269313014902,
    "17": 3.626953881240564,
    "18": 3.565192320995866,
    "19": 3.4779506411910774,
    "20": 3.416043938737128,
    "21": 3.4986158854532885,
    "22": 3.5104307515202655,
    "23": 3.5981758410057747,
    "24": 3.571811885951589,
    "25": 3.749835472209716,
    "26": 3.7501808522399287,
    "27": 3.924064313781016,
    "28": 3.8595827226801824,
    "29": 4.030790355199903,
    "30": 4.138624354355694,
    "31": 4.138732675185737,
    "32": 2.4227056659596133
}