{
    "0": NaN,
    "1": 1.918966538631386,
    "2": 2.6397162748695573,
    "3": 2.7827273361561344,
    "4": 3.0261436555897685,
    "5": 3.748848621282868,
    "6": 3.9994000490599158,
    "7": 4.681530879194977,
    "8": 4.665936884326848,
    "9": 4.310901975604204,
    "10": 4.339704671520357,
    "11": 4.099237240491132,
    "12": 3.876645563389377,
    "13": 3.889909145915404,
    "14": 3.842224979813307,
    "15": 3.943679571654987,
    "16": 3.8843086535577593,
    "17": 4.168074053189089,
    "18": 4.225906591285748,
    "19": 4.358268523509043,
    "20": 4.665325158748753,
    "21": 5.331264619871609,
    "22": 5.5183619301305855,
    "23": 5.741249544848442,
    "24": 5.744359542788032,
    "25": 6.1024413647933535,
    "26": 6.089682501742424,
    "27": 6.3839244160391,
    "28": 6.484869808125195,
    "29": 6.668629683892677,
    "30": 6.681708057276088,
    "31": 6.3718703906182474,
    "32": 3.8351752243898036
}