{
    "0": 0.0,
    "1": 1.0205238592397212,
    "2": 1.27958105594421,
    "3": 1.552902186116676,
    "4": 1.9579292331961902,
    "5": 2.1733256346687573,
    "6": 2.4440062631350714,
    "7": 2.8276078672676337,
    "8": 2.9834524229075123,
    "9": 2.985162829835786,
    "10": 3.1887384422058336,
    "11": 3.2824790677203692,
    "12": 3.2178800529732245,
    "13": 3.2873204918631393,
    "14": 3.3420418239278824,
    "15": 3.2981974923893658,
    "16": 3.26891143559458,
    "17": 3.3678318067947037,
    "18": 3.402314074713609,
    "19": 3.3674298261531312,
    "20": 3.3761462836977785,
    "21": 3.217663282597905,
    "22": 3.206992080282439,
    "23": 3.0930817599653255,
    "24": 3.0724227128179518,
    "25": 3.039670542765134,
    "26": 3.0744635125707807,
    "27": 3.1310715454331164,
    "28": 3.1538730283447607,
    "29": 3.1697379577316482,
    "30": 3.2099379460772233,
    "31": 3.139706967657295,
    "32": 3.205277338707939,
    "33": 3.286294905372137,
    "34": 3.2860610269231127,
    "35": 3.4715337291892316,
    "36": 3.453983597752029,
    "37": 3.7636849084536808,
    "38": 4.01397800371605,
    "39": 4.266189643931026,
    "40": 4.678280479170977
}