{
    "0": NaN,
    "1": 2.713388677643333,
    "2": 2.7750914752441336,
    "3": 3.3056477847674928,
    "4": 3.607180193166282,
    "5": 3.6060553901936716,
    "6": 4.467583560688567,
    "7": 5.078590783327165,
    "8": 5.3279147471280375,
    "9": 5.721550970680695,
    "10": 6.262739316143113,
    "11": 6.154799550766324,
    "12": 6.204209242227504,
    "13": 6.369711658854251,
    "14": 6.180467181535578,
    "15": 6.292666637330613,
    "16": 6.313527529668894,
    "17": 5.966562977944944,
    "18": 5.795004944324946,
    "19": 5.719477366144322,
    "20": 5.36784201339721,
    "21": 5.082733470508727,
    "22": 4.786479874795189,
    "23": 4.6374140832159085,
    "24": 4.564434360238003,
    "25": 4.3898631341502785,
    "26": 4.353389188851042,
    "27": 4.292686720361586,
    "28": 4.251330963231483,
    "29": 4.1981437535628,
    "30": 4.302488618261248,
    "31": 4.149722174997525,
    "32": 4.174975610515359,
    "33": 4.160504598185306,
    "34": 4.229725310989278,
    "35": 4.165047280045946,
    "36": 4.068674369803486,
    "37": 4.09057842680199,
    "38": 4.0701226520013325,
    "39": 4.198379119345065,
    "40": 3.742490127783933
}