{
    "0": NaN,
    "1": 1.810505733872382,
    "2": 2.2968282493766017,
    "3": 2.790581337358904,
    "4": 2.5359270275010104,
    "5": 2.678912920296719,
    "6": 2.7161423407188723,
    "7": 2.8453070663503834,
    "8": 2.756592173010778,
    "9": 2.6680412681012164,
    "10": 2.9581135683881916,
    "11": 3.0476179891986064,
    "12": 3.182816963920344,
    "13": 2.848464674195073,
    "14": 2.913496254911344,
    "15": 2.9878889524468506,
    "16": 3.041731133960231,
    "17": 3.122245242279383,
    "18": 3.1674791454860354,
    "19": 3.2215036922089846,
    "20": 3.0930956994288357,
    "21": 3.0534286876244074,
    "22": 3.076821278090386,
    "23": 3.1058011007202055,
    "24": 3.1378788386160283,
    "25": 3.1601172936377977,
    "26": 3.2143948908176867,
    "27": 3.303318045662012,
    "28": 3.334468771930315,
    "29": 3.3456030469052584,
    "30": 3.3660290186167687,
    "31": 3.402488010055619,
    "32": 3.452315468683547,
    "33": 3.5419993188396903,
    "34": 3.5761194745323257,
    "35": 3.6057159584642853,
    "36": 3.6502140156671508,
    "37": 3.74339611457646,
    "38": 3.8471081960304976,
    "39": 4.102405499993426,
    "40": 4.556915103455136
}