{
    "0": 0.0,
    "1": 0.9187811890532778,
    "2": 1.1517738634200387,
    "3": 1.4077650398707562,
    "4": 1.6128562645398652,
    "5": 2.240496704931312,
    "6": 2.422135302156137,
    "7": 2.573789004005732,
    "8": 2.809395388484865,
    "9": 3.2795372236825147,
    "10": 3.423143307874714,
    "11": 3.592905858456029,
    "12": 3.9532617640323453,
    "13": 3.872831645154893,
    "14": 3.8383447245181364,
    "15": 4.095099958361289,
    "16": 4.199909772261936,
    "17": 4.208264011729089,
    "18": 4.167534166548824,
    "19": 4.045045330842624,
    "20": 3.8541518152787266,
    "21": 3.8890977666168967,
    "22": 4.079679312068479,
    "23": 3.915357029291371,
    "24": 3.8648738157168565,
    "25": 3.755834713322599,
    "26": 3.8193863270992736,
    "27": 3.873184463474265,
    "28": 3.789425681877818,
    "29": 3.9112066409488446,
    "30": 3.939349080329838,
    "31": 3.867255077825253,
    "32": 3.976982871101544,
    "33": 3.9208638451166062,
    "34": 3.961937380352465,
    "35": 3.6379493315056006,
    "36": 3.59297761823683,
    "37": 3.615869865685028,
    "38": 3.519281957036633,
    "39": 3.6196897709528715,
    "40": 3.4170719534617287,
    "41": 3.288835935443251,
    "42": 3.0917066004482825,
    "43": 3.035494390535215,
    "44": 2.946808391903348,
    "45": 2.886468412792414,
    "46": 2.853051156355022,
    "47": 2.823011175834464,
    "48": 2.7718434693251215,
    "49": 2.7282311741770724,
    "50": 2.763410172137534,
    "51": 2.755005344532711,
    "52": 2.6781997330493024,
    "53": 2.6747109484201927,
    "54": 2.7288442216917463,
    "55": 2.7426972542092423,
    "56": 2.7069923835051,
    "57": 2.730682793105084,
    "58": 2.6830018975060423,
    "59": 2.7231410333333077,
    "60": 2.7127339263773846,
    "61": 2.7210484477245926,
    "62": 2.7295330037299017,
    "63": 2.7229027621141597,
    "64": 2.781093600984755,
    "65": 2.685341472641758,
    "66": 2.6845580718778934,
    "67": 2.6905034778975794,
    "68": 2.73101758731993,
    "69": 2.737693412566432,
    "70": 2.794614372839626,
    "71": 2.7792235795244933,
    "72": 2.8010622367803273,
    "73": 2.791091727338159,
    "74": 2.7691472489258726,
    "75": 2.758428578602742,
    "76": 2.8662462171896843,
    "77": 2.9589705993219146,
    "78": 2.9783846116553407,
    "79": 2.8868028399438184,
    "80": 2.3837635206792154
}