{
    "0": 0.0,
    "1": 0.856258292284185,
    "2": 1.056973381341567,
    "3": 1.2613004903910914,
    "4": 1.393008815269873,
    "5": 1.600606840841625,
    "6": 1.697842394600998,
    "7": 1.9488548462064734,
    "8": 2.2973844484890473,
    "9": 2.530777788617313,
    "10": 2.7001331200711385,
    "11": 2.9457454613052056,
    "12": 2.7622054033319183,
    "13": 2.798048758921225,
    "14": 3.114738356435147,
    "15": 2.9530121168789023,
    "16": 2.7894582273796584,
    "17": 2.7295532623294307,
    "18": 2.496529517779898,
    "19": 2.4157758524528097,
    "20": 2.3102304495781842,
    "21": 2.2483122546224674,
    "22": 2.1564810245864945,
    "23": 2.110119559443857,
    "24": 2.100112706684143,
    "25": 2.1101317209182113,
    "26": 2.0990496962308853,
    "27": 2.1337795688973307,
    "28": 2.1721024661999504,
    "29": 2.164286406169305,
    "30": 2.182740693792043,
    "31": 2.193368676287566,
    "32": 2.1830281182414364
}