{
    "0": NaN,
    "1": 2.5439853171881492,
    "2": 2.9547126110767246,
    "3": 3.399305555248241,
    "4": 3.7517728685943847,
    "5": 4.0010472258661025,
    "6": 4.974208890522764,
    "7": 5.40981040955505,
    "8": 5.613057289643385,
    "9": 5.50004653531059,
    "10": 5.775901394893925,
    "11": 5.951536569210496,
    "12": 5.501045673289647,
    "13": 5.678448789936416,
    "14": 5.606056039781187,
    "15": 5.69445248604979,
    "16": 5.598438563371892,
    "17": 5.893510606579782,
    "18": 5.224266971481938,
    "19": 5.23080973900997,
    "20": 5.371056738742124,
    "21": 5.307252091561136,
    "22": 5.438246668935731,
    "23": 5.316636496458388,
    "24": 5.297713032644799,
    "25": 5.166836868068483,
    "26": 5.19501315994963,
    "27": 5.164888885257655,
    "28": 5.167848426880893,
    "29": 5.144270796761186,
    "30": 5.195419231569222,
    "31": 4.984421175762395,
    "32": 5.046427631130571,
    "33": 5.065319263411053,
    "34": 5.055397101998539,
    "35": 5.136182115560393,
    "36": 5.150723810630724,
    "37": 5.250275731928114,
    "38": 5.552907272645817,
    "39": 5.7413706009429495,
    "40": 5.179275135785672
}