{
    "0": NaN,
    "1": 2.0803410880047015,
    "2": 2.7710013655636336,
    "3": 2.8748894406995227,
    "4": 2.8417239605757247,
    "5": 3.532321255425445,
    "6": 3.6608811842484927,
    "7": 4.0810308863272935,
    "8": 4.292751124212637,
    "9": 4.447040135118137,
    "10": 4.450176502156348,
    "11": 4.334316673081826,
    "12": 4.137626368898736,
    "13": 4.203840811721487,
    "14": 4.301129835282721,
    "15": 4.2390514928162935,
    "16": 4.376249741814224,
    "17": 3.9263841809000772,
    "18": 3.87289812170726,
    "19": 3.729224628568013,
    "20": 3.709155339983686,
    "21": 3.693844179660116,
    "22": 3.489448872436023,
    "23": 3.4917644215257697,
    "24": 3.5300308563290517,
    "25": 3.543906388497719,
    "26": 3.5063386566909984,
    "27": 3.7227214632826042,
    "28": 3.8689957982488554,
    "29": 4.122287911160005,
    "30": 4.349129030761924,
    "31": 4.426976679548543,
    "32": 4.4138931946583995
}