{
    "0": NaN,
    "1": 1.821194672508917,
    "2": 2.5683577787967815,
    "3": 2.686446043658508,
    "4": 2.796016902580436,
    "5": 2.805988645647072,
    "6": 2.756763420870443,
    "7": 2.810926583478224,
    "8": 2.7150794776588194,
    "9": 2.6512756324479505,
    "10": 2.7930855464215503,
    "11": 2.8070184991398572,
    "12": 2.892251459661074,
    "13": 3.1191185187608674,
    "14": 3.0950322816310942,
    "15": 3.0908891376891225,
    "16": 2.9134014557979064,
    "17": 2.7962126861945644,
    "18": 2.864807206558634,
    "19": 2.3569222567432067,
    "20": 2.3999374991808056,
    "21": 2.3132190509073283,
    "22": 2.355109516433973,
    "23": 2.384660433181983,
    "24": 2.3296362490545763,
    "25": 2.4064283674929574,
    "26": 2.5258277508343157,
    "27": 2.6418977864220112,
    "28": 2.6739516364482228,
    "29": 2.7303843467460056,
    "30": 2.9728987377186002,
    "31": 3.1897693966825167,
    "32": 1.627628035120592
}