{
    "0": NaN,
    "1": 1.7347860629507943,
    "2": 2.205082319240178,
    "3": 2.9211237793333185,
    "4": 3.022745356636661,
    "5": 3.045393637287946,
    "6": 3.020595741305398,
    "7": 3.025061410915544,
    "8": 3.063655305350159,
    "9": 3.1799225310587746,
    "10": 3.1587167890514043,
    "11": 3.18585418628306,
    "12": 3.1671330324767126,
    "13": 3.1698251920864284,
    "14": 3.2428819254765426,
    "15": 3.3746870439608436,
    "16": 3.3486921974512316,
    "17": 3.230867320696899,
    "18": 3.2396182776650697,
    "19": 3.1793449512003047,
    "20": 3.092659374651218,
    "21": 3.0709000334116525,
    "22": 3.071312696666102,
    "23": 3.088839614660771,
    "24": 3.089833684752929,
    "25": 3.0655423007910882,
    "26": 3.128706545887484,
    "27": 3.1576202464223595,
    "28": 3.200727990533241,
    "29": 3.1812366514910217,
    "30": 3.157038323409488,
    "31": 3.1595717424497174,
    "32": 3.2540452951431873,
    "33": 3.378949170870025,
    "34": 3.3856563967509854,
    "35": 3.4246178676511345,
    "36": 3.418046223746109,
    "37": 3.568352435300123,
    "38": 3.8399474387090247,
    "39": 4.022235819832699,
    "40": 4.158863781238524
}