{
    "0": NaN,
    "1": 3.129767250015059,
    "2": 3.4382374720039715,
    "3": 4.327579285481276,
    "4": 4.0661737937187405,
    "5": 3.986638184205109,
    "6": 4.018175800659208,
    "7": 4.725010030465564,
    "8": 4.154073766618729,
    "9": 4.170108093353175,
    "10": 4.512938759225098,
    "11": 4.528808240182447,
    "12": 4.866538532222494,
    "13": 5.237573690012897,
    "14": 4.854255415501099,
    "15": 5.250505681868958,
    "16": 5.547153364690578,
    "17": 5.633093965147761,
    "18": 4.770871424093703,
    "19": 4.561854139595452,
    "20": 4.305238650365785,
    "21": 4.175227790050121,
    "22": 3.9946288636019625,
    "23": 4.078473706914073,
    "24": 4.008289412932178,
    "25": 3.9324224103922947,
    "26": 3.921354615012042,
    "27": 4.039652458850337,
    "28": 3.6746690834247873,
    "29": 3.7721529253810626,
    "30": 3.7212878275697228,
    "31": 3.8373142194518985,
    "32": 3.8723513356519237,
    "33": 3.895457239148761,
    "34": 3.9086585229600983,
    "35": 3.923926984311474,
    "36": 3.9701601932218833,
    "37": 4.020335524176336,
    "38": 4.04567517335875,
    "39": 4.246836672197497,
    "40": 4.3756678312394435
}