{
    "0": NaN,
    "1": 3.2308594318293173,
    "2": 3.915982363576526,
    "3": 4.290856174780619,
    "4": 4.4288354261692655,
    "5": 4.759749909414983,
    "6": 4.926573172677793,
    "7": 4.944736104369727,
    "8": 4.4101414979145215,
    "9": 4.420652440773273,
    "10": 3.936593398235944,
    "11": 4.309936501811068,
    "12": 4.16381898807566,
    "13": 4.747627116765851,
    "14": 5.266207026546166,
    "15": 5.283522456600351,
    "16": 5.473099354817103,
    "17": 5.436608632882956,
    "18": 4.994484796784188,
    "19": 4.8956400344848525,
    "20": 4.808870909586829,
    "21": 4.520011106510963,
    "22": 4.51341798669988,
    "23": 4.392502196357466,
    "24": 4.457626268509261,
    "25": 4.311597848549819,
    "26": 4.372329403458407,
    "27": 4.274545599307084,
    "28": 4.294098450847074,
    "29": 4.339692361865944,
    "30": 4.409859070692362,
    "31": 4.406252145970599,
    "32": 1.9662900743747294
}