{
    "0": NaN,
    "1": 1.9968463003019463,
    "2": 2.482126764585564,
    "3": 3.0939231293480836,
    "4": 3.934341596135621,
    "5": 3.7077575131723295,
    "6": 3.5745884184634447,
    "7": 3.290086036965334,
    "8": 3.4862095020261945,
    "9": 3.6798775103661616,
    "10": 4.051428638956723,
    "11": 4.035699115547472,
    "12": 3.9949614729640417,
    "13": 4.029696816771275,
    "14": 4.134102734507059,
    "15": 4.061442143487483,
    "16": 4.026537109274968,
    "17": 3.974050101445038,
    "18": 4.050374893140969,
    "19": 4.053811654121082,
    "20": 4.047366679730144,
    "21": 3.910660696148313,
    "22": 3.928287017490867,
    "23": 3.829535831671172,
    "24": 3.9081111429790623,
    "25": 3.801994226390668,
    "26": 3.900567710498165,
    "27": 4.00696736701291,
    "28": 3.7421514956217243,
    "29": 3.9582784267508457,
    "30": 4.042418591502576,
    "31": 4.0494224495538225,
    "32": 3.95161594224434,
    "33": 4.326629325102863,
    "34": 4.485994174790875,
    "35": 4.618752043676307,
    "36": 4.67348230344017,
    "37": 4.630035437425889,
    "38": 4.790250942714741,
    "39": 4.9037535411588316,
    "40": 5.0253942030752805,
    "41": 5.0488630193216775,
    "42": 5.086047941980431,
    "43": 5.011668372443667,
    "44": 4.957856568445202,
    "45": 5.039382451502403,
    "46": 4.809872513491562,
    "47": 5.129877096519608,
    "48": 5.1328402223210965,
    "49": 5.296102300530199,
    "50": 5.122596374311474,
    "51": 5.258424557600685,
    "52": 5.167062305371007,
    "53": 5.5609874211056205,
    "54": 5.814400561616032,
    "55": 5.837789361162467,
    "56": 5.802398540185963,
    "57": 6.101765334241171,
    "58": 5.869835112619813,
    "59": 5.856996506930535,
    "60": 6.155293262827988,
    "61": 6.200997968828949,
    "62": 6.091295688981988,
    "63": 6.139641052661408,
    "64": 6.125992100906886,
    "65": 6.1408323275889005,
    "66": 6.065040728605539,
    "67": 6.266033039225716,
    "68": 6.307452957995594,
    "69": 6.242114390451196,
    "70": 6.528244309621982,
    "71": 6.485160237699683,
    "72": 6.528692935384178,
    "73": 6.616341759484667,
    "74": 6.594903937017429,
    "75": 6.730844671061672,
    "76": 6.950243209985704,
    "77": 7.147633582145117,
    "78": 7.197894093122897,
    "79": 7.064051717993785,
    "80": 5.321839986986531
}