{
    "0": 0.0,
    "1": 0.8080493040472096,
    "2": 1.053113160328111,
    "3": 1.1875341961225638,
    "4": 1.5609629349549132,
    "5": 1.8763451806889735,
    "6": 2.054116658258866,
    "7": 2.346306799321361,
    "8": 2.6161931913496224,
    "9": 3.003205016725501,
    "10": 3.155832825971333,
    "11": 3.2392420340931705,
    "12": 3.4070497297439997,
    "13": 3.488446070605817,
    "14": 3.8487608113482477,
    "15": 4.068029592932295,
    "16": 4.291947610043477,
    "17": 4.262315958502958,
    "18": 4.455040177219304,
    "19": 4.730619814048254,
    "20": 4.9343095659614296,
    "21": 5.05524991833054,
    "22": 5.122449235761644,
    "23": 5.191535856624982,
    "24": 5.123039279984272,
    "25": 5.097268620248662,
    "26": 5.0622465611532945,
    "27": 5.209257905347596,
    "28": 5.140009554571157,
    "29": 5.018269051395627,
    "30": 5.030737347956245,
    "31": 5.020922097583999,
    "32": 5.198172439662849,
    "33": 5.134005226246626,
    "34": 5.2421014573374185,
    "35": 5.201019267563629,
    "36": 5.192508543808312,
    "37": 5.1934604395079935,
    "38": 4.99315778071056,
    "39": 5.144131294201146,
    "40": 4.741188396454699,
    "41": 4.625862495498108,
    "42": 4.265998530229994,
    "43": 4.113273150965169,
    "44": 3.778849778775229,
    "45": 3.747061019045124,
    "46": 3.6890023427806327,
    "47": 3.638117933562218,
    "48": 3.4383735268911924,
    "49": 3.3817448525114986,
    "50": 3.3748044500046626,
    "51": 3.3598661993355723,
    "52": 3.3354290739513384,
    "53": 3.4120913600711114,
    "54": 3.419067621958731,
    "55": 3.4703833494375598,
    "56": 3.449283854043229,
    "57": 3.4980084786037517,
    "58": 3.520218850638941,
    "59": 3.5074704478335836,
    "60": 3.5321060675596216,
    "61": 3.566816708022069,
    "62": 3.600172365746491,
    "63": 3.6015429780096535,
    "64": 3.565821644561832,
    "65": 3.6101735130927337,
    "66": 3.6257652389514208,
    "67": 3.6464554057865572,
    "68": 3.6201492409745297,
    "69": 3.6403037835240593,
    "70": 3.7097674653497483,
    "71": 3.711691530378556,
    "72": 3.7723819055926215,
    "73": 3.7948805530779794,
    "74": 3.784441887090088,
    "75": 3.7887033982050147,
    "76": 3.887257124418313,
    "77": 3.8902746574101164,
    "78": 3.9842169488244394,
    "79": 4.006799002381406,
    "80": 3.486728409264111
}