{
    "0": 0.0,
    "1": 0.9304242773528703,
    "2": 1.1613993056797889,
    "3": 1.3522330761611063,
    "4": 1.6298517505420231,
    "5": 1.9572506737916373,
    "6": 2.166255865937373,
    "7": 2.453598769455053,
    "8": 2.4521412073858144,
    "9": 2.466993865561662,
    "10": 2.621873216477496,
    "11": 2.580159054296417,
    "12": 2.5427833454098407,
    "13": 2.6754207284985663,
    "14": 2.948907162121155,
    "15": 2.9217426046268042,
    "16": 2.851148574035988,
    "17": 2.9529093263191184,
    "18": 2.8758119004272027,
    "19": 2.794326520866863,
    "20": 2.7223200907522336,
    "21": 2.679192284698409,
    "22": 2.626341533992581,
    "23": 2.594565282786967,
    "24": 2.6089156081084766,
    "25": 2.7367274370507393,
    "26": 2.7882379583554857,
    "27": 2.9106172323315955,
    "28": 2.931302092791555,
    "29": 3.067654591611038,
    "30": 3.1943865815965915,
    "31": 3.337591405530456,
    "32": 3.3680548373545527
}