{
    "0": NaN,
    "1": 2.933199202466046,
    "2": 3.3231851101330028,
    "3": 4.008333388992005,
    "4": 3.8793311464880738,
    "5": 4.271574657376706,
    "6": 4.443967134856646,
    "7": 4.785271983680342,
    "8": 4.753878693376512,
    "9": 4.450587965596547,
    "10": 4.8328906222976675,
    "11": 5.040336712637307,
    "12": 5.131637275821174,
    "13": 5.419522901962136,
    "14": 4.999071807332515,
    "15": 5.711516166287225,
    "16": 5.623222107725946,
    "17": 5.345555412303261,
    "18": 5.236019923128653,
    "19": 5.159314926619767,
    "20": 5.487629689231457,
    "21": 5.516337298641093,
    "22": 5.799890122572285,
    "23": 5.539330191610244,
    "24": 5.466599116832986,
    "25": 5.134962052459942,
    "26": 4.865202828403812,
    "27": 4.607313893462977,
    "28": 4.434118952894919,
    "29": 4.539239624357747,
    "30": 4.435496161093912,
    "31": 4.427601200209182,
    "32": 4.373105675122942,
    "33": 4.520135955803405,
    "34": 4.608343655367046,
    "35": 4.69236505344094,
    "36": 4.935665472543571,
    "37": 5.272412308099475,
    "38": 5.33137721722112,
    "39": 5.691762642279804,
    "40": 4.994316966773034
}