{
    "0": 0.0,
    "1": 0.9988202933777911,
    "2": 1.256180072921331,
    "3": 1.5010195728815559,
    "4": 1.7839482224162557,
    "5": 2.202644125351258,
    "6": 2.437100778320353,
    "7": 2.8019852194830417,
    "8": 2.7751575526051355,
    "9": 2.8315734860059574,
    "10": 2.99316813746727,
    "11": 3.035648171463553,
    "12": 3.1471704220419796,
    "13": 3.3357961540240417,
    "14": 3.543601007387925,
    "15": 3.457279773599105,
    "16": 3.41052021176487,
    "17": 3.533799936577425,
    "18": 3.408512505366777,
    "19": 3.2327404291418844,
    "20": 3.1713109046796326,
    "21": 3.0844154231892684,
    "22": 3.018757348300927,
    "23": 3.0160696768903144,
    "24": 3.0060439957480782,
    "25": 3.213123660254095,
    "26": 3.2571104557387027,
    "27": 3.459912907696337,
    "28": 3.493346149722269,
    "29": 3.685144147270714,
    "30": 3.87717096882002,
    "31": 4.012951991329842,
    "32": 3.670939298363658
}