{
    "0": NaN,
    "1": 2.8815287653909776,
    "2": 3.399347385513811,
    "3": 4.158455201589457,
    "4": 3.8628774937642483,
    "5": 3.8271299778103183,
    "6": 3.9267193541158094,
    "7": 4.669463910058737,
    "8": 4.3333267395154325,
    "9": 4.055857572063395,
    "10": 4.167082500920592,
    "11": 4.27497927278353,
    "12": 4.334153181982022,
    "13": 4.149731077886844,
    "14": 3.5363995147654492,
    "15": 4.306700928854345,
    "16": 4.393366136483211,
    "17": 4.5849135086292785,
    "18": 3.683199703930437,
    "19": 3.4138988536132366,
    "20": 3.238885221555024,
    "21": 3.1862626341998217,
    "22": 3.2303745776406614,
    "23": 3.194031408975851,
    "24": 3.257556481821251,
    "25": 3.2121431059234165,
    "26": 3.3813878091577303,
    "27": 3.411539241943258,
    "28": 3.152112870746187,
    "29": 3.1970568747773984,
    "30": 3.2515736453042456,
    "31": 3.260353270728038,
    "32": 3.278020270150822,
    "33": 3.4644891648000553,
    "34": 3.4723933532804305,
    "35": 3.548472747162333,
    "36": 3.584965230966678,
    "37": 3.6616736265752707,
    "38": 3.7629435843251478,
    "39": 4.073132692014351,
    "40": 4.172842476567145
}