{
    "0": NaN,
    "1": 2.814477895399705,
    "2": 2.841779981318167,
    "3": 3.077653909636025,
    "4": 3.4199715333520024,
    "5": 3.474873621888145,
    "6": 3.647613639781946,
    "7": 4.1403600825676685,
    "8": 4.419575997538021,
    "9": 4.512747900640236,
    "10": 4.675248487249143,
    "11": 4.57665915644917,
    "12": 4.448151408185562,
    "13": 4.159676741908843,
    "14": 4.755256914314618,
    "15": 5.006468706466446,
    "16": 5.142808982343352,
    "17": 5.239317075409623,
    "18": 5.313747758972874,
    "19": 5.606757241859972,
    "20": 6.157872133738129,
    "21": 6.191934276488914,
    "22": 6.30447698216284,
    "23": 6.206215368333164,
    "24": 6.402813346635904,
    "25": 6.2196244099703994,
    "26": 6.307095253116484,
    "27": 6.467292418854689,
    "28": 6.367986947191978,
    "29": 6.362096317147841,
    "30": 6.359696099215502,
    "31": 6.0785294742827,
    "32": 6.058971814946505,
    "33": 6.059650783400844,
    "34": 6.237564456056927,
    "35": 6.2932798620456705,
    "36": 6.230851945793176,
    "37": 6.142124673603803,
    "38": 6.086787230235775,
    "39": 6.0969740476775325,
    "40": 5.771296892932569,
    "41": 5.434128805897339,
    "42": 5.265451694182266,
    "43": 4.847644419606982,
    "44": 4.503100692600237,
    "45": 4.193902338189027,
    "46": 4.126295335880149,
    "47": 3.980252753890342,
    "48": 3.9305222194668774,
    "49": 3.8174332884166984,
    "50": 3.7522925781937477,
    "51": 3.640432742698092,
    "52": 3.666369214179095,
    "53": 3.529763818855349,
    "54": 3.5432823063698535,
    "55": 3.4667401271685625,
    "56": 3.3777043506046627,
    "57": 3.3323269722105278,
    "58": 3.271943475712295,
    "59": 3.405255063383814,
    "60": 3.228302532271504,
    "61": 3.201274200647769,
    "62": 3.303849371563579,
    "63": 3.2811230271849774,
    "64": 3.2253574415181387,
    "65": 3.2785106053627335,
    "66": 3.235566982133778,
    "67": 3.19577902755148,
    "68": 3.248131206501453,
    "69": 3.2663836818633825,
    "70": 3.3170091814633675,
    "71": 3.209820191140835,
    "72": 3.159924701120512,
    "73": 3.246410680500417,
    "74": 3.1723746397039476,
    "75": 3.2056413418513565,
    "76": 3.144385185488994,
    "77": 3.062704273558646,
    "78": 3.1609804452134123,
    "79": 3.1653700682814856,
    "80": 1.6277331485116613
}