{
    "0": 0.0,
    "1": 0.9312694073289365,
    "2": 1.3313324467067125,
    "3": 1.4545917463111202,
    "4": 1.5463116746453514,
    "5": 1.6633279145161564,
    "6": 1.7387169332415569,
    "7": 1.7867282152144268,
    "8": 1.7774310746967792,
    "9": 1.776029025834943,
    "10": 1.8798238452586808,
    "11": 1.8374880114989305,
    "12": 1.8858269225806825,
    "13": 1.9507465339401182,
    "14": 2.0770010522662363,
    "15": 1.9577260688503233,
    "16": 2.0168793217570484,
    "17": 2.013647229373221,
    "18": 1.9380976837739237,
    "19": 1.8711426732617538,
    "20": 1.8353910288295703,
    "21": 1.7310535286579998,
    "22": 1.7137818915363645,
    "23": 1.8046950677048277,
    "24": 1.7753109726294811,
    "25": 1.7894362342765218,
    "26": 1.7973206710168919,
    "27": 1.8099766649426958,
    "28": 1.8419564597916962,
    "29": 1.8405480395572458,
    "30": 1.8303000963443605,
    "31": 1.808224330577579,
    "32": 1.8364519534517831,
    "33": 1.8870707947610912,
    "34": 1.863497812447725,
    "35": 1.9448136825165265,
    "36": 2.0100530019812273,
    "37": 2.1158287559780096,
    "38": 2.2342033476584713,
    "39": 2.298536002651466,
    "40": 2.4372957817484577
}