{
    "0": 0.0,
    "1": 0.8607345976194055,
    "2": 1.225677672364527,
    "3": 1.3294738058754447,
    "4": 1.5438658522564455,
    "5": 2.0701203406205084,
    "6": 2.0831304126846035,
    "7": 2.271642124681431,
    "8": 2.3154142481941653,
    "9": 2.3863591533515676,
    "10": 2.3676449635150014,
    "11": 2.3901799651280515,
    "12": 2.4497775550981524,
    "13": 2.609871507915716,
    "14": 2.735488667058832,
    "15": 2.839456620466165,
    "16": 2.862648084459042,
    "17": 2.8921984931349765,
    "18": 2.9414795828385745,
    "19": 2.712003924680582,
    "20": 2.6589522691796703,
    "21": 2.5885120232578194,
    "22": 2.537541100469018,
    "23": 2.517465942727954,
    "24": 2.475318730876858,
    "25": 2.4317867845636916,
    "26": 2.4733380722438363,
    "27": 2.5197255847354367,
    "28": 2.539231793285947,
    "29": 2.5707984631137575,
    "30": 2.5386765092867334,
    "31": 2.48321324322609,
    "32": 2.499075942076402,
    "33": 2.573128622355815,
    "34": 2.5510924090033735,
    "35": 2.6939544291300197,
    "36": 2.738823391044041,
    "37": 2.8303467090888614,
    "38": 2.9789943695756493,
    "39": 3.1776073464927266,
    "40": 3.2198153106867164
}