{
    "0": NaN,
    "1": 2.4880444831663167,
    "2": 2.75282000548114,
    "3": 2.9369485536360136,
    "4": 2.9121164066698797,
    "5": 2.998332032593807,
    "6": 3.0817762725797695,
    "7": 3.600881309241173,
    "8": 3.8723283438080363,
    "9": 4.0746894706911965,
    "10": 4.1326936171977895,
    "11": 3.780815356731651,
    "12": 3.7913747241758826,
    "13": 3.391720667710745,
    "14": 3.636751042821126,
    "15": 4.1458138140905545,
    "16": 4.301888169304878,
    "17": 4.272525209730622,
    "18": 4.122747129724221,
    "19": 4.0874021529925875,
    "20": 4.393397818293768,
    "21": 4.567224351344168,
    "22": 4.763350686081816,
    "23": 4.810127513144267,
    "24": 4.998731193402552,
    "25": 4.816468204075424,
    "26": 5.092340970249591,
    "27": 5.334106792168382,
    "28": 5.364926895691657,
    "29": 5.703364959027437,
    "30": 5.5223153994384235,
    "31": 5.3791084210203355,
    "32": 5.4593624554919185,
    "33": 5.44869432886357,
    "34": 5.453221826784333,
    "35": 5.473675081748501,
    "36": 5.70425358252224,
    "37": 5.80407144800748,
    "38": 5.735287092225196,
    "39": 5.692066268999169,
    "40": 5.455885331602222,
    "41": 5.0452907216961025,
    "42": 5.142664782358759,
    "43": 4.926141787607004,
    "44": 4.90746826736002,
    "45": 4.593225099318798,
    "46": 4.544143406433725,
    "47": 4.3898469279967,
    "48": 4.266523394307003,
    "49": 4.339109502129111,
    "50": 4.16957048702403,
    "51": 4.164178746571349,
    "52": 4.095795549704494,
    "53": 4.116235843303884,
    "54": 4.1410176021064595,
    "55": 4.11618226803716,
    "56": 4.105225208742264,
    "57": 4.05609343506533,
    "58": 4.039244756208921,
    "59": 3.9941036260435707,
    "60": 4.073065934185537,
    "61": 4.042275536272848,
    "62": 4.130081180209233,
    "63": 4.02877915729783,
    "64": 4.0200034832278835,
    "65": 4.006620948320971,
    "66": 3.9977754240566785,
    "67": 4.043266010944374,
    "68": 4.026790169054709,
    "69": 4.002615736878564,
    "70": 4.000339135475229,
    "71": 3.9844023151733956,
    "72": 3.887833733367238,
    "73": 3.843511596623582,
    "74": 3.820115977700202,
    "75": 3.8868491472537663,
    "76": 3.9733353443765203,
    "77": 3.963828000698107,
    "78": 4.1231395094245515,
    "79": 3.873908411945699,
    "80": 1.6812231131580806
}