{
    "0": NaN,
    "1": 2.004346229106202,
    "2": 2.502566648299414,
    "3": 3.1656050344150937,
    "4": 3.93824082119666,
    "5": 3.65323063939906,
    "6": 3.5838419866701883,
    "7": 3.2815459920008823,
    "8": 3.4791034811870425,
    "9": 3.6304558583668056,
    "10": 4.061748665958751,
    "11": 4.009490518408974,
    "12": 3.9635844505149755,
    "13": 4.0160820354715545,
    "14": 4.047336210530911,
    "15": 4.0390290138954,
    "16": 3.966652915264223,
    "17": 3.9323078863627443,
    "18": 4.035262582256001,
    "19": 4.072800598526602,
    "20": 4.058688328264208,
    "21": 3.894935219013458,
    "22": 3.961797948171234,
    "23": 3.886015448239458,
    "24": 3.976963259818325,
    "25": 3.8622558085743335,
    "26": 3.957688163916951,
    "27": 3.9802777827134035,
    "28": 3.9137686804922702,
    "29": 4.003212421166859,
    "30": 3.981880546693947,
    "31": 4.014036104819823,
    "32": 4.01335847355746,
    "33": 4.271976154517007,
    "34": 4.518085281016651,
    "35": 4.544893600995227,
    "36": 4.59323514273709,
    "37": 4.546988441261591,
    "38": 4.662965293471644,
    "39": 4.899077139057675,
    "40": 5.026091493276063,
    "41": 4.967375172015293,
    "42": 5.125742385798239,
    "43": 5.156794306194078,
    "44": 4.913484628960373,
    "45": 5.137342015112839,
    "46": 4.951587028733768,
    "47": 5.120451133495361,
    "48": 5.130182843084324,
    "49": 5.053799471874804,
    "50": 5.0729723782626,
    "51": 5.390752739359902,
    "52": 5.202244740776325,
    "53": 5.718485869909922,
    "54": 5.911394766053321,
    "55": 5.827874728565178,
    "56": 5.893059902220102,
    "57": 6.007836607797719,
    "58": 6.007505934680921,
    "59": 6.007657408510123,
    "60": 6.300768351103265,
    "61": 6.209884131440116,
    "62": 6.136676537961991,
    "63": 6.205826180692058,
    "64": 6.199155148176039,
    "65": 6.186574026956799,
    "66": 6.198406303720385,
    "67": 6.198656906013675,
    "68": 6.248771265731863,
    "69": 6.243667705323331,
    "70": 6.423835490728384,
    "71": 6.470456508453993,
    "72": 6.572974730224328,
    "73": 6.670243226859831,
    "74": 6.700869579924183,
    "75": 6.80597902782504,
    "76": 6.99139448410215,
    "77": 7.249002854127202,
    "78": 7.177788450543252,
    "79": 6.990760241554415,
    "80": 5.1938258526268415
}