{
    "0": 0.0,
    "1": 0.8372770498398446,
    "2": 1.0765351042082543,
    "3": 1.3551999675464401,
    "4": 1.6899634883619872,
    "5": 1.785075522643854,
    "6": 1.979012768285943,
    "7": 2.073214575367816,
    "8": 2.1061020172705693,
    "9": 2.1883725505792953,
    "10": 2.256891087831597,
    "11": 2.258633848330197,
    "12": 2.3397544464921056,
    "13": 2.2514368491784125,
    "14": 2.190786749507306,
    "15": 2.1336190131379937,
    "16": 2.160599720626993,
    "17": 2.0809252373906673,
    "18": 2.1480679596520993,
    "19": 2.1771861550588922,
    "20": 2.1715796630293562,
    "21": 2.1967553016668706,
    "22": 2.3017059273242215,
    "23": 2.3193778536374574,
    "24": 2.320440692226336,
    "25": 2.3915724736897577,
    "26": 2.4715325052998747,
    "27": 2.415189150565527,
    "28": 2.4831663696589685,
    "29": 2.4914341403536326,
    "30": 2.472564117188466,
    "31": 2.493634099341682,
    "32": 2.538678177199194,
    "33": 2.5473842954094117,
    "34": 2.5627595000744865,
    "35": 2.5753383239083334,
    "36": 2.5169796457078397,
    "37": 2.509685029826023,
    "38": 2.4552701474801775,
    "39": 2.4552785485419495,
    "40": 2.342841684482245,
    "41": 2.336288886332292,
    "42": 2.265310419604542,
    "43": 2.239600701677146,
    "44": 2.186138561393287,
    "45": 2.2230346978281315,
    "46": 2.232532901444503,
    "47": 2.248851892518568,
    "48": 2.265066588345545,
    "49": 2.2609424773581774,
    "50": 2.303488374808332,
    "51": 2.3304812240733592,
    "52": 2.304602334800344,
    "53": 2.350152312902384,
    "54": 2.3520040460761757,
    "55": 2.461456781728508,
    "56": 2.440903957731468,
    "57": 2.4529938337342614,
    "58": 2.4479803964024156,
    "59": 2.5033815112753213,
    "60": 2.5288832216431443,
    "61": 2.4957832945548346,
    "62": 2.5000330397701096,
    "63": 2.4741889846044924,
    "64": 2.494148088995536,
    "65": 2.476216991137595,
    "66": 2.495090584449693,
    "67": 2.4976635617926406,
    "68": 2.4924275563499356,
    "69": 2.506876384887207,
    "70": 2.5720347067830445,
    "71": 2.5555592576750605,
    "72": 2.514480705938834,
    "73": 2.565395211048238,
    "74": 2.574516734027019,
    "75": 2.583109672273493,
    "76": 2.7716047238715724,
    "77": 2.8868530337590257,
    "78": 3.0097303547121714,
    "79": 3.040531283739854,
    "80": 2.737517338666923
}