{
    "0": 0.0,
    "1": 0.9363026016893465,
    "2": 1.2318359708009081,
    "3": 1.586254542014849,
    "4": 2.038401170962967,
    "5": 2.453956480932491,
    "6": 2.8943191107008976,
    "7": 3.2480771274816274,
    "8": 3.412723371422828,
    "9": 3.4780532422813315,
    "10": 3.696052782817008,
    "11": 3.5921624950428006,
    "12": 3.7225889525186813,
    "13": 3.9015060957864915,
    "14": 4.052953854866222,
    "15": 4.0202186184658295,
    "16": 4.117290738577766,
    "17": 4.278814275907094,
    "18": 4.261825586353313,
    "19": 4.268695472269173,
    "20": 4.252057949016844,
    "21": 4.031092948425895,
    "22": 3.9611871542394486,
    "23": 3.7793703476560014,
    "24": 3.680970890670803,
    "25": 3.732339537506362,
    "26": 3.6593558740346848,
    "27": 3.6838492643534586,
    "28": 3.6535026214773185,
    "29": 3.6630943433981638,
    "30": 3.6084984859542106,
    "31": 3.6435346882166124,
    "32": 3.703574739855675,
    "33": 3.7060874499711245,
    "34": 3.729191493825296,
    "35": 3.7180865849781672,
    "36": 3.8509403187402524,
    "37": 3.926527295002847,
    "38": 4.171697085825046,
    "39": 4.334221705603596,
    "40": 4.763339759561136
}