{
    "0": 0.0,
    "1": 0.9113016756786328,
    "2": 1.1604290846260676,
    "3": 1.4668245301405054,
    "4": 1.7793753076974563,
    "5": 2.099849086245815,
    "6": 2.3519794608383493,
    "7": 2.7692953121929964,
    "8": 3.015989087556325,
    "9": 3.1848280269929248,
    "10": 3.4503425318544063,
    "11": 3.6528133340487203,
    "12": 3.60049363500331,
    "13": 4.089523970790772,
    "14": 4.278824686595218,
    "15": 4.254699080061386,
    "16": 4.335149574969051,
    "17": 4.39945695382847,
    "18": 4.311356832378613,
    "19": 4.053395267015971,
    "20": 3.9270908047671154,
    "21": 3.6750552964004886,
    "22": 3.6694364111218523,
    "23": 3.491252890824679,
    "24": 3.4315317957383655,
    "25": 3.4248150983080263,
    "26": 3.4661192691673626,
    "27": 3.494528720231316,
    "28": 3.5144637813364557,
    "29": 3.563293234068369,
    "30": 3.596863978831433,
    "31": 3.569666099771207,
    "32": 3.588695610314429,
    "33": 3.7010478159255333,
    "34": 3.7252107193505797,
    "35": 3.8291392444830654,
    "36": 3.8973383502847483,
    "37": 3.9607338456375736,
    "38": 4.1274283310225,
    "39": 4.414167886273695,
    "40": 4.624668209324615
}