{
    "0": 0.0,
    "1": 0.7533938802427943,
    "2": 1.0152971691015085,
    "3": 1.2052627544434602,
    "4": 1.4654510885622314,
    "5": 2.081663306754272,
    "6": 2.296694195579899,
    "7": 2.46548151798712,
    "8": 2.696621452647436,
    "9": 3.1555026694924875,
    "10": 3.2677498359770665,
    "11": 3.3035447455346776,
    "12": 3.5517371603466255,
    "13": 3.389386088321299,
    "14": 3.2927533556275317,
    "15": 3.632687698012158,
    "16": 3.8542476374917745,
    "17": 3.737188143675006,
    "18": 3.8935548802792943,
    "19": 3.8794894849780674,
    "20": 3.556771607600324,
    "21": 3.7305786505818483,
    "22": 3.9475294809609873,
    "23": 3.8909996783673564,
    "24": 3.979890152815419,
    "25": 3.9484245176195567,
    "26": 3.90058768125804,
    "27": 4.063506957594658,
    "28": 4.052811816745606,
    "29": 4.125723035174092,
    "30": 4.113563999637336,
    "31": 4.244041920515242,
    "32": 4.380219957498155,
    "33": 4.491432604975168,
    "34": 4.502001638668758,
    "35": 4.404756857563642,
    "36": 4.351836442310138,
    "37": 4.176798761446481,
    "38": 4.372965620824711,
    "39": 4.252508923463358,
    "40": 4.068379202055926,
    "41": 4.138199390815946,
    "42": 3.7048031624463915,
    "43": 3.691080985839253,
    "44": 3.5092401674440126,
    "45": 3.4852308726140504,
    "46": 3.444889278385857,
    "47": 3.3900802535681143,
    "48": 3.350722047616431,
    "49": 3.328504881421458,
    "50": 3.3035191926949694,
    "51": 3.318603848263584,
    "52": 3.232685039922212,
    "53": 3.2615865819355414,
    "54": 3.246879556145844,
    "55": 3.2684455250864843,
    "56": 3.310833445024892,
    "57": 3.2461032463200556,
    "58": 3.26032424841287,
    "59": 3.3219625032054005,
    "60": 3.323508027569413,
    "61": 3.260925742671653,
    "62": 3.356144452067748,
    "63": 3.295930019931495,
    "64": 3.298667046004242,
    "65": 3.2517713378725044,
    "66": 3.273425451273182,
    "67": 3.2830369285300907,
    "68": 3.2414999679080907,
    "69": 3.310146047295219,
    "70": 3.350594057726868,
    "71": 3.403701790923199,
    "72": 3.323613083338871,
    "73": 3.3209165335595734,
    "74": 3.369234478753075,
    "75": 3.268723338245043,
    "76": 3.3978597440803004,
    "77": 3.4645985010561113,
    "78": 3.4146617072168937,
    "79": 3.283184830584756,
    "80": 2.71442840057679
}