{
    "0": 0.0,
    "1": 0.8650781227240828,
    "2": 1.1481579627701328,
    "3": 1.4227960977777943,
    "4": 1.738095768235019,
    "5": 2.2305091502047714,
    "6": 2.414393187753467,
    "7": 2.6626458159083706,
    "8": 2.833083240418782,
    "9": 3.173425959505287,
    "10": 3.273685359204793,
    "11": 3.4189895973063624,
    "12": 3.581323239106211,
    "13": 3.471974042153748,
    "14": 3.4679369670856492,
    "15": 3.6401513252734685,
    "16": 3.6486228531915725,
    "17": 3.8065882632275625,
    "18": 3.8585983251709863,
    "19": 3.90389919413501,
    "20": 3.692350858260085,
    "21": 3.8376169695745745,
    "22": 3.9646603991377893,
    "23": 3.871786315360935,
    "24": 3.875600415926559,
    "25": 3.849417950070623,
    "26": 3.825001389385253,
    "27": 3.910926206188424,
    "28": 3.844891307900824,
    "29": 3.8102936056514523,
    "30": 3.9004533416414353,
    "31": 3.8145426433210083,
    "32": 3.873006866504999,
    "33": 3.8572218128464484,
    "34": 3.9130397886108748,
    "35": 3.775224397818734,
    "36": 3.7098650821556998,
    "37": 3.6801420736020383,
    "38": 3.696198800063159,
    "39": 3.5916673208250085,
    "40": 3.4404059420349564,
    "41": 3.3812034718410184,
    "42": 3.0782739468924167,
    "43": 3.028191756345965,
    "44": 2.8459413473718618,
    "45": 2.803776934042602,
    "46": 2.7333181940847577,
    "47": 2.653856758970132,
    "48": 2.6771590447962916,
    "49": 2.6025938460048947,
    "50": 2.59841012374727,
    "51": 2.5474234868419727,
    "52": 2.5133890468945173,
    "53": 2.502018126464501,
    "54": 2.4866707678796343,
    "55": 2.466725581386634,
    "56": 2.4677545622284036,
    "57": 2.487912880833758,
    "58": 2.4606275069687826,
    "59": 2.490184798632644,
    "60": 2.484456442934923,
    "61": 2.4442533723629287,
    "62": 2.4409767570824212,
    "63": 2.463949282451945,
    "64": 2.5015088024568573,
    "65": 2.4817273523747936,
    "66": 2.5003815118374093,
    "67": 2.464336690863458,
    "68": 2.469200049477162,
    "69": 2.488678627539444,
    "70": 2.529514048195143,
    "71": 2.5207810778997,
    "72": 2.513847266289486,
    "73": 2.533693021613237,
    "74": 2.5737657434627716,
    "75": 2.5120615698549913,
    "76": 2.5581485082971716,
    "77": 2.6655840351614746,
    "78": 2.7281195317226037,
    "79": 2.7452574452588987,
    "80": 2.5553878393069667
}