{
    "0": NaN,
    "1": 3.0326407780147573,
    "2": 3.4685101944875365,
    "3": 4.242674936251981,
    "4": 3.945657135232012,
    "5": 3.8623156395813,
    "6": 3.7728324678732137,
    "7": 4.558236269006428,
    "8": 4.057506338086732,
    "9": 4.189555205749325,
    "10": 4.386999809415225,
    "11": 4.527914135674368,
    "12": 4.736517473839991,
    "13": 5.058414290247226,
    "14": 4.7416758234660685,
    "15": 4.9720811285910935,
    "16": 5.3045277706337375,
    "17": 5.557360580311911,
    "18": 4.706097395276336,
    "19": 4.510833343636356,
    "20": 4.301950743298379,
    "21": 4.107558059965767,
    "22": 3.9942701012296955,
    "23": 3.946437207115483,
    "24": 3.9562830308215244,
    "25": 3.8767818159511274,
    "26": 3.886637189916569,
    "27": 3.94667455591162,
    "28": 3.6918764782454256,
    "29": 3.7618293718791778,
    "30": 3.799181345757213,
    "31": 3.814842575892719,
    "32": 3.8133037313202682,
    "33": 4.0208808726104435,
    "34": 3.838000677859413,
    "35": 3.925139018449476,
    "36": 3.9043323057219466,
    "37": 4.030342972649704,
    "38": 3.9982726946087066,
    "39": 4.267163640412182,
    "40": 4.410519550514396
}