{
    "0": NaN,
    "1": 2.365073350632506,
    "2": 3.224243053992871,
    "3": 3.7566607632526403,
    "4": 3.745191567537369,
    "5": 3.5414034737855395,
    "6": 3.4677706887713526,
    "7": 3.5845132507136777,
    "8": 3.943673919414263,
    "9": 4.070206198968943,
    "10": 4.052383163721144,
    "11": 4.070810014371288,
    "12": 3.9688766158601845,
    "13": 4.13812167461373,
    "14": 4.189981337578211,
    "15": 4.132202343323722,
    "16": 3.949569058121164,
    "17": 4.001068818677095,
    "18": 3.898855375037796,
    "19": 3.7011802512664556,
    "20": 3.6810095187904253,
    "21": 3.826762141064227,
    "22": 3.848502363206423,
    "23": 3.9278755140193025,
    "24": 4.041661156934511,
    "25": 4.12299628927615,
    "26": 4.405929602125607,
    "27": 4.787067675608907,
    "28": 4.861813676434279,
    "29": 5.01888623978082,
    "30": 5.507367793789823,
    "31": 5.601766345618696,
    "32": 5.6751919768611225
}