{
    "0": 0.0,
    "1": 0.7188033041116594,
    "2": 0.9906959088269094,
    "3": 1.193233745969653,
    "4": 1.519424369044921,
    "5": 1.9626862103189275,
    "6": 2.1580347481431366,
    "7": 2.339196029353174,
    "8": 2.5334657660291766,
    "9": 2.8677595075508724,
    "10": 3.0376172997859574,
    "11": 3.172463007334648,
    "12": 3.2830115423243558,
    "13": 3.2517012179236526,
    "14": 3.271462075394154,
    "15": 3.4536777974555144,
    "16": 3.4804899610049245,
    "17": 3.538109922962938,
    "18": 3.747285375138025,
    "19": 3.9274021065626163,
    "20": 3.8546245677807978,
    "21": 4.0751057012646035,
    "22": 4.286676373344459,
    "23": 4.13400635690807,
    "24": 4.106985114323246,
    "25": 4.094727090214591,
    "26": 4.0965299208779085,
    "27": 4.1749979307635146,
    "28": 4.122345137723373,
    "29": 4.209222339931495,
    "30": 4.186830626879304,
    "31": 4.227010348610085,
    "32": 4.333438225041184,
    "33": 4.4856936638949145,
    "34": 4.5110360223115755,
    "35": 4.402391961015992,
    "36": 4.360986470467981,
    "37": 4.282410570181821,
    "38": 4.355841983184364,
    "39": 4.251238919137494,
    "40": 4.0120475536009845,
    "41": 4.045174252452799,
    "42": 3.623845124717959,
    "43": 3.5569958359247424,
    "44": 3.390296086155761,
    "45": 3.3710222030709462,
    "46": 3.254625026565214,
    "47": 3.1878950139290536,
    "48": 3.157898722932043,
    "49": 3.132947298697479,
    "50": 3.1641481500378874,
    "51": 3.1146392046733076,
    "52": 3.0455377600748887,
    "53": 2.99487691991265,
    "54": 3.0443050062696684,
    "55": 3.057150923681211,
    "56": 3.0694764684566347,
    "57": 3.0060785483745374,
    "58": 3.002254544252485,
    "59": 3.072699531409547,
    "60": 3.024847626142421,
    "61": 3.0366023496202357,
    "62": 3.0470976548011084,
    "63": 3.032300079768931,
    "64": 3.0286530514005228,
    "65": 3.0343055940608985,
    "66": 3.0488595187865033,
    "67": 3.053092069722904,
    "68": 3.077497383854453,
    "69": 3.0763851413608774,
    "70": 3.112909407775479,
    "71": 3.089297154157754,
    "72": 3.1022498846723696,
    "73": 3.0927345313457852,
    "74": 3.07074671608924,
    "75": 3.067960804262537,
    "76": 3.1225773586196968,
    "77": 3.2115995547171328,
    "78": 3.026587602892152,
    "79": 2.8490777521011,
    "80": 2.232274606441034
}