{
    "0": 0.0,
    "1": 1.0418419486099972,
    "2": 1.1571946865029008,
    "3": 1.3877594222817708,
    "4": 1.5546569127018421,
    "5": 1.8186578048997615,
    "6": 2.0700091904512625,
    "7": 2.165883653780858,
    "8": 2.011004146941344,
    "9": 2.045417669065956,
    "10": 2.2306826176672554,
    "11": 2.23371125880011,
    "12": 2.1976565352187043,
    "13": 2.3573190708597727,
    "14": 2.264123466906846,
    "15": 2.2540614425174716,
    "16": 2.1350946160343924,
    "17": 2.2555157368527676,
    "18": 2.2282556225512122,
    "19": 2.2897948468478972,
    "20": 2.267910530361621,
    "21": 2.3483562546443353,
    "22": 2.497371720908748,
    "23": 2.633230512593091,
    "24": 2.585113021729512,
    "25": 2.845278514117474,
    "26": 2.8922545651145577,
    "27": 3.172868089511943,
    "28": 3.2038505333563596,
    "29": 3.316879796556093,
    "30": 3.3218238962273903,
    "31": 3.317202505796391,
    "32": 1.9804489819769648
}