{
    "0": NaN,
    "1": 2.7370308969960946,
    "2": 3.8891430170506265,
    "3": 3.79020818709714,
    "4": 3.9833606926124054,
    "5": 4.3223304277539905,
    "6": 4.009465959490481,
    "7": 3.6607966402977867,
    "8": 3.416609351950212,
    "9": 3.5176688850443836,
    "10": 3.5090675129302245,
    "11": 3.8324843260463863,
    "12": 3.5758786865580827,
    "13": 4.032160500158225,
    "14": 4.610634612395832,
    "15": 4.829640940478477,
    "16": 5.033385145223601,
    "17": 4.692725168872028,
    "18": 4.271959400625111,
    "19": 4.027013405751438,
    "20": 3.9349942302916765,
    "21": 3.804233790892612,
    "22": 3.718053866650465,
    "23": 3.630151568305145,
    "24": 3.7232148314013944,
    "25": 3.618542288045265,
    "26": 3.5929710491430757,
    "27": 3.4749304659561244,
    "28": 3.5635205497905416,
    "29": 3.567027042395194,
    "30": 3.556711140900316,
    "31": 3.5221101551628036,
    "32": 2.0832373409069964
}