{
    "0": NaN,
    "1": 2.7041178679919415,
    "2": 3.346057994173924,
    "3": 3.8485070822169276,
    "4": 3.736155823100818,
    "5": 3.7292167701566172,
    "6": 3.6263083978277515,
    "7": 3.82074214464203,
    "8": 3.669315701216141,
    "9": 3.469447962009443,
    "10": 3.5317860962947436,
    "11": 3.457195379779245,
    "12": 3.63705659160128,
    "13": 3.464423512276385,
    "14": 3.084504675631821,
    "15": 3.0806205010824175,
    "16": 2.8665607682731955,
    "17": 2.671555729740608,
    "18": 2.5754100281203716,
    "19": 2.4743508194873267,
    "20": 2.1177338346801733,
    "21": 2.1394147108315953,
    "22": 2.0900603485970133,
    "23": 2.2520094501721766,
    "24": 2.281334032078979,
    "25": 2.3955715477606407,
    "26": 2.364591869777743,
    "27": 2.4990625501669466,
    "28": 2.5563156902392263,
    "29": 2.645863292481975,
    "30": 2.6828261090920185,
    "31": 2.745777332406197,
    "32": 2.8120834038276863,
    "33": 2.902535289040473,
    "34": 2.925139088884388,
    "35": 2.906248540859071,
    "36": 2.9478748561065418,
    "37": 3.0895763623359445,
    "38": 3.074360823750002,
    "39": 3.4801767695104053,
    "40": 3.568208901499494
}