{
    "0": NaN,
    "1": 2.6838098450617878,
    "2": 3.0067824417388276,
    "3": 3.1611064803098823,
    "4": 3.738996767653389,
    "5": 3.7269953315468753,
    "6": 3.6371971468616398,
    "7": 3.8336283734964187,
    "8": 4.134076448412091,
    "9": 4.2792440016067825,
    "10": 4.399706456169056,
    "11": 4.2449634699130945,
    "12": 4.27425055849367,
    "13": 3.6590180166937705,
    "14": 4.147332325853465,
    "15": 4.365398130247639,
    "16": 4.539388971661588,
    "17": 4.5638491718428735,
    "18": 4.569211888684515,
    "19": 4.690078527626432,
    "20": 4.896380032925442,
    "21": 4.858172748838163,
    "22": 4.938280655087215,
    "23": 4.901025857719887,
    "24": 4.973307917899067,
    "25": 4.882979211133967,
    "26": 5.057489562814806,
    "27": 4.979666505196313,
    "28": 5.083312892972245,
    "29": 5.35378500699584,
    "30": 5.085613574720454,
    "31": 4.932150832928461,
    "32": 4.8571650807323135,
    "33": 4.995289586223018,
    "34": 5.049577409303325,
    "35": 5.100858951285103,
    "36": 5.202677836512488,
    "37": 5.204505781905427,
    "38": 5.265725295954586,
    "39": 5.213895752794894,
    "40": 4.9989901034614475,
    "41": 4.658378289048356,
    "42": 4.768207213499577,
    "43": 4.744227615450568,
    "44": 4.845173566770528,
    "45": 4.6567437912781875,
    "46": 4.688043214990779,
    "47": 4.651964362728617,
    "48": 4.62496071285393,
    "49": 4.568830094152299,
    "50": 4.701538725680135,
    "51": 4.625854770030474,
    "52": 4.645497680232701,
    "53": 4.752478661455661,
    "54": 4.794032567747717,
    "55": 4.757007201558034,
    "56": 4.811373789406471,
    "57": 4.787676199686209,
    "58": 4.7527346508338555,
    "59": 4.816596498133394,
    "60": 4.811909787374427,
    "61": 4.754035671672581,
    "62": 4.708042786418146,
    "63": 4.754025035977336,
    "64": 4.745212231993846,
    "65": 4.802351375722537,
    "66": 4.7983870799646064,
    "67": 4.780282695493548,
    "68": 4.861629668269711,
    "69": 4.877361580643883,
    "70": 4.82821716197429,
    "71": 4.884813938734612,
    "72": 4.834980803668216,
    "73": 4.861836290344251,
    "74": 4.915868749275332,
    "75": 4.929847400627294,
    "76": 5.044414813841731,
    "77": 5.003630399329703,
    "78": 5.0261264085362045,
    "79": 5.084367863957733,
    "80": 3.791935338382048
}