{
    "0": NaN,
    "1": 2.284419838191509,
    "2": 2.7681717285722556,
    "3": 2.7003000255816465,
    "4": 3.181200763988834,
    "5": 3.5433042372776224,
    "6": 3.791394203854016,
    "7": 4.716233354005231,
    "8": 5.104698812690157,
    "9": 5.300326686417741,
    "10": 5.546552643951573,
    "11": 5.554358072107566,
    "12": 5.540396208393919,
    "13": 5.486976531750452,
    "14": 5.625085397273652,
    "15": 5.665367793224215,
    "16": 5.328040512870313,
    "17": 5.125516119580223,
    "18": 5.009471598285708,
    "19": 4.730094462775666,
    "20": 4.738452731372993,
    "21": 4.684155411709618,
    "22": 4.77261873024073,
    "23": 4.852587577214362,
    "24": 4.7303808292427485,
    "25": 4.67497882889146,
    "26": 4.545832531213887,
    "27": 4.654816906994618,
    "28": 4.545297720513656,
    "29": 4.738045457480647,
    "30": 4.820289153305196,
    "31": 4.900282912910192,
    "32": 5.115298782080401,
    "33": 5.028744150900369,
    "34": 5.132462165784204,
    "35": 5.088073377562992,
    "36": 5.153825436860838,
    "37": 5.088883258330881,
    "38": 5.11641174052924,
    "39": 5.111327307123807,
    "40": 4.937774052394053,
    "41": 5.049931663815068,
    "42": 5.130884379421882,
    "43": 5.100468390087628,
    "44": 5.070634047361365,
    "45": 5.236234562606213,
    "46": 5.189490398450357,
    "47": 5.083446054017012,
    "48": 5.089497163212692,
    "49": 5.018813651919013,
    "50": 4.925860265535564,
    "51": 4.871265890484725,
    "52": 4.992503920111132,
    "53": 4.830936788955038,
    "54": 4.879490367641955,
    "55": 4.881155816452761,
    "56": 4.931110338053951,
    "57": 4.933524916258913,
    "58": 4.9458164478055515,
    "59": 4.843104508872014,
    "60": 4.9437826590039675,
    "61": 4.899509744505621,
    "62": 4.910257040119677,
    "63": 4.891536071561746,
    "64": 4.940714932507803,
    "65": 4.927531818090136,
    "66": 4.979406057147268,
    "67": 5.0366332583393145,
    "68": 4.966043044275875,
    "69": 5.050408725259374,
    "70": 5.163629531802966,
    "71": 5.129679637877883,
    "72": 5.200734202613725,
    "73": 5.2063424337258875,
    "74": 5.219822131697121,
    "75": 5.26521867850806,
    "76": 5.3567554504505175,
    "77": 5.39070330120379,
    "78": 5.393697472386075,
    "79": 5.225769111246894,
    "80": 3.153807842609861
}