{
    "0": NaN,
    "1": 2.0472455983923052,
    "2": 2.6285551552799156,
    "3": 3.05266013644275,
    "4": 3.384773365873467,
    "5": 3.504609298225409,
    "6": 3.523522918856975,
    "7": 3.555540589195504,
    "8": 3.924514247428195,
    "9": 4.231948585433591,
    "10": 4.365095735024636,
    "11": 4.333423558293452,
    "12": 4.130645160432017,
    "13": 3.9938528047574184,
    "14": 3.952234095520652,
    "15": 3.828889799448024,
    "16": 3.6556082750720016,
    "17": 3.530645909697718,
    "18": 3.3705179917846957,
    "19": 3.243327366897468,
    "20": 3.073866922839936,
    "21": 2.958374953269429,
    "22": 2.9344731179909496,
    "23": 2.970071610971918,
    "24": 2.844841889868085,
    "25": 2.8649103822311037,
    "26": 2.8765491170867707,
    "27": 2.898498067872032,
    "28": 2.9265813272644725,
    "29": 2.9296161949422355,
    "30": 2.973203393946953,
    "31": 2.9609162844998806,
    "32": 2.9916309987033576,
    "33": 3.045396657682107,
    "34": 3.030635086553765,
    "35": 3.0709573701865853,
    "36": 3.1264495441543962,
    "37": 3.178514895486133,
    "38": 3.2167140197394803,
    "39": 3.2553353140849857,
    "40": 3.22991275099934,
    "41": 3.3133666423287917,
    "42": 3.3084114391881596,
    "43": 3.609188445575563,
    "44": 3.4572372836058265,
    "45": 4.30183043540383,
    "46": 4.339422664566732,
    "47": 4.733190225800278,
    "48": 4.649787040048476,
    "49": 4.740628317522129,
    "50": 4.585711670937471,
    "51": 4.757041657733977,
    "52": 4.953764101325245,
    "53": 5.109026456776739,
    "54": 5.10270320955111,
    "55": 5.10362685264498,
    "56": 5.191248656965928,
    "57": 5.203724046443829,
    "58": 5.2967990866852555,
    "59": 5.242601875489023,
    "60": 5.298207905363359,
    "61": 5.317060694728394,
    "62": 5.397201770033976,
    "63": 5.328259586602359,
    "64": 5.3976063117792155,
    "65": 5.44388015072696,
    "66": 5.374827524173087,
    "67": 5.570260748829656,
    "68": 5.569980342564754,
    "69": 5.725845299312169,
    "70": 5.697017753791399,
    "71": 5.747892504531955,
    "72": 5.845585407028315,
    "73": 5.7490571016001555,
    "74": 6.001478759619862,
    "75": 6.112721403870158,
    "76": 6.253965552161421,
    "77": 6.3250765157972335,
    "78": 6.357456563253364,
    "79": 5.766225955870777,
    "80": 4.126302733072861
}