{
    "0": 0.0,
    "1": 1.0709952993675897,
    "2": 1.3107192518488835,
    "3": 1.5752940495493029,
    "4": 1.816849833417366,
    "5": 1.9961414589159268,
    "6": 2.13295101104854,
    "7": 2.381239066528824,
    "8": 2.562871880935279,
    "9": 2.64711923863853,
    "10": 2.9402984265212493,
    "11": 2.9421961570217268,
    "12": 2.942081401226683,
    "13": 3.0781881020945523,
    "14": 3.2252926686998613,
    "15": 3.110551845027595,
    "16": 3.09919049341199,
    "17": 3.0897853523824588,
    "18": 3.033542170867171,
    "19": 2.9934103299002617,
    "20": 3.0077759971177116,
    "21": 2.9034173923618987,
    "22": 2.9966725658362297,
    "23": 2.9879986017032474,
    "24": 2.9582379874539826,
    "25": 3.0272225101220833,
    "26": 3.025542847155916,
    "27": 3.1287810256281436,
    "28": 3.123518651708854,
    "29": 3.153497194764459,
    "30": 3.159490116154125,
    "31": 3.2308264807057636,
    "32": 3.276721277043159,
    "33": 3.3889608271649347,
    "34": 3.3784619287673543,
    "35": 3.516845215507729,
    "36": 3.6365937938238035,
    "37": 3.765698325844368,
    "38": 4.150065807610961,
    "39": 4.620259409075503,
    "40": 4.863362406750391
}