{
    "0": NaN,
    "1": 2.545753591875014,
    "2": 2.638986942052553,
    "3": 2.754321816103938,
    "4": 2.3995229770124014,
    "5": 2.5710088493876726,
    "6": 2.6934232486609533,
    "7": 3.3057833722689574,
    "8": 3.536796582866901,
    "9": 3.8556349792373057,
    "10": 4.011759490867981,
    "11": 3.8233581625826347,
    "12": 3.8038171711826863,
    "13": 3.430064102776376,
    "14": 3.498404550487318,
    "15": 3.884774266268979,
    "16": 4.384162147040743,
    "17": 4.232248272298851,
    "18": 3.8783144216866274,
    "19": 4.015322931340126,
    "20": 4.575585143152959,
    "21": 4.94751716771798,
    "22": 5.059531460355151,
    "23": 5.106362127421979,
    "24": 5.1668082232415875,
    "25": 5.031395011444433,
    "26": 5.095788712391905,
    "27": 5.446768384597223,
    "28": 5.304697024528612,
    "29": 5.606168337872548,
    "30": 5.242584198862376,
    "31": 5.267249374469887,
    "32": 5.33312396553902,
    "33": 5.286364468326829,
    "34": 5.455261180812684,
    "35": 5.274112632821885,
    "36": 5.415355379315981,
    "37": 5.514336123615577,
    "38": 5.476955695545556,
    "39": 5.504848218813102,
    "40": 5.139014564026759,
    "41": 4.898056263652069,
    "42": 4.831220805724154,
    "43": 4.5705829677135,
    "44": 4.409224824497807,
    "45": 4.215441680069645,
    "46": 4.0311130390454695,
    "47": 3.9461081581100164,
    "48": 3.8293630040127624,
    "49": 3.7895365215808297,
    "50": 3.6825447911864155,
    "51": 3.6733131124449163,
    "52": 3.5825199783647492,
    "53": 3.5533407995053636,
    "54": 3.6082517796016482,
    "55": 3.616653648557083,
    "56": 3.5150181443066884,
    "57": 3.4807219459159344,
    "58": 3.5743912729055,
    "59": 3.50156762340122,
    "60": 3.4820545691845437,
    "61": 3.552868453569462,
    "62": 3.532568136829715,
    "63": 3.477538284583279,
    "64": 3.4200759383993864,
    "65": 3.484183200692582,
    "66": 3.409740708447546,
    "67": 3.47240490585627,
    "68": 3.470587914286609,
    "69": 3.3385478542025866,
    "70": 3.3641936588880146,
    "71": 3.3580519912535154,
    "72": 3.2721067291525925,
    "73": 3.286428366327465,
    "74": 3.1675958171586545,
    "75": 3.140642121625357,
    "76": 3.2377658586493605,
    "77": 3.3519918968395195,
    "78": 3.3335268368149267,
    "79": 3.2956969111354737,
    "80": 1.9879882660706767
}