{
    "0": 4.377766642755051,
    "1": 6.001788650125307,
    "2": 6.5493775606871365,
    "3": 7.0727752808972655,
    "4": 7.243239898050395,
    "5": 8.011523583540036,
    "6": 9.760512053482797,
    "7": 10.010125025692933,
    "8": 9.953122417645753,
    "9": 9.815153752904944,
    "10": 10.197498456013896,
    "11": 10.002979756953186,
    "12": 9.822983003422452,
    "13": 10.345660039802917,
    "14": 10.531585679718951,
    "15": 10.962134199604819,
    "16": 11.050534755858768,
    "17": 11.211610506810235,
    "18": 11.317554265518384,
    "19": 11.016634945803313,
    "20": 10.424784028452395,
    "21": 9.872363468575267,
    "22": 9.248440497169595,
    "23": 8.18655779227088,
    "24": 7.8830039365889215,
    "25": 7.467987926125387,
    "26": 7.362486302895657,
    "27": 7.644166042047645,
    "28": 7.947901509471743,
    "29": 8.282700939857806,
    "30": 8.468093442243038,
    "31": 8.3233658810124,
    "32": 7.2233681032252415
}