{
    "0": 0.0,
    "1": 0.8779583368068293,
    "2": 1.1878867048108022,
    "3": 1.3645392322688914,
    "4": 1.6020262237226859,
    "5": 2.052795956873817,
    "6": 2.2320815908726184,
    "7": 2.599064047443025,
    "8": 2.5794705378751535,
    "9": 2.748039551394868,
    "10": 3.1593408704253343,
    "11": 3.170510280525498,
    "12": 3.1353822552873467,
    "13": 3.6059381813786624,
    "14": 3.6195621083837057,
    "15": 3.7518326525989107,
    "16": 3.9125970724480577,
    "17": 3.796275474559258,
    "18": 3.6288511067014797,
    "19": 3.3405469184888394,
    "20": 3.1715264112247175,
    "21": 3.019596947517541,
    "22": 2.9363577555022804,
    "23": 2.8649093296683272,
    "24": 2.7268947005197623,
    "25": 2.7049960253559173,
    "26": 2.6606266792633098,
    "27": 2.60680761997357,
    "28": 2.658369436901536,
    "29": 2.7040895478699096,
    "30": 2.6329997372388423,
    "31": 2.5738302837389475,
    "32": 2.5720311414937265,
    "33": 2.603266788813015,
    "34": 2.6403649598017127,
    "35": 2.647837614053248,
    "36": 2.6569047366435914,
    "37": 2.72523153123395,
    "38": 2.7755048786275194,
    "39": 2.865576846582223,
    "40": 2.851498687347295
}