{
    "0": NaN,
    "1": 2.555368466943136,
    "2": 2.9068153670748234,
    "3": 3.124085876914798,
    "4": 3.3852615735435676,
    "5": 3.2367317799256363,
    "6": 3.012845029579489,
    "7": 3.3456920356468287,
    "8": 3.408644399039198,
    "9": 3.569915141969875,
    "10": 3.528849834924706,
    "11": 3.461999751532449,
    "12": 3.5018167941003635,
    "13": 3.2812690123081265,
    "14": 3.793721436643973,
    "15": 4.157574289687417,
    "16": 4.316762873327521,
    "17": 4.288329204378144,
    "18": 4.37173829387423,
    "19": 4.402779965465483,
    "20": 4.450112341461411,
    "21": 4.380937630120309,
    "22": 4.504592162272464,
    "23": 4.55131825072388,
    "24": 4.566747722877732,
    "25": 4.516067197113238,
    "26": 4.653496122055619,
    "27": 4.768851677068361,
    "28": 4.686835492113129,
    "29": 4.6960493590882555,
    "30": 4.689298244108809,
    "31": 4.619918911524768,
    "32": 4.602751994517197,
    "33": 4.447569013404342,
    "34": 4.301271719042005,
    "35": 4.267872938346621,
    "36": 4.141966525472691,
    "37": 3.85055931624418,
    "38": 3.90667670813739,
    "39": 3.9295118127020867,
    "40": 3.7945540171601153,
    "41": 3.6871132485185787,
    "42": 3.620791340465274,
    "43": 3.5280046527961253,
    "44": 3.466829484589545,
    "45": 3.141439234015516,
    "46": 3.186458126301899,
    "47": 3.0845023698167995,
    "48": 3.192122919922376,
    "49": 3.166917913275735,
    "50": 3.0907253054021786,
    "51": 3.067445295597466,
    "52": 3.0929764124760273,
    "53": 3.038852310128438,
    "54": 3.109332144873977,
    "55": 3.1060272969822695,
    "56": 3.065690353729689,
    "57": 2.9671747358328933,
    "58": 3.0612345669457537,
    "59": 3.0851636579612522,
    "60": 2.9896145524030118,
    "61": 3.0298838537773554,
    "62": 3.0797619740641258,
    "63": 2.9768349831693164,
    "64": 2.9795110773428863,
    "65": 3.0441422562576252,
    "66": 2.9526799360546936,
    "67": 2.975812243398596,
    "68": 3.02695047628215,
    "69": 2.947910216813837,
    "70": 2.9885318570093142,
    "71": 3.0580206020010667,
    "72": 2.8982902437733706,
    "73": 2.939600633886278,
    "74": 2.9624647105735784,
    "75": 2.8509968407024133,
    "76": 2.9481380987096073,
    "77": 3.2049882486300323,
    "78": 3.425177875512127,
    "79": 3.1552632239538143,
    "80": 1.6167420697281982
}