{
    "0": NaN,
    "1": 1.6329075003942282,
    "2": 2.0117914475661456,
    "3": 2.583984034746913,
    "4": 3.202742956169381,
    "5": 3.2602207285057507,
    "6": 2.7752723462006594,
    "7": 2.559331954419186,
    "8": 2.512190349080928,
    "9": 2.6214998897803765,
    "10": 2.859721175672809,
    "11": 2.8162087787036745,
    "12": 2.7551392891363813,
    "13": 2.705352124109799,
    "14": 2.682266238161214,
    "15": 2.7332798904772653,
    "16": 2.757588432058283,
    "17": 2.7964035381649786,
    "18": 2.8771961640796553,
    "19": 3.031314101667321,
    "20": 3.0414654050235588,
    "21": 3.135495764055572,
    "22": 3.1927957756987504,
    "23": 3.395930694806165,
    "24": 3.471767045759264,
    "25": 3.4150398817623673,
    "26": 3.457684096387884,
    "27": 3.4361050487477405,
    "28": 3.5659235523900326,
    "29": 3.786205911258819,
    "30": 4.086253539656189,
    "31": 4.0715890677851,
    "32": 4.099923739542012,
    "33": 4.206415592225592,
    "34": 4.115246804992098,
    "35": 4.140801763398108,
    "36": 4.193173842707818,
    "37": 4.033361053439584,
    "38": 4.083828480710702,
    "39": 4.041818871897376,
    "40": 4.000686414555751,
    "41": 3.9851721875717945,
    "42": 4.03731922165045,
    "43": 4.124289253619081,
    "44": 4.05629622990421,
    "45": 4.203572178428413,
    "46": 4.131764320615954,
    "47": 4.008601012807319,
    "48": 4.243360410499678,
    "49": 4.198652537964117,
    "50": 4.183666358568772,
    "51": 4.281975545219883,
    "52": 4.282736995840187,
    "53": 4.532585852321287,
    "54": 4.634212575633141,
    "55": 4.69262733994321,
    "56": 4.730127784492495,
    "57": 4.697590057455229,
    "58": 4.741721478234378,
    "59": 4.66905414658245,
    "60": 4.864170840317583,
    "61": 4.735216348527085,
    "62": 4.651115664512359,
    "63": 4.735789368678426,
    "64": 4.517638636149187,
    "65": 4.539338524475564,
    "66": 4.5276546427566435,
    "67": 4.679735455569002,
    "68": 4.756165947628121,
    "69": 4.739851821015222,
    "70": 4.70034518801985,
    "71": 4.894342907725215,
    "72": 4.759623726303775,
    "73": 4.815415106679271,
    "74": 5.035197039059501,
    "75": 5.137632406957289,
    "76": 5.428350519764528,
    "77": 5.5978699995471946,
    "78": 5.792125154947776,
    "79": 5.567468412322522,
    "80": 3.7676303153153086
}