{
    "0": 0.0,
    "1": 0.8282034430976211,
    "2": 1.083851778535647,
    "3": 1.2173203221576832,
    "4": 1.3825736678671527,
    "5": 1.7692486773898155,
    "6": 1.8494259538606959,
    "7": 2.14266028006168,
    "8": 2.167498311709331,
    "9": 2.2636849244039947,
    "10": 2.4496424697259305,
    "11": 2.5059920646134386,
    "12": 2.604175122685803,
    "13": 3.1915980566713515,
    "14": 3.2879171544756383,
    "15": 3.2526981557769368,
    "16": 3.5223351534881244,
    "17": 3.4112952045051865,
    "18": 3.3462208524778254,
    "19": 3.072587854480082,
    "20": 2.8675254866727817,
    "21": 2.677152190311094,
    "22": 2.590902289690621,
    "23": 2.5838854262834676,
    "24": 2.5082910349075944,
    "25": 2.48106855221773,
    "26": 2.423113110994617,
    "27": 2.4150717005770885,
    "28": 2.419822779475659,
    "29": 2.4215449052370612,
    "30": 2.4188292750382243,
    "31": 2.40888598997459,
    "32": 2.427235162803973,
    "33": 2.406558964265014,
    "34": 2.382038194400365,
    "35": 2.4652308309820326,
    "36": 2.4843610267373712,
    "37": 2.5968436323394264,
    "38": 2.655175733521381,
    "39": 2.750111820347056,
    "40": 2.751676067490479
}