{
    "0": 0.0,
    "1": 1.0938812549700456,
    "2": 1.2883029282196177,
    "3": 1.5130280692848341,
    "4": 1.639513020895555,
    "5": 1.7881022696835513,
    "6": 1.9543076755843114,
    "7": 2.064395372362052,
    "8": 2.1157355360650256,
    "9": 2.228238053085457,
    "10": 2.231506281174937,
    "11": 2.398495723280091,
    "12": 2.317566398249329,
    "13": 2.3465946141384753,
    "14": 2.392749779463244,
    "15": 2.212015089245495,
    "16": 2.0911107900723014,
    "17": 2.136270742000697,
    "18": 2.0814122172403238,
    "19": 2.026844646039328,
    "20": 2.0178275011009195,
    "21": 1.9677190968376888,
    "22": 1.9532496767819103,
    "23": 1.963108094419901,
    "24": 1.9766468920886666,
    "25": 2.0027199179306705,
    "26": 2.0869326307218925,
    "27": 2.1374903989551646,
    "28": 2.161988633431747,
    "29": 2.264089055029309,
    "30": 2.3776607138837074,
    "31": 2.4684537279377117,
    "32": 2.6036208044553377
}