{
    "0": NaN,
    "1": 2.494082203443959,
    "2": 3.455731500335307,
    "3": 3.5476009772516646,
    "4": 3.7208257505049427,
    "5": 3.7092514798356175,
    "6": 3.700270317499181,
    "7": 3.830715303509682,
    "8": 3.8056516908914584,
    "9": 3.754415505761243,
    "10": 3.7813021250117966,
    "11": 3.9208655736963687,
    "12": 3.5952051060582417,
    "13": 3.6626759375650164,
    "14": 3.843642215662766,
    "15": 3.619139159922344,
    "16": 3.7159187190528833,
    "17": 3.1241460515775263,
    "18": 2.7764059135145365,
    "19": 2.746377968071266,
    "20": 2.8001503304102453,
    "21": 2.6972410251651273,
    "22": 2.698852865059427,
    "23": 2.7801919008126754,
    "24": 2.7498920108870393,
    "25": 2.854822351470917,
    "26": 2.796449106556119,
    "27": 2.9486432140980456,
    "28": 3.074046662642682,
    "29": 3.203677439949487,
    "30": 3.3447437760211782,
    "31": 3.4754718896413967,
    "32": 2.3575207863349013
}