{
    "0": 0.0,
    "1": 0.961740328956614,
    "2": 1.0940108311264984,
    "3": 1.264910653197884,
    "4": 1.321561038376197,
    "5": 1.501608214127794,
    "6": 1.5674738823927143,
    "7": 1.6435509437513,
    "8": 1.6275178961493713,
    "9": 1.6919900207054461,
    "10": 1.8791100261773286,
    "11": 1.8706313152549798,
    "12": 1.8770475606571095,
    "13": 1.9892986107352366,
    "14": 2.0856182931220033,
    "15": 2.092481579743678,
    "16": 2.0114560059889266,
    "17": 2.0159993781308434,
    "18": 1.9931058375077977,
    "19": 1.9598681684924117,
    "20": 1.9849409727153513,
    "21": 1.9816721316479227,
    "22": 2.038958386004353,
    "23": 2.093358326413016,
    "24": 2.114253638991699,
    "25": 2.2987563970054903,
    "26": 2.383776462574805,
    "27": 2.645839314508104,
    "28": 2.7262033231629283,
    "29": 2.8516966142034037,
    "30": 3.015595387638289,
    "31": 3.1097253830751055,
    "32": 3.1097205560657843
}