{
    "0": NaN,
    "1": 2.547968002249323,
    "2": 2.932165209146501,
    "3": 3.4657726508326046,
    "4": 3.8510981387923686,
    "5": 3.995147474074065,
    "6": 4.928000318878369,
    "7": 5.580584821530115,
    "8": 5.728096317402254,
    "9": 5.549459483021745,
    "10": 5.802196733789618,
    "11": 5.925773673604026,
    "12": 5.71074743858578,
    "13": 5.764161665622581,
    "14": 5.833262396631944,
    "15": 5.891809402174003,
    "16": 5.954839673754789,
    "17": 6.266259286766565,
    "18": 5.305189779916392,
    "19": 5.341406152021429,
    "20": 5.417233605733824,
    "21": 5.323029347284477,
    "22": 5.437289782865793,
    "23": 5.386482605677291,
    "24": 5.355696988431871,
    "25": 5.2887041753696655,
    "26": 5.344139859363138,
    "27": 5.266800484695851,
    "28": 5.208457258817947,
    "29": 5.256207290677512,
    "30": 5.137110749032763,
    "31": 5.177716036882788,
    "32": 5.0939005437290135,
    "33": 5.137403778620512,
    "34": 5.160531902465895,
    "35": 5.247481885818197,
    "36": 5.154556523269387,
    "37": 5.360424339580645,
    "38": 5.516648995182063,
    "39": 5.829536593759723,
    "40": 5.412008279543042
}