{
    "0": NaN,
    "1": 3.375661462383083,
    "2": 4.097197825328337,
    "3": 4.463437680897004,
    "4": 4.5106299722786,
    "5": 4.774365539286769,
    "6": 4.968116262913083,
    "7": 5.124774355704793,
    "8": 4.652862143362747,
    "9": 4.491277906115711,
    "10": 4.046422821022965,
    "11": 4.173838507821392,
    "12": 3.9482192987835285,
    "13": 4.333013557760431,
    "14": 4.938698754046146,
    "15": 4.580570831108592,
    "16": 4.912445133398232,
    "17": 4.329128132729969,
    "18": 3.8363703788180654,
    "19": 3.6038474561667235,
    "20": 3.6411289152470476,
    "21": 3.3752762115800437,
    "22": 3.3780898398329167,
    "23": 3.3650297301276058,
    "24": 3.293500215385509,
    "25": 3.374586117364594,
    "26": 3.3860061997440476,
    "27": 3.41710343252541,
    "28": 3.416196062058252,
    "29": 3.595527382283297,
    "30": 3.7269629019418837,
    "31": 3.9072211726284025,
    "32": 1.8046937934644374
}