{
    "0": 0.0,
    "1": 0.7775418748927558,
    "2": 1.0326981407721048,
    "3": 1.1723444104682785,
    "4": 1.2960608144917745,
    "5": 1.7890915077367193,
    "6": 1.9126740149228476,
    "7": 2.153360234025098,
    "8": 2.159829104561807,
    "9": 2.2931310225185357,
    "10": 2.458568321428212,
    "11": 2.522966051930469,
    "12": 2.546299335758514,
    "13": 3.159413217882525,
    "14": 3.15796175849559,
    "15": 3.3545911880854344,
    "16": 3.718691291196387,
    "17": 3.66334557415354,
    "18": 3.5569642376515604,
    "19": 3.2158818291320275,
    "20": 2.9447088531568744,
    "21": 2.8399163249844754,
    "22": 2.678730259948554,
    "23": 2.649202321133522,
    "24": 2.54361712946401,
    "25": 2.4866056495780278,
    "26": 2.5040411059826524,
    "27": 2.4926160641512753,
    "28": 2.49914410412386,
    "29": 2.5336514027665844,
    "30": 2.486777600586509,
    "31": 2.445710738133876,
    "32": 2.4328509179927997,
    "33": 2.4370056259016115,
    "34": 2.4386162514529457,
    "35": 2.496595345448032,
    "36": 2.53054234466147,
    "37": 2.5805034362826573,
    "38": 2.666535710987247,
    "39": 2.750297714004531,
    "40": 2.763636559781826
}