{
    "0": 0.0,
    "1": 0.9195786574085285,
    "2": 1.1496509347809714,
    "3": 1.3373658215621564,
    "4": 1.5661155920022356,
    "5": 1.6813099196075805,
    "6": 1.806914975601145,
    "7": 1.8769623204865256,
    "8": 1.9277593910462716,
    "9": 1.9900719660819097,
    "10": 2.061493032843316,
    "11": 2.102391033621472,
    "12": 2.1259391498041986,
    "13": 2.0691308764442344,
    "14": 2.056133015471979,
    "15": 2.084637357964852,
    "16": 2.1622686976402283,
    "17": 2.0849177555363316,
    "18": 2.1085910633804703,
    "19": 2.073167005145928,
    "20": 2.182365457095022,
    "21": 2.1901187665211195,
    "22": 2.2312419003257067,
    "23": 2.254332328464357,
    "24": 2.298807334150442,
    "25": 2.3059335691784075,
    "26": 2.347762883272649,
    "27": 2.4053493230064693,
    "28": 2.427056820122245,
    "29": 2.4338980070862464,
    "30": 2.46356921983146,
    "31": 2.429388899471377,
    "32": 2.4764802107675794,
    "33": 2.4763092020994786,
    "34": 2.491605520412742,
    "35": 2.4796919945986606,
    "36": 2.455989617115535,
    "37": 2.377673565981278,
    "38": 2.331275675523194,
    "39": 2.306312048468759,
    "40": 2.1561411046715904,
    "41": 2.180930539868825,
    "42": 2.090248747974625,
    "43": 2.0925077005225,
    "44": 1.9964470976754365,
    "45": 2.0218660060003906,
    "46": 2.082708030777631,
    "47": 2.101863600633608,
    "48": 2.1153250680587443,
    "49": 2.09155399745046,
    "50": 2.1327958413745596,
    "51": 2.184582807002109,
    "52": 2.145710113804634,
    "53": 2.2608144149264775,
    "54": 2.328742254529428,
    "55": 2.389787895797741,
    "56": 2.4223125659254277,
    "57": 2.424046349803261,
    "58": 2.400533163294979,
    "59": 2.4641980197509965,
    "60": 2.480513986267856,
    "61": 2.4581179237720523,
    "62": 2.540630488645861,
    "63": 2.5249656180506888,
    "64": 2.5161759184267916,
    "65": 2.522290768687013,
    "66": 2.515561907420335,
    "67": 2.544460552923325,
    "68": 2.542911264949038,
    "69": 2.585511909612601,
    "70": 2.6534848033571343,
    "71": 2.6692543980677472,
    "72": 2.6355558687231118,
    "73": 2.655586429575681,
    "74": 2.741349155708964,
    "75": 2.7275578931463946,
    "76": 2.850694660016264,
    "77": 2.9829666123039345,
    "78": 3.1361408014338883,
    "79": 3.137528049718473,
    "80": 2.808490864044467
}