{
    "0": NaN,
    "1": 2.143616610061277,
    "2": 2.8968998371928776,
    "3": 2.944302291201554,
    "4": 2.8058001147465284,
    "5": 3.427161106930201,
    "6": 3.617789514393442,
    "7": 3.9805618817767705,
    "8": 4.312058593228474,
    "9": 4.120437450400049,
    "10": 4.375573917325098,
    "11": 4.3721928119752045,
    "12": 4.023549693818799,
    "13": 4.0618436623686005,
    "14": 4.068606124056539,
    "15": 3.9827819091618433,
    "16": 4.040009983838752,
    "17": 3.3432534598921286,
    "18": 3.061922757311537,
    "19": 2.8111868099377784,
    "20": 2.7458664117472007,
    "21": 2.692942620088347,
    "22": 2.5882859496990385,
    "23": 2.5897093090477994,
    "24": 2.699409176355093,
    "25": 2.7634730029030687,
    "26": 2.753976457593322,
    "27": 2.7990362513944786,
    "28": 2.9145625220067903,
    "29": 3.07544893839429,
    "30": 3.281734468353824,
    "31": 3.374801016735221,
    "32": 3.0667353807328688
}