{
    "0": NaN,
    "1": 2.813784217543265,
    "2": 3.510180917564322,
    "3": 4.510657479406884,
    "4": 4.26315512859223,
    "5": 3.9115666832745775,
    "6": 3.684226353055304,
    "7": 4.404458658375111,
    "8": 4.063766636386454,
    "9": 4.254372327517508,
    "10": 4.4864599036222295,
    "11": 4.076758825311125,
    "12": 4.248550172547637,
    "13": 5.023945131327539,
    "14": 4.88616627449884,
    "15": 5.609086392078888,
    "16": 5.922714492083048,
    "17": 5.970911857584517,
    "18": 5.7015838489907305,
    "19": 5.104569621843118,
    "20": 4.8149511019381555,
    "21": 4.481386995002429,
    "22": 4.110946657419,
    "23": 3.93523261757887,
    "24": 3.7930708548057566,
    "25": 3.7098014637326897,
    "26": 3.481232078766387,
    "27": 3.562021076078562,
    "28": 3.503703053688711,
    "29": 3.4506336726952247,
    "30": 3.4487441692240877,
    "31": 3.4123334455651726,
    "32": 3.497048216360383,
    "33": 3.356559956506471,
    "34": 3.3832548796964654,
    "35": 3.3514807150987895,
    "36": 3.3565590539866057,
    "37": 3.33653986624887,
    "38": 3.253501365077492,
    "39": 3.441612940541502,
    "40": 3.120460162783425
}