{
    "0": 0.0,
    "1": 0.9254606365849435,
    "2": 1.1505533624395863,
    "3": 1.3769938676250495,
    "4": 1.5611282040886645,
    "5": 1.7658314279784681,
    "6": 1.8349355371817357,
    "7": 1.9642394676819206,
    "8": 2.3133272483222096,
    "9": 2.65060192164152,
    "10": 2.8228347200530144,
    "11": 2.994281150221261,
    "12": 2.960456475525932,
    "13": 3.128259171276575,
    "14": 3.294027334665333,
    "15": 3.1012234289780443,
    "16": 2.959317976122304,
    "17": 2.8671291342322225,
    "18": 2.6953929300817983,
    "19": 2.5667190191368756,
    "20": 2.4552988600960406,
    "21": 2.4703840638877854,
    "22": 2.3934323764151513,
    "23": 2.3574290209926523,
    "24": 2.369490269724733,
    "25": 2.406076299903165,
    "26": 2.435506148233346,
    "27": 2.5162256292044916,
    "28": 2.538243977393648,
    "29": 2.6426696654648305,
    "30": 2.6865481836224383,
    "31": 2.7495599354586244,
    "32": 2.790281428604642
}