{
    "0": 0.0,
    "1": 1.0840179000481536,
    "2": 1.3308906913340297,
    "3": 1.4539527022645742,
    "4": 1.8458556627096778,
    "5": 2.144307520537782,
    "6": 2.3708830673649746,
    "7": 2.6968184987723878,
    "8": 2.959248069600463,
    "9": 3.411708306894639,
    "10": 3.5096083077023983,
    "11": 3.5992676281458267,
    "12": 3.74634102447849,
    "13": 3.838893579642147,
    "14": 3.886534273043852,
    "15": 4.075827291436414,
    "16": 4.230105639562469,
    "17": 4.257724479516889,
    "18": 4.27016087017262,
    "19": 4.234254282208859,
    "20": 4.307752064222153,
    "21": 4.215087924140346,
    "22": 4.294757479864271,
    "23": 4.155288660716905,
    "24": 4.1236423665786415,
    "25": 4.034414457211844,
    "26": 3.9611048833632294,
    "27": 4.050255545677329,
    "28": 3.9731756648305807,
    "29": 3.993153240145503,
    "30": 4.019598950028342,
    "31": 3.9433804017426506,
    "32": 3.8959286012540764,
    "33": 3.8842750710373517,
    "34": 3.9331245671078103,
    "35": 3.7895891429100708,
    "36": 3.7005742830791033,
    "37": 3.6241964808177323,
    "38": 3.637649656018095,
    "39": 3.6914538466780273,
    "40": 3.473829351649722,
    "41": 3.5301323912199583,
    "42": 3.34538259167663,
    "43": 3.2685309181888123,
    "44": 3.100302971288854,
    "45": 3.1545540876014715,
    "46": 3.1839472274981087,
    "47": 3.1200678561682813,
    "48": 3.1387154056221385,
    "49": 3.060714059845333,
    "50": 3.1111743024986342,
    "51": 3.0765451572546207,
    "52": 3.0604894925218704,
    "53": 3.1504593731445127,
    "54": 3.1274870488568047,
    "55": 3.1616800893264547,
    "56": 3.1936038201593444,
    "57": 3.232350771927455,
    "58": 3.194251072569246,
    "59": 3.22421180990524,
    "60": 3.2609485890288545,
    "61": 3.2580007326814147,
    "62": 3.2663913462349132,
    "63": 3.274812511371271,
    "64": 3.269700403588251,
    "65": 3.285360324563797,
    "66": 3.29241758386016,
    "67": 3.3124937829689403,
    "68": 3.271053227816857,
    "69": 3.29772559018447,
    "70": 3.3182274105960174,
    "71": 3.3282884931491252,
    "72": 3.3713937605695694,
    "73": 3.3878672183099456,
    "74": 3.4013200567578714,
    "75": 3.418499118720544,
    "76": 3.4791183789220477,
    "77": 3.5910716762383172,
    "78": 3.803853824044253,
    "79": 3.842115839269763,
    "80": 3.471934052010479
}