{
    "0": NaN,
    "1": 3.274924017521381,
    "2": 3.975932240583864,
    "3": 4.397792764583551,
    "4": 4.254289266532088,
    "5": 4.591123061013353,
    "6": 4.794423247333512,
    "7": 5.067787896135898,
    "8": 4.638539465648691,
    "9": 4.505781619633205,
    "10": 4.03680878970543,
    "11": 4.276169994124241,
    "12": 4.18515054010881,
    "13": 4.441090434509971,
    "14": 5.045159039120107,
    "15": 4.616740838440118,
    "16": 5.081477303275883,
    "17": 4.433081630848374,
    "18": 3.9685498909734385,
    "19": 3.8207971773372957,
    "20": 3.776197664620462,
    "21": 3.63346190035618,
    "22": 3.5243583163825374,
    "23": 3.5693121450902563,
    "24": 3.567920896845117,
    "25": 3.5954365958337715,
    "26": 3.472435646575418,
    "27": 3.579480718270346,
    "28": 3.6859602872616275,
    "29": 3.672130306774709,
    "30": 3.954357142382698,
    "31": 4.07885006490554,
    "32": 1.7636461463218016
}