{
    "0": NaN,
    "1": 2.4397316570802596,
    "2": 2.523650914362293,
    "3": 2.769527431979312,
    "4": 3.2465436021045995,
    "5": 3.923870151475568,
    "6": 4.1353109161273505,
    "7": 4.737887908931439,
    "8": 5.125394736654956,
    "9": 5.414462225525952,
    "10": 5.4066202359579805,
    "11": 5.39957896346713,
    "12": 5.5012273689312305,
    "13": 5.7959202709486,
    "14": 6.023112768397463,
    "15": 4.970320504570056,
    "16": 4.996786062945034,
    "17": 5.227444632183133,
    "18": 4.895011767305141,
    "19": 4.27892689740875,
    "20": 4.023865000891359,
    "21": 3.758565030716891,
    "22": 3.6041873783922194,
    "23": 3.546081728157458,
    "24": 3.499430085948465,
    "25": 3.4694507573322886,
    "26": 3.488381118613577,
    "27": 3.4116010368397607,
    "28": 3.4407229053771378,
    "29": 3.4420441391265024,
    "30": 3.4240992337090694,
    "31": 3.4232013700200414,
    "32": 2.8870158995519595
}