{
    "0": 0.0,
    "1": 1.1183922203953691,
    "2": 1.5556969420495175,
    "3": 1.7727870733711084,
    "4": 1.963714060654133,
    "5": 2.2990210178022927,
    "6": 2.312308851048504,
    "7": 2.4798866734699057,
    "8": 2.622647097148599,
    "9": 2.7514788769344496,
    "10": 2.71263378293626,
    "11": 2.794858336484304,
    "12": 2.8306214844365543,
    "13": 2.778937145320649,
    "14": 2.6978710177100487,
    "15": 2.6040122598384725,
    "16": 2.475046276828551,
    "17": 2.4153974206919107,
    "18": 2.4055666542719356,
    "19": 2.447376995202912,
    "20": 2.4308888098672305,
    "21": 2.4657299479686303,
    "22": 2.561070841224533,
    "23": 2.560964890097924,
    "24": 2.624094865270789,
    "25": 2.714323651916484,
    "26": 2.7909331296337867,
    "27": 2.9473230615980404,
    "28": 3.014108075585366,
    "29": 3.1937866762912686,
    "30": 3.4438947193283753,
    "31": 3.637570956611556,
    "32": 3.838063045939082
}