{
    "0": 0.0,
    "1": 0.893485807318139,
    "2": 1.106973104986165,
    "3": 1.3171797336505628,
    "4": 1.8847944780202779,
    "5": 1.9871739123734466,
    "6": 2.020218877626944,
    "7": 1.9685924635928655,
    "8": 2.092585754666442,
    "9": 2.3177528529942792,
    "10": 2.409417186044101,
    "11": 2.3245028588948418,
    "12": 2.396372561178092,
    "13": 2.2495346556629143,
    "14": 2.409713945472537,
    "15": 2.497401848787538,
    "16": 2.707424152397419,
    "17": 2.6867252027145065,
    "18": 2.6918326096065,
    "19": 2.746863346556638,
    "20": 2.8583135362992977,
    "21": 2.9193121821595747,
    "22": 2.9903896437391757,
    "23": 2.9371388413415245,
    "24": 2.869029300644929,
    "25": 2.8898176271315736,
    "26": 3.0696539735798973,
    "27": 3.0884974534693423,
    "28": 3.0441929148792797,
    "29": 3.1083133849009212,
    "30": 3.120192759906844,
    "31": 3.104927235444233,
    "32": 3.0902031563538594,
    "33": 3.100360259251303,
    "34": 3.0794049056237833,
    "35": 3.1079931819478275,
    "36": 3.0539176664534526,
    "37": 2.9677074968955925,
    "38": 2.979001180055262,
    "39": 2.9249971674376973,
    "40": 2.806601381925106,
    "41": 2.7531385024325576,
    "42": 2.777699706805301,
    "43": 2.736306907037301,
    "44": 2.7029669897003576,
    "45": 2.733792497916948,
    "46": 2.7988094108088903,
    "47": 2.7771732034592747,
    "48": 2.891825583844308,
    "49": 2.9293299421769494,
    "50": 2.9047897001572163,
    "51": 2.9619785721666916,
    "52": 2.9517284567704447,
    "53": 3.0663541955873175,
    "54": 3.1731917721595244,
    "55": 3.205741307945557,
    "56": 3.1790536409041934,
    "57": 3.203304199417771,
    "58": 3.2031596044929334,
    "59": 3.2753709404970226,
    "60": 3.3166747069878153,
    "61": 3.201926323161876,
    "62": 3.263205343615427,
    "63": 3.2336201687534434,
    "64": 3.2317801079930666,
    "65": 3.2593272601133063,
    "66": 3.2443279971913674,
    "67": 3.2359083186387685,
    "68": 3.326720803386412,
    "69": 3.2575896971626697,
    "70": 3.3233389841464627,
    "71": 3.2930163375023382,
    "72": 3.270681810401172,
    "73": 3.297745470319849,
    "74": 3.2967805445089087,
    "75": 3.325306767150811,
    "76": 3.3649043892643578,
    "77": 3.5588768843571277,
    "78": 3.649775057019744,
    "79": 3.4628376788847715,
    "80": 2.6767615970344627
}