{
    "0": NaN,
    "1": 2.3523790097741903,
    "2": 3.2823586969333203,
    "3": 3.7626543383513242,
    "4": 3.7223159419202587,
    "5": 3.559628348712521,
    "6": 3.4674791149559403,
    "7": 3.6534759546776177,
    "8": 3.9354770979721074,
    "9": 3.9968689745679478,
    "10": 4.0719469381130216,
    "11": 4.1034433730045565,
    "12": 3.937336412387687,
    "13": 4.0577719174100135,
    "14": 4.319164830275199,
    "15": 4.137351539453355,
    "16": 3.964672911347121,
    "17": 4.150093041214013,
    "18": 3.8601407679712283,
    "19": 3.6739494133375383,
    "20": 3.7027355036337615,
    "21": 3.814088840878773,
    "22": 3.7458410414225356,
    "23": 3.97005516985605,
    "24": 3.9345409482759064,
    "25": 4.051285865329353,
    "26": 4.471943868294623,
    "27": 4.7833805664164935,
    "28": 4.858358897709543,
    "29": 5.100124882869902,
    "30": 5.530248926517766,
    "31": 5.647290837440945,
    "32": 5.514732972786707
}