{
    "0": NaN,
    "1": 2.357522781558792,
    "2": 3.274579603879377,
    "3": 3.780291553911469,
    "4": 3.607199020600932,
    "5": 3.5535629032787104,
    "6": 3.397275748797546,
    "7": 3.5729069988128392,
    "8": 3.990131832302498,
    "9": 4.01937807280202,
    "10": 4.0091573880748514,
    "11": 4.184780525895353,
    "12": 3.985693691076941,
    "13": 4.026081681501887,
    "14": 4.202035275029932,
    "15": 4.119492617187077,
    "16": 4.037344548691481,
    "17": 3.935536410855591,
    "18": 3.879901573047253,
    "19": 3.700768705145561,
    "20": 3.7031175016441926,
    "21": 3.6470402650469187,
    "22": 3.8019080988574716,
    "23": 3.9288340974211247,
    "24": 3.9728947413546467,
    "25": 4.110942134537307,
    "26": 4.34729824295928,
    "27": 4.713331718440661,
    "28": 4.851122252848095,
    "29": 5.171768628797363,
    "30": 5.509949869782953,
    "31": 5.744272214093819,
    "32": 5.6654371843066516
}