{
    "0": NaN,
    "1": 2.5701436365972286,
    "2": 2.6916699949684317,
    "3": 3.2773075127415288,
    "4": 3.4309811999773996,
    "5": 3.6060010324344804,
    "6": 4.487148037055569,
    "7": 5.095967904483741,
    "8": 5.132089144049932,
    "9": 5.645415189696701,
    "10": 6.23800749056578,
    "11": 6.295721865096804,
    "12": 6.469113641455956,
    "13": 6.357380876331389,
    "14": 6.318873655344499,
    "15": 6.514432916354488,
    "16": 6.71471658319061,
    "17": 6.2462835624010875,
    "18": 5.9584969381624955,
    "19": 5.729688753808064,
    "20": 5.342622618249848,
    "21": 4.692441488619845,
    "22": 4.2862764732917045,
    "23": 4.1752618807789705,
    "24": 3.835334657001786,
    "25": 3.831022046081926,
    "26": 3.6222929060694233,
    "27": 3.6039642350658796,
    "28": 3.5322172818906648,
    "29": 3.470148482391813,
    "30": 3.4664426799462436,
    "31": 3.429376064635307,
    "32": 3.3003894930810933,
    "33": 3.39908756061741,
    "34": 3.3771071418556056,
    "35": 3.418140594309011,
    "36": 3.353435541457099,
    "37": 3.4132733451782893,
    "38": 3.3490632005637755,
    "39": 3.430984018754263,
    "40": 3.2660610962196404
}