{
    "0": NaN,
    "1": 1.654377581573351,
    "2": 2.0156798924967654,
    "3": 2.563372720667728,
    "4": 3.2338469154518,
    "5": 3.2600923829458526,
    "6": 2.769811643195127,
    "7": 2.6196403842330294,
    "8": 2.49783950744504,
    "9": 2.60890294354932,
    "10": 2.8343659290958745,
    "11": 2.80327012023414,
    "12": 2.724198984466798,
    "13": 2.674638504850002,
    "14": 2.666346191132636,
    "15": 2.7616808187727377,
    "16": 2.7971696194628235,
    "17": 2.8289067934377363,
    "18": 2.915628523981084,
    "19": 3.040755980779382,
    "20": 2.994845340674476,
    "21": 3.119721741364718,
    "22": 3.1874217445416226,
    "23": 3.3323075879259236,
    "24": 3.4509981473739573,
    "25": 3.3860149265296866,
    "26": 3.4003264466056238,
    "27": 3.543535755156609,
    "28": 3.5863849101204273,
    "29": 3.7748960237616815,
    "30": 4.108463652700954,
    "31": 4.059160222933495,
    "32": 4.0532917803285216,
    "33": 4.136553315187613,
    "34": 4.111553256361419,
    "35": 4.133028534528513,
    "36": 4.158277334546349,
    "37": 4.076348604233773,
    "38": 4.116438210438089,
    "39": 4.018802074146775,
    "40": 3.929844226049504,
    "41": 4.00772560304175,
    "42": 4.001359708686417,
    "43": 4.102415356077955,
    "44": 3.9841284109461856,
    "45": 4.144241552558657,
    "46": 4.132366429220312,
    "47": 4.091661473014897,
    "48": 4.278859429097223,
    "49": 4.261389846006568,
    "50": 4.15423626448501,
    "51": 4.33156542520591,
    "52": 4.2858108464389595,
    "53": 4.499562588628357,
    "54": 4.613774225257723,
    "55": 4.69595800953811,
    "56": 4.788262863884578,
    "57": 4.697728543984616,
    "58": 4.7938844422530575,
    "59": 4.718096564566786,
    "60": 4.807105061574115,
    "61": 4.8218464515136565,
    "62": 4.681715086904133,
    "63": 4.605428947171595,
    "64": 4.5075306634457935,
    "65": 4.5666725213299255,
    "66": 4.657177064063089,
    "67": 4.620529492146337,
    "68": 4.674974247786845,
    "69": 4.6915769886873475,
    "70": 4.681110463361684,
    "71": 4.761241419252939,
    "72": 4.75059163144772,
    "73": 4.838518320856247,
    "74": 5.113227920550553,
    "75": 5.1724597007692354,
    "76": 5.319886297568429,
    "77": 5.468931921831176,
    "78": 5.846204110122621,
    "79": 5.72107660594079,
    "80": 3.753580556542284
}