{
    "0": 0.0,
    "1": 0.80363084068047,
    "2": 1.04176982158421,
    "3": 1.1878492738801714,
    "4": 1.5386867534423512,
    "5": 1.8429651110850818,
    "6": 2.075274998566232,
    "7": 2.364758859193246,
    "8": 2.649956342525673,
    "9": 3.042661332036245,
    "10": 3.2174004867620556,
    "11": 3.2999214752281567,
    "12": 3.513699174345943,
    "13": 3.669068425354109,
    "14": 4.2530491236681245,
    "15": 4.517099146766546,
    "16": 4.713636719096472,
    "17": 4.853426807804115,
    "18": 5.1017367976267805,
    "19": 5.272860625148012,
    "20": 5.4067632574247515,
    "21": 5.53225882314488,
    "22": 5.682219888891179,
    "23": 5.383455470764397,
    "24": 5.422407654998424,
    "25": 5.191420882004331,
    "26": 5.094189045935426,
    "27": 5.145637314371197,
    "28": 5.061491380076987,
    "29": 5.0424426792433135,
    "30": 5.112446361248398,
    "31": 5.188527181381681,
    "32": 5.210524310481689,
    "33": 5.17930439865981,
    "34": 5.178213142677287,
    "35": 4.971265963465116,
    "36": 4.864407749260488,
    "37": 4.8129929825113535,
    "38": 4.96173904639754,
    "39": 4.905997376069187,
    "40": 4.867470730022816,
    "41": 5.014967184082881,
    "42": 4.813648689109138,
    "43": 4.67683563789554,
    "44": 4.413074583935715,
    "45": 4.311123889733176,
    "46": 4.281968993688391,
    "47": 4.234857558817811,
    "48": 4.05066745361182,
    "49": 3.964727562401495,
    "50": 3.9639416194414325,
    "51": 3.9577851843002207,
    "52": 3.872869269054482,
    "53": 3.983682446826295,
    "54": 4.019230098416539,
    "55": 4.027626553990288,
    "56": 3.995236199123657,
    "57": 4.1031273736562435,
    "58": 4.030118093392179,
    "59": 4.042169816986233,
    "60": 4.093761486230594,
    "61": 4.105713671358759,
    "62": 4.122188303620002,
    "63": 4.163990232371232,
    "64": 4.188655317469744,
    "65": 4.121004009742908,
    "66": 4.139002749535361,
    "67": 4.1516358791710735,
    "68": 4.140811093246427,
    "69": 4.193217348282877,
    "70": 4.222897464682335,
    "71": 4.209018386287852,
    "72": 4.242579725720414,
    "73": 4.210118472912551,
    "74": 4.259021747097808,
    "75": 4.215233395520783,
    "76": 4.239259341709547,
    "77": 4.2337716028679155,
    "78": 4.18038676707497,
    "79": 4.007458866085863,
    "80": 3.1669699130021622
}