{
    "0": 0.0,
    "1": 0.7907776290906,
    "2": 1.0541798408596001,
    "3": 1.2828114028352011,
    "4": 1.6673396846623674,
    "5": 2.2572425590808005,
    "6": 2.3601898602114724,
    "7": 2.603219753454558,
    "8": 2.82199370122801,
    "9": 3.251531696996296,
    "10": 3.2731323946332815,
    "11": 3.423637344701945,
    "12": 3.5680697807217405,
    "13": 3.5706026084776847,
    "14": 3.637039666539121,
    "15": 4.013326099178671,
    "16": 4.15491264201783,
    "17": 4.046548293148017,
    "18": 4.235269911307223,
    "19": 4.275983522225907,
    "20": 4.085679640806747,
    "21": 4.263434940239338,
    "22": 4.415382846043713,
    "23": 4.233595437214532,
    "24": 4.331693480101179,
    "25": 4.3821771892127535,
    "26": 4.447145161056023,
    "27": 4.589057905902393,
    "28": 4.500650026637239,
    "29": 4.545041451838445,
    "30": 4.555883050541682,
    "31": 4.519504114462142,
    "32": 4.628899228743125,
    "33": 4.854784270185484,
    "34": 4.9013263950195265,
    "35": 4.754510108881098,
    "36": 4.670821409786044,
    "37": 4.543080802213284,
    "38": 4.559388353272217,
    "39": 4.476197546448757,
    "40": 4.316123653458066,
    "41": 4.358011564848387,
    "42": 3.969062005121724,
    "43": 3.8641150052834794,
    "44": 3.6417075200182696,
    "45": 3.609739388623541,
    "46": 3.4986116399931375,
    "47": 3.447280632724564,
    "48": 3.3807809108143956,
    "49": 3.397950154921859,
    "50": 3.320945846371659,
    "51": 3.323372578962524,
    "52": 3.272970376039772,
    "53": 3.204541641672845,
    "54": 3.246580558201943,
    "55": 3.244778873515358,
    "56": 3.1854830701488983,
    "57": 3.205142377392071,
    "58": 3.2042740621410943,
    "59": 3.2685064684861014,
    "60": 3.2116974610702824,
    "61": 3.2044269995516466,
    "62": 3.1824269892139636,
    "63": 3.224314387691756,
    "64": 3.164764415207291,
    "65": 3.168754190885541,
    "66": 3.1867045738194295,
    "67": 3.1936391103888244,
    "68": 3.1787547306257635,
    "69": 3.2142424493296096,
    "70": 3.1969757369336853,
    "71": 3.2070439807724833,
    "72": 3.2587200248694668,
    "73": 3.208503587286769,
    "74": 3.168052624669686,
    "75": 3.201832685091567,
    "76": 3.182536510271736,
    "77": 3.282841251045296,
    "78": 3.140037608250505,
    "79": 2.9272528519926557,
    "80": 2.167753749149579
}