{
    "0": NaN,
    "1": 1.6804412643801425,
    "2": 2.4275642427733026,
    "3": 2.7237809479246824,
    "4": 3.05683896164978,
    "5": 3.170593722547149,
    "6": 2.994909761158069,
    "7": 2.9272698847896406,
    "8": 2.846057731960135,
    "9": 2.877328585951108,
    "10": 2.755000148885172,
    "11": 2.907541284356468,
    "12": 3.02700337816855,
    "13": 3.1055303145692683,
    "14": 3.312501564261246,
    "15": 3.3309483072053077,
    "16": 3.255763165590005,
    "17": 3.2792450805250595,
    "18": 3.3784449317411607,
    "19": 3.365861399392978,
    "20": 3.26556864110029,
    "21": 3.386037835712812,
    "22": 3.413826215717954,
    "23": 3.4323135691677042,
    "24": 3.40250131043123,
    "25": 3.6958061533843845,
    "26": 3.7597216985118957,
    "27": 3.9632031758374127,
    "28": 3.935727640046786,
    "29": 4.105484158136112,
    "30": 4.374556261376784,
    "31": 4.59993623173172,
    "32": 4.481250000378844
}