{
    "0": NaN,
    "1": 2.633880968167468,
    "2": 2.840820092039328,
    "3": 2.8809355492184148,
    "4": 3.263658763775689,
    "5": 3.5214845514892907,
    "6": 3.493895260843698,
    "7": 3.999088980504889,
    "8": 4.290866367175637,
    "9": 4.367412086131516,
    "10": 4.526184351294194,
    "11": 4.418406379926794,
    "12": 4.274210718996894,
    "13": 4.082123545249269,
    "14": 4.223626672102468,
    "15": 4.472442139762334,
    "16": 4.507306335765807,
    "17": 4.272419963599859,
    "18": 4.187249385302566,
    "19": 4.469615210344779,
    "20": 4.640907386205179,
    "21": 4.917311748395155,
    "22": 5.113219354142577,
    "23": 5.338656202433921,
    "24": 5.385400468077414,
    "25": 5.413225065180095,
    "26": 5.454836154952543,
    "27": 5.345254318541259,
    "28": 5.605954934972794,
    "29": 5.397508205101783,
    "30": 5.039961355478299,
    "31": 5.0373599064188905,
    "32": 4.92388804806356,
    "33": 4.976361576036517,
    "34": 5.106940615100872,
    "35": 5.189583735820654,
    "36": 5.280899766355118,
    "37": 5.424133539125951,
    "38": 5.334677272583142,
    "39": 5.290260527203451,
    "40": 5.177552329940243,
    "41": 4.9115853722228335,
    "42": 4.858418943420076,
    "43": 4.648428362716265,
    "44": 4.398615837081595,
    "45": 4.011061113111289,
    "46": 3.9558313363129742,
    "47": 3.7661183681989443,
    "48": 3.693917523849352,
    "49": 3.6133245943896637,
    "50": 3.5323810735492973,
    "51": 3.516262954123837,
    "52": 3.5225001419242705,
    "53": 3.398078083309762,
    "54": 3.3501256792531393,
    "55": 3.414223695049488,
    "56": 3.243025606846302,
    "57": 3.3296704247082363,
    "58": 3.2029374648888704,
    "59": 3.2026856138118083,
    "60": 3.199895729523183,
    "61": 3.2747107607273205,
    "62": 3.2612187619508126,
    "63": 3.257766500394444,
    "64": 3.265975535929626,
    "65": 3.2319977031709577,
    "66": 3.2163191685320793,
    "67": 3.207694251469598,
    "68": 3.2645146332662853,
    "69": 3.2563267801554407,
    "70": 3.2697390063568976,
    "71": 3.2591863868659434,
    "72": 3.2439361488488587,
    "73": 3.3203211494025084,
    "74": 3.308985742121609,
    "75": 3.290893482750466,
    "76": 3.3624850565150712,
    "77": 3.360921547938538,
    "78": 3.467756514809811,
    "79": 3.2262055737516975,
    "80": 1.4765342886257413
}