{
    "0": NaN,
    "1": 1.9339869498067517,
    "2": 2.76305264257177,
    "3": 2.7629534027849214,
    "4": 2.898320839904027,
    "5": 2.9206964842842473,
    "6": 2.648034639593341,
    "7": 2.7301675862930206,
    "8": 2.602877005958096,
    "9": 2.645651615752981,
    "10": 2.8298995390662145,
    "11": 2.874716063346786,
    "12": 3.0473431263419015,
    "13": 2.910136946230033,
    "14": 2.96293834807711,
    "15": 3.125671239941305,
    "16": 3.139111449497586,
    "17": 3.1469981976658765,
    "18": 3.0297109048782116,
    "19": 2.9258698034903854,
    "20": 2.8793619181504204,
    "21": 2.7243108733503587,
    "22": 2.7315721202529226,
    "23": 2.760988267652309,
    "24": 2.699219349464882,
    "25": 2.726806763404527,
    "26": 2.6846180299122535,
    "27": 2.754747019878932,
    "28": 2.7051427787301368,
    "29": 2.7177019368765505,
    "30": 2.7660252574868434,
    "31": 2.5944617839184154,
    "32": 1.400311777651799
}