{
    "0": 0.0,
    "1": 1.0421796409031403,
    "2": 1.2709559645663306,
    "3": 1.5682465344619299,
    "4": 1.6972337291918937,
    "5": 1.8429297958143718,
    "6": 1.9338038800090713,
    "7": 2.111346479187032,
    "8": 2.4141946883460035,
    "9": 2.7880738809723247,
    "10": 3.1900309208953783,
    "11": 3.343866836923563,
    "12": 3.374228699699121,
    "13": 3.3578262977217914,
    "14": 3.3532131049332596,
    "15": 3.190318467513027,
    "16": 3.0080113905983414,
    "17": 2.9474140159509474,
    "18": 2.7437298737394373,
    "19": 2.6185214148620983,
    "20": 2.54286209924474,
    "21": 2.497329543521467,
    "22": 2.4146680250899495,
    "23": 2.3989126084585823,
    "24": 2.3810972573160267,
    "25": 2.4415300697643394,
    "26": 2.496318035682463,
    "27": 2.598405423105868,
    "28": 2.6748328409105198,
    "29": 2.8250655721490143,
    "30": 2.834630380548558,
    "31": 2.939730750353144,
    "32": 3.0345391752141886
}