{
    "0": 0.0,
    "1": 0.8399549895544671,
    "2": 1.175869899213091,
    "3": 1.3341573210374762,
    "4": 1.5492954205784377,
    "5": 2.1023288703676077,
    "6": 2.1911437010185506,
    "7": 2.4001916270947583,
    "8": 2.3844017282370253,
    "9": 2.447589293355202,
    "10": 2.4948969793797966,
    "11": 2.557747215219528,
    "12": 2.5518870295945755,
    "13": 2.7952325148183843,
    "14": 2.8606038287038684,
    "15": 3.056487520634333,
    "16": 3.0976124368510893,
    "17": 3.1279429181179754,
    "18": 3.1395866295971513,
    "19": 3.0401581940233218,
    "20": 2.92534105169142,
    "21": 2.8728438355118713,
    "22": 2.791588817342868,
    "23": 2.7938210224340194,
    "24": 2.730492481752441,
    "25": 2.726767450742989,
    "26": 2.723772787775064,
    "27": 2.714444305453539,
    "28": 2.704095377293036,
    "29": 2.7335132182094606,
    "30": 2.728427602843112,
    "31": 2.6821012402719635,
    "32": 2.666110812592261,
    "33": 2.713842982135357,
    "34": 2.740068860089121,
    "35": 2.7956509746879696,
    "36": 2.8507686002337578,
    "37": 2.9890699103864247,
    "38": 3.0676673420724048,
    "39": 3.181647375217254,
    "40": 3.167720828776592
}