{
    "0": NaN,
    "1": 2.0397847742707116,
    "2": 2.6802728638433435,
    "3": 3.3266928873636856,
    "4": 2.9313998002343404,
    "5": 3.1855908301623903,
    "6": 3.3849972860331863,
    "7": 3.7106069591270376,
    "8": 3.486016189533405,
    "9": 3.238448154783117,
    "10": 3.5369492065672383,
    "11": 3.8851659949023167,
    "12": 3.7929946639600796,
    "13": 3.6982098826892655,
    "14": 3.687933866742672,
    "15": 3.924346356240485,
    "16": 4.283347264907565,
    "17": 4.584339366528658,
    "18": 3.7952366780187234,
    "19": 3.538752492276352,
    "20": 3.4598022554654215,
    "21": 3.3303150417653447,
    "22": 3.3648971120020503,
    "23": 3.4055150205823668,
    "24": 3.4647658654740323,
    "25": 3.3838085936481215,
    "26": 3.4550448360215946,
    "27": 3.5025105598990263,
    "28": 3.3577399690027665,
    "29": 3.422359575119033,
    "30": 3.4683396087538765,
    "31": 3.437313774375246,
    "32": 3.53187998743291,
    "33": 3.6287425357479424,
    "34": 3.5625622179678307,
    "35": 3.6021077207934407,
    "36": 3.569497372903308,
    "37": 3.7261631962743267,
    "38": 3.7561092763144286,
    "39": 4.0133546627192125,
    "40": 4.206401769088323
}