{
    "0": NaN,
    "1": 2.1049179358892203,
    "2": 2.3568646527464465,
    "3": 2.5669580323686896,
    "4": 2.5742469997177784,
    "5": 2.544059430232729,
    "6": 2.347400818749238,
    "7": 2.6555046122906374,
    "8": 2.679073109849808,
    "9": 2.7599717824788534,
    "10": 2.7462021520358033,
    "11": 2.609924657150824,
    "12": 2.58484645439682,
    "13": 2.3441769861050576,
    "14": 2.373094027583121,
    "15": 2.509437182357636,
    "16": 2.5646692862581095,
    "17": 2.6202361485741292,
    "18": 2.617067966101677,
    "19": 2.734770226152538,
    "20": 2.7973954102428467,
    "21": 2.830165500005597,
    "22": 2.870341878841277,
    "23": 2.9097864265664923,
    "24": 3.005294599852237,
    "25": 2.9429620587279697,
    "26": 2.9834098502858706,
    "27": 2.9405026002854706,
    "28": 2.967306076242941,
    "29": 3.051213663931805,
    "30": 3.1018059081452516,
    "31": 3.0051123951773135,
    "32": 3.079124905775795,
    "33": 3.142048347034034,
    "34": 3.216702341314897,
    "35": 3.2281252844018486,
    "36": 3.263773458374064,
    "37": 3.2351063969984635,
    "38": 3.2657085631964073,
    "39": 3.2855064543289183,
    "40": 3.2336206322089867,
    "41": 3.0602181770423025,
    "42": 3.073763350111525,
    "43": 3.158964990065388,
    "44": 3.0255829919801296,
    "45": 2.1681684941245534,
    "46": 2.196169122900851,
    "47": 2.303618407947798,
    "48": 2.2715319938076277,
    "49": 2.2772169730388936,
    "50": 2.247250247421826,
    "51": 2.258771443226476,
    "52": 2.1855779635562405,
    "53": 2.295474855820449,
    "54": 2.2688759174979145,
    "55": 2.277394863640313,
    "56": 2.2322788103471427,
    "57": 2.221011150311192,
    "58": 2.1781201604478735,
    "59": 2.1995428257214904,
    "60": 2.2133931226453014,
    "61": 2.250925943333458,
    "62": 2.232494240764365,
    "63": 2.228790170080014,
    "64": 2.2080141262183908,
    "65": 2.195352864183471,
    "66": 2.209398986161501,
    "67": 2.218699512712434,
    "68": 2.186528157224356,
    "69": 2.2120736157601173,
    "70": 2.201709627303389,
    "71": 2.2570715295670167,
    "72": 2.1650415957481823,
    "73": 2.2323144310257326,
    "74": 2.203655823698138,
    "75": 2.213381604656384,
    "76": 2.2654679523844603,
    "77": 2.4395575255894064,
    "78": 2.522764107558835,
    "79": 2.6834456773920907,
    "80": 2.295612435733298
}