{
    "0": NaN,
    "1": 2.0394053934208136,
    "2": 2.671211193376931,
    "3": 3.263514680871372,
    "4": 2.871886158763166,
    "5": 3.1612209151745794,
    "6": 3.368041318274099,
    "7": 3.658398196444998,
    "8": 3.401448921897055,
    "9": 3.2267901999923687,
    "10": 3.5100296924560856,
    "11": 3.848111431289056,
    "12": 3.770214337854616,
    "13": 3.697034595356793,
    "14": 3.703534011850873,
    "15": 3.9270507809120203,
    "16": 4.33338983101597,
    "17": 4.616373843258609,
    "18": 3.7172699198624257,
    "19": 3.5133684540106014,
    "20": 3.3879875207256482,
    "21": 3.346866133171948,
    "22": 3.3501425346340326,
    "23": 3.3914693198524914,
    "24": 3.3751308682018655,
    "25": 3.3790380306088155,
    "26": 3.3818508459316785,
    "27": 3.465936619885861,
    "28": 3.3852803626949255,
    "29": 3.354810526044786,
    "30": 3.3975783590181825,
    "31": 3.372133535693563,
    "32": 3.4314493247017657,
    "33": 3.5343222436165376,
    "34": 3.560357105307404,
    "35": 3.5949643904057917,
    "36": 3.586882301922482,
    "37": 3.7120749409545937,
    "38": 3.7500933995505616,
    "39": 4.089895412603793,
    "40": 4.249826486472292
}