{
    "0": NaN,
    "1": 2.0846913959168525,
    "2": 2.801255879435661,
    "3": 2.89772050244194,
    "4": 2.8009177045922695,
    "5": 3.507524075310061,
    "6": 3.6657512288609477,
    "7": 4.217642405821043,
    "8": 4.457581990261841,
    "9": 4.488205010580018,
    "10": 4.4632663076104215,
    "11": 4.432640212589469,
    "12": 4.269487224904077,
    "13": 4.273294489313075,
    "14": 4.4552781524794085,
    "15": 4.3498822330349185,
    "16": 4.561393401034121,
    "17": 4.12225055287906,
    "18": 4.028806092970857,
    "19": 3.8970267935747955,
    "20": 3.8958200542015953,
    "21": 3.7746920019317423,
    "22": 3.743564772309187,
    "23": 3.7463928425979596,
    "24": 3.7609921416525363,
    "25": 3.8289311840190465,
    "26": 3.8267249565015713,
    "27": 4.020247887397928,
    "28": 4.1453839824364245,
    "29": 4.4208695400980265,
    "30": 4.6589815692783425,
    "31": 4.7073304200343635,
    "32": 4.717036171934955
}