{
    "0": NaN,
    "1": 1.6445862366245672,
    "2": 2.4434677487066088,
    "3": 2.7442229608108444,
    "4": 2.988312658218505,
    "5": 3.066803534218005,
    "6": 2.9873524247992003,
    "7": 2.835241721144578,
    "8": 2.8708043814932385,
    "9": 2.8305603773901686,
    "10": 2.7678652298256083,
    "11": 2.9582391290776204,
    "12": 2.991139173265257,
    "13": 3.0755086323975767,
    "14": 3.2475639255582265,
    "15": 3.3690692004727674,
    "16": 3.286379893494716,
    "17": 3.326715236235912,
    "18": 3.404617572808647,
    "19": 3.283290728567308,
    "20": 3.250458634756947,
    "21": 3.2976121169371546,
    "22": 3.40407612362339,
    "23": 3.429177436048053,
    "24": 3.4005550431190272,
    "25": 3.610823091235755,
    "26": 3.684524163960722,
    "27": 4.006569285324914,
    "28": 3.9541399601005693,
    "29": 4.027735262855325,
    "30": 4.382843868797709,
    "31": 4.499959211026331,
    "32": 4.444003410572967
}