{
    "0": 0.0,
    "1": 0.9144686482086031,
    "2": 1.1361655778903381,
    "3": 1.1961208366910878,
    "4": 1.4066474921473322,
    "5": 1.4841179902006125,
    "6": 1.4841809084427537,
    "7": 1.5542248593717367,
    "8": 1.7437512029277753,
    "9": 1.7894413766629849,
    "10": 1.8237877020195201,
    "11": 1.9506045856039487,
    "12": 1.9724185612116083,
    "13": 2.0282497483864477,
    "14": 2.095618410382309,
    "15": 2.18297253905655,
    "16": 2.1594628770834112,
    "17": 2.093923368343601,
    "18": 2.0483430486385577,
    "19": 2.0225269259837826,
    "20": 1.9595186415029884,
    "21": 2.0239551235210143,
    "22": 2.0513088094033067,
    "23": 2.1088585501228536,
    "24": 2.0379611160052478,
    "25": 2.032829010184477,
    "26": 2.10471352576175,
    "27": 2.1302324032508757,
    "28": 2.122992930487653,
    "29": 2.1702382584592295,
    "30": 2.1930583893877573,
    "31": 2.1702195063735816,
    "32": 2.137608754831919,
    "33": 2.262080127039902,
    "34": 2.2376629395124454,
    "35": 2.3010643307651084,
    "36": 2.334007530385814,
    "37": 2.4465039913444935,
    "38": 2.588612301435592,
    "39": 2.720706759807813,
    "40": 2.907049715332447
}