{
    "0": NaN,
    "1": 2.080127413678536,
    "2": 2.6360945165141016,
    "3": 2.9586188200355004,
    "4": 3.313002978015283,
    "5": 3.330266174384114,
    "6": 3.253545892928067,
    "7": 3.3559904058052963,
    "8": 3.4682429653430105,
    "9": 3.5678422104058884,
    "10": 3.6949045723349125,
    "11": 3.728618029144339,
    "12": 3.8450803694120976,
    "13": 3.7362033179717966,
    "14": 3.8323233993307246,
    "15": 3.9941830348600593,
    "16": 4.04194148889603,
    "17": 4.048059833912113,
    "18": 4.115218002856555,
    "19": 4.195446299679824,
    "20": 4.107608492609205,
    "21": 3.977172410481439,
    "22": 3.9281916168368176,
    "23": 3.9228546288315878,
    "24": 3.8941477647786154,
    "25": 3.911659550163874,
    "26": 3.882164890246214,
    "27": 3.885123520090085,
    "28": 3.9222310719708497,
    "29": 3.861971916943725,
    "30": 3.8257513350347696,
    "31": 3.7305077675036684,
    "32": 3.685139023990061,
    "33": 3.682078684291553,
    "34": 3.6939476343889353,
    "35": 3.6611575487470143,
    "36": 3.7012595750635007,
    "37": 3.711849263800386,
    "38": 3.770379332540778,
    "39": 3.814771373522223,
    "40": 3.825410542859561,
    "41": 3.5670938238216663,
    "42": 3.5102834170738726,
    "43": 3.418033370440801,
    "44": 3.4126744153454753,
    "45": 2.443369147937413,
    "46": 2.4534544668763054,
    "47": 2.3159766194852867,
    "48": 2.29516668887812,
    "49": 2.3052512830626095,
    "50": 2.315695030595363,
    "51": 2.275962458094358,
    "52": 2.234050178903091,
    "53": 2.1872480442337703,
    "54": 2.226111378754397,
    "55": 2.21611159881466,
    "56": 2.2022822991520052,
    "57": 2.178053039816056,
    "58": 2.105257140493064,
    "59": 2.097045717278919,
    "60": 2.0609425609537384,
    "61": 2.0677236324145247,
    "62": 2.0856000295570336,
    "63": 2.1070880327024786,
    "64": 2.1075981000866006,
    "65": 2.1151409158488415,
    "66": 2.081429714801172,
    "67": 2.0944512987839445,
    "68": 2.10772342807711,
    "69": 2.1180160660327245,
    "70": 2.0775969598284627,
    "71": 2.0661719168544996,
    "72": 2.1025835265094375,
    "73": 2.1569276758437628,
    "74": 2.157140416273929,
    "75": 2.1405066424736967,
    "76": 2.161575569190764,
    "77": 2.263280494390118,
    "78": 2.345394273634981,
    "79": 2.418339022196663,
    "80": 2.5379743345457175
}