{
    "0": NaN,
    "1": 2.597487146536469,
    "2": 2.804378454492118,
    "3": 2.8339081316280677,
    "4": 2.564211685819471,
    "5": 2.7421534899455566,
    "6": 2.9227055589766846,
    "7": 3.457672863069665,
    "8": 3.764808250153347,
    "9": 3.944714271259868,
    "10": 4.043414015910807,
    "11": 3.828532103007793,
    "12": 3.901231404881029,
    "13": 3.414516055183758,
    "14": 3.550471179646321,
    "15": 3.9849672613817946,
    "16": 4.346838934083658,
    "17": 4.281047756152052,
    "18": 4.019102455941408,
    "19": 4.109215059742075,
    "20": 4.542775653487002,
    "21": 4.832228489467099,
    "22": 4.997580627963827,
    "23": 5.06780654051205,
    "24": 5.238520649040332,
    "25": 5.122754016254694,
    "26": 5.248164270137193,
    "27": 5.461526168036784,
    "28": 5.535089595417335,
    "29": 5.824519793059052,
    "30": 5.474092187783814,
    "31": 5.34792335521595,
    "32": 5.33826365107871,
    "33": 5.431446831495416,
    "34": 5.571296718795414,
    "35": 5.597937630116637,
    "36": 5.736443795947108,
    "37": 5.676287227129354,
    "38": 5.695900118867457,
    "39": 5.760273710174579,
    "40": 5.465409388604799,
    "41": 5.079139376556718,
    "42": 4.992779134722781,
    "43": 4.773466143069365,
    "44": 4.569475129830118,
    "45": 4.101306606924593,
    "46": 3.955305257190713,
    "47": 3.9617421579836067,
    "48": 3.8095440116488315,
    "49": 3.739834687386192,
    "50": 3.7557780542765773,
    "51": 3.6790584521696066,
    "52": 3.6218259308240044,
    "53": 3.5949497892813653,
    "54": 3.580566711820385,
    "55": 3.571622561991406,
    "56": 3.5138299167536515,
    "57": 3.4859731600526302,
    "58": 3.381880482254996,
    "59": 3.3986764596429095,
    "60": 3.383893202132356,
    "61": 3.451703125023576,
    "62": 3.4072310704972932,
    "63": 3.4125466712674135,
    "64": 3.379438173338895,
    "65": 3.4279710591715946,
    "66": 3.3939046866037557,
    "67": 3.348222204724358,
    "68": 3.395978116728229,
    "69": 3.3788897722849485,
    "70": 3.394567121136641,
    "71": 3.4542260713203103,
    "72": 3.4386380547046715,
    "73": 3.3192139342258464,
    "74": 3.328934181686666,
    "75": 3.348950954730654,
    "76": 3.3969277103126783,
    "77": 3.5190868147147087,
    "78": 3.661886704764373,
    "79": 3.414202220958552,
    "80": 1.7361604701533484
}