{
    "0": 0.0,
    "1": 0.8701779672314772,
    "2": 1.0921107344990888,
    "3": 1.2944679751074635,
    "4": 1.4680712952750963,
    "5": 1.699628444850599,
    "6": 1.854302934185906,
    "7": 2.0301615276137155,
    "8": 2.389023362745457,
    "9": 2.7113983870855827,
    "10": 2.8690619082638547,
    "11": 2.9203454123465367,
    "12": 2.842645987947292,
    "13": 2.9343961462825767,
    "14": 3.24904188214355,
    "15": 3.1471748112717215,
    "16": 2.967048736141264,
    "17": 2.9340879262222708,
    "18": 2.743725588621712,
    "19": 2.592534585166762,
    "20": 2.5121888109233006,
    "21": 2.4720621447458786,
    "22": 2.4169190708189006,
    "23": 2.37336249412498,
    "24": 2.3723315165154557,
    "25": 2.411328426730704,
    "26": 2.3848404473699043,
    "27": 2.422405706011716,
    "28": 2.4044845768949403,
    "29": 2.5317448056577336,
    "30": 2.548008851778879,
    "31": 2.6016286709729433,
    "32": 2.6072352966694474
}