{
    "0": NaN,
    "1": 2.8074924837516444,
    "2": 2.9351660986961714,
    "3": 3.4641509056518105,
    "4": 3.8170717832224157,
    "5": 3.8538688962594763,
    "6": 4.757190027212792,
    "7": 5.298072745292505,
    "8": 5.33865554596113,
    "9": 5.719917225926837,
    "10": 6.413201903535077,
    "11": 6.807179608218379,
    "12": 6.272427038985362,
    "13": 6.679865787373542,
    "14": 6.5434846850585755,
    "15": 6.385730296037245,
    "16": 6.444606748260731,
    "17": 6.449796642912119,
    "18": 6.140701304914515,
    "19": 5.843223332298349,
    "20": 5.625288737125719,
    "21": 5.111496473429454,
    "22": 4.79055854611833,
    "23": 4.601805210949042,
    "24": 4.370262465878749,
    "25": 4.247405740102172,
    "26": 4.057653303121794,
    "27": 3.9831704021655336,
    "28": 3.9421906214469677,
    "29": 3.90610372572019,
    "30": 3.8087931804964836,
    "31": 3.750557341405806,
    "32": 3.7625172398947453,
    "33": 3.688008696823464,
    "34": 3.7096015546210603,
    "35": 3.7234301041672113,
    "36": 3.729285027804498,
    "37": 3.8117127534997555,
    "38": 3.8812882063272434,
    "39": 4.036330459894365,
    "40": 3.7768089790645702
}