{
    "0": 0.0,
    "1": 0.7318948698839042,
    "2": 0.9984417089553566,
    "3": 1.1840668584978984,
    "4": 1.3787934011656662,
    "5": 2.1194421596614625,
    "6": 2.3443355601166065,
    "7": 2.5156529074158946,
    "8": 2.7231446780049646,
    "9": 3.1184021187729223,
    "10": 3.171621700670075,
    "11": 3.3032454688052026,
    "12": 3.4340190935891166,
    "13": 3.3418427181431523,
    "14": 3.329563817385394,
    "15": 3.8422108705952733,
    "16": 3.9022758894905043,
    "17": 3.850552536356814,
    "18": 3.846081848642344,
    "19": 3.9814591900011207,
    "20": 3.607775446094904,
    "21": 3.9392376948499273,
    "22": 3.9965101079643404,
    "23": 3.938271836327234,
    "24": 3.893612526955404,
    "25": 3.851747217523985,
    "26": 3.8575923657868554,
    "27": 3.9206675895047636,
    "28": 3.930366309892187,
    "29": 4.120387739571569,
    "30": 4.047560560424082,
    "31": 4.267221416955504,
    "32": 4.3515995846721305,
    "33": 4.542398190619879,
    "34": 4.586482631308599,
    "35": 4.541369354027038,
    "36": 4.455265914790972,
    "37": 4.373718435557631,
    "38": 4.60678819687183,
    "39": 4.578749629061194,
    "40": 4.369351044177662,
    "41": 4.441324823401509,
    "42": 3.9508930085203846,
    "43": 3.8427889400522077,
    "44": 3.5891492180045965,
    "45": 3.619230324780181,
    "46": 3.488155147952664,
    "47": 3.4403008074855657,
    "48": 3.3833831246964126,
    "49": 3.325606596744606,
    "50": 3.2997143288008934,
    "51": 3.2643637881052623,
    "52": 3.1888359172122205,
    "53": 3.1938056598311673,
    "54": 3.2036074936702783,
    "55": 3.1301912247888164,
    "56": 3.214252871065726,
    "57": 3.2093562332981254,
    "58": 3.22783001357243,
    "59": 3.233048955182278,
    "60": 3.2278147024557677,
    "61": 3.2078875744950386,
    "62": 3.2363606187507035,
    "63": 3.2219173237668595,
    "64": 3.2132060408998195,
    "65": 3.2103921072911143,
    "66": 3.2565719030377323,
    "67": 3.221975330283148,
    "68": 3.2401124782348685,
    "69": 3.245643571529666,
    "70": 3.2964391077597996,
    "71": 3.3000948008637216,
    "72": 3.3080668730371587,
    "73": 3.3070533843089893,
    "74": 3.2972566913442614,
    "75": 3.2461489359045395,
    "76": 3.381377696706697,
    "77": 3.437591020646854,
    "78": 3.453868724507566,
    "79": 3.377341805046067,
    "80": 3.000535763013109
}