{
    "0": NaN,
    "1": 1.9803030078054005,
    "2": 2.4815610979142315,
    "3": 3.077662924618154,
    "4": 3.886544607803143,
    "5": 3.6654266080884255,
    "6": 3.5950259169022547,
    "7": 3.3318491157619823,
    "8": 3.4441285976425706,
    "9": 3.6848719117659425,
    "10": 4.121817018050065,
    "11": 4.066273077486596,
    "12": 4.025785024478996,
    "13": 4.051813670663544,
    "14": 3.95999905611657,
    "15": 4.046816061556908,
    "16": 4.044205707258672,
    "17": 3.9737577324724818,
    "18": 4.049850805633835,
    "19": 4.0756307730111825,
    "20": 3.9599407705341503,
    "21": 3.9931727198297926,
    "22": 3.940508105659891,
    "23": 3.857335701322862,
    "24": 3.9130928552013415,
    "25": 3.8510997893412555,
    "26": 3.8721191338042282,
    "27": 3.9696477001483013,
    "28": 3.853671754415213,
    "29": 3.981540834197423,
    "30": 3.9780417422946215,
    "31": 4.104841977000865,
    "32": 4.08115233749348,
    "33": 4.262869903288819,
    "34": 4.4940046625218395,
    "35": 4.481765337369718,
    "36": 4.458333253123849,
    "37": 4.652228366357585,
    "38": 4.8081126376843955,
    "39": 4.899980517181018,
    "40": 4.991511193757874,
    "41": 4.979737552172683,
    "42": 5.169503224418054,
    "43": 5.136774328584238,
    "44": 4.955931478557069,
    "45": 5.141524215753561,
    "46": 4.8733844379916125,
    "47": 5.150683722120408,
    "48": 5.192801382205235,
    "49": 5.131132762309492,
    "50": 5.10639307873698,
    "51": 5.201375933847259,
    "52": 5.307882663814353,
    "53": 5.7656063279329866,
    "54": 5.65379813499158,
    "55": 5.809562572505316,
    "56": 5.852593893575121,
    "57": 5.8482545791476115,
    "58": 6.0150706276234605,
    "59": 5.959631149613674,
    "60": 6.327590970703382,
    "61": 6.201508900469472,
    "62": 6.102166267320055,
    "63": 6.198562657327576,
    "64": 6.215621556147327,
    "65": 6.26803507415558,
    "66": 6.154604709830293,
    "67": 6.169437793956915,
    "68": 6.112004866628003,
    "69": 6.32993495581508,
    "70": 6.336412324320736,
    "71": 6.535933720106167,
    "72": 6.444291811096344,
    "73": 6.6819635196085585,
    "74": 6.689365279626187,
    "75": 6.920416563291903,
    "76": 6.93786966463954,
    "77": 7.353886479185278,
    "78": 7.224336791309208,
    "79": 7.028871372400163,
    "80": 5.358736082977645
}