{
    "0": 0.0,
    "1": 0.9094385947740578,
    "2": 1.269806904796619,
    "3": 1.4644355895169157,
    "4": 1.7573813030654881,
    "5": 2.3043199649030326,
    "6": 2.480854552373731,
    "7": 2.6870938162858113,
    "8": 2.8630415049214526,
    "9": 2.967788606706503,
    "10": 3.011768262090895,
    "11": 3.0751386210191254,
    "12": 3.0488252349188456,
    "13": 3.394007001392729,
    "14": 3.328881169471406,
    "15": 3.5401393959825502,
    "16": 3.6141867612604743,
    "17": 3.581757278309244,
    "18": 3.5657993384234214,
    "19": 3.432212343911685,
    "20": 3.288587739349645,
    "21": 3.227518690282789,
    "22": 3.10485811798673,
    "23": 3.022299778445774,
    "24": 2.9621958496715495,
    "25": 2.9325309547615883,
    "26": 2.912085981176504,
    "27": 2.8982710525289628,
    "28": 2.894048576318152,
    "29": 2.920299914345278,
    "30": 2.893994622614606,
    "31": 2.931792220831742,
    "32": 2.966924731030872,
    "33": 3.014055589431724,
    "34": 3.048916504674078,
    "35": 3.0777696325937596,
    "36": 3.197547060039661,
    "37": 3.312107061482259,
    "38": 3.3830901525200687,
    "39": 3.6115885232549547,
    "40": 3.6225109544951324
}