{
    "0": NaN,
    "1": 2.668273571353589,
    "2": 2.9376576342123983,
    "3": 3.1755960085066777,
    "4": 3.7877656914639015,
    "5": 3.729406877138143,
    "6": 3.5629233157364326,
    "7": 3.8978430378928755,
    "8": 4.119556702463332,
    "9": 4.314428849974944,
    "10": 4.4821482775254395,
    "11": 4.196176634508928,
    "12": 4.240990200322362,
    "13": 3.68992012087665,
    "14": 4.115200239768945,
    "15": 4.366549037408644,
    "16": 4.500743466065151,
    "17": 4.503376314508033,
    "18": 4.531836345848896,
    "19": 4.817231428178371,
    "20": 4.938006668263997,
    "21": 4.966794076852915,
    "22": 4.9806935231522855,
    "23": 5.033274645393734,
    "24": 5.00973773775832,
    "25": 4.937125300662431,
    "26": 5.060938685200405,
    "27": 5.013014584520971,
    "28": 5.099826799711574,
    "29": 5.3029166801079555,
    "30": 4.979537849128388,
    "31": 4.776784903039093,
    "32": 4.767361798269315,
    "33": 4.868418334513545,
    "34": 5.038791929341475,
    "35": 5.0314969612715235,
    "36": 5.147383203954863,
    "37": 5.216205322060123,
    "38": 5.179594172611404,
    "39": 5.074250157135831,
    "40": 5.004091074529821,
    "41": 4.657207720383657,
    "42": 4.770815269905213,
    "43": 4.749104966237142,
    "44": 4.75097881218034,
    "45": 4.5517987075274124,
    "46": 4.622536853159356,
    "47": 4.452675709678983,
    "48": 4.512736118096937,
    "49": 4.435315230076552,
    "50": 4.537643827289568,
    "51": 4.556766017797327,
    "52": 4.55295897971599,
    "53": 4.704113991263094,
    "54": 4.714993488713565,
    "55": 4.790690846439496,
    "56": 4.672337358496874,
    "57": 4.786095176669958,
    "58": 4.628022114675717,
    "59": 4.672776939525935,
    "60": 4.618882556737094,
    "61": 4.742502240905658,
    "62": 4.598830206059869,
    "63": 4.67111057147531,
    "64": 4.724000968165921,
    "65": 4.682870307693141,
    "66": 4.681697909253931,
    "67": 4.653571414823025,
    "68": 4.717141362312396,
    "69": 4.701451448931698,
    "70": 4.783234239805487,
    "71": 4.843841224397539,
    "72": 4.740477332925526,
    "73": 4.7491375273553995,
    "74": 4.836714454395545,
    "75": 4.908635759394149,
    "76": 4.944801972188849,
    "77": 5.0261055297941875,
    "78": 5.117703078693771,
    "79": 5.035803314330958,
    "80": 3.9361769098361075
}