{
    "0": NaN,
    "1": 2.588163654808325,
    "2": 3.0708754725890297,
    "3": 3.46831896787757,
    "4": 3.2401732463498187,
    "5": 3.243187075389837,
    "6": 3.397377791936085,
    "7": 3.867331629915555,
    "8": 3.787825041834922,
    "9": 3.4827303087332573,
    "10": 3.7228884459803595,
    "11": 3.9094345528570233,
    "12": 3.8832566247537894,
    "13": 3.5299882437680585,
    "14": 3.0244566546774028,
    "15": 3.2920539004907097,
    "16": 3.337338900329801,
    "17": 3.4895942782225258,
    "18": 2.7322623549416836,
    "19": 2.541192859351408,
    "20": 2.5249347141297216,
    "21": 2.520569594893082,
    "22": 2.620496607988616,
    "23": 2.614019086711282,
    "24": 2.7185706609363494,
    "25": 2.708224631352983,
    "26": 2.8022046688211386,
    "27": 2.8701899621979146,
    "28": 2.75180465509777,
    "29": 2.8414720076965794,
    "30": 2.8630523592713772,
    "31": 2.8664554283380688,
    "32": 2.938164230635035,
    "33": 3.055511389956807,
    "34": 3.0645838007162896,
    "35": 3.2366375689656772,
    "36": 3.277325388828058,
    "37": 3.472382565842367,
    "38": 3.544913774009807,
    "39": 3.981868433020901,
    "40": 4.36592966582772
}