{
    "0": 0.0,
    "1": 0.8694271764961536,
    "2": 1.09759852595535,
    "3": 1.3251666330493188,
    "4": 1.486587923230792,
    "5": 1.6832038328363528,
    "6": 1.8153653797963933,
    "7": 2.0283876580088145,
    "8": 2.370958328736755,
    "9": 2.7068751400521234,
    "10": 2.8668002576283858,
    "11": 2.9526671455814655,
    "12": 2.8536190426008137,
    "13": 2.951521802259227,
    "14": 3.271942999256728,
    "15": 3.1284238223007,
    "16": 2.968821776247105,
    "17": 2.94038213999468,
    "18": 2.751438348843001,
    "19": 2.595945125759036,
    "20": 2.5784315937415663,
    "21": 2.4533432607692367,
    "22": 2.3680920623864674,
    "23": 2.370333553768793,
    "24": 2.3826744701186175,
    "25": 2.388900920665256,
    "26": 2.385837565623227,
    "27": 2.4339404466695216,
    "28": 2.426806819806169,
    "29": 2.538581849846722,
    "30": 2.5066064401416326,
    "31": 2.588215984621026,
    "32": 2.59793088301822
}