{
    "0": 0.0,
    "1": 0.8798429151835547,
    "2": 1.0309021116908723,
    "3": 1.2335420335715401,
    "4": 1.5558555308124125,
    "5": 1.7006079497111246,
    "6": 1.721686180079349,
    "7": 1.6586741198196282,
    "8": 1.817386972957792,
    "9": 1.9788873450320386,
    "10": 1.9902555294027515,
    "11": 2.018007136382876,
    "12": 2.003358474720753,
    "13": 1.9635251537333174,
    "14": 2.0762041239742044,
    "15": 2.109195160787045,
    "16": 2.3874028827446065,
    "17": 2.3337596747687797,
    "18": 2.4505408313455668,
    "19": 2.4679689466722476,
    "20": 2.674324568705355,
    "21": 2.703609380816622,
    "22": 2.7082508555187026,
    "23": 2.6292270116139433,
    "24": 2.6285845538238357,
    "25": 2.58153708188062,
    "26": 2.6684992017144578,
    "27": 2.6385535028280045,
    "28": 2.5883740559355934,
    "29": 2.6415747797041353,
    "30": 2.593513113613974,
    "31": 2.6389349203139427,
    "32": 2.6069203122663542,
    "33": 2.640385982795072,
    "34": 2.626218542516617,
    "35": 2.582573671806694,
    "36": 2.5720544391406044,
    "37": 2.539200539201462,
    "38": 2.5158441401250067,
    "39": 2.4136155145523714,
    "40": 2.31703202860297,
    "41": 2.291098582084659,
    "42": 2.2697708033017907,
    "43": 2.3091057981050125,
    "44": 2.2240653919805737,
    "45": 2.2940101388201195,
    "46": 2.305406036049051,
    "47": 2.3184302218162953,
    "48": 2.337146518698803,
    "49": 2.3646893596443013,
    "50": 2.326728562720834,
    "51": 2.341971834003957,
    "52": 2.3845417830626614,
    "53": 2.415485452219548,
    "54": 2.457417379429295,
    "55": 2.49076861286047,
    "56": 2.4887223548620554,
    "57": 2.515600398236597,
    "58": 2.5384922838571202,
    "59": 2.5324584629982585,
    "60": 2.5652674962825386,
    "61": 2.5673107603147236,
    "62": 2.577961121620155,
    "63": 2.564322558264897,
    "64": 2.6114963555719597,
    "65": 2.5805672908099724,
    "66": 2.5977919110145873,
    "67": 2.5927259487543273,
    "68": 2.628704664310509,
    "69": 2.6354570352318114,
    "70": 2.6934205345003037,
    "71": 2.673463506544644,
    "72": 2.6679489744590192,
    "73": 2.7519152345073183,
    "74": 2.7373229110174946,
    "75": 2.7415834482890804,
    "76": 2.830620023156728,
    "77": 2.9719324057435164,
    "78": 3.030442377104036,
    "79": 2.9322073069589893,
    "80": 2.678043594700097
}