{
    "0": NaN,
    "1": 2.521098916446795,
    "2": 3.4621812066296997,
    "3": 3.6029670122769852,
    "4": 3.7049965239145046,
    "5": 3.691483322133041,
    "6": 3.7180037362049885,
    "7": 3.849236881704826,
    "8": 3.7644503137942746,
    "9": 3.8448356628479057,
    "10": 3.8853621319167417,
    "11": 3.749053584021585,
    "12": 3.7231118004154187,
    "13": 3.161831530637642,
    "14": 3.3733978621136034,
    "15": 3.6396835005954022,
    "16": 3.8773116392654425,
    "17": 3.8634410009143085,
    "18": 3.697932008854852,
    "19": 3.501883899953751,
    "20": 3.6071518143058294,
    "21": 3.492149767424297,
    "22": 3.526907574944532,
    "23": 3.5034563209910017,
    "24": 3.446996155625248,
    "25": 3.587759975561546,
    "26": 3.566763323964494,
    "27": 3.7411353078597163,
    "28": 3.8214498215041286,
    "29": 3.963225373240623,
    "30": 4.152107552156629,
    "31": 4.218290728711538,
    "32": 2.502190805095836
}