{
    "0": 4.237056378910324,
    "1": 6.115875246128573,
    "2": 6.205227776030345,
    "3": 6.056462107092609,
    "4": 6.969975526052965,
    "5": 7.9391178346504905,
    "6": 9.158914996082268,
    "7": 9.658220778901988,
    "8": 10.241431522012869,
    "9": 10.270141626113267,
    "10": 9.967350434142901,
    "11": 9.698198414300036,
    "12": 9.588485828737559,
    "13": 9.24386076383254,
    "14": 8.987421199138057,
    "15": 9.06709109140706,
    "16": 9.655881211560287,
    "17": 9.794050130260725,
    "18": 10.229672048550727,
    "19": 9.953029219975486,
    "20": 9.897173466826736,
    "21": 10.155260756222415,
    "22": 10.102855683689256,
    "23": 9.84419716196916,
    "24": 9.755192247141645,
    "25": 9.222052266416872,
    "26": 8.777444262356005,
    "27": 8.319792195421153,
    "28": 7.826944612272308,
    "29": 7.665051279340346,
    "30": 7.6088782691289705,
    "31": 7.364984565721717,
    "32": 7.54438835927574,
    "33": 7.577562566816952,
    "34": 7.6692489543305005,
    "35": 7.9668483163677655,
    "36": 8.21530669777154,
    "37": 8.591009371379082,
    "38": 8.797948439155723,
    "39": 8.63192963045218,
    "40": 7.034119612859653
}