{
    "0": 0.0,
    "1": 1.013814318495681,
    "2": 1.4231013479468038,
    "3": 1.634030356296274,
    "4": 1.970124049872168,
    "5": 2.4141896927550137,
    "6": 2.5524657943422384,
    "7": 2.8603269468954102,
    "8": 3.0895751764573656,
    "9": 3.2555116363895573,
    "10": 3.266851370584441,
    "11": 3.382582030483041,
    "12": 3.397962947364814,
    "13": 3.5941141541050166,
    "14": 3.4882015369855544,
    "15": 3.3499835359775734,
    "16": 3.2809286998409326,
    "17": 3.344132128808172,
    "18": 3.2951910612221202,
    "19": 3.3498888613004283,
    "20": 3.277751311353903,
    "21": 3.359690934726626,
    "22": 3.358664614400196,
    "23": 3.432815222010481,
    "24": 3.480613837568362,
    "25": 3.5814786687855125,
    "26": 3.578318444743526,
    "27": 3.823345947368249,
    "28": 3.8823800987433943,
    "29": 4.145159990214725,
    "30": 4.4166933170014,
    "31": 4.488056216802476,
    "32": 4.5679920441484825
}