{
    "0": 0.0,
    "1": 0.8426691698122566,
    "2": 1.0807273377705382,
    "3": 1.2275551113299528,
    "4": 1.6616967212897005,
    "5": 2.015675195185326,
    "6": 2.255676074746184,
    "7": 2.6032865187598118,
    "8": 2.958276838087625,
    "9": 3.413384350190205,
    "10": 3.5844201361146695,
    "11": 3.6701671779462797,
    "12": 3.823249527142341,
    "13": 3.9512752840769805,
    "14": 4.408123212640426,
    "15": 4.477408767644357,
    "16": 4.620173450432402,
    "17": 4.662106012785099,
    "18": 4.716396424987174,
    "19": 4.6898270439680285,
    "20": 4.626739538622879,
    "21": 4.752441270224776,
    "22": 4.79333177840309,
    "23": 4.566701878489064,
    "24": 4.614306020013398,
    "25": 4.611493728003648,
    "26": 4.585587106081941,
    "27": 4.5423442573920765,
    "28": 4.530436043685473,
    "29": 4.4966914236915905,
    "30": 4.468943680551206,
    "31": 4.43156334979818,
    "32": 4.54314219905107,
    "33": 4.510429444090446,
    "34": 4.519264543091492,
    "35": 4.417698803952251,
    "36": 4.329575808892967,
    "37": 4.266088456382296,
    "38": 4.229121517700292,
    "39": 4.197272864759601,
    "40": 4.015400496872867,
    "41": 4.069526189972646,
    "42": 3.85918892240998,
    "43": 3.9132810938197062,
    "44": 3.7342022196734357,
    "45": 3.7709972725151495,
    "46": 3.780285047317288,
    "47": 3.735110326773489,
    "48": 3.648250047584289,
    "49": 3.5983102075603735,
    "50": 3.5574278925482306,
    "51": 3.57026474205603,
    "52": 3.568674962239097,
    "53": 3.6751273325881852,
    "54": 3.682789637127783,
    "55": 3.760046881484847,
    "56": 3.7710020274451663,
    "57": 3.7014054879430525,
    "58": 3.6988489221999297,
    "59": 3.692269265686224,
    "60": 3.6967742423039684,
    "61": 3.67989418499043,
    "62": 3.6908394446984207,
    "63": 3.698041351840469,
    "64": 3.677315431733958,
    "65": 3.6732180997380586,
    "66": 3.730230189087329,
    "67": 3.65186179716953,
    "68": 3.7224165293030946,
    "69": 3.7908836906814996,
    "70": 3.7174545019970533,
    "71": 3.7349511890458404,
    "72": 3.8260462564517006,
    "73": 3.804726502821501,
    "74": 3.7603366022443097,
    "75": 3.805364022525649,
    "76": 3.950459533721771,
    "77": 3.832020990599904,
    "78": 3.6689921121593665,
    "79": 3.422050750999033,
    "80": 2.493501697172572
}