{
    "0": {
        "estimate": NaN,
        "std": NaN
    },
    "1": {
        "estimate": 11.211030498879216,
        "std": 4.051930193396566
    },
    "2": {
        "estimate": 12.354588136745972,
        "std": 4.229880244921748
    },
    "3": {
        "estimate": 12.882545021772657,
        "std": 4.759671803775599
    },
    "4": {
        "estimate": 13.047713436786877,
        "std": 4.841798824878582
    },
    "5": {
        "estimate": 12.514744806838003,
        "std": 4.70248722206798
    },
    "6": {
        "estimate": 13.409075555626629,
        "std": 5.0778726985485365
    },
    "7": {
        "estimate": 13.476967623411577,
        "std": 5.182279384997878
    },
    "8": {
        "estimate": 13.694634096161876,
        "std": 5.3407072960766335
    },
    "9": {
        "estimate": 13.8213332895112,
        "std": 5.41798680166726
    },
    "10": {
        "estimate": 14.153076996632514,
        "std": 5.777228999439724
    },
    "11": {
        "estimate": 14.479887058112258,
        "std": 6.136502738467613
    },
    "12": {
        "estimate": 15.312520438842583,
        "std": 6.3679285200069256
    },
    "13": {
        "estimate": 15.376404131693748,
        "std": 6.357038565626261
    },
    "14": {
        "estimate": 15.795175091735608,
        "std": 6.756044729092946
    },
    "15": {
        "estimate": 16.579727923243727,
        "std": 6.812043443577508
    },
    "16": {
        "estimate": 16.842773520614397,
        "std": 6.684360829342607
    },
    "17": {
        "estimate": 17.152086428994277,
        "std": 6.595628594366281
    },
    "18": {
        "estimate": 17.08059644065442,
        "std": 6.541739585088683
    },
    "19": {
        "estimate": 16.770491905809493,
        "std": 6.243565115100404
    },
    "20": {
        "estimate": 16.87492279369128,
        "std": 6.16733571176693
    },
    "21": {
        "estimate": 16.956606073994095,
        "std": 6.188090931165116
    },
    "22": {
        "estimate": 17.124874686416845,
        "std": 6.269522424867615
    },
    "23": {
        "estimate": 17.37151479831753,
        "std": 6.475235284702646
    },
    "24": {
        "estimate": 18.175757297582262,
        "std": 6.962591812462265
    },
    "25": {
        "estimate": 18.84394094483597,
        "std": 7.460035872660905
    },
    "26": {
        "estimate": 18.930620413043773,
        "std": 7.4896504450989685
    },
    "27": {
        "estimate": 19.780741638071078,
        "std": 8.208896338404903
    },
    "28": {
        "estimate": 19.664567416768755,
        "std": 8.085576678460676
    },
    "29": {
        "estimate": 19.99415151942866,
        "std": 8.506634141181436
    },
    "30": {
        "estimate": 21.0052962844032,
        "std": 9.435776871282183
    },
    "31": {
        "estimate": 21.246000749468724,
        "std": 9.751146706689267
    },
    "32": {
        "estimate": 20.95093879009395,
        "std": 9.561804562121102
    }
}