{
    "0": {
        "estimate": NaN,
        "std": NaN
    },
    "1": {
        "estimate": 10.322732874612464,
        "std": 3.5130479149856066
    },
    "2": {
        "estimate": 11.477250446460102,
        "std": 3.750897754346504
    },
    "3": {
        "estimate": 12.058102419692752,
        "std": 4.27172185066421
    },
    "4": {
        "estimate": 12.242976970525001,
        "std": 4.434052050076876
    },
    "5": {
        "estimate": 11.849473463577123,
        "std": 4.332892042583144
    },
    "6": {
        "estimate": 12.714077041387553,
        "std": 4.707499403443555
    },
    "7": {
        "estimate": 12.785742625300543,
        "std": 4.841905324217129
    },
    "8": {
        "estimate": 13.001662962156976,
        "std": 4.932898381346566
    },
    "9": {
        "estimate": 13.111821118146333,
        "std": 5.05407865183825
    },
    "10": {
        "estimate": 13.43251885574296,
        "std": 5.315791339016786
    },
    "11": {
        "estimate": 13.760773799021898,
        "std": 5.625496271357668
    },
    "12": {
        "estimate": 14.599582806663996,
        "std": 5.871129971720835
    },
    "13": {
        "estimate": 14.6696373092161,
        "std": 5.896397096640549
    },
    "14": {
        "estimate": 15.056749981704773,
        "std": 6.146521874250249
    },
    "15": {
        "estimate": 15.846826371844463,
        "std": 6.399747882370236
    },
    "16": {
        "estimate": 16.06931114337494,
        "std": 6.274323208131217
    },
    "17": {
        "estimate": 16.422932110153468,
        "std": 6.228906361794812
    },
    "18": {
        "estimate": 16.34173458263347,
        "std": 6.112095012660327
    },
    "19": {
        "estimate": 16.020830959314218,
        "std": 5.830977801190303
    },
    "20": {
        "estimate": 16.047184133131662,
        "std": 5.680886246828828
    },
    "21": {
        "estimate": 16.12824878890575,
        "std": 5.720681064868669
    },
    "22": {
        "estimate": 16.30989222755748,
        "std": 5.8284581068562575
    },
    "23": {
        "estimate": 16.51850623467596,
        "std": 5.971612353538267
    },
    "24": {
        "estimate": 17.273478187113874,
        "std": 6.416433903030022
    },
    "25": {
        "estimate": 17.887332051898024,
        "std": 6.869245359297134
    },
    "26": {
        "estimate": 17.951940489114616,
        "std": 6.867662709109676
    },
    "27": {
        "estimate": 18.73971296401084,
        "std": 7.533689632839666
    },
    "28": {
        "estimate": 18.635430753509127,
        "std": 7.429191789358388
    },
    "29": {
        "estimate": 18.96406887721645,
        "std": 7.901682580634171
    },
    "30": {
        "estimate": 19.923805390926226,
        "std": 8.859038325452723
    },
    "31": {
        "estimate": 20.225121111376684,
        "std": 9.206863361895534
    },
    "32": {
        "estimate": 19.931070561616096,
        "std": 8.903756562875554
    }
}