{
    "0": NaN,
    "1": 14.804398536682129,
    "2": 16.452301025390625,
    "3": 16.622406005859375,
    "4": 16.388385772705078,
    "5": 15.620603561401367,
    "6": 15.91428279876709,
    "7": 15.720209121704102,
    "8": 15.870121002197266,
    "9": 16.323755264282227,
    "10": 16.568675994873047,
    "11": 16.616756439208984,
    "12": 17.19809913635254,
    "13": 17.411535263061523,
    "14": 17.5350284576416,
    "15": 18.024126052856445,
    "16": 18.44108772277832,
    "17": 19.001087188720703,
    "18": 18.886474609375,
    "19": 18.89691162109375,
    "20": 19.645780563354492,
    "21": 19.65147590637207,
    "22": 19.71373748779297,
    "23": 19.993528366088867,
    "24": 20.286231994628906,
    "25": 20.831621170043945,
    "26": 21.380109786987305,
    "27": 21.87714385986328,
    "28": 21.79304313659668,
    "29": 21.879457473754883,
    "30": 22.12310028076172,
    "31": 22.130828857421875,
    "32": 21.298215866088867
}