{
    "0": {
        "estimate": NaN,
        "std": NaN
    },
    "1": {
        "estimate": 18.06977795253245,
        "std": 3.98553356721342
    },
    "2": {
        "estimate": 17.68710158244455,
        "std": 4.365767865515765
    },
    "3": {
        "estimate": 18.03329978831138,
        "std": 4.624014330455535
    },
    "4": {
        "estimate": 19.826154910666506,
        "std": 4.96097010420333
    },
    "5": {
        "estimate": 18.19730912329994,
        "std": 4.535151784216607
    },
    "6": {
        "estimate": 19.151931536266826,
        "std": 4.451726720166088
    },
    "7": {
        "estimate": 22.582645403638917,
        "std": 5.322439366100018
    },
    "8": {
        "estimate": 24.183642811184477,
        "std": 5.733868975089294
    },
    "9": {
        "estimate": 22.8777903164908,
        "std": 5.006997176694474
    },
    "10": {
        "estimate": 22.165079583344994,
        "std": 4.586199489077479
    },
    "11": {
        "estimate": 22.080593760823845,
        "std": 4.527886377670024
    },
    "12": {
        "estimate": 20.939370135461598,
        "std": 4.296400073286503
    },
    "13": {
        "estimate": 20.921018159772757,
        "std": 4.338619763958263
    },
    "14": {
        "estimate": 22.502487187912983,
        "std": 4.628448558165551
    },
    "15": {
        "estimate": 23.364338761947415,
        "std": 4.791207011049595
    },
    "16": {
        "estimate": 23.603233869128857,
        "std": 4.832395441727715
    },
    "17": {
        "estimate": 23.808911661575777,
        "std": 4.864522150012116
    },
    "18": {
        "estimate": 23.956000258143902,
        "std": 4.9152688167997995
    },
    "19": {
        "estimate": 23.850734963929554,
        "std": 4.844956893107508
    },
    "20": {
        "estimate": 23.569107850978313,
        "std": 4.734691371990496
    },
    "21": {
        "estimate": 23.380001389146546,
        "std": 4.804283803917242
    },
    "22": {
        "estimate": 23.32575693216708,
        "std": 4.73603341610356
    },
    "23": {
        "estimate": 22.86490741015199,
        "std": 4.650600122520742
    },
    "24": {
        "estimate": 22.758132027943795,
        "std": 4.669004843564186
    },
    "25": {
        "estimate": 22.5447768108639,
        "std": 4.658041272089031
    },
    "26": {
        "estimate": 22.779082429126777,
        "std": 4.790017840076708
    },
    "27": {
        "estimate": 22.990941037393128,
        "std": 4.9192754186264676
    },
    "28": {
        "estimate": 22.878319531706424,
        "std": 4.949202517679852
    },
    "29": {
        "estimate": 22.92121330080171,
        "std": 5.009891888960835
    },
    "30": {
        "estimate": 22.785757976468915,
        "std": 4.974433089586033
    },
    "31": {
        "estimate": 22.82199663302141,
        "std": 5.018478946531043
    },
    "32": {
        "estimate": 22.910373282295048,
        "std": 5.06257842737262
    },
    "33": {
        "estimate": 23.25258613679136,
        "std": 5.206560361727291
    },
    "34": {
        "estimate": 23.240538007392832,
        "std": 5.192300807352155
    },
    "35": {
        "estimate": 23.422111776775413,
        "std": 5.274668349565151
    },
    "36": {
        "estimate": 23.463271522834063,
        "std": 5.320787762570598
    },
    "37": {
        "estimate": 23.823457804619864,
        "std": 5.449534329631304
    },
    "38": {
        "estimate": 24.375807824782886,
        "std": 5.6544946808300764
    },
    "39": {
        "estimate": 25.217404340152104,
        "std": 5.905083096060515
    },
    "40": {
        "estimate": 25.511263156570674,
        "std": 5.856424673698956
    }
}