{
    "0": {
        "estimate": NaN,
        "std": NaN
    },
    "1": {
        "estimate": 17.08676477526291,
        "std": 3.5343771701875415
    },
    "2": {
        "estimate": 16.568180373426696,
        "std": 3.8535120558503335
    },
    "3": {
        "estimate": 16.95223389923224,
        "std": 4.158715419235075
    },
    "4": {
        "estimate": 18.72829019813708,
        "std": 4.3893428496050655
    },
    "5": {
        "estimate": 17.10878471406139,
        "std": 4.051260387677777
    },
    "6": {
        "estimate": 17.888088102126797,
        "std": 3.9521778307113085
    },
    "7": {
        "estimate": 21.3200524566185,
        "std": 4.757066558268348
    },
    "8": {
        "estimate": 23.045190204612933,
        "std": 5.026625311341742
    },
    "9": {
        "estimate": 21.759346379482555,
        "std": 4.358652512986316
    },
    "10": {
        "estimate": 21.033372799060423,
        "std": 3.9437799310068153
    },
    "11": {
        "estimate": 20.85191019807027,
        "std": 3.89891333611804
    },
    "12": {
        "estimate": 19.655728115626935,
        "std": 3.7316727781026358
    },
    "13": {
        "estimate": 19.533390714164,
        "std": 3.7428345481145606
    },
    "14": {
        "estimate": 21.074828631527815,
        "std": 4.070606016160804
    },
    "15": {
        "estimate": 21.906920931383453,
        "std": 4.192922981559742
    },
    "16": {
        "estimate": 22.141731779966875,
        "std": 4.246859095595119
    },
    "17": {
        "estimate": 22.328974229797154,
        "std": 4.240772833262676
    },
    "18": {
        "estimate": 22.42222088357924,
        "std": 4.235501982300112
    },
    "19": {
        "estimate": 22.342703241026065,
        "std": 4.229991684231077
    },
    "20": {
        "estimate": 22.055899288473636,
        "std": 4.162151342788837
    },
    "21": {
        "estimate": 21.844297547345338,
        "std": 4.203768063546972
    },
    "22": {
        "estimate": 21.76560301497372,
        "std": 4.1574244797925575
    },
    "23": {
        "estimate": 21.31954908032645,
        "std": 4.072441679142035
    },
    "24": {
        "estimate": 21.20441833538089,
        "std": 4.099052930186881
    },
    "25": {
        "estimate": 21.006769143272507,
        "std": 4.121977848283353
    },
    "26": {
        "estimate": 21.222533959576158,
        "std": 4.239279075159517
    },
    "27": {
        "estimate": 21.352140143836067,
        "std": 4.330135911480493
    },
    "28": {
        "estimate": 21.243882276664827,
        "std": 4.388418962953083
    },
    "29": {
        "estimate": 21.259555715819843,
        "std": 4.456422092285047
    },
    "30": {
        "estimate": 21.14874780586049,
        "std": 4.469076310843912
    },
    "31": {
        "estimate": 21.16111826429089,
        "std": 4.479489649820138
    },
    "32": {
        "estimate": 21.235639236060806,
        "std": 4.484567431121567
    },
    "33": {
        "estimate": 21.545769292999168,
        "std": 4.609847921447816
    },
    "34": {
        "estimate": 21.53674214776016,
        "std": 4.586089899297019
    },
    "35": {
        "estimate": 21.70702151743187,
        "std": 4.6546910320422565
    },
    "36": {
        "estimate": 21.719419330330137,
        "std": 4.6575526284699835
    },
    "37": {
        "estimate": 22.079185875886132,
        "std": 4.800028685868169
    },
    "38": {
        "estimate": 22.632159914184,
        "std": 5.038367175560778
    },
    "39": {
        "estimate": 23.44114888304653,
        "std": 5.2534605982101565
    },
    "40": {
        "estimate": 23.723548221517294,
        "std": 5.155172061602932
    }
}