{
    "0": {
        "estimate": Infinity,
        "std": NaN
    },
    "1": {
        "estimate": 13.917727318608161,
        "std": 4.50612062347566
    },
    "2": {
        "estimate": 12.672639015490738,
        "std": 4.37653449915632
    },
    "3": {
        "estimate": 13.132872779435699,
        "std": 4.72465804205557
    },
    "4": {
        "estimate": 12.319368160640261,
        "std": 4.703569028692453
    },
    "5": {
        "estimate": 12.804567644467365,
        "std": 5.070187348760705
    },
    "6": {
        "estimate": 12.660219770079056,
        "std": 5.0533030668157295
    },
    "7": {
        "estimate": 12.570339573714728,
        "std": 5.0647181942703146
    },
    "8": {
        "estimate": 12.585066320911446,
        "std": 4.921094875967045
    },
    "9": {
        "estimate": 12.690072275418322,
        "std": 4.961206545818309
    },
    "10": {
        "estimate": 12.94768714751444,
        "std": 5.0710719003904945
    },
    "11": {
        "estimate": 13.33059447937636,
        "std": 5.246444846460035
    },
    "12": {
        "estimate": 13.69446587563658,
        "std": 5.4720134164493475
    },
    "13": {
        "estimate": 13.729840557826543,
        "std": 5.4560273202182135
    },
    "14": {
        "estimate": 13.866470702450632,
        "std": 5.497762125507433
    },
    "15": {
        "estimate": 14.196190746173233,
        "std": 5.716968711271895
    },
    "16": {
        "estimate": 14.49107276430503,
        "std": 5.793700666511034
    },
    "17": {
        "estimate": 15.488090969809472,
        "std": 6.200104083212215
    },
    "18": {
        "estimate": 15.994099339743297,
        "std": 6.3238580208090704
    },
    "19": {
        "estimate": 15.902234040778437,
        "std": 6.194319890249523
    },
    "20": {
        "estimate": 14.617663744051635,
        "std": 5.395379769575631
    },
    "21": {
        "estimate": 14.811309438011795,
        "std": 5.049408349852432
    },
    "22": {
        "estimate": 14.744858831434563,
        "std": 4.932806119496595
    },
    "23": {
        "estimate": 14.641423515536612,
        "std": 4.9716813228732315
    },
    "24": {
        "estimate": 14.572198428684159,
        "std": 4.910171473939591
    },
    "25": {
        "estimate": 14.622558337862138,
        "std": 4.8904310057058
    },
    "26": {
        "estimate": 14.640718782446038,
        "std": 4.877224255531216
    },
    "27": {
        "estimate": 14.760856385684386,
        "std": 4.910725804614855
    },
    "28": {
        "estimate": 14.647353861898557,
        "std": 4.824405192827809
    },
    "29": {
        "estimate": 15.273236555137007,
        "std": 4.930292536569221
    },
    "30": {
        "estimate": 16.237531821606222,
        "std": 5.672341450907028
    },
    "31": {
        "estimate": 16.74128668759112,
        "std": 6.140603797082522
    },
    "32": {
        "estimate": 17.520033171848873,
        "std": 7.2836317098902095
    }
}