{
    "0": {
        "estimate": Infinity,
        "std": NaN
    },
    "1": {
        "estimate": 14.43745201039049,
        "std": 4.8206292496721375
    },
    "2": {
        "estimate": 13.248836886984698,
        "std": 4.756173538747725
    },
    "3": {
        "estimate": 13.61335766851888,
        "std": 5.0078708619397
    },
    "4": {
        "estimate": 12.79746302064011,
        "std": 4.940199536573937
    },
    "5": {
        "estimate": 13.254185594014002,
        "std": 5.36207697314142
    },
    "6": {
        "estimate": 13.102468779515553,
        "std": 5.300448956672877
    },
    "7": {
        "estimate": 13.063975103729156,
        "std": 5.223072499424025
    },
    "8": {
        "estimate": 13.077072448148435,
        "std": 5.115614086243625
    },
    "9": {
        "estimate": 13.172597206070272,
        "std": 5.11497273460898
    },
    "10": {
        "estimate": 13.40273033518311,
        "std": 5.201716195395191
    },
    "11": {
        "estimate": 13.807530702763097,
        "std": 5.3665550967042535
    },
    "12": {
        "estimate": 14.201708315578749,
        "std": 5.613935192364556
    },
    "13": {
        "estimate": 14.26645833331494,
        "std": 5.6173987975913064
    },
    "14": {
        "estimate": 14.398378367288064,
        "std": 5.644068915168208
    },
    "15": {
        "estimate": 14.716194231920415,
        "std": 5.825718437012023
    },
    "16": {
        "estimate": 14.97605786589469,
        "std": 5.939701537860719
    },
    "17": {
        "estimate": 16.045182296859917,
        "std": 6.378230715865105
    },
    "18": {
        "estimate": 16.570371967980904,
        "std": 6.512715990137938
    },
    "19": {
        "estimate": 16.448679671038978,
        "std": 6.391350207474554
    },
    "20": {
        "estimate": 15.20597306041154,
        "std": 5.5820028561596775
    },
    "21": {
        "estimate": 15.403919287476336,
        "std": 5.33422758470466
    },
    "22": {
        "estimate": 15.308229166955588,
        "std": 5.203196900528491
    },
    "23": {
        "estimate": 15.181285799441294,
        "std": 5.283057757728586
    },
    "24": {
        "estimate": 15.133780499841494,
        "std": 5.161271268164031
    },
    "25": {
        "estimate": 15.169928043128026,
        "std": 5.13331176571655
    },
    "26": {
        "estimate": 15.199757514850502,
        "std": 5.136080286418499
    },
    "27": {
        "estimate": 15.358241333118462,
        "std": 5.209159064040921
    },
    "28": {
        "estimate": 15.21060778918198,
        "std": 5.100401679514331
    },
    "29": {
        "estimate": 15.876552998811473,
        "std": 5.31100124917007
    },
    "30": {
        "estimate": 16.871485652025495,
        "std": 6.1007648827024115
    },
    "31": {
        "estimate": 17.44124546905788,
        "std": 6.593495325071903
    },
    "32": {
        "estimate": 18.26497732172731,
        "std": 7.807958401687258
    }
}