{
    "0": NaN,
    "1": 16.8193302154541,
    "2": 16.186443328857422,
    "3": 16.321531295776367,
    "4": 15.93545913696289,
    "5": 16.168926239013672,
    "6": 15.660723686218262,
    "7": 15.624945640563965,
    "8": 15.913236618041992,
    "9": 16.11323356628418,
    "10": 15.960607528686523,
    "11": 16.26016616821289,
    "12": 16.56456756591797,
    "13": 16.484434127807617,
    "14": 16.635456085205078,
    "15": 17.08209800720215,
    "16": 17.23893165588379,
    "17": 19.14923667907715,
    "18": 20.017738342285156,
    "19": 19.825712203979492,
    "20": 19.168167114257812,
    "21": 19.21912384033203,
    "22": 19.277263641357422,
    "23": 19.21248435974121,
    "24": 19.01288604736328,
    "25": 19.009387969970703,
    "26": 19.01949691772461,
    "27": 19.26289939880371,
    "28": 19.248973846435547,
    "29": 20.407934188842773,
    "30": 20.7292423248291,
    "31": 21.013242721557617,
    "32": 21.00029182434082
}