{
    "0": {
        "estimate": Infinity,
        "std": NaN
    },
    "1": {
        "estimate": 14.962615281549832,
        "std": 9.744783050982232
    },
    "2": {
        "estimate": 15.927045879638102,
        "std": 10.828673190004924
    },
    "3": {
        "estimate": 14.975853596859507,
        "std": 9.917502901630009
    },
    "4": {
        "estimate": 16.203964294485345,
        "std": 11.020209797658453
    },
    "5": {
        "estimate": 16.838589114986018,
        "std": 11.242288857699796
    },
    "6": {
        "estimate": 16.656233199799615,
        "std": 10.740917522687667
    },
    "7": {
        "estimate": 16.598782789194207,
        "std": 10.620689769283093
    },
    "8": {
        "estimate": 17.45695303081242,
        "std": 11.177702962453811
    },
    "9": {
        "estimate": 18.149085979482695,
        "std": 11.306035068362123
    },
    "10": {
        "estimate": 18.596897597297083,
        "std": 11.279513732293356
    },
    "11": {
        "estimate": 18.415048453832277,
        "std": 10.613156584787108
    },
    "12": {
        "estimate": 18.864034268308718,
        "std": 10.27222514387817
    },
    "13": {
        "estimate": 18.707127218178258,
        "std": 10.030044526282882
    },
    "14": {
        "estimate": 18.97994378657945,
        "std": 9.982458078924545
    },
    "15": {
        "estimate": 18.68198934584683,
        "std": 9.857174086375963
    },
    "16": {
        "estimate": 18.703841122278316,
        "std": 9.571079368768054
    },
    "17": {
        "estimate": 18.566832663959836,
        "std": 9.663668813194217
    },
    "18": {
        "estimate": 18.03451687322657,
        "std": 9.673770646873072
    },
    "19": {
        "estimate": 17.797363346572155,
        "std": 9.373902808743965
    },
    "20": {
        "estimate": 17.62821254044207,
        "std": 9.1006660513653
    },
    "21": {
        "estimate": 17.45672162451295,
        "std": 8.74289879997906
    },
    "22": {
        "estimate": 17.554409885703038,
        "std": 8.991393078932166
    },
    "23": {
        "estimate": 17.644619129904946,
        "std": 9.042386972717638
    },
    "24": {
        "estimate": 17.773704934010784,
        "std": 9.019640713071785
    },
    "25": {
        "estimate": 17.87362080997499,
        "std": 9.098791384221226
    },
    "26": {
        "estimate": 17.875354332882893,
        "std": 9.292453619458623
    },
    "27": {
        "estimate": 18.036562543293957,
        "std": 9.349395748994882
    },
    "28": {
        "estimate": 17.565612198652794,
        "std": 9.182621502351479
    },
    "29": {
        "estimate": 17.69613201188086,
        "std": 9.319435471558304
    },
    "30": {
        "estimate": 17.96947735541495,
        "std": 9.451628692243004
    },
    "31": {
        "estimate": 17.903217003228196,
        "std": 9.184055737314981
    },
    "32": {
        "estimate": 17.56889524342575,
        "std": 8.69475165752682
    }
}