{
    "0": {
        "estimate": Infinity,
        "std": NaN
    },
    "1": {
        "estimate": 12.194144586139174,
        "std": 7.435296276460675
    },
    "2": {
        "estimate": 12.333440770846867,
        "std": 8.359875248068608
    },
    "3": {
        "estimate": 15.31913243104666,
        "std": 8.2988884387443
    },
    "4": {
        "estimate": 16.356233088071917,
        "std": 9.796413965933167
    },
    "5": {
        "estimate": 19.417816347085626,
        "std": 10.438612164206203
    },
    "6": {
        "estimate": 22.21313381034179,
        "std": 10.977661710873763
    },
    "7": {
        "estimate": 22.80083585770152,
        "std": 10.355689411707816
    },
    "8": {
        "estimate": 24.239079871781723,
        "std": 10.25230724633441
    },
    "9": {
        "estimate": 25.593192259904196,
        "std": 10.469372794013395
    },
    "10": {
        "estimate": 26.426035628540973,
        "std": 10.309708788098826
    },
    "11": {
        "estimate": 27.994279853477224,
        "std": 9.909857252328921
    },
    "12": {
        "estimate": 28.804284735417202,
        "std": 9.698057261664445
    },
    "13": {
        "estimate": 30.064206941881345,
        "std": 9.15192154510788
    },
    "14": {
        "estimate": 29.882434339607485,
        "std": 8.66093233043455
    },
    "15": {
        "estimate": 31.398426390167593,
        "std": 8.100742395228274
    },
    "16": {
        "estimate": 32.04848609503142,
        "std": 7.501145098998155
    },
    "17": {
        "estimate": 30.682514130978497,
        "std": 6.919224369569973
    },
    "18": {
        "estimate": 30.157475299581616,
        "std": 6.892916417143314
    },
    "19": {
        "estimate": 29.812696707346575,
        "std": 6.6848360691458275
    },
    "20": {
        "estimate": 27.58796142179238,
        "std": 6.073229638877789
    },
    "21": {
        "estimate": 27.54445932153886,
        "std": 6.151573346939182
    },
    "22": {
        "estimate": 27.11823158392322,
        "std": 6.087728504304551
    },
    "23": {
        "estimate": 26.661721148470846,
        "std": 6.071186412847071
    },
    "24": {
        "estimate": 26.803250628967582,
        "std": 6.113406533782652
    },
    "25": {
        "estimate": 27.131438312209678,
        "std": 6.239628829555414
    },
    "26": {
        "estimate": 27.559475396332175,
        "std": 6.571233644481368
    },
    "27": {
        "estimate": 27.996866571340746,
        "std": 6.67499834237785
    },
    "28": {
        "estimate": 27.370452522149094,
        "std": 6.601163150815531
    },
    "29": {
        "estimate": 27.283105574489838,
        "std": 6.843502724337297
    },
    "30": {
        "estimate": 29.326785655352218,
        "std": 7.658188885096788
    },
    "31": {
        "estimate": 29.769143851926515,
        "std": 8.243633442512623
    },
    "32": {
        "estimate": 30.82187032568018,
        "std": 9.09801046381074
    }
}