{
    "0": {
        "estimate": Infinity,
        "std": NaN
    },
    "1": {
        "estimate": 12.067852575260668,
        "std": 11.826758729208477
    },
    "2": {
        "estimate": 11.575173014696862,
        "std": 12.891263683639107
    },
    "3": {
        "estimate": 14.159425102648008,
        "std": 12.439435212522426
    },
    "4": {
        "estimate": 14.977950668289708,
        "std": 13.444079536687708
    },
    "5": {
        "estimate": 18.080874912224036,
        "std": 14.141415413017226
    },
    "6": {
        "estimate": 21.090560568193517,
        "std": 14.903145064812941
    },
    "7": {
        "estimate": 22.515099785099306,
        "std": 14.450028218297408
    },
    "8": {
        "estimate": 24.51180749576688,
        "std": 14.259350138441404
    },
    "9": {
        "estimate": 25.865349963256264,
        "std": 14.524265762379967
    },
    "10": {
        "estimate": 27.021154143205564,
        "std": 14.237633501418923
    },
    "11": {
        "estimate": 29.300846331458388,
        "std": 14.427142979795915
    },
    "12": {
        "estimate": 30.21927709992812,
        "std": 14.291451338180027
    },
    "13": {
        "estimate": 33.092272759069616,
        "std": 13.95407854296028
    },
    "14": {
        "estimate": 33.14085236447851,
        "std": 13.305886180564768
    },
    "15": {
        "estimate": 35.714582437562115,
        "std": 13.666447345140815
    },
    "16": {
        "estimate": 37.17195034091138,
        "std": 13.092079401880861
    },
    "17": {
        "estimate": 36.03899216048777,
        "std": 12.137059624610112
    },
    "18": {
        "estimate": 35.621736878712255,
        "std": 12.112317340432936
    },
    "19": {
        "estimate": 35.09115203662553,
        "std": 11.439829229351782
    },
    "20": {
        "estimate": 33.368975399412726,
        "std": 10.896119458486696
    },
    "21": {
        "estimate": 33.32195280260702,
        "std": 10.827723552445644
    },
    "22": {
        "estimate": 33.08018495264596,
        "std": 10.973220079775373
    },
    "23": {
        "estimate": 32.62986654763915,
        "std": 10.921988628657209
    },
    "24": {
        "estimate": 32.74293672223339,
        "std": 11.072759236293619
    },
    "25": {
        "estimate": 33.42011055042455,
        "std": 11.376862457271924
    },
    "26": {
        "estimate": 33.864221991491,
        "std": 11.44266834631864
    },
    "27": {
        "estimate": 34.420649083254474,
        "std": 11.704911014248436
    },
    "28": {
        "estimate": 33.941171049975765,
        "std": 11.586871045308177
    },
    "29": {
        "estimate": 34.22203069570644,
        "std": 11.941076511032739
    },
    "30": {
        "estimate": 36.47921527473377,
        "std": 12.838563820981982
    },
    "31": {
        "estimate": 37.00123465639911,
        "std": 13.192796778059696
    },
    "32": {
        "estimate": 37.865528012152154,
        "std": 14.629253907443523
    }
}