{
    "0": {
        "estimate": NaN,
        "std": NaN
    },
    "1": {
        "estimate": 15.655216009802173,
        "std": 6.992669505357162
    },
    "2": {
        "estimate": 16.986666743044026,
        "std": 6.666855181383912
    },
    "3": {
        "estimate": 17.675364792473356,
        "std": 6.02664962610135
    },
    "4": {
        "estimate": 16.35263634291253,
        "std": 5.233506034980734
    },
    "5": {
        "estimate": 17.272883569274153,
        "std": 5.512248051847396
    },
    "6": {
        "estimate": 16.699960409509416,
        "std": 5.281401062696812
    },
    "7": {
        "estimate": 16.08062926682469,
        "std": 4.91412018362678
    },
    "8": {
        "estimate": 16.076288746750887,
        "std": 4.788319199403776
    },
    "9": {
        "estimate": 16.111000257777853,
        "std": 4.877413297017273
    },
    "10": {
        "estimate": 16.010495541132634,
        "std": 4.707576556187452
    },
    "11": {
        "estimate": 16.302003057717645,
        "std": 4.928494604123275
    },
    "12": {
        "estimate": 17.024235886076976,
        "std": 4.730794778711688
    },
    "13": {
        "estimate": 17.143760280213243,
        "std": 4.721250762873351
    },
    "14": {
        "estimate": 18.028823825809724,
        "std": 4.7533754362627665
    },
    "15": {
        "estimate": 18.495701495961395,
        "std": 4.949603964192474
    },
    "16": {
        "estimate": 18.446623968250055,
        "std": 4.903702222527288
    },
    "17": {
        "estimate": 18.782364579874827,
        "std": 5.000341291827432
    },
    "18": {
        "estimate": 18.539459865906906,
        "std": 4.963908310595127
    },
    "19": {
        "estimate": 18.084678184096344,
        "std": 4.834536554133373
    },
    "20": {
        "estimate": 17.934943330950446,
        "std": 4.761055604940601
    },
    "21": {
        "estimate": 18.00058458281669,
        "std": 4.7660733615850095
    },
    "22": {
        "estimate": 17.614991838399334,
        "std": 4.698017861145291
    },
    "23": {
        "estimate": 17.75900138198833,
        "std": 4.754280561838998
    },
    "24": {
        "estimate": 18.44488394050217,
        "std": 5.191679832297948
    },
    "25": {
        "estimate": 18.999489503251407,
        "std": 5.50303789423529
    },
    "26": {
        "estimate": 20.43910950182942,
        "std": 6.48382722979817
    },
    "27": {
        "estimate": 20.85049563090167,
        "std": 6.753297112019818
    },
    "28": {
        "estimate": 20.80773313172331,
        "std": 6.77342932184074
    },
    "29": {
        "estimate": 20.468709538358887,
        "std": 6.622481873729292
    },
    "30": {
        "estimate": 20.058415821786404,
        "std": 6.270856083110703
    },
    "31": {
        "estimate": 20.934710078484752,
        "std": 6.52027835631212
    },
    "32": {
        "estimate": 20.566593518819747,
        "std": 6.211691880778574
    }
}