{
    "0": {
        "estimate": NaN,
        "std": NaN
    },
    "1": {
        "estimate": 20.04934095067829,
        "std": 11.389335062449003
    },
    "2": {
        "estimate": 21.28628449762508,
        "std": 11.918085358970727
    },
    "3": {
        "estimate": 21.577872122089495,
        "std": 10.002420348782188
    },
    "4": {
        "estimate": 20.720981438711444,
        "std": 8.862348207777424
    },
    "5": {
        "estimate": 21.88602202508088,
        "std": 9.474298206266814
    },
    "6": {
        "estimate": 21.37605429803948,
        "std": 8.922302496919682
    },
    "7": {
        "estimate": 20.56806621772364,
        "std": 8.189952877981627
    },
    "8": {
        "estimate": 20.589645728976905,
        "std": 8.391655315064229
    },
    "9": {
        "estimate": 20.53558397278287,
        "std": 8.34262671586802
    },
    "10": {
        "estimate": 20.168117075397912,
        "std": 8.078430410574908
    },
    "11": {
        "estimate": 20.372636861508038,
        "std": 8.60498854918706
    },
    "12": {
        "estimate": 21.113365829968146,
        "std": 8.282194837998848
    },
    "13": {
        "estimate": 21.24535607859682,
        "std": 8.400652908601678
    },
    "14": {
        "estimate": 22.184885495136186,
        "std": 8.601549566202708
    },
    "15": {
        "estimate": 22.56843499092201,
        "std": 8.893712228681379
    },
    "16": {
        "estimate": 22.318447771322976,
        "std": 8.627623078202761
    },
    "17": {
        "estimate": 22.698323378729697,
        "std": 8.840595782807728
    },
    "18": {
        "estimate": 22.706544061894903,
        "std": 9.115750209985986
    },
    "19": {
        "estimate": 22.26365489043611,
        "std": 8.780537547930097
    },
    "20": {
        "estimate": 22.201419053492998,
        "std": 8.754782688854885
    },
    "21": {
        "estimate": 22.27107249948047,
        "std": 8.778801991982618
    },
    "22": {
        "estimate": 21.91927454536664,
        "std": 8.586901340649696
    },
    "23": {
        "estimate": 22.088797351193573,
        "std": 8.608500139412333
    },
    "24": {
        "estimate": 22.93351312785754,
        "std": 9.152238661034579
    },
    "25": {
        "estimate": 23.65969031765984,
        "std": 9.460606616230622
    },
    "26": {
        "estimate": 25.38004383679266,
        "std": 10.690314752444484
    },
    "27": {
        "estimate": 25.81351093461294,
        "std": 10.839372556430448
    },
    "28": {
        "estimate": 25.825967299937602,
        "std": 10.880952311666825
    },
    "29": {
        "estimate": 25.642312304337846,
        "std": 10.849089310616446
    },
    "30": {
        "estimate": 25.363329992577924,
        "std": 10.545707567068312
    },
    "31": {
        "estimate": 26.2290973035006,
        "std": 10.909080182394867
    },
    "32": {
        "estimate": 25.748673002877172,
        "std": 10.662341313961953
    }
}