{
    "0": {
        "estimate": NaN,
        "std": NaN
    },
    "1": {
        "estimate": 18.54364058993112,
        "std": 9.55534492697819
    },
    "2": {
        "estimate": 19.78149615490432,
        "std": 9.312026300539634
    },
    "3": {
        "estimate": 20.293873144599342,
        "std": 8.186782861931862
    },
    "4": {
        "estimate": 19.127224772708974,
        "std": 6.971566058224181
    },
    "5": {
        "estimate": 20.27946546448498,
        "std": 7.607379350642221
    },
    "6": {
        "estimate": 19.682574901269227,
        "std": 6.970588298875377
    },
    "7": {
        "estimate": 19.028609240730425,
        "std": 6.617127055176828
    },
    "8": {
        "estimate": 18.928162695404946,
        "std": 6.570920150936656
    },
    "9": {
        "estimate": 18.938872904715097,
        "std": 6.931456596960056
    },
    "10": {
        "estimate": 18.69326720317685,
        "std": 6.465908410033637
    },
    "11": {
        "estimate": 18.95104054515269,
        "std": 6.9133553306416005
    },
    "12": {
        "estimate": 19.608344569602952,
        "std": 6.580254391312756
    },
    "13": {
        "estimate": 19.769536792195606,
        "std": 6.619653350108808
    },
    "14": {
        "estimate": 20.717968935159615,
        "std": 6.8184893806704245
    },
    "15": {
        "estimate": 21.041494521135863,
        "std": 6.988210579213613
    },
    "16": {
        "estimate": 20.991697585663847,
        "std": 6.9359653420061855
    },
    "17": {
        "estimate": 21.313349397460605,
        "std": 7.019079358667967
    },
    "18": {
        "estimate": 21.217462049764872,
        "std": 7.066339936645834
    },
    "19": {
        "estimate": 20.815820522825824,
        "std": 6.917866836230962
    },
    "20": {
        "estimate": 20.63946959982177,
        "std": 6.744045442098804
    },
    "21": {
        "estimate": 20.69755154598491,
        "std": 6.748333158213108
    },
    "22": {
        "estimate": 20.340770569830564,
        "std": 6.565211955110444
    },
    "23": {
        "estimate": 20.540645088852827,
        "std": 6.672300931390994
    },
    "24": {
        "estimate": 21.345091635354976,
        "std": 7.225224851982815
    },
    "25": {
        "estimate": 22.01924833724331,
        "std": 7.395160584663922
    },
    "26": {
        "estimate": 23.75835854152454,
        "std": 8.633335177793246
    },
    "27": {
        "estimate": 24.116579643133196,
        "std": 8.789473069067634
    },
    "28": {
        "estimate": 24.18278229022707,
        "std": 8.91228274124184
    },
    "29": {
        "estimate": 23.946101022736684,
        "std": 8.745168865499101
    },
    "30": {
        "estimate": 23.507792922473932,
        "std": 8.422972999111972
    },
    "31": {
        "estimate": 24.42292836843288,
        "std": 8.71741813953247
    },
    "32": {
        "estimate": 23.90135455951722,
        "std": 8.380907707898576
    }
}