{
    "0": {
        "estimate": NaN,
        "std": NaN
    },
    "1": {
        "estimate": 15.562556946657592,
        "std": 3.473249182824899
    },
    "2": {
        "estimate": 17.636354667780978,
        "std": 3.7829859000008845
    },
    "3": {
        "estimate": 18.536772022360736,
        "std": 4.369704139091914
    },
    "4": {
        "estimate": 22.11689294238806,
        "std": 5.161886042836576
    },
    "5": {
        "estimate": 24.571338499287386,
        "std": 5.451206027039998
    },
    "6": {
        "estimate": 27.601580070676754,
        "std": 5.92153593250829
    },
    "7": {
        "estimate": 29.122318193270544,
        "std": 6.0429443535347005
    },
    "8": {
        "estimate": 29.290115605348394,
        "std": 6.444682950603621
    },
    "9": {
        "estimate": 30.245241183842364,
        "std": 6.406361937848549
    },
    "10": {
        "estimate": 30.220661354451686,
        "std": 6.430763611803936
    },
    "11": {
        "estimate": 30.41523986734949,
        "std": 6.454869267780215
    },
    "12": {
        "estimate": 30.477334770014114,
        "std": 6.5660874864941645
    },
    "13": {
        "estimate": 31.284380438961694,
        "std": 6.881567307660516
    },
    "14": {
        "estimate": 31.31420978561194,
        "std": 6.7196440138460325
    },
    "15": {
        "estimate": 30.55481405263776,
        "std": 6.516563197241223
    },
    "16": {
        "estimate": 29.77033310131922,
        "std": 6.372480777810337
    },
    "17": {
        "estimate": 28.361903371318967,
        "std": 5.983088384113514
    },
    "18": {
        "estimate": 27.97713126327225,
        "std": 5.883870682691166
    },
    "19": {
        "estimate": 27.239049062287005,
        "std": 5.594329160668344
    },
    "20": {
        "estimate": 27.30081340320484,
        "std": 5.688232323670943
    },
    "21": {
        "estimate": 27.1340673958107,
        "std": 5.613919070448157
    },
    "22": {
        "estimate": 26.911469240281864,
        "std": 5.548916378533705
    },
    "23": {
        "estimate": 27.037781229354117,
        "std": 5.56766496773837
    },
    "24": {
        "estimate": 27.192693559737386,
        "std": 5.630805710441214
    },
    "25": {
        "estimate": 27.75418260995194,
        "std": 5.829875707858616
    },
    "26": {
        "estimate": 27.899129238956874,
        "std": 5.847341695291203
    },
    "27": {
        "estimate": 28.583613523626806,
        "std": 6.074854923165116
    },
    "28": {
        "estimate": 28.638676002826692,
        "std": 6.051563366782748
    },
    "29": {
        "estimate": 29.015331079475715,
        "std": 6.0686271031613
    },
    "30": {
        "estimate": 30.105426290373188,
        "std": 6.369682306170449
    },
    "31": {
        "estimate": 29.853872484256296,
        "std": 6.329837541766249
    },
    "32": {
        "estimate": 24.105848686678776,
        "std": 5.620521796423398
    }
}