{
    "0": {
        "estimate": NaN,
        "std": NaN
    },
    "1": {
        "estimate": 13.393615422212074,
        "std": 2.8060605538917325
    },
    "2": {
        "estimate": 15.32450069481993,
        "std": 3.08402686114816
    },
    "3": {
        "estimate": 16.223228980441267,
        "std": 3.568890976074759
    },
    "4": {
        "estimate": 19.48793122930496,
        "std": 4.236338385600041
    },
    "5": {
        "estimate": 21.80532363350289,
        "std": 4.518613852554844
    },
    "6": {
        "estimate": 24.506338668431873,
        "std": 4.833236091866866
    },
    "7": {
        "estimate": 26.08252914286932,
        "std": 4.860112741378014
    },
    "8": {
        "estimate": 26.15908473961386,
        "std": 5.1901419240808835
    },
    "9": {
        "estimate": 27.08388681348305,
        "std": 5.15013699293682
    },
    "10": {
        "estimate": 27.13781770695133,
        "std": 5.180824334582427
    },
    "11": {
        "estimate": 27.37745292864711,
        "std": 5.12625078477189
    },
    "12": {
        "estimate": 27.5614012666265,
        "std": 5.194634785527899
    },
    "13": {
        "estimate": 28.427122553956405,
        "std": 5.5451601972873785
    },
    "14": {
        "estimate": 28.530462672013492,
        "std": 5.504954064480292
    },
    "15": {
        "estimate": 27.713379012688463,
        "std": 5.237207184081681
    },
    "16": {
        "estimate": 26.94249718236133,
        "std": 5.134253392658836
    },
    "17": {
        "estimate": 25.70021288994303,
        "std": 4.799743013422792
    },
    "18": {
        "estimate": 25.225596779703682,
        "std": 4.646704335270282
    },
    "19": {
        "estimate": 24.519116274959227,
        "std": 4.448463218637931
    },
    "20": {
        "estimate": 24.612079100360546,
        "std": 4.517196285321058
    },
    "21": {
        "estimate": 24.366206402440337,
        "std": 4.4306615454977285
    },
    "22": {
        "estimate": 24.167701107556017,
        "std": 4.46034208869506
    },
    "23": {
        "estimate": 24.28272355324604,
        "std": 4.457304785953184
    },
    "24": {
        "estimate": 24.38706723626936,
        "std": 4.481531890646272
    },
    "25": {
        "estimate": 24.843697964171106,
        "std": 4.615771179131344
    },
    "26": {
        "estimate": 24.966498192177422,
        "std": 4.613564361452855
    },
    "27": {
        "estimate": 25.56460677961982,
        "std": 4.802516429741947
    },
    "28": {
        "estimate": 25.614203335458296,
        "std": 4.812878486836578
    },
    "29": {
        "estimate": 25.9197217085383,
        "std": 4.853621748667368
    },
    "30": {
        "estimate": 26.862827389925393,
        "std": 5.076735379119342
    },
    "31": {
        "estimate": 26.697406238109757,
        "std": 5.054128610827762
    },
    "32": {
        "estimate": 21.1073305965247,
        "std": 4.534802817191741
    }
}