{
    "0": NaN,
    "1": 22.819969177246094,
    "2": 25.73316192626953,
    "3": 26.428489685058594,
    "4": 30.309398651123047,
    "5": 33.5747184753418,
    "6": 37.73099899291992,
    "7": 39.36650466918945,
    "8": 39.055381774902344,
    "9": 40.54291534423828,
    "10": 39.76082229614258,
    "11": 39.924137115478516,
    "12": 40.07804489135742,
    "13": 40.29244613647461,
    "14": 39.329097747802734,
    "15": 38.237918853759766,
    "16": 36.81688690185547,
    "17": 34.37895584106445,
    "18": 33.69424819946289,
    "19": 33.05531311035156,
    "20": 32.08852005004883,
    "21": 32.60332489013672,
    "22": 33.14304733276367,
    "23": 33.81079864501953,
    "24": 34.0441780090332,
    "25": 34.70549011230469,
    "26": 34.930419921875,
    "27": 35.557373046875,
    "28": 35.70380783081055,
    "29": 35.98388671875,
    "30": 36.42758560180664,
    "31": 37.132476806640625,
    "32": 33.49787521362305
}