{
    "0": {
        "estimate": Infinity,
        "std": NaN
    },
    "1": {
        "estimate": 12.338118406357856,
        "std": 11.640804811142889
    },
    "2": {
        "estimate": 12.108560899636537,
        "std": 13.161577594583326
    },
    "3": {
        "estimate": 14.790299688003335,
        "std": 12.704675738126246
    },
    "4": {
        "estimate": 16.448878679805453,
        "std": 14.143026956216401
    },
    "5": {
        "estimate": 20.59675985467288,
        "std": 14.642071484538667
    },
    "6": {
        "estimate": 28.47335106428772,
        "std": 15.950765873107255
    },
    "7": {
        "estimate": 30.07878239401941,
        "std": 15.868268173731773
    },
    "8": {
        "estimate": 30.788434616454854,
        "std": 15.714388978593732
    },
    "9": {
        "estimate": 30.576938834629075,
        "std": 15.355977006319772
    },
    "10": {
        "estimate": 31.565389692866912,
        "std": 15.470233276356648
    },
    "11": {
        "estimate": 32.91400067978889,
        "std": 15.628883343509896
    },
    "12": {
        "estimate": 33.62313995645217,
        "std": 15.708341319848182
    },
    "13": {
        "estimate": 33.585405321172715,
        "std": 15.156098421379237
    },
    "14": {
        "estimate": 33.4198140472573,
        "std": 14.782693610934565
    },
    "15": {
        "estimate": 33.38098226006327,
        "std": 14.651130583236418
    },
    "16": {
        "estimate": 34.06465676590645,
        "std": 15.647546090363601
    },
    "17": {
        "estimate": 33.41195839995987,
        "std": 15.608753365238305
    },
    "18": {
        "estimate": 32.89162765969449,
        "std": 15.53538101454597
    },
    "19": {
        "estimate": 33.10691388150505,
        "std": 16.21309325951667
    },
    "20": {
        "estimate": 33.10649426994581,
        "std": 16.04517408278078
    },
    "21": {
        "estimate": 32.356713337702196,
        "std": 15.137912564898953
    },
    "22": {
        "estimate": 32.164717233274445,
        "std": 15.184327603372692
    },
    "23": {
        "estimate": 32.09076213638321,
        "std": 15.413723389575612
    },
    "24": {
        "estimate": 31.998353017325954,
        "std": 14.936375881419217
    },
    "25": {
        "estimate": 32.29247368566709,
        "std": 15.563734736079576
    },
    "26": {
        "estimate": 32.77310996873565,
        "std": 15.876354248465491
    },
    "27": {
        "estimate": 33.28640121974816,
        "std": 16.213038337166648
    },
    "28": {
        "estimate": 33.14003343400548,
        "std": 16.210662987373098
    },
    "29": {
        "estimate": 34.3753518877796,
        "std": 16.667163930719973
    },
    "30": {
        "estimate": 35.573582988798854,
        "std": 16.645589273515984
    },
    "31": {
        "estimate": 36.97314439678093,
        "std": 17.065229844118207
    },
    "32": {
        "estimate": 37.31050399069418,
        "std": 16.14695991152291
    }
}