{
    "0": {
        "estimate": Infinity,
        "std": NaN
    },
    "1": {
        "estimate": 17.789939722740332,
        "std": 4.688505604608198
    },
    "2": {
        "estimate": 18.347198354313523,
        "std": 4.833564491277114
    },
    "3": {
        "estimate": 18.878226152566707,
        "std": 5.17423201038298
    },
    "4": {
        "estimate": 20.80560537821669,
        "std": 6.64616129223057
    },
    "5": {
        "estimate": 18.384709137033077,
        "std": 6.3901013226564585
    },
    "6": {
        "estimate": 17.23427124768057,
        "std": 6.198361324902552
    },
    "7": {
        "estimate": 17.03231503792333,
        "std": 6.168346630409619
    },
    "8": {
        "estimate": 17.320508796688834,
        "std": 6.229042999132359
    },
    "9": {
        "estimate": 19.51768750800122,
        "std": 6.642930117621896
    },
    "10": {
        "estimate": 19.989022951682262,
        "std": 6.39222475713042
    },
    "11": {
        "estimate": 20.974459890776103,
        "std": 6.615448003179712
    },
    "12": {
        "estimate": 21.797141239687868,
        "std": 6.636561406052381
    },
    "13": {
        "estimate": 21.72623208710031,
        "std": 6.4901260640283684
    },
    "14": {
        "estimate": 22.030123438952064,
        "std": 6.449535589142529
    },
    "15": {
        "estimate": 22.517675130488286,
        "std": 6.663577244055903
    },
    "16": {
        "estimate": 22.953318144948618,
        "std": 6.5651124328947885
    },
    "17": {
        "estimate": 23.247533024055873,
        "std": 6.516093372782991
    },
    "18": {
        "estimate": 22.927156263172872,
        "std": 6.276879270666778
    },
    "19": {
        "estimate": 22.724902643420357,
        "std": 6.171002954993724
    },
    "20": {
        "estimate": 22.58606457382249,
        "std": 6.149673242167989
    },
    "21": {
        "estimate": 22.32240247753161,
        "std": 6.003195789117292
    },
    "22": {
        "estimate": 22.23026514486565,
        "std": 5.951026496581189
    },
    "23": {
        "estimate": 22.06821877654806,
        "std": 5.902981406598529
    },
    "24": {
        "estimate": 22.033057375344793,
        "std": 5.856046233342943
    },
    "25": {
        "estimate": 22.03566090608434,
        "std": 5.913900956404526
    },
    "26": {
        "estimate": 22.014055478016573,
        "std": 5.949295954970345
    },
    "27": {
        "estimate": 22.033351919734773,
        "std": 5.942650733085658
    },
    "28": {
        "estimate": 22.178160042588726,
        "std": 5.97706316619234
    },
    "29": {
        "estimate": 22.342589341141633,
        "std": 6.0622973536697895
    },
    "30": {
        "estimate": 22.26575018502054,
        "std": 6.021670947251539
    },
    "31": {
        "estimate": 22.350187797840285,
        "std": 6.015951201005668
    },
    "32": {
        "estimate": 21.647994451597903,
        "std": 5.470929718245097
    }
}