{
    "0": {
        "estimate": Infinity,
        "std": NaN
    },
    "1": {
        "estimate": 18.280010565042023,
        "std": 8.606641669025134
    },
    "2": {
        "estimate": 19.14099813886216,
        "std": 8.983002085806257
    },
    "3": {
        "estimate": 18.91824907304732,
        "std": 10.143583780491975
    },
    "4": {
        "estimate": 20.582752780270255,
        "std": 11.973453333644303
    },
    "5": {
        "estimate": 18.122324628616234,
        "std": 10.425758445550834
    },
    "6": {
        "estimate": 16.916100850096978,
        "std": 9.706874827051122
    },
    "7": {
        "estimate": 16.74498230246835,
        "std": 9.377961794544198
    },
    "8": {
        "estimate": 17.25129499100236,
        "std": 9.455967576292258
    },
    "9": {
        "estimate": 19.505536512416118,
        "std": 10.063267659907043
    },
    "10": {
        "estimate": 20.500061885398186,
        "std": 10.53034430408168
    },
    "11": {
        "estimate": 21.618031189928786,
        "std": 11.091425288744059
    },
    "12": {
        "estimate": 22.675990339886194,
        "std": 11.584852675080878
    },
    "13": {
        "estimate": 22.595683739057236,
        "std": 11.504181987731624
    },
    "14": {
        "estimate": 22.895609141679813,
        "std": 11.530226402228756
    },
    "15": {
        "estimate": 23.030203315430985,
        "std": 11.743100432191891
    },
    "16": {
        "estimate": 23.361627921532346,
        "std": 11.690821168456475
    },
    "17": {
        "estimate": 23.832046997404394,
        "std": 11.718792804434397
    },
    "18": {
        "estimate": 23.692882310742974,
        "std": 11.652791286295164
    },
    "19": {
        "estimate": 23.684656341243716,
        "std": 11.60450831856793
    },
    "20": {
        "estimate": 23.557837062004253,
        "std": 11.594477608180574
    },
    "21": {
        "estimate": 23.462352614865967,
        "std": 11.359805989264293
    },
    "22": {
        "estimate": 23.445012842996263,
        "std": 11.305868713298878
    },
    "23": {
        "estimate": 23.42181364430646,
        "std": 11.253290649964436
    },
    "24": {
        "estimate": 23.34788756103692,
        "std": 11.126360702445156
    },
    "25": {
        "estimate": 23.30982089539079,
        "std": 11.026502528615085
    },
    "26": {
        "estimate": 23.36843016425125,
        "std": 11.056824585321221
    },
    "27": {
        "estimate": 23.384306575709278,
        "std": 10.954423048623234
    },
    "28": {
        "estimate": 23.596453270811896,
        "std": 11.193330981896073
    },
    "29": {
        "estimate": 23.78795383380905,
        "std": 11.224580839284648
    },
    "30": {
        "estimate": 23.78975484109937,
        "std": 11.042827847228915
    },
    "31": {
        "estimate": 23.877650414670125,
        "std": 11.177379624678442
    },
    "32": {
        "estimate": 23.585398624956987,
        "std": 10.381957192443492
    }
}