{
    "0": NaN,
    "1": 5.907517910003662,
    "2": 6.730428218841553,
    "3": 5.233733177185059,
    "4": 5.061637878417969,
    "5": 5.2474870681762695,
    "6": 5.092214107513428,
    "7": 5.555567741394043,
    "8": 6.271413326263428,
    "9": 7.607071399688721,
    "10": 8.435334205627441,
    "11": 8.832468032836914,
    "12": 8.888371467590332,
    "13": 8.715703010559082,
    "14": 8.844412803649902,
    "15": 8.07397747039795,
    "16": 8.235952377319336,
    "17": 9.33922290802002,
    "18": 9.444877624511719,
    "19": 9.47022819519043,
    "20": 9.307820320129395,
    "21": 9.438929557800293,
    "22": 9.456436157226562,
    "23": 9.492368698120117,
    "24": 9.540867805480957,
    "25": 9.603059768676758,
    "26": 9.660805702209473,
    "27": 9.710066795349121,
    "28": 9.690070152282715,
    "29": 9.73330307006836,
    "30": 9.857245445251465,
    "31": 9.841806411743164,
    "32": 10.930815696716309
}