{
    "0": {
        "estimate": NaN,
        "std": NaN
    },
    "1": {
        "estimate": 16.765568352872197,
        "std": 5.154782398812458
    },
    "2": {
        "estimate": 17.566002851512707,
        "std": 5.418817228100656
    },
    "3": {
        "estimate": 20.34029550984115,
        "std": 6.287966273260995
    },
    "4": {
        "estimate": 20.71307767532155,
        "std": 6.601752495700846
    },
    "5": {
        "estimate": 22.313621673868912,
        "std": 7.265379567706792
    },
    "6": {
        "estimate": 22.468658905610944,
        "std": 7.271348570213339
    },
    "7": {
        "estimate": 24.586737356831303,
        "std": 7.721573633186467
    },
    "8": {
        "estimate": 25.85298899607658,
        "std": 8.042360536239686
    },
    "9": {
        "estimate": 28.03834338984543,
        "std": 8.769443663491675
    },
    "10": {
        "estimate": 29.21278980922062,
        "std": 9.29386074685024
    },
    "11": {
        "estimate": 29.071115550057403,
        "std": 8.972514815929278
    },
    "12": {
        "estimate": 30.024282079533283,
        "std": 9.108454484867277
    },
    "13": {
        "estimate": 30.646312114106504,
        "std": 8.516476730712615
    },
    "14": {
        "estimate": 30.4728938782727,
        "std": 7.844098337979829
    },
    "15": {
        "estimate": 29.54698758279843,
        "std": 7.391561419029389
    },
    "16": {
        "estimate": 28.346084077744383,
        "std": 7.218049395595535
    },
    "17": {
        "estimate": 25.272951566448075,
        "std": 6.459596562642084
    },
    "18": {
        "estimate": 24.29053291108479,
        "std": 6.264448884237981
    },
    "19": {
        "estimate": 22.491069089782012,
        "std": 5.913428233695834
    },
    "20": {
        "estimate": 21.8177866850803,
        "std": 5.821756195709735
    },
    "21": {
        "estimate": 19.731692585262884,
        "std": 5.657701937543941
    },
    "22": {
        "estimate": 18.691786959757028,
        "std": 5.673660900049919
    },
    "23": {
        "estimate": 18.409295510631402,
        "std": 5.6895196821691725
    },
    "24": {
        "estimate": 17.943403069589905,
        "std": 5.6584256815132905
    },
    "25": {
        "estimate": 17.354107440695405,
        "std": 5.5782453734964585
    },
    "26": {
        "estimate": 17.25873307724262,
        "std": 5.5867324192390075
    },
    "27": {
        "estimate": 17.375636541854906,
        "std": 5.653307354556988
    },
    "28": {
        "estimate": 17.51289116141987,
        "std": 5.749200250488736
    },
    "29": {
        "estimate": 17.53753227005194,
        "std": 5.752892528364935
    },
    "30": {
        "estimate": 17.815924333627326,
        "std": 5.791298838537402
    },
    "31": {
        "estimate": 17.97978213568355,
        "std": 5.858212154416599
    },
    "32": {
        "estimate": 17.928143645474055,
        "std": 5.9207537999475415
    }
}