{
    "0": {
        "estimate": NaN,
        "std": NaN
    },
    "1": {
        "estimate": 18.230891743516903,
        "std": 6.730286906382608
    },
    "2": {
        "estimate": 19.564712258882384,
        "std": 7.119455314172626
    },
    "3": {
        "estimate": 19.864658758274746,
        "std": 7.516366511626949
    },
    "4": {
        "estimate": 18.86449461699984,
        "std": 7.307886309984648
    },
    "5": {
        "estimate": 19.5508643206608,
        "std": 7.6782022308391005
    },
    "6": {
        "estimate": 19.880139510044508,
        "std": 8.315936866255807
    },
    "7": {
        "estimate": 18.723298602353374,
        "std": 7.960309187673406
    },
    "8": {
        "estimate": 18.906790587483776,
        "std": 8.002931059833601
    },
    "9": {
        "estimate": 19.368748544092757,
        "std": 8.185592170547928
    },
    "10": {
        "estimate": 19.877512836545637,
        "std": 8.299663585851727
    },
    "11": {
        "estimate": 20.290037277735085,
        "std": 8.65765090894794
    },
    "12": {
        "estimate": 20.34605707646741,
        "std": 8.071705870861978
    },
    "13": {
        "estimate": 20.231776056830316,
        "std": 7.855863061714671
    },
    "14": {
        "estimate": 19.949329491343136,
        "std": 7.492759474400809
    },
    "15": {
        "estimate": 19.558795634612814,
        "std": 7.279821080882184
    },
    "16": {
        "estimate": 19.122688079529325,
        "std": 6.965293490205385
    },
    "17": {
        "estimate": 18.936242527373448,
        "std": 6.853107801745006
    },
    "18": {
        "estimate": 18.902321663239114,
        "std": 6.770115123454461
    },
    "19": {
        "estimate": 18.610882460899308,
        "std": 6.649684673873788
    },
    "20": {
        "estimate": 19.172328882559306,
        "std": 6.942639478238659
    },
    "21": {
        "estimate": 20.047220192226504,
        "std": 7.664843698532244
    },
    "22": {
        "estimate": 21.44876270801319,
        "std": 8.876035473846965
    },
    "23": {
        "estimate": 22.322369034125238,
        "std": 9.822952119112397
    },
    "24": {
        "estimate": 22.64965349903074,
        "std": 10.115265848176023
    },
    "25": {
        "estimate": 24.116313319911868,
        "std": 12.051629474720768
    },
    "26": {
        "estimate": 24.305214704347303,
        "std": 12.244440375238636
    },
    "27": {
        "estimate": 25.238403940390082,
        "std": 13.431647235027356
    },
    "28": {
        "estimate": 25.066610881232542,
        "std": 13.182621395406445
    },
    "29": {
        "estimate": 24.75351304317944,
        "std": 12.800564755546105
    },
    "30": {
        "estimate": 25.124128777388705,
        "std": 13.109495621559649
    },
    "31": {
        "estimate": 23.971508990329284,
        "std": 12.334642404439471
    },
    "32": {
        "estimate": 23.044434979979304,
        "std": 11.93797676342638
    }
}