{
    "0": {
        "estimate": NaN,
        "std": NaN
    },
    "1": {
        "estimate": 12.242521673187467,
        "std": 4.045460486047669
    },
    "2": {
        "estimate": 9.206841281190904,
        "std": 5.360887695852437
    },
    "3": {
        "estimate": 10.594503220286027,
        "std": 5.605916478466983
    },
    "4": {
        "estimate": 11.159899073616446,
        "std": 5.375448477433972
    },
    "5": {
        "estimate": 13.243409446536493,
        "std": 6.632045137435572
    },
    "6": {
        "estimate": 13.047078200235104,
        "std": 5.932987387619862
    },
    "7": {
        "estimate": 13.441936062988182,
        "std": 5.722733218049818
    },
    "8": {
        "estimate": 13.803132518692621,
        "std": 5.852785452224107
    },
    "9": {
        "estimate": 14.37053941453817,
        "std": 6.006218087313883
    },
    "10": {
        "estimate": 14.689084494468721,
        "std": 6.004640836190416
    },
    "11": {
        "estimate": 14.770988055889513,
        "std": 6.025462632446971
    },
    "12": {
        "estimate": 14.943404725789215,
        "std": 6.0795438157347865
    },
    "13": {
        "estimate": 15.656764606537553,
        "std": 6.347016577685234
    },
    "14": {
        "estimate": 16.469359699491356,
        "std": 6.690355036079097
    },
    "15": {
        "estimate": 17.651160529557608,
        "std": 7.215480198946676
    },
    "16": {
        "estimate": 17.89008410580256,
        "std": 7.229202736599578
    },
    "17": {
        "estimate": 17.657101156540048,
        "std": 6.95768577563679
    },
    "18": {
        "estimate": 17.12498376576572,
        "std": 6.5071106381037636
    },
    "19": {
        "estimate": 16.538386793081457,
        "std": 6.063064339069687
    },
    "20": {
        "estimate": 16.713997435472564,
        "std": 6.190268979491285
    },
    "21": {
        "estimate": 16.540299284205876,
        "std": 6.014549294411922
    },
    "22": {
        "estimate": 16.77969980431003,
        "std": 6.104934399614454
    },
    "23": {
        "estimate": 16.74571002183078,
        "std": 5.965862919960629
    },
    "24": {
        "estimate": 16.57376255739543,
        "std": 5.766002371113667
    },
    "25": {
        "estimate": 16.905877555557755,
        "std": 5.921122259705897
    },
    "26": {
        "estimate": 17.047576067844744,
        "std": 5.946796178288028
    },
    "27": {
        "estimate": 17.34837247220605,
        "std": 5.972120864778401
    },
    "28": {
        "estimate": 17.346267835326792,
        "std": 5.90175823160861
    },
    "29": {
        "estimate": 17.509977170216754,
        "std": 5.937525765158178
    },
    "30": {
        "estimate": 17.688671851231863,
        "std": 6.014789876572086
    },
    "31": {
        "estimate": 16.57081567294097,
        "std": 6.570214129357036
    },
    "32": {
        "estimate": 17.666192237414407,
        "std": 5.070568819045656
    }
}