{
    "0": {
        "estimate": NaN,
        "std": NaN
    },
    "1": {
        "estimate": 15.367291743774334,
        "std": 7.0538715584252305
    },
    "2": {
        "estimate": 12.118453981472612,
        "std": 8.52335093390316
    },
    "3": {
        "estimate": 12.06285836504281,
        "std": 7.397318227442915
    },
    "4": {
        "estimate": 12.618248453558936,
        "std": 7.579488607316429
    },
    "5": {
        "estimate": 13.612554516948533,
        "std": 9.324726870699239
    },
    "6": {
        "estimate": 13.344951437113737,
        "std": 8.567005906650204
    },
    "7": {
        "estimate": 13.950638054980297,
        "std": 8.790042718386175
    },
    "8": {
        "estimate": 14.127330036665615,
        "std": 9.287147127101557
    },
    "9": {
        "estimate": 14.458873528279199,
        "std": 9.36195520246
    },
    "10": {
        "estimate": 14.511794400953065,
        "std": 9.3377176844904
    },
    "11": {
        "estimate": 14.557747184368898,
        "std": 9.414035444318989
    },
    "12": {
        "estimate": 14.642088157731347,
        "std": 9.486656641890749
    },
    "13": {
        "estimate": 15.562541344613681,
        "std": 9.745619746402514
    },
    "14": {
        "estimate": 17.44572180136759,
        "std": 9.625180874779382
    },
    "15": {
        "estimate": 20.185295155589596,
        "std": 10.092104857529696
    },
    "16": {
        "estimate": 21.066301259221838,
        "std": 10.274051266582841
    },
    "17": {
        "estimate": 21.212513473851136,
        "std": 10.195908991421579
    },
    "18": {
        "estimate": 21.2298797801736,
        "std": 10.17386624205289
    },
    "19": {
        "estimate": 21.28379570375574,
        "std": 10.087126815302433
    },
    "20": {
        "estimate": 21.36860118526732,
        "std": 10.272465895310939
    },
    "21": {
        "estimate": 21.42097881839918,
        "std": 10.199789652753733
    },
    "22": {
        "estimate": 21.757917739100467,
        "std": 10.577203577928074
    },
    "23": {
        "estimate": 21.80468305474891,
        "std": 10.503704319327547
    },
    "24": {
        "estimate": 21.760472486196498,
        "std": 10.5331141915877
    },
    "25": {
        "estimate": 22.07356455749792,
        "std": 10.87996273523974
    },
    "26": {
        "estimate": 22.142778730847848,
        "std": 10.886952328391226
    },
    "27": {
        "estimate": 22.528832342907922,
        "std": 11.352694471164456
    },
    "28": {
        "estimate": 22.329477399935808,
        "std": 11.277139480883372
    },
    "29": {
        "estimate": 22.567506813347304,
        "std": 11.616842579431925
    },
    "30": {
        "estimate": 22.575935323057223,
        "std": 11.67060851677309
    },
    "31": {
        "estimate": 22.285751455209578,
        "std": 10.977181709036271
    },
    "32": {
        "estimate": 21.810372161551616,
        "std": 11.192336180061364
    }
}