{
    "0": {
        "estimate": NaN,
        "std": NaN
    },
    "1": {
        "estimate": 15.650880695990569,
        "std": 5.522389011790046
    },
    "2": {
        "estimate": 14.774583808974464,
        "std": 7.155861444817442
    },
    "3": {
        "estimate": 19.280505057349277,
        "std": 6.49653775644398
    },
    "4": {
        "estimate": 21.392912152773672,
        "std": 7.107965871655514
    },
    "5": {
        "estimate": 22.962651239064197,
        "std": 7.4800210022183204
    },
    "6": {
        "estimate": 24.765395795278305,
        "std": 6.35000768797594
    },
    "7": {
        "estimate": 23.584641087913194,
        "std": 5.724353617682642
    },
    "8": {
        "estimate": 24.781809223047016,
        "std": 5.943059624953594
    },
    "9": {
        "estimate": 25.384699423275052,
        "std": 5.978638664804863
    },
    "10": {
        "estimate": 24.85573249874984,
        "std": 5.781412984342776
    },
    "11": {
        "estimate": 23.39895986326639,
        "std": 5.019690779817175
    },
    "12": {
        "estimate": 22.950486629818457,
        "std": 4.918834122603163
    },
    "13": {
        "estimate": 24.801533114171143,
        "std": 5.753054319364544
    },
    "14": {
        "estimate": 25.49541520763991,
        "std": 6.242838653810082
    },
    "15": {
        "estimate": 26.859353999825696,
        "std": 6.502938236026854
    },
    "16": {
        "estimate": 24.802211535246226,
        "std": 5.524988512001717
    },
    "17": {
        "estimate": 24.490267602867405,
        "std": 5.649416449468778
    },
    "18": {
        "estimate": 22.21922746973705,
        "std": 5.04666572558763
    },
    "19": {
        "estimate": 21.08157519810413,
        "std": 4.811689106861803
    },
    "20": {
        "estimate": 20.768274092653357,
        "std": 4.741981878050475
    },
    "21": {
        "estimate": 20.590991900817894,
        "std": 4.865286067582156
    },
    "22": {
        "estimate": 20.72167000314991,
        "std": 4.943504758441635
    },
    "23": {
        "estimate": 21.11922535409581,
        "std": 5.302838211546161
    },
    "24": {
        "estimate": 22.15311872330979,
        "std": 5.866023452385278
    },
    "25": {
        "estimate": 23.727837940771536,
        "std": 6.525662918058142
    },
    "26": {
        "estimate": 25.910227218455752,
        "std": 7.6780542229059625
    },
    "27": {
        "estimate": 26.764331955298303,
        "std": 8.064166321846498
    },
    "28": {
        "estimate": 27.34197343873326,
        "std": 8.72307886671761
    },
    "29": {
        "estimate": 28.20578007687107,
        "std": 8.97064848743284
    },
    "30": {
        "estimate": 27.390103128169006,
        "std": 8.376265452815195
    },
    "31": {
        "estimate": 28.496066807737353,
        "std": 8.686225503166416
    },
    "32": {
        "estimate": 24.883963313960855,
        "std": 7.232342903325076
    }
}