{
    "0": {
        "estimate": NaN,
        "std": NaN
    },
    "1": {
        "estimate": 16.004203660501666,
        "std": 5.953178941491523
    },
    "2": {
        "estimate": 14.367788561871642,
        "std": 7.666510634364369
    },
    "3": {
        "estimate": 19.295434634879516,
        "std": 7.139089789216855
    },
    "4": {
        "estimate": 21.574446772646585,
        "std": 7.613013029203649
    },
    "5": {
        "estimate": 23.003360421870713,
        "std": 8.065193250507264
    },
    "6": {
        "estimate": 25.42456685191387,
        "std": 6.839005173389023
    },
    "7": {
        "estimate": 24.351156174729223,
        "std": 6.087102481492922
    },
    "8": {
        "estimate": 25.592469643945876,
        "std": 6.308042247682329
    },
    "9": {
        "estimate": 26.293493455420847,
        "std": 6.338128891230229
    },
    "10": {
        "estimate": 25.79176159853181,
        "std": 6.113858481944915
    },
    "11": {
        "estimate": 24.239452783708746,
        "std": 5.359465114069696
    },
    "12": {
        "estimate": 23.79753042906412,
        "std": 5.275781293100513
    },
    "13": {
        "estimate": 25.799977856626636,
        "std": 6.145533916004642
    },
    "14": {
        "estimate": 26.542267771832982,
        "std": 6.634182356605866
    },
    "15": {
        "estimate": 27.992155791261105,
        "std": 6.92337107003665
    },
    "16": {
        "estimate": 25.816940044887122,
        "std": 5.921613453267405
    },
    "17": {
        "estimate": 25.432577378880275,
        "std": 6.074671374619291
    },
    "18": {
        "estimate": 23.265626523077145,
        "std": 5.426823686359471
    },
    "19": {
        "estimate": 22.164212169130852,
        "std": 5.118527432019072
    },
    "20": {
        "estimate": 21.808901889873,
        "std": 5.081189791334413
    },
    "21": {
        "estimate": 21.647944298370778,
        "std": 5.149736702923498
    },
    "22": {
        "estimate": 21.796741467364846,
        "std": 5.291141132709521
    },
    "23": {
        "estimate": 22.237383750022108,
        "std": 5.663935927288156
    },
    "24": {
        "estimate": 23.334292812623406,
        "std": 6.21908921965215
    },
    "25": {
        "estimate": 24.991042206216417,
        "std": 6.902050159447436
    },
    "26": {
        "estimate": 27.27135487099681,
        "std": 8.065994363282211
    },
    "27": {
        "estimate": 28.147075044216336,
        "std": 8.444644091266625
    },
    "28": {
        "estimate": 28.79322448382358,
        "std": 9.19710531065742
    },
    "29": {
        "estimate": 29.69524201441632,
        "std": 9.437294135751795
    },
    "30": {
        "estimate": 28.67031270708465,
        "std": 8.760934457372755
    },
    "31": {
        "estimate": 29.63953310832359,
        "std": 9.057835436882007
    },
    "32": {
        "estimate": 25.72882223546515,
        "std": 7.502318371049225
    }
}