{
    "0": {
        "estimate": NaN,
        "std": NaN
    },
    "1": {
        "estimate": 16.357072276375646,
        "std": 6.486517477744881
    },
    "2": {
        "estimate": 13.76789429038951,
        "std": 8.658838630163293
    },
    "3": {
        "estimate": 19.090797064871914,
        "std": 8.170670750523078
    },
    "4": {
        "estimate": 21.6513845814038,
        "std": 8.62056688885705
    },
    "5": {
        "estimate": 22.847607108891488,
        "std": 9.22770342351803
    },
    "6": {
        "estimate": 26.19459961094716,
        "std": 7.665101195496047
    },
    "7": {
        "estimate": 25.38927974008822,
        "std": 6.7328150199469405
    },
    "8": {
        "estimate": 26.708631600968214,
        "std": 7.010294589944697
    },
    "9": {
        "estimate": 27.49584659122295,
        "std": 6.9567376996089365
    },
    "10": {
        "estimate": 27.032396227408853,
        "std": 6.783579245865752
    },
    "11": {
        "estimate": 25.360407687904583,
        "std": 6.057175309699384
    },
    "12": {
        "estimate": 24.831857535454187,
        "std": 5.930970662239839
    },
    "13": {
        "estimate": 27.040932179546356,
        "std": 6.864659756991567
    },
    "14": {
        "estimate": 27.888587899494368,
        "std": 7.446257865244462
    },
    "15": {
        "estimate": 29.450720695981012,
        "std": 7.617535127847451
    },
    "16": {
        "estimate": 27.149850612246293,
        "std": 6.751410701477942
    },
    "17": {
        "estimate": 26.776192006675714,
        "std": 6.870587288726053
    },
    "18": {
        "estimate": 24.67120252762393,
        "std": 6.1640385293767315
    },
    "19": {
        "estimate": 23.538196882368556,
        "std": 5.802838449752292
    },
    "20": {
        "estimate": 23.18861187913815,
        "std": 5.740006504642954
    },
    "21": {
        "estimate": 23.01975757111913,
        "std": 5.8578057555547955
    },
    "22": {
        "estimate": 23.169680848301212,
        "std": 5.940705959246248
    },
    "23": {
        "estimate": 23.64143022825799,
        "std": 6.356009999069735
    },
    "24": {
        "estimate": 24.91442425658816,
        "std": 6.878275421514676
    },
    "25": {
        "estimate": 26.73840681559021,
        "std": 7.606220418485726
    },
    "26": {
        "estimate": 29.17916629079912,
        "std": 8.868673795698225
    },
    "27": {
        "estimate": 29.97786278933626,
        "std": 9.25632759926311
    },
    "28": {
        "estimate": 30.709769308867642,
        "std": 9.984089401020109
    },
    "29": {
        "estimate": 31.625302025733067,
        "std": 10.395752692437664
    },
    "30": {
        "estimate": 30.294919908634522,
        "std": 9.53318544335668
    },
    "31": {
        "estimate": 30.980768203999336,
        "std": 9.729821346602838
    },
    "32": {
        "estimate": 26.862639379421505,
        "std": 8.03704479633246
    }
}