{
    "0": NaN,
    "1": 10.810944557189941,
    "2": 2.5818769931793213,
    "3": 7.5022783279418945,
    "4": 10.149565696716309,
    "5": 10.636959075927734,
    "6": 18.54645347595215,
    "7": 23.717287063598633,
    "8": 24.319395065307617,
    "9": 26.414146423339844,
    "10": 27.20744514465332,
    "11": 22.1948299407959,
    "12": 20.888898849487305,
    "13": 25.101123809814453,
    "14": 25.438278198242188,
    "15": 30.27803611755371,
    "16": 27.011648178100586,
    "17": 26.61415672302246,
    "18": 26.827518463134766,
    "19": 26.771141052246094,
    "20": 25.908145904541016,
    "21": 26.04595947265625,
    "22": 26.54551124572754,
    "23": 27.113677978515625,
    "24": 28.76870346069336,
    "25": 30.26620864868164,
    "26": 31.76624870300293,
    "27": 31.222524642944336,
    "28": 31.012052536010742,
    "29": 30.921947479248047,
    "30": 29.487815856933594,
    "31": 27.531028747558594,
    "32": 24.549057006835938
}