{
    "0": {
        "estimate": NaN,
        "std": NaN
    },
    "1": {
        "estimate": 15.39648924262189,
        "std": 5.302981996056519
    },
    "2": {
        "estimate": 13.208744047865569,
        "std": 5.435714563401255
    },
    "3": {
        "estimate": 13.84288258515186,
        "std": 6.084096280120056
    },
    "4": {
        "estimate": 14.834609776398967,
        "std": 7.964084078883625
    },
    "5": {
        "estimate": 13.867451078126704,
        "std": 8.139204597494958
    },
    "6": {
        "estimate": 13.560238232513086,
        "std": 8.428578269869487
    },
    "7": {
        "estimate": 14.543885757391777,
        "std": 9.053713199600724
    },
    "8": {
        "estimate": 15.149355325778853,
        "std": 9.218491186239348
    },
    "9": {
        "estimate": 15.837437926792697,
        "std": 9.276369945971968
    },
    "10": {
        "estimate": 16.350490666852053,
        "std": 9.426747380204011
    },
    "11": {
        "estimate": 16.77946625670958,
        "std": 9.532689562985237
    },
    "12": {
        "estimate": 17.421832200165554,
        "std": 9.664537676624626
    },
    "13": {
        "estimate": 17.81957248701382,
        "std": 9.43160814422443
    },
    "14": {
        "estimate": 18.715659415827872,
        "std": 9.46222932006115
    },
    "15": {
        "estimate": 19.277946832330286,
        "std": 9.694029448985429
    },
    "16": {
        "estimate": 19.84541391948028,
        "std": 9.890274581246173
    },
    "17": {
        "estimate": 19.509523863908395,
        "std": 8.99736080937969
    },
    "18": {
        "estimate": 18.78088301255933,
        "std": 8.638752204753368
    },
    "19": {
        "estimate": 18.045778036493267,
        "std": 8.124226158070782
    },
    "20": {
        "estimate": 17.753383377345664,
        "std": 7.856255200030135
    },
    "21": {
        "estimate": 17.475015569070774,
        "std": 7.601062478127627
    },
    "22": {
        "estimate": 17.201162269906334,
        "std": 7.5710109715873735
    },
    "23": {
        "estimate": 16.801045396388922,
        "std": 7.226296016708462
    },
    "24": {
        "estimate": 16.66979707695341,
        "std": 7.249601056095661
    },
    "25": {
        "estimate": 16.548442413032404,
        "std": 7.161470537191994
    },
    "26": {
        "estimate": 16.65152474838114,
        "std": 7.255153948743286
    },
    "27": {
        "estimate": 16.677712865007024,
        "std": 7.327069759277668
    },
    "28": {
        "estimate": 16.678149240080437,
        "std": 7.2962415236879234
    },
    "29": {
        "estimate": 16.764053283172856,
        "std": 7.360890595249174
    },
    "30": {
        "estimate": 16.775091885448948,
        "std": 7.349928622520495
    },
    "31": {
        "estimate": 16.793936030589567,
        "std": 7.326232639711799
    },
    "32": {
        "estimate": 16.912908977957045,
        "std": 7.38968620275963
    },
    "33": {
        "estimate": 17.20806383908211,
        "std": 7.625725240027252
    },
    "34": {
        "estimate": 17.38686452578439,
        "std": 7.753944247566279
    },
    "35": {
        "estimate": 17.608082075089637,
        "std": 7.861856530621825
    },
    "36": {
        "estimate": 17.776023624016734,
        "std": 7.9449970568272965
    },
    "37": {
        "estimate": 17.92156666744119,
        "std": 8.017083696715899
    },
    "38": {
        "estimate": 18.27336044055912,
        "std": 8.284336783136089
    },
    "39": {
        "estimate": 18.300519009659652,
        "std": 8.353732538615184
    },
    "40": {
        "estimate": 17.277956179586393,
        "std": 7.528154262704602
    }
}