{
    "0": {
        "estimate": NaN,
        "std": NaN
    },
    "1": {
        "estimate": 15.619073198768515,
        "std": 7.076057444787557
    },
    "2": {
        "estimate": 13.173870972808905,
        "std": 6.9744168625042455
    },
    "3": {
        "estimate": 13.389948936057202,
        "std": 7.776439252314834
    },
    "4": {
        "estimate": 13.833619824956177,
        "std": 9.909087121044182
    },
    "5": {
        "estimate": 12.794417464675739,
        "std": 10.074426646973166
    },
    "6": {
        "estimate": 12.384885642276922,
        "std": 10.44235416445273
    },
    "7": {
        "estimate": 13.280582138331557,
        "std": 11.426554395116185
    },
    "8": {
        "estimate": 13.70710429366077,
        "std": 11.2883286811249
    },
    "9": {
        "estimate": 14.435277667518408,
        "std": 11.659353925666109
    },
    "10": {
        "estimate": 14.98280693103293,
        "std": 11.792322894751702
    },
    "11": {
        "estimate": 15.32678239510715,
        "std": 11.707757092580982
    },
    "12": {
        "estimate": 16.05911201881502,
        "std": 12.110959736652841
    },
    "13": {
        "estimate": 16.429911584728913,
        "std": 11.79191094220964
    },
    "14": {
        "estimate": 17.510122343513935,
        "std": 12.052738220804208
    },
    "15": {
        "estimate": 17.992774893585665,
        "std": 12.149056067388056
    },
    "16": {
        "estimate": 18.84285361018406,
        "std": 12.409478369904214
    },
    "17": {
        "estimate": 18.675581299700436,
        "std": 10.922272177006354
    },
    "18": {
        "estimate": 18.20532665140692,
        "std": 10.511672610009661
    },
    "19": {
        "estimate": 17.679426460607484,
        "std": 9.930327150119123
    },
    "20": {
        "estimate": 17.588842708926222,
        "std": 9.854792217452557
    },
    "21": {
        "estimate": 17.440026361942508,
        "std": 9.82376425427505
    },
    "22": {
        "estimate": 17.187396497452514,
        "std": 9.4959241437624
    },
    "23": {
        "estimate": 16.848427875679988,
        "std": 9.106186585308341
    },
    "24": {
        "estimate": 16.76527754538135,
        "std": 9.19902473824904
    },
    "25": {
        "estimate": 16.6290208346451,
        "std": 8.90034155903539
    },
    "26": {
        "estimate": 16.67943447014071,
        "std": 9.109581431060972
    },
    "27": {
        "estimate": 16.738460144122662,
        "std": 9.302059330383257
    },
    "28": {
        "estimate": 16.742985318170422,
        "std": 9.342070533961195
    },
    "29": {
        "estimate": 16.8449357616938,
        "std": 9.417879499785414
    },
    "30": {
        "estimate": 16.776621769959178,
        "std": 9.075610402509792
    },
    "31": {
        "estimate": 16.816650046480053,
        "std": 9.191340703449109
    },
    "32": {
        "estimate": 16.948636146132053,
        "std": 9.297353004043638
    },
    "33": {
        "estimate": 17.18915803083609,
        "std": 9.534086653243989
    },
    "34": {
        "estimate": 17.34368189893245,
        "std": 9.653816756961076
    },
    "35": {
        "estimate": 17.564590928078925,
        "std": 9.948633117507681
    },
    "36": {
        "estimate": 17.689146024381532,
        "std": 9.99602810315108
    },
    "37": {
        "estimate": 17.714177675215016,
        "std": 10.01037634891208
    },
    "38": {
        "estimate": 17.93287336204148,
        "std": 10.39321520803842
    },
    "39": {
        "estimate": 17.934539240540563,
        "std": 10.528253577436573
    },
    "40": {
        "estimate": 17.18779255333422,
        "std": 9.769090062266699
    }
}