{
    "0": {
        "estimate": NaN,
        "std": NaN
    },
    "1": {
        "estimate": 18.47760451142271,
        "std": 9.7698191056738
    },
    "2": {
        "estimate": 14.609150903546153,
        "std": 11.29737989476557
    },
    "3": {
        "estimate": 18.95557976425542,
        "std": 12.644666365013782
    },
    "4": {
        "estimate": 20.93664662660026,
        "std": 12.892237269741292
    },
    "5": {
        "estimate": 21.66825047796019,
        "std": 13.213038013723038
    },
    "6": {
        "estimate": 21.718832939690582,
        "std": 11.832583452123869
    },
    "7": {
        "estimate": 22.801214758346376,
        "std": 12.394800613198663
    },
    "8": {
        "estimate": 22.42630766959953,
        "std": 12.740288265735018
    },
    "9": {
        "estimate": 24.276268390158542,
        "std": 12.858913137819354
    },
    "10": {
        "estimate": 24.35922268260363,
        "std": 12.600690588059733
    },
    "11": {
        "estimate": 25.459424700238568,
        "std": 12.847118824672556
    },
    "12": {
        "estimate": 27.54421686886114,
        "std": 13.109487596661388
    },
    "13": {
        "estimate": 26.58711674840937,
        "std": 12.726707649937559
    },
    "14": {
        "estimate": 26.7459303587327,
        "std": 12.400652725279299
    },
    "15": {
        "estimate": 25.874660922081286,
        "std": 12.224248144486827
    },
    "16": {
        "estimate": 26.69528602135684,
        "std": 12.054515714751604
    },
    "17": {
        "estimate": 26.12055320585304,
        "std": 11.944753464774022
    },
    "18": {
        "estimate": 25.80138114727935,
        "std": 11.567680313311676
    },
    "19": {
        "estimate": 25.810144217459687,
        "std": 11.207874108775728
    },
    "20": {
        "estimate": 26.348542085329303,
        "std": 11.16076381740627
    },
    "21": {
        "estimate": 26.561379650905728,
        "std": 11.312058871300488
    },
    "22": {
        "estimate": 25.74442689494431,
        "std": 10.503951350302208
    },
    "23": {
        "estimate": 26.292620400376872,
        "std": 10.79320746321787
    },
    "24": {
        "estimate": 26.99209263159976,
        "std": 11.589767867260825
    },
    "25": {
        "estimate": 27.68323585154792,
        "std": 12.118410653423526
    },
    "26": {
        "estimate": 28.66736358511637,
        "std": 13.054926850828485
    },
    "27": {
        "estimate": 29.527146055661877,
        "std": 13.848532991984493
    },
    "28": {
        "estimate": 30.3715281731918,
        "std": 14.629914515745515
    },
    "29": {
        "estimate": 31.285726748122705,
        "std": 15.224056632756463
    },
    "30": {
        "estimate": 32.03276421567051,
        "std": 15.57766944814959
    },
    "31": {
        "estimate": 33.24120519998443,
        "std": 16.43849595587429
    },
    "32": {
        "estimate": 32.575832124502746,
        "std": 15.191684524519442
    }
}