{
    "0": {
        "estimate": NaN,
        "std": NaN
    },
    "1": {
        "estimate": 17.00036222039112,
        "std": 7.881336287034802
    },
    "2": {
        "estimate": 16.062328501135212,
        "std": 7.960234396388743
    },
    "3": {
        "estimate": 19.671282408502194,
        "std": 9.212322349047485
    },
    "4": {
        "estimate": 21.402921617712362,
        "std": 8.881674199833148
    },
    "5": {
        "estimate": 22.561396493100236,
        "std": 8.678224974022235
    },
    "6": {
        "estimate": 21.724957237227198,
        "std": 7.7301501763537726
    },
    "7": {
        "estimate": 23.0207426644632,
        "std": 8.388652649998978
    },
    "8": {
        "estimate": 23.098616815897554,
        "std": 8.550846576666169
    },
    "9": {
        "estimate": 24.328329667265702,
        "std": 8.398291520413613
    },
    "10": {
        "estimate": 24.461745123279968,
        "std": 8.122319930689978
    },
    "11": {
        "estimate": 25.2375180476393,
        "std": 8.151409833085992
    },
    "12": {
        "estimate": 26.589404047930618,
        "std": 8.21838852150748
    },
    "13": {
        "estimate": 25.56560998387365,
        "std": 7.946460159739492
    },
    "14": {
        "estimate": 25.296717628500136,
        "std": 7.801263254104841
    },
    "15": {
        "estimate": 24.861122771060625,
        "std": 8.007990831161017
    },
    "16": {
        "estimate": 24.884493715302284,
        "std": 7.751618225908756
    },
    "17": {
        "estimate": 24.394167912678537,
        "std": 7.672283769161672
    },
    "18": {
        "estimate": 23.745885663360344,
        "std": 7.227138945218399
    },
    "19": {
        "estimate": 23.59258597822584,
        "std": 7.182279070718191
    },
    "20": {
        "estimate": 23.853300174907215,
        "std": 7.186207035656926
    },
    "21": {
        "estimate": 23.952330762539518,
        "std": 7.214942307683449
    },
    "22": {
        "estimate": 23.043829527872685,
        "std": 6.702172193479456
    },
    "23": {
        "estimate": 23.672448586012838,
        "std": 6.9578088374351506
    },
    "24": {
        "estimate": 24.429778257350243,
        "std": 7.401431799486525
    },
    "25": {
        "estimate": 25.299571932498925,
        "std": 7.923420388782579
    },
    "26": {
        "estimate": 26.453169673687174,
        "std": 8.579530656352684
    },
    "27": {
        "estimate": 27.36963638641072,
        "std": 8.994945542316737
    },
    "28": {
        "estimate": 28.124336517473125,
        "std": 9.331662370892273
    },
    "29": {
        "estimate": 29.140194875820434,
        "std": 9.795298199285515
    },
    "30": {
        "estimate": 29.703082160748384,
        "std": 9.85105011711631
    },
    "31": {
        "estimate": 31.14121013345987,
        "std": 10.339384011802082
    },
    "32": {
        "estimate": 30.254560326499444,
        "std": 9.8654562885618
    }
}