{
    "0": {
        "estimate": NaN,
        "std": NaN
    },
    "1": {
        "estimate": 16.537276060053358,
        "std": 7.0631498822055985
    },
    "2": {
        "estimate": 16.801317523991845,
        "std": 7.245927852310387
    },
    "3": {
        "estimate": 19.77604364140025,
        "std": 8.299329236619853
    },
    "4": {
        "estimate": 21.140197729842622,
        "std": 7.835883117173065
    },
    "5": {
        "estimate": 22.606845867761212,
        "std": 7.810879719098542
    },
    "6": {
        "estimate": 21.544186038929094,
        "std": 7.192906284714976
    },
    "7": {
        "estimate": 22.957622624664747,
        "std": 7.641161295347705
    },
    "8": {
        "estimate": 23.433084350384938,
        "std": 7.799606040108618
    },
    "9": {
        "estimate": 24.389441077421328,
        "std": 7.627189076206472
    },
    "10": {
        "estimate": 24.64893016826868,
        "std": 7.374502420458494
    },
    "11": {
        "estimate": 25.224327636495676,
        "std": 7.2469616680914335
    },
    "12": {
        "estimate": 26.129186957881814,
        "std": 7.093116800449953
    },
    "13": {
        "estimate": 25.27525500009997,
        "std": 6.892212245791604
    },
    "14": {
        "estimate": 24.951740687986366,
        "std": 6.764171209278899
    },
    "15": {
        "estimate": 24.737154055196793,
        "std": 6.971337094194571
    },
    "16": {
        "estimate": 24.10834809299276,
        "std": 6.643167065834808
    },
    "17": {
        "estimate": 23.683178008270488,
        "std": 6.638229023618463
    },
    "18": {
        "estimate": 22.92439370550285,
        "std": 6.27040824553156
    },
    "19": {
        "estimate": 22.64644315154564,
        "std": 6.309043322133619
    },
    "20": {
        "estimate": 22.59011104458026,
        "std": 6.225676329042165
    },
    "21": {
        "estimate": 22.62360618019124,
        "std": 6.228269555206157
    },
    "22": {
        "estimate": 22.297007762851713,
        "std": 5.96414888587084
    },
    "23": {
        "estimate": 23.0845866739109,
        "std": 6.299308693242006
    },
    "24": {
        "estimate": 24.064711254286788,
        "std": 6.739423693587343
    },
    "25": {
        "estimate": 24.88196181359038,
        "std": 7.2307136058906964
    },
    "26": {
        "estimate": 26.24589964897667,
        "std": 7.914024435560637
    },
    "27": {
        "estimate": 27.17894331176698,
        "std": 8.252100943413861
    },
    "28": {
        "estimate": 27.617821529646307,
        "std": 8.410167514644575
    },
    "29": {
        "estimate": 28.527127911999628,
        "std": 8.812065332103783
    },
    "30": {
        "estimate": 29.09589150327507,
        "std": 8.828536311541866
    },
    "31": {
        "estimate": 30.161963639292015,
        "std": 9.042129041864934
    },
    "32": {
        "estimate": 29.17691398525064,
        "std": 9.189358058268354
    }
}