{
    "0": {
        "estimate": NaN,
        "std": NaN
    },
    "1": {
        "estimate": 17.2375437816694,
        "std": 7.66992105710362
    },
    "2": {
        "estimate": 16.36217849739521,
        "std": 8.025456025739553
    },
    "3": {
        "estimate": 19.88554825896833,
        "std": 9.165451353778453
    },
    "4": {
        "estimate": 21.37241207716734,
        "std": 8.714326177742898
    },
    "5": {
        "estimate": 22.60508348321603,
        "std": 8.54037844899288
    },
    "6": {
        "estimate": 21.850853243041307,
        "std": 7.842755600642172
    },
    "7": {
        "estimate": 23.2000020183842,
        "std": 8.25377843089633
    },
    "8": {
        "estimate": 23.520230982946597,
        "std": 8.472680706866223
    },
    "9": {
        "estimate": 24.711388079901898,
        "std": 8.394699536429208
    },
    "10": {
        "estimate": 24.92534043461807,
        "std": 8.129640981015102
    },
    "11": {
        "estimate": 25.62571488165398,
        "std": 8.05730409143068
    },
    "12": {
        "estimate": 26.70516303642137,
        "std": 7.947974848218967
    },
    "13": {
        "estimate": 25.87809861443399,
        "std": 7.70581501226617
    },
    "14": {
        "estimate": 25.659346608982116,
        "std": 7.5774401832471
    },
    "15": {
        "estimate": 25.34522052456518,
        "std": 7.793590179024367
    },
    "16": {
        "estimate": 24.85040738485419,
        "std": 7.254593549026401
    },
    "17": {
        "estimate": 24.375010974927875,
        "std": 7.246119109291163
    },
    "18": {
        "estimate": 23.718595824414137,
        "std": 6.908404284283442
    },
    "19": {
        "estimate": 23.56549131416519,
        "std": 6.896297092831163
    },
    "20": {
        "estimate": 23.576285819947653,
        "std": 6.826649759315185
    },
    "21": {
        "estimate": 23.604152865946748,
        "std": 6.8081534843676526
    },
    "22": {
        "estimate": 23.231708443702065,
        "std": 6.513751577084187
    },
    "23": {
        "estimate": 24.06469902122845,
        "std": 6.906580196551718
    },
    "24": {
        "estimate": 25.011699096033745,
        "std": 7.372839564205119
    },
    "25": {
        "estimate": 25.857695741199567,
        "std": 7.974612591696843
    },
    "26": {
        "estimate": 27.11400203954964,
        "std": 8.712705637146149
    },
    "27": {
        "estimate": 28.092145152545708,
        "std": 9.136627412787334
    },
    "28": {
        "estimate": 28.57094333107262,
        "std": 9.328729992973937
    },
    "29": {
        "estimate": 29.527895122728694,
        "std": 9.92522177907524
    },
    "30": {
        "estimate": 30.071522136009285,
        "std": 9.82862002154112
    },
    "31": {
        "estimate": 31.0202413650473,
        "std": 10.151531019515188
    },
    "32": {
        "estimate": 30.182167314225225,
        "std": 10.162971376785213
    }
}