{
    "0": {
        "estimate": NaN,
        "std": NaN
    },
    "1": {
        "estimate": 19.748559485714228,
        "std": 8.12558436221925
    },
    "2": {
        "estimate": 23.409419316736603,
        "std": 9.573262893504813
    },
    "3": {
        "estimate": 24.317424305223422,
        "std": 9.363150366539667
    },
    "4": {
        "estimate": 26.82837718077551,
        "std": 10.12571708026965
    },
    "5": {
        "estimate": 27.482283714191627,
        "std": 10.263457181531313
    },
    "6": {
        "estimate": 27.804780394745165,
        "std": 10.383813848619885
    },
    "7": {
        "estimate": 28.768752872961464,
        "std": 10.509745099784688
    },
    "8": {
        "estimate": 28.446697439953837,
        "std": 10.244381046770453
    },
    "9": {
        "estimate": 28.497927856665303,
        "std": 10.859441217475613
    },
    "10": {
        "estimate": 28.325683256777616,
        "std": 10.954061520462156
    },
    "11": {
        "estimate": 29.78364040841933,
        "std": 11.609049233209113
    },
    "12": {
        "estimate": 30.018513607464325,
        "std": 11.805944888219816
    },
    "13": {
        "estimate": 29.2807234276109,
        "std": 11.767423821952123
    },
    "14": {
        "estimate": 29.85023783963143,
        "std": 12.669629075781714
    },
    "15": {
        "estimate": 30.28918869759274,
        "std": 12.619615814870269
    },
    "16": {
        "estimate": 30.24370703031773,
        "std": 12.338304174030489
    },
    "17": {
        "estimate": 29.292454512496892,
        "std": 12.001662830519205
    },
    "18": {
        "estimate": 26.38217341276937,
        "std": 10.038011649433495
    },
    "19": {
        "estimate": 25.378025599354842,
        "std": 9.52379456191322
    },
    "20": {
        "estimate": 25.80466815314916,
        "std": 9.519631596311035
    },
    "21": {
        "estimate": 25.765965507748316,
        "std": 9.524706988525397
    },
    "22": {
        "estimate": 25.688499959331537,
        "std": 9.484824437444558
    },
    "23": {
        "estimate": 25.688052319994643,
        "std": 9.454730340084982
    },
    "24": {
        "estimate": 25.849850665382995,
        "std": 9.60626100952837
    },
    "25": {
        "estimate": 25.766955601618555,
        "std": 9.633103953455697
    },
    "26": {
        "estimate": 26.35887200154077,
        "std": 10.143640617403795
    },
    "27": {
        "estimate": 26.559557807423094,
        "std": 10.102022735123418
    },
    "28": {
        "estimate": 27.0706656695263,
        "std": 10.523014234918021
    },
    "29": {
        "estimate": 26.982432077815442,
        "std": 10.447194619225181
    },
    "30": {
        "estimate": 26.752889671757085,
        "std": 10.373636955620618
    },
    "31": {
        "estimate": 27.77959946283627,
        "std": 11.134689558785732
    },
    "32": {
        "estimate": 25.096443369112855,
        "std": 10.454225337216538
    }
}