{
    "0": {
        "estimate": NaN,
        "std": NaN
    },
    "1": {
        "estimate": 16.24256789875711,
        "std": 5.421271862668999
    },
    "2": {
        "estimate": 19.06007254025297,
        "std": 6.234915668543019
    },
    "3": {
        "estimate": 20.22212471194339,
        "std": 5.92336131602915
    },
    "4": {
        "estimate": 22.54116623263145,
        "std": 6.648359172341892
    },
    "5": {
        "estimate": 22.932151937482598,
        "std": 6.537761062466021
    },
    "6": {
        "estimate": 23.286158240036563,
        "std": 6.717983606795676
    },
    "7": {
        "estimate": 24.16214839425722,
        "std": 6.751181604579764
    },
    "8": {
        "estimate": 24.086019946909097,
        "std": 6.781274273798991
    },
    "9": {
        "estimate": 23.93525326535479,
        "std": 7.204329374813838
    },
    "10": {
        "estimate": 23.815450852331814,
        "std": 7.402812454040907
    },
    "11": {
        "estimate": 24.81739289314464,
        "std": 7.9279803066549785
    },
    "12": {
        "estimate": 24.874968547688567,
        "std": 7.9520558095803
    },
    "13": {
        "estimate": 24.604022551666954,
        "std": 8.343257745184015
    },
    "14": {
        "estimate": 25.274714595313036,
        "std": 9.170420463129277
    },
    "15": {
        "estimate": 25.49611381498394,
        "std": 8.975509858506719
    },
    "16": {
        "estimate": 25.3539484793808,
        "std": 8.527783712038048
    },
    "17": {
        "estimate": 24.434422781606482,
        "std": 8.146179968596783
    },
    "18": {
        "estimate": 21.281201647869207,
        "std": 6.777137731331482
    },
    "19": {
        "estimate": 20.349181301181414,
        "std": 6.250056900412676
    },
    "20": {
        "estimate": 20.696329289526098,
        "std": 6.252472544724682
    },
    "21": {
        "estimate": 20.64263619533093,
        "std": 6.15915948295885
    },
    "22": {
        "estimate": 20.448418177436476,
        "std": 6.028852233106746
    },
    "23": {
        "estimate": 20.425782744297873,
        "std": 6.020378498972516
    },
    "24": {
        "estimate": 20.533297440842983,
        "std": 6.064272654759697
    },
    "25": {
        "estimate": 20.43656353648014,
        "std": 6.083978252854559
    },
    "26": {
        "estimate": 20.90349411731736,
        "std": 6.4030052125424595
    },
    "27": {
        "estimate": 20.97953747846337,
        "std": 6.440336367815309
    },
    "28": {
        "estimate": 21.244692327272748,
        "std": 6.740616615226765
    },
    "29": {
        "estimate": 21.152722489917657,
        "std": 6.82877246165477
    },
    "30": {
        "estimate": 21.062847401581205,
        "std": 6.723329742782239
    },
    "31": {
        "estimate": 21.92964626253538,
        "std": 7.435446296954046
    },
    "32": {
        "estimate": 19.829170848822628,
        "std": 7.151036791984946
    }
}