{
    "0": NaN,
    "1": 20.588024139404297,
    "2": 24.501413345336914,
    "3": 25.355941772460938,
    "4": 28.02250099182129,
    "5": 29.132694244384766,
    "6": 29.051164627075195,
    "7": 30.452926635742188,
    "8": 29.97441864013672,
    "9": 29.391725540161133,
    "10": 29.383024215698242,
    "11": 30.606481552124023,
    "12": 31.54667091369629,
    "13": 29.55077362060547,
    "14": 29.02390480041504,
    "15": 29.77509880065918,
    "16": 29.354883193969727,
    "17": 28.53734016418457,
    "18": 27.54461669921875,
    "19": 27.727291107177734,
    "20": 28.199464797973633,
    "21": 28.406097412109375,
    "22": 28.385988235473633,
    "23": 28.24896240234375,
    "24": 28.277854919433594,
    "25": 28.07815170288086,
    "26": 28.807022094726562,
    "27": 28.573720932006836,
    "28": 29.179975509643555,
    "29": 29.483888626098633,
    "30": 29.113672256469727,
    "31": 30.338741302490234,
    "32": 26.807035446166992
}