{
    "0": {
        "estimate": NaN,
        "std": NaN
    },
    "1": {
        "estimate": 17.88924791433146,
        "std": 4.255346492561135
    },
    "2": {
        "estimate": 18.96525195683455,
        "std": 4.430958860867668
    },
    "3": {
        "estimate": 21.582252798421866,
        "std": 4.855403123756724
    },
    "4": {
        "estimate": 24.842983819209586,
        "std": 5.621274284460898
    },
    "5": {
        "estimate": 23.85226017985688,
        "std": 5.269581776441769
    },
    "6": {
        "estimate": 25.927715683191373,
        "std": 5.54723010462126
    },
    "7": {
        "estimate": 27.050802056621084,
        "std": 6.110127940118325
    },
    "8": {
        "estimate": 28.67020593038981,
        "std": 6.3601248723547466
    },
    "9": {
        "estimate": 28.729147101959096,
        "std": 6.074442634319156
    },
    "10": {
        "estimate": 29.727735941842727,
        "std": 6.414410693121919
    },
    "11": {
        "estimate": 30.00317089779655,
        "std": 6.587172984358235
    },
    "12": {
        "estimate": 30.17348664613429,
        "std": 6.631573475234876
    },
    "13": {
        "estimate": 29.28951749546579,
        "std": 6.593887468623853
    },
    "14": {
        "estimate": 27.29537381690516,
        "std": 6.272246393677391
    },
    "15": {
        "estimate": 27.836839373388134,
        "std": 6.456803006019372
    },
    "16": {
        "estimate": 27.281684353957058,
        "std": 6.290940026988022
    },
    "17": {
        "estimate": 26.81759009355693,
        "std": 6.2023891615260585
    },
    "18": {
        "estimate": 26.0587596698647,
        "std": 6.068811330373757
    },
    "19": {
        "estimate": 25.504708375164274,
        "std": 5.9324028286454835
    },
    "20": {
        "estimate": 24.925796395926735,
        "std": 5.854451818508272
    },
    "21": {
        "estimate": 24.72766484055337,
        "std": 5.812397538576266
    },
    "22": {
        "estimate": 24.857550019427492,
        "std": 6.1447831957176895
    },
    "23": {
        "estimate": 24.5147509034683,
        "std": 6.097786139463833
    },
    "24": {
        "estimate": 24.35142236940334,
        "std": 6.139560520100905
    },
    "25": {
        "estimate": 23.89204454472718,
        "std": 6.180729114608722
    },
    "26": {
        "estimate": 24.189213500046986,
        "std": 6.472011093804404
    },
    "27": {
        "estimate": 24.39262648593389,
        "std": 6.710509132059255
    },
    "28": {
        "estimate": 24.26057960902813,
        "std": 6.745894015692996
    },
    "29": {
        "estimate": 24.357049381481406,
        "std": 6.831541651602882
    },
    "30": {
        "estimate": 24.355184399217134,
        "std": 6.874414373994732
    },
    "31": {
        "estimate": 24.425727436878553,
        "std": 7.005777863173932
    },
    "32": {
        "estimate": 24.689332096542035,
        "std": 7.298271788411315
    },
    "33": {
        "estimate": 25.22248703076275,
        "std": 7.676333162422107
    },
    "34": {
        "estimate": 25.16653318523281,
        "std": 7.7052452468888895
    },
    "35": {
        "estimate": 25.551916967306614,
        "std": 7.99891614031661
    },
    "36": {
        "estimate": 25.62600449498369,
        "std": 8.161777762535111
    },
    "37": {
        "estimate": 26.12263181328574,
        "std": 8.451487453353995
    },
    "38": {
        "estimate": 26.584831668538193,
        "std": 8.773385749542705
    },
    "39": {
        "estimate": 27.142786742558645,
        "std": 9.007815690505335
    },
    "40": {
        "estimate": 26.918193381578046,
        "std": 8.718249816302423
    }
}