{
    "0": {
        "estimate": NaN,
        "std": NaN
    },
    "1": {
        "estimate": 17.182841909302496,
        "std": 3.68947803250913
    },
    "2": {
        "estimate": 17.967137273292817,
        "std": 3.83805922726781
    },
    "3": {
        "estimate": 20.545788871436617,
        "std": 4.2093439546457505
    },
    "4": {
        "estimate": 23.726233829966247,
        "std": 4.809094462455642
    },
    "5": {
        "estimate": 22.91347419639307,
        "std": 4.618067134353352
    },
    "6": {
        "estimate": 24.979967326590764,
        "std": 4.8349835556652065
    },
    "7": {
        "estimate": 26.115059766358627,
        "std": 5.320042289639736
    },
    "8": {
        "estimate": 27.679826138735002,
        "std": 5.499240080509891
    },
    "9": {
        "estimate": 27.99363580147992,
        "std": 5.316874544622323
    },
    "10": {
        "estimate": 29.203098146724106,
        "std": 5.642846468648159
    },
    "11": {
        "estimate": 29.497570489949332,
        "std": 5.740186273105655
    },
    "12": {
        "estimate": 29.761945776717866,
        "std": 5.757336796944589
    },
    "13": {
        "estimate": 28.764959139353614,
        "std": 5.634371865627251
    },
    "14": {
        "estimate": 26.814995578563668,
        "std": 5.401394057282927
    },
    "15": {
        "estimate": 27.234695133684845,
        "std": 5.513583285848734
    },
    "16": {
        "estimate": 26.699199894752592,
        "std": 5.392118649594152
    },
    "17": {
        "estimate": 26.211985354822588,
        "std": 5.359438094869131
    },
    "18": {
        "estimate": 25.548065813879653,
        "std": 5.205174124658126
    },
    "19": {
        "estimate": 24.99635429134833,
        "std": 5.060063320928833
    },
    "20": {
        "estimate": 24.411417696976248,
        "std": 5.0257384418248785
    },
    "21": {
        "estimate": 24.0093670973705,
        "std": 4.961178240231908
    },
    "22": {
        "estimate": 24.098234821416966,
        "std": 5.36003762289273
    },
    "23": {
        "estimate": 23.6962355594875,
        "std": 5.346036952355385
    },
    "24": {
        "estimate": 23.484020091469375,
        "std": 5.356409159069774
    },
    "25": {
        "estimate": 23.07224193749359,
        "std": 5.379418567107954
    },
    "26": {
        "estimate": 23.312308340620948,
        "std": 5.6404534023443915
    },
    "27": {
        "estimate": 23.51009411621493,
        "std": 5.925378607712377
    },
    "28": {
        "estimate": 23.336142430106584,
        "std": 5.986124772431167
    },
    "29": {
        "estimate": 23.4633113825299,
        "std": 6.128109415755596
    },
    "30": {
        "estimate": 23.46346349561403,
        "std": 6.241103931382918
    },
    "31": {
        "estimate": 23.53264976129672,
        "std": 6.3279468617173125
    },
    "32": {
        "estimate": 23.723403611843345,
        "std": 6.603369006668197
    },
    "33": {
        "estimate": 24.190984174014698,
        "std": 6.936621412368119
    },
    "34": {
        "estimate": 24.206856198739054,
        "std": 7.075406287952217
    },
    "35": {
        "estimate": 24.58716815352838,
        "std": 7.399569785984779
    },
    "36": {
        "estimate": 24.62031893362664,
        "std": 7.531036684640903
    },
    "37": {
        "estimate": 25.103701012894557,
        "std": 7.77789184928529
    },
    "38": {
        "estimate": 25.587858039076185,
        "std": 8.1400845046588
    },
    "39": {
        "estimate": 26.160700334248283,
        "std": 8.312421874586741
    },
    "40": {
        "estimate": 26.053709672358934,
        "std": 8.1511405359394
    }
}