{
    "0": {
        "estimate": NaN,
        "std": NaN
    },
    "1": {
        "estimate": 19.074496569171174,
        "std": 9.488960062202766
    },
    "2": {
        "estimate": 19.687571453885024,
        "std": 9.515286123991368
    },
    "3": {
        "estimate": 19.464657009490935,
        "std": 9.405915568711634
    },
    "4": {
        "estimate": 20.236653295912877,
        "std": 10.17484298603253
    },
    "5": {
        "estimate": 20.364475027524925,
        "std": 10.442960846363091
    },
    "6": {
        "estimate": 20.091674299929057,
        "std": 10.136357986317016
    },
    "7": {
        "estimate": 19.975664973566786,
        "std": 9.926148010274
    },
    "8": {
        "estimate": 19.878837594085542,
        "std": 9.561913561032487
    },
    "9": {
        "estimate": 19.882369290736335,
        "std": 9.444834228301174
    },
    "10": {
        "estimate": 20.673340866169386,
        "std": 9.388088087895937
    },
    "11": {
        "estimate": 20.259805846685712,
        "std": 8.72867882615358
    },
    "12": {
        "estimate": 20.194965252244675,
        "std": 8.607080409246437
    },
    "13": {
        "estimate": 20.531227268180128,
        "std": 8.584161229999715
    },
    "14": {
        "estimate": 19.813308236189325,
        "std": 8.038995813057653
    },
    "15": {
        "estimate": 19.539780245494338,
        "std": 7.858862591095367
    },
    "16": {
        "estimate": 18.741828278960863,
        "std": 7.310321449403016
    },
    "17": {
        "estimate": 18.29617192384366,
        "std": 7.013635192977193
    },
    "18": {
        "estimate": 17.819061025204782,
        "std": 6.820237112417396
    },
    "19": {
        "estimate": 17.68512071753539,
        "std": 6.8224307006019895
    },
    "20": {
        "estimate": 17.47906975862301,
        "std": 6.679320110062227
    },
    "21": {
        "estimate": 17.38156720482069,
        "std": 6.606920945094637
    },
    "22": {
        "estimate": 17.386014839408542,
        "std": 6.534417325377001
    },
    "23": {
        "estimate": 17.89741932389944,
        "std": 6.962109555808788
    },
    "24": {
        "estimate": 18.97406864979476,
        "std": 7.836245267743084
    },
    "25": {
        "estimate": 20.158233032356026,
        "std": 8.830970657248512
    },
    "26": {
        "estimate": 21.192085587482985,
        "std": 9.508257639992829
    },
    "27": {
        "estimate": 22.15857497435255,
        "std": 10.591540416265902
    },
    "28": {
        "estimate": 22.889112514813174,
        "std": 11.559221427964761
    },
    "29": {
        "estimate": 24.525563044104494,
        "std": 14.264906608058991
    },
    "30": {
        "estimate": 21.94853905762435,
        "std": 13.011882876558804
    },
    "31": {
        "estimate": 23.035561411842647,
        "std": 14.349282800503028
    },
    "32": {
        "estimate": 20.96275227123567,
        "std": 13.147116234396016
    }
}