{
    "0": {
        "estimate": NaN,
        "std": NaN
    },
    "1": {
        "estimate": 16.462401276760364,
        "std": 5.821206583377656
    },
    "2": {
        "estimate": 16.902164306604963,
        "std": 5.738746423770776
    },
    "3": {
        "estimate": 16.423639503284853,
        "std": 5.4680662975315455
    },
    "4": {
        "estimate": 17.791378465288446,
        "std": 6.507766987017203
    },
    "5": {
        "estimate": 17.699916888831748,
        "std": 6.546826331330125
    },
    "6": {
        "estimate": 17.256095036607626,
        "std": 6.242109619107631
    },
    "7": {
        "estimate": 17.19779727016822,
        "std": 6.0648020924123
    },
    "8": {
        "estimate": 17.0220051702654,
        "std": 5.8280538395097885
    },
    "9": {
        "estimate": 16.991368529053492,
        "std": 5.6457163672264
    },
    "10": {
        "estimate": 17.402233551889832,
        "std": 5.455102656873097
    },
    "11": {
        "estimate": 16.897308297294195,
        "std": 4.979791449860971
    },
    "12": {
        "estimate": 16.860705265647635,
        "std": 4.823019343504107
    },
    "13": {
        "estimate": 17.124931225293338,
        "std": 4.667188179071204
    },
    "14": {
        "estimate": 16.239791119768356,
        "std": 4.257659073995606
    },
    "15": {
        "estimate": 15.969740178503658,
        "std": 4.114767454009883
    },
    "16": {
        "estimate": 15.234347195004876,
        "std": 3.9003990725722484
    },
    "17": {
        "estimate": 14.848123148653848,
        "std": 3.7325466227653292
    },
    "18": {
        "estimate": 14.409866487896702,
        "std": 3.727458141974008
    },
    "19": {
        "estimate": 14.364699310137143,
        "std": 3.686360282241508
    },
    "20": {
        "estimate": 14.177948603854643,
        "std": 3.6205549672642636
    },
    "21": {
        "estimate": 14.098505110103968,
        "std": 3.6228275298914663
    },
    "22": {
        "estimate": 14.095911806719297,
        "std": 3.668315248420425
    },
    "23": {
        "estimate": 14.537618970494426,
        "std": 3.8442663329120137
    },
    "24": {
        "estimate": 15.47473869330071,
        "std": 4.378685830900609
    },
    "25": {
        "estimate": 16.697729296513547,
        "std": 5.000657945151417
    },
    "26": {
        "estimate": 17.631270407701898,
        "std": 5.390765394170837
    },
    "27": {
        "estimate": 18.777922600241332,
        "std": 6.276134842597258
    },
    "28": {
        "estimate": 19.595498422666488,
        "std": 7.135683645563999
    },
    "29": {
        "estimate": 22.040015144137946,
        "std": 9.54324161051445
    },
    "30": {
        "estimate": 20.80804754170779,
        "std": 9.127382935171996
    },
    "31": {
        "estimate": 22.02072532060176,
        "std": 10.044135686775617
    },
    "32": {
        "estimate": 20.029652440739273,
        "std": 9.098158530697026
    }
}