{
    "0": NaN,
    "1": 14.643296241760254,
    "2": 16.082765579223633,
    "3": 16.637826919555664,
    "4": 15.497208595275879,
    "5": 15.674617767333984,
    "6": 16.101573944091797,
    "7": 16.168407440185547,
    "8": 16.235187530517578,
    "9": 16.437328338623047,
    "10": 17.63131332397461,
    "11": 17.9783878326416,
    "12": 17.8747501373291,
    "13": 18.24775505065918,
    "14": 18.2963809967041,
    "15": 18.142824172973633,
    "16": 17.64655303955078,
    "17": 17.382843017578125,
    "18": 16.95522689819336,
    "19": 16.960851669311523,
    "20": 16.8579158782959,
    "21": 16.879610061645508,
    "22": 16.848386764526367,
    "23": 17.091697692871094,
    "24": 17.131668090820312,
    "25": 17.43985939025879,
    "26": 17.83282470703125,
    "27": 17.47783851623535,
    "28": 17.349748611450195,
    "29": 15.726289749145508,
    "30": 13.999139785766602,
    "31": 13.788126945495605,
    "32": 13.09061050415039
}