{
    "0": {
        "estimate": Infinity,
        "std": NaN
    },
    "1": {
        "estimate": 17.748009247165278,
        "std": 4.445377325982997
    },
    "2": {
        "estimate": 18.47020954729463,
        "std": 4.576955774402702
    },
    "3": {
        "estimate": 18.60981504297566,
        "std": 4.705902960080378
    },
    "4": {
        "estimate": 20.5024310600418,
        "std": 6.013327754509131
    },
    "5": {
        "estimate": 18.28326692834784,
        "std": 5.989928409020235
    },
    "6": {
        "estimate": 17.276921192032734,
        "std": 5.939409240799944
    },
    "7": {
        "estimate": 17.320379134681552,
        "std": 5.735896356900441
    },
    "8": {
        "estimate": 17.671615574059985,
        "std": 5.8664338121530415
    },
    "9": {
        "estimate": 19.749211249021236,
        "std": 6.158703855308769
    },
    "10": {
        "estimate": 20.134614442632877,
        "std": 6.035846053586602
    },
    "11": {
        "estimate": 20.58246438613389,
        "std": 6.111514600480462
    },
    "12": {
        "estimate": 21.647372194820917,
        "std": 6.3539880464171485
    },
    "13": {
        "estimate": 21.142526225037372,
        "std": 6.075264588306904
    },
    "14": {
        "estimate": 21.432501277449546,
        "std": 5.969668336891629
    },
    "15": {
        "estimate": 21.70027647865082,
        "std": 6.389789028983093
    },
    "16": {
        "estimate": 20.70130483574742,
        "std": 6.495531390623242
    },
    "17": {
        "estimate": 19.27889459097964,
        "std": 5.795768546860373
    },
    "18": {
        "estimate": 17.92281083708925,
        "std": 5.449925378539977
    },
    "19": {
        "estimate": 16.14584294863129,
        "std": 4.908985315985392
    },
    "20": {
        "estimate": 15.414332703745426,
        "std": 4.851265382696237
    },
    "21": {
        "estimate": 14.805297686672482,
        "std": 4.777754782183018
    },
    "22": {
        "estimate": 14.56680027820458,
        "std": 4.608863512954952
    },
    "23": {
        "estimate": 14.302435668602195,
        "std": 4.559102930299788
    },
    "24": {
        "estimate": 14.17066840941832,
        "std": 4.58786171206053
    },
    "25": {
        "estimate": 14.457027356935106,
        "std": 4.813335194858316
    },
    "26": {
        "estimate": 14.65996028086671,
        "std": 4.986188288737894
    },
    "27": {
        "estimate": 15.082674127797326,
        "std": 5.254055266970782
    },
    "28": {
        "estimate": 15.415173261796046,
        "std": 5.491824870983941
    },
    "29": {
        "estimate": 16.17451063659485,
        "std": 5.263732794279767
    },
    "30": {
        "estimate": 17.29061257125642,
        "std": 5.503353390832662
    },
    "31": {
        "estimate": 17.91397587440991,
        "std": 5.711315574602437
    },
    "32": {
        "estimate": 17.393053567329773,
        "std": 5.419196399350707
    }
}