{
    "0": {
        "estimate": Infinity,
        "std": NaN
    },
    "1": {
        "estimate": 18.371765773558376,
        "std": 6.87449810802079
    },
    "2": {
        "estimate": 19.261388232946295,
        "std": 7.2911602820723385
    },
    "3": {
        "estimate": 18.945080402356368,
        "std": 8.117542844269362
    },
    "4": {
        "estimate": 20.58149405156358,
        "std": 9.47566564550403
    },
    "5": {
        "estimate": 18.053523079199017,
        "std": 8.47160075752231
    },
    "6": {
        "estimate": 16.79215067066794,
        "std": 7.97998457996116
    },
    "7": {
        "estimate": 16.986608096953585,
        "std": 7.843491790080417
    },
    "8": {
        "estimate": 17.390875138554154,
        "std": 7.942944621078047
    },
    "9": {
        "estimate": 20.043163551516923,
        "std": 8.72189921631046
    },
    "10": {
        "estimate": 21.13935968525746,
        "std": 9.06228887151291
    },
    "11": {
        "estimate": 21.9803517930966,
        "std": 9.173656152920795
    },
    "12": {
        "estimate": 23.3292256443785,
        "std": 9.369360237271726
    },
    "13": {
        "estimate": 23.3632629283934,
        "std": 9.20783451086142
    },
    "14": {
        "estimate": 24.100411953378615,
        "std": 9.088607162652755
    },
    "15": {
        "estimate": 24.48764545187241,
        "std": 9.297891564658048
    },
    "16": {
        "estimate": 23.65860559110742,
        "std": 9.198549764690314
    },
    "17": {
        "estimate": 22.575668903184326,
        "std": 8.342763326785455
    },
    "18": {
        "estimate": 21.469913683038826,
        "std": 7.817132350211424
    },
    "19": {
        "estimate": 19.682617992879297,
        "std": 7.098244810602963
    },
    "20": {
        "estimate": 18.744586647270694,
        "std": 6.957611710720467
    },
    "21": {
        "estimate": 17.928458569898304,
        "std": 6.591989896586012
    },
    "22": {
        "estimate": 17.728581277663395,
        "std": 6.563270139392593
    },
    "23": {
        "estimate": 17.429112348581327,
        "std": 6.4054470137111394
    },
    "24": {
        "estimate": 17.233340272263455,
        "std": 6.324774893162843
    },
    "25": {
        "estimate": 17.488860549561625,
        "std": 6.526690592886295
    },
    "26": {
        "estimate": 17.7627738878242,
        "std": 6.695086801089721
    },
    "27": {
        "estimate": 18.19304499898983,
        "std": 7.202673500918416
    },
    "28": {
        "estimate": 18.527603301530853,
        "std": 7.142408815342577
    },
    "29": {
        "estimate": 19.35660744581016,
        "std": 7.377532119975054
    },
    "30": {
        "estimate": 19.67216151176947,
        "std": 7.933979722659942
    },
    "31": {
        "estimate": 20.153716894887108,
        "std": 8.031011441728038
    },
    "32": {
        "estimate": 18.953297124192506,
        "std": 7.827062076429436
    }
}