{
    "0": {
        "estimate": Infinity,
        "std": NaN
    },
    "1": {
        "estimate": 17.98584890078309,
        "std": 4.792850248730545
    },
    "2": {
        "estimate": 18.76949770391587,
        "std": 4.9649479886838055
    },
    "3": {
        "estimate": 18.822332343101245,
        "std": 5.212310467617968
    },
    "4": {
        "estimate": 20.65571635559508,
        "std": 6.542954901907373
    },
    "5": {
        "estimate": 18.283380248962374,
        "std": 6.326855067202049
    },
    "6": {
        "estimate": 17.24664338451793,
        "std": 6.214658075215149
    },
    "7": {
        "estimate": 17.33515013827509,
        "std": 6.0565868483619365
    },
    "8": {
        "estimate": 17.690641277116956,
        "std": 6.172007370831264
    },
    "9": {
        "estimate": 19.93348072995245,
        "std": 6.530854974383605
    },
    "10": {
        "estimate": 20.457182788731842,
        "std": 6.435784395576691
    },
    "11": {
        "estimate": 21.013250549507113,
        "std": 6.522111154345433
    },
    "12": {
        "estimate": 22.178050568398078,
        "std": 6.769303672055752
    },
    "13": {
        "estimate": 21.751714339333997,
        "std": 6.4920360575705365
    },
    "14": {
        "estimate": 22.106161941868724,
        "std": 6.336800918922878
    },
    "15": {
        "estimate": 22.43401402123684,
        "std": 6.731603370613751
    },
    "16": {
        "estimate": 21.43726700232852,
        "std": 6.815471257076772
    },
    "17": {
        "estimate": 20.033077012858463,
        "std": 6.06368149355071
    },
    "18": {
        "estimate": 18.72924025397008,
        "std": 5.705695470380336
    },
    "19": {
        "estimate": 16.905980279542455,
        "std": 5.166066636624401
    },
    "20": {
        "estimate": 16.12030817301776,
        "std": 5.068732913461578
    },
    "21": {
        "estimate": 15.474830854413925,
        "std": 4.945594277193792
    },
    "22": {
        "estimate": 15.253357561723638,
        "std": 4.82979959985598
    },
    "23": {
        "estimate": 14.990772392093108,
        "std": 4.775592996443801
    },
    "24": {
        "estimate": 14.847822830452001,
        "std": 4.768289349105575
    },
    "25": {
        "estimate": 15.140069598466962,
        "std": 4.966408005465711
    },
    "26": {
        "estimate": 15.363686353901535,
        "std": 5.137125552059491
    },
    "27": {
        "estimate": 15.798614582383697,
        "std": 5.408593997937792
    },
    "28": {
        "estimate": 16.130437996256735,
        "std": 5.62564286196774
    },
    "29": {
        "estimate": 16.896866875205074,
        "std": 5.420223937564878
    },
    "30": {
        "estimate": 17.89859706830664,
        "std": 5.7724281667958675
    },
    "31": {
        "estimate": 18.49628094808421,
        "std": 6.011750807041244
    },
    "32": {
        "estimate": 17.80964428424326,
        "std": 5.73681211902692
    }
}