{
    "0": {
        "estimate": NaN,
        "std": NaN
    },
    "1": {
        "estimate": 15.85688394014088,
        "std": 6.061760387217263
    },
    "2": {
        "estimate": 16.502243009878576,
        "std": 6.987582337755375
    },
    "3": {
        "estimate": 16.7417961994759,
        "std": 7.471778221906906
    },
    "4": {
        "estimate": 18.772725434379755,
        "std": 8.299824359510595
    },
    "5": {
        "estimate": 19.87649083739613,
        "std": 8.9263181944618
    },
    "6": {
        "estimate": 20.09811269379882,
        "std": 8.8965500316194
    },
    "7": {
        "estimate": 24.07412328068904,
        "std": 9.666594389035545
    },
    "8": {
        "estimate": 24.25130108629348,
        "std": 9.486405681988884
    },
    "9": {
        "estimate": 25.995148419949935,
        "std": 9.890669417806171
    },
    "10": {
        "estimate": 25.205525727027037,
        "std": 9.521377438433754
    },
    "11": {
        "estimate": 25.509651165629165,
        "std": 9.211727347343066
    },
    "12": {
        "estimate": 27.552974054202426,
        "std": 9.459511036012385
    },
    "13": {
        "estimate": 27.128210182477023,
        "std": 8.831423130461914
    },
    "14": {
        "estimate": 26.748573757694878,
        "std": 9.017849876213694
    },
    "15": {
        "estimate": 26.557399043934932,
        "std": 8.61065662692418
    },
    "16": {
        "estimate": 26.203016582992177,
        "std": 8.355789663666675
    },
    "17": {
        "estimate": 25.611609431069112,
        "std": 7.98187394007039
    },
    "18": {
        "estimate": 25.414698881107487,
        "std": 7.8297928014824025
    },
    "19": {
        "estimate": 25.304938075478265,
        "std": 7.789936270871705
    },
    "20": {
        "estimate": 25.41883952781385,
        "std": 7.779326008210418
    },
    "21": {
        "estimate": 25.564456252113406,
        "std": 7.830030544605066
    },
    "22": {
        "estimate": 25.900279872056487,
        "std": 8.038080076373829
    },
    "23": {
        "estimate": 26.256274876852096,
        "std": 8.111244190303514
    },
    "24": {
        "estimate": 26.3035755698162,
        "std": 8.184294843226915
    },
    "25": {
        "estimate": 26.616458590406772,
        "std": 8.270092510355877
    },
    "26": {
        "estimate": 26.83249573498769,
        "std": 8.142593396006873
    },
    "27": {
        "estimate": 27.218129656051477,
        "std": 8.303290931555484
    },
    "28": {
        "estimate": 27.306542335099312,
        "std": 8.410735417362003
    },
    "29": {
        "estimate": 27.63821201290841,
        "std": 8.661127298422874
    },
    "30": {
        "estimate": 28.182189647744945,
        "std": 8.92047669829778
    },
    "31": {
        "estimate": 27.99342391409804,
        "std": 8.7968901582867
    },
    "32": {
        "estimate": 25.177425472189682,
        "std": 8.050874048173103
    }
}