{
    "0": {
        "estimate": NaN,
        "std": NaN
    },
    "1": {
        "estimate": 15.153827479873714,
        "std": 4.892876680829629
    },
    "2": {
        "estimate": 15.693858642016401,
        "std": 5.635065207445591
    },
    "3": {
        "estimate": 16.478500928179223,
        "std": 5.992044268976812
    },
    "4": {
        "estimate": 18.29833023327564,
        "std": 6.73873974762932
    },
    "5": {
        "estimate": 19.51776912210524,
        "std": 6.998405059597451
    },
    "6": {
        "estimate": 19.887915042890796,
        "std": 7.124954623043868
    },
    "7": {
        "estimate": 23.42269636285337,
        "std": 7.587589603208204
    },
    "8": {
        "estimate": 23.49608803822001,
        "std": 7.70629910306518
    },
    "9": {
        "estimate": 25.01215609041654,
        "std": 8.073691765832681
    },
    "10": {
        "estimate": 24.37444290295324,
        "std": 7.529296828247866
    },
    "11": {
        "estimate": 24.5524216966092,
        "std": 7.372349075109928
    },
    "12": {
        "estimate": 25.933326304868427,
        "std": 7.572941294700452
    },
    "13": {
        "estimate": 25.452290698360233,
        "std": 7.214331838837041
    },
    "14": {
        "estimate": 25.128015454340048,
        "std": 7.233835606522717
    },
    "15": {
        "estimate": 24.793543065165537,
        "std": 6.945632900682768
    },
    "16": {
        "estimate": 24.350390579975002,
        "std": 6.7987196272353305
    },
    "17": {
        "estimate": 23.57656289062392,
        "std": 6.3936858697830194
    },
    "18": {
        "estimate": 23.264226264218056,
        "std": 6.327281140317435
    },
    "19": {
        "estimate": 23.171271762050207,
        "std": 6.295690408276257
    },
    "20": {
        "estimate": 23.27120230720583,
        "std": 6.265334543529758
    },
    "21": {
        "estimate": 23.413835754657786,
        "std": 6.324693100489953
    },
    "22": {
        "estimate": 23.648649614730406,
        "std": 6.379309959165722
    },
    "23": {
        "estimate": 23.941189477679156,
        "std": 6.519005067011129
    },
    "24": {
        "estimate": 23.98510596912478,
        "std": 6.518426590678382
    },
    "25": {
        "estimate": 24.310581705738635,
        "std": 6.5748741835336855
    },
    "26": {
        "estimate": 24.64381059836344,
        "std": 6.484563306214923
    },
    "27": {
        "estimate": 24.952572925065596,
        "std": 6.684415597886324
    },
    "28": {
        "estimate": 25.071026492402698,
        "std": 6.732558921784429
    },
    "29": {
        "estimate": 25.344852099308888,
        "std": 6.860938601617886
    },
    "30": {
        "estimate": 25.92987589546665,
        "std": 7.120044589042764
    },
    "31": {
        "estimate": 25.792873883275053,
        "std": 7.050874208256568
    },
    "32": {
        "estimate": 22.84031924874361,
        "std": 6.578668498190281
    }
}