{
    "0": NaN,
    "1": 9.180832862854004,
    "2": 8.302421569824219,
    "3": 6.470382213592529,
    "4": 8.826064109802246,
    "5": 8.575948715209961,
    "6": 8.710454940795898,
    "7": 12.380502700805664,
    "8": 13.373908042907715,
    "9": 15.186047554016113,
    "10": 14.710423469543457,
    "11": 16.816980361938477,
    "12": 21.233692169189453,
    "13": 22.742063522338867,
    "14": 20.978261947631836,
    "15": 23.310251235961914,
    "16": 23.49822235107422,
    "17": 24.574552536010742,
    "18": 25.38430404663086,
    "19": 25.572050094604492,
    "20": 25.326107025146484,
    "21": 25.532032012939453,
    "22": 25.479915618896484,
    "23": 25.59809112548828,
    "24": 25.38951873779297,
    "25": 25.515670776367188,
    "26": 25.052492141723633,
    "27": 25.490293502807617,
    "28": 25.173025131225586,
    "29": 25.60357666015625,
    "30": 25.52692985534668,
    "31": 25.206321716308594,
    "32": 25.86540412902832
}