{
    "0": NaN,
    "1": 10.93943977355957,
    "2": 14.41971206665039,
    "3": 22.37225914001465,
    "4": 27.117456436157227,
    "5": 31.00164794921875,
    "6": 33.32504653930664,
    "7": 30.882295608520508,
    "8": 30.279258728027344,
    "9": 27.83210563659668,
    "10": 31.762720108032227,
    "11": 34.48005676269531,
    "12": 37.530433654785156,
    "13": 37.363868713378906,
    "14": 38.181697845458984,
    "15": 35.11103439331055,
    "16": 33.579917907714844,
    "17": 32.82329177856445,
    "18": 33.67424774169922,
    "19": 34.33445358276367,
    "20": 35.16627883911133,
    "21": 35.00336456298828,
    "22": 35.092594146728516,
    "23": 34.521270751953125,
    "24": 34.313472747802734,
    "25": 34.61899185180664,
    "26": 35.09805679321289,
    "27": 35.2708740234375,
    "28": 34.977684020996094,
    "29": 35.03857421875,
    "30": 34.914031982421875,
    "31": 34.86860275268555,
    "32": 34.55401611328125,
    "33": 34.88869857788086,
    "34": 34.955501556396484,
    "35": 35.280799865722656,
    "36": 35.24052810668945,
    "37": 35.61018753051758,
    "38": 36.34088897705078,
    "39": 37.408775329589844,
    "40": 36.97309875488281
}