{
    "0": {
        "estimate": NaN,
        "std": NaN
    },
    "1": {
        "estimate": 19.636450092879475,
        "std": 8.231891874364717
    },
    "2": {
        "estimate": 21.499079478589042,
        "std": 8.055392438173495
    },
    "3": {
        "estimate": 26.087880633835255,
        "std": 9.182206726012941
    },
    "4": {
        "estimate": 29.710087620807286,
        "std": 10.32887673927764
    },
    "5": {
        "estimate": 32.037608570898165,
        "std": 11.24445316330849
    },
    "6": {
        "estimate": 31.69464768141351,
        "std": 11.801645953847334
    },
    "7": {
        "estimate": 34.916774182592484,
        "std": 12.88350872730806
    },
    "8": {
        "estimate": 33.551973995941424,
        "std": 12.431758514582707
    },
    "9": {
        "estimate": 35.65156624743787,
        "std": 13.143028195221296
    },
    "10": {
        "estimate": 34.228960658967985,
        "std": 12.507231851715007
    },
    "11": {
        "estimate": 34.061080632988364,
        "std": 12.39889286977503
    },
    "12": {
        "estimate": 37.949702457458535,
        "std": 13.405354283353224
    },
    "13": {
        "estimate": 37.71097034176177,
        "std": 12.882196864548783
    },
    "14": {
        "estimate": 33.24584493002591,
        "std": 12.35595844945247
    },
    "15": {
        "estimate": 30.03413061870815,
        "std": 11.369183424798681
    },
    "16": {
        "estimate": 28.682982597763743,
        "std": 11.212344084782707
    },
    "17": {
        "estimate": 27.1277597889248,
        "std": 10.309691986531066
    },
    "18": {
        "estimate": 27.1943631878981,
        "std": 10.181033573653414
    },
    "19": {
        "estimate": 26.983754185615403,
        "std": 10.09527399010688
    },
    "20": {
        "estimate": 26.90755721118797,
        "std": 9.865091646590939
    },
    "21": {
        "estimate": 26.593138116414252,
        "std": 9.75822024117199
    },
    "22": {
        "estimate": 26.727774929602397,
        "std": 9.658109964229315
    },
    "23": {
        "estimate": 26.76605647793548,
        "std": 9.84132611277343
    },
    "24": {
        "estimate": 26.746313085899445,
        "std": 9.632358457774389
    },
    "25": {
        "estimate": 27.148929854461272,
        "std": 9.879777241817408
    },
    "26": {
        "estimate": 27.48273560951077,
        "std": 10.062074462495488
    },
    "27": {
        "estimate": 28.361432492866157,
        "std": 10.579176426964649
    },
    "28": {
        "estimate": 28.236072189193266,
        "std": 10.608114773487287
    },
    "29": {
        "estimate": 28.583924125492835,
        "std": 10.72592820147028
    },
    "30": {
        "estimate": 29.3002258721509,
        "std": 11.20821543431922
    },
    "31": {
        "estimate": 28.71146402275305,
        "std": 11.128442589220308
    },
    "32": {
        "estimate": 22.71870682861701,
        "std": 8.606017266105702
    }
}