{
    "0": {
        "estimate": NaN,
        "std": NaN
    },
    "1": {
        "estimate": 18.0179349077308,
        "std": 4.639300454488437
    },
    "2": {
        "estimate": 18.543997543160913,
        "std": 4.681105506553167
    },
    "3": {
        "estimate": 22.560721290598064,
        "std": 5.127202316704687
    },
    "4": {
        "estimate": 25.689636117729204,
        "std": 5.577586869218118
    },
    "5": {
        "estimate": 28.091596232188255,
        "std": 6.236286703801442
    },
    "6": {
        "estimate": 28.428858315426332,
        "std": 6.691605503815595
    },
    "7": {
        "estimate": 31.114644869764707,
        "std": 7.0302199134629015
    },
    "8": {
        "estimate": 30.36526358742409,
        "std": 7.009221873817709
    },
    "9": {
        "estimate": 32.35297490482247,
        "std": 7.4184906988698565
    },
    "10": {
        "estimate": 31.113127028361557,
        "std": 7.505490567160701
    },
    "11": {
        "estimate": 30.74506321040251,
        "std": 7.347133162707014
    },
    "12": {
        "estimate": 34.15238886999488,
        "std": 7.788258639719295
    },
    "13": {
        "estimate": 33.80878275437243,
        "std": 7.63168503392997
    },
    "14": {
        "estimate": 30.045319891800418,
        "std": 7.189954057269964
    },
    "15": {
        "estimate": 27.37813141922765,
        "std": 7.2516959255484705
    },
    "16": {
        "estimate": 26.208181663535825,
        "std": 6.989646541461697
    },
    "17": {
        "estimate": 24.468183705198438,
        "std": 6.478920687374883
    },
    "18": {
        "estimate": 24.147131438913433,
        "std": 6.3091096716881
    },
    "19": {
        "estimate": 23.552999131823842,
        "std": 6.13548710274728
    },
    "20": {
        "estimate": 23.32098552208677,
        "std": 6.032951903791109
    },
    "21": {
        "estimate": 22.87409638991713,
        "std": 5.956817087569531
    },
    "22": {
        "estimate": 23.01465638340527,
        "std": 6.096553134449383
    },
    "23": {
        "estimate": 22.963331055551027,
        "std": 6.1548311568908
    },
    "24": {
        "estimate": 22.86769002094855,
        "std": 6.262114901589804
    },
    "25": {
        "estimate": 23.35576810365981,
        "std": 6.54538526744362
    },
    "26": {
        "estimate": 23.69508699998281,
        "std": 6.631018984353697
    },
    "27": {
        "estimate": 24.323549378825188,
        "std": 6.997229052686312
    },
    "28": {
        "estimate": 24.250332459836574,
        "std": 7.05777784142204
    },
    "29": {
        "estimate": 24.617264330185886,
        "std": 7.289593762249993
    },
    "30": {
        "estimate": 25.149374894361582,
        "std": 7.556609496574181
    },
    "31": {
        "estimate": 24.707129785491087,
        "std": 7.486494620804443
    },
    "32": {
        "estimate": 18.12537865473721,
        "std": 5.419378965414159
    }
}