{
    "0": {
        "estimate": Infinity,
        "std": NaN
    },
    "1": {
        "estimate": 19.59424116575489,
        "std": 6.72483790641415
    },
    "2": {
        "estimate": 20.075814018810412,
        "std": 6.479657476642451
    },
    "3": {
        "estimate": 20.825463072885615,
        "std": 6.452825516828296
    },
    "4": {
        "estimate": 20.524519160824298,
        "std": 6.70919545150608
    },
    "5": {
        "estimate": 22.353318824002685,
        "std": 7.532430332558703
    },
    "6": {
        "estimate": 22.085180057803658,
        "std": 7.453137712344575
    },
    "7": {
        "estimate": 22.478517182040815,
        "std": 7.5259374270757595
    },
    "8": {
        "estimate": 23.627618312446774,
        "std": 7.863165942900616
    },
    "9": {
        "estimate": 25.660754521501538,
        "std": 8.502085134075516
    },
    "10": {
        "estimate": 26.376331204491283,
        "std": 8.637769942859375
    },
    "11": {
        "estimate": 26.487760031611305,
        "std": 8.204563097784668
    },
    "12": {
        "estimate": 25.92355899397693,
        "std": 7.843590165642515
    },
    "13": {
        "estimate": 24.649999037988366,
        "std": 7.177244557468529
    },
    "14": {
        "estimate": 24.413468757951172,
        "std": 6.786292008348163
    },
    "15": {
        "estimate": 22.666841137615364,
        "std": 6.102747370034609
    },
    "16": {
        "estimate": 21.697281565781395,
        "std": 5.778051253918228
    },
    "17": {
        "estimate": 20.246630218023494,
        "std": 5.49462014203462
    },
    "18": {
        "estimate": 19.739100314215133,
        "std": 5.41963264489205
    },
    "19": {
        "estimate": 18.483697634657755,
        "std": 5.291336472127564
    },
    "20": {
        "estimate": 17.250437214113383,
        "std": 5.13430909739553
    },
    "21": {
        "estimate": 15.924223567129534,
        "std": 4.830798308974174
    },
    "22": {
        "estimate": 15.189748457152396,
        "std": 4.688675242678046
    },
    "23": {
        "estimate": 14.593639488058614,
        "std": 4.529216326466022
    },
    "24": {
        "estimate": 14.37488528626375,
        "std": 4.517841820895273
    },
    "25": {
        "estimate": 14.55228201932373,
        "std": 4.64884626871538
    },
    "26": {
        "estimate": 14.305672207814982,
        "std": 4.577486342450388
    },
    "27": {
        "estimate": 14.353916140512977,
        "std": 4.592402008454548
    },
    "28": {
        "estimate": 14.165019804375508,
        "std": 4.439461216821339
    },
    "29": {
        "estimate": 14.198570309211803,
        "std": 4.519244168795254
    },
    "30": {
        "estimate": 14.6175688853934,
        "std": 4.67122622987619
    },
    "31": {
        "estimate": 15.322910058572056,
        "std": 4.853136180682605
    },
    "32": {
        "estimate": 16.499849075602196,
        "std": 5.617323566727093
    }
}