{
    "0": {
        "estimate": Infinity,
        "std": NaN
    },
    "1": {
        "estimate": 21.558120907940182,
        "std": 8.19874496111793
    },
    "2": {
        "estimate": 22.231368957847003,
        "std": 7.881583724708036
    },
    "3": {
        "estimate": 22.700736494066838,
        "std": 7.6553996737078105
    },
    "4": {
        "estimate": 22.383241219236748,
        "std": 7.835798180506819
    },
    "5": {
        "estimate": 24.319737152096902,
        "std": 8.835501437625714
    },
    "6": {
        "estimate": 23.78350892478353,
        "std": 8.731058673102288
    },
    "7": {
        "estimate": 24.076535296868386,
        "std": 8.779654165697522
    },
    "8": {
        "estimate": 25.374286431136362,
        "std": 9.333034977419816
    },
    "9": {
        "estimate": 27.426576915546857,
        "std": 9.99421512797088
    },
    "10": {
        "estimate": 28.233773473418925,
        "std": 10.071090004595034
    },
    "11": {
        "estimate": 28.11313006730111,
        "std": 9.804603430115877
    },
    "12": {
        "estimate": 27.33145164687445,
        "std": 9.588585768781462
    },
    "13": {
        "estimate": 25.84866673556053,
        "std": 8.672913114280803
    },
    "14": {
        "estimate": 25.7338331036833,
        "std": 8.380517942044936
    },
    "15": {
        "estimate": 23.771760538530177,
        "std": 7.517488238963132
    },
    "16": {
        "estimate": 22.977658268622104,
        "std": 7.1725539868524235
    },
    "17": {
        "estimate": 21.75115897650671,
        "std": 6.910725066656062
    },
    "18": {
        "estimate": 21.35355925634914,
        "std": 6.703635274773754
    },
    "19": {
        "estimate": 20.1918538053616,
        "std": 6.46216580607182
    },
    "20": {
        "estimate": 18.999910744377303,
        "std": 6.356348672279116
    },
    "21": {
        "estimate": 17.6779360380526,
        "std": 5.966214552049274
    },
    "22": {
        "estimate": 16.787424081398566,
        "std": 5.705436074059708
    },
    "23": {
        "estimate": 16.134717406268567,
        "std": 5.46347436359877
    },
    "24": {
        "estimate": 15.89144703500041,
        "std": 5.393907409954043
    },
    "25": {
        "estimate": 16.016852033380236,
        "std": 5.611886152046336
    },
    "26": {
        "estimate": 15.711864125607617,
        "std": 5.52479453043254
    },
    "27": {
        "estimate": 15.733961590743187,
        "std": 5.566232601472554
    },
    "28": {
        "estimate": 15.479320249539946,
        "std": 5.384839671303258
    },
    "29": {
        "estimate": 15.4767718103081,
        "std": 5.390797635549205
    },
    "30": {
        "estimate": 15.916245741954972,
        "std": 5.65266106570106
    },
    "31": {
        "estimate": 16.627238469740558,
        "std": 5.875731288681131
    },
    "32": {
        "estimate": 17.72398130491243,
        "std": 6.616116436735753
    }
}