{
    "0": {
        "estimate": NaN,
        "std": NaN
    },
    "1": {
        "estimate": 13.582459006109845,
        "std": 4.268146288457439
    },
    "2": {
        "estimate": 15.91197192186155,
        "std": 4.792986404920917
    },
    "3": {
        "estimate": 17.405186127700834,
        "std": 4.729795289841162
    },
    "4": {
        "estimate": 19.299997922495955,
        "std": 5.275118472425403
    },
    "5": {
        "estimate": 19.655141936567887,
        "std": 5.3243351415692866
    },
    "6": {
        "estimate": 19.92651389269046,
        "std": 5.437488191737135
    },
    "7": {
        "estimate": 20.20920265843608,
        "std": 5.307762172329676
    },
    "8": {
        "estimate": 20.648321941496903,
        "std": 5.438257849400526
    },
    "9": {
        "estimate": 21.236169925004425,
        "std": 5.825778001915737
    },
    "10": {
        "estimate": 21.552054956711093,
        "std": 6.276620062125216
    },
    "11": {
        "estimate": 22.29863860457099,
        "std": 6.695370948079999
    },
    "12": {
        "estimate": 22.205129020489274,
        "std": 6.780956041150299
    },
    "13": {
        "estimate": 22.431958388453083,
        "std": 7.236560682815664
    },
    "14": {
        "estimate": 23.253572033708995,
        "std": 8.019539250390027
    },
    "15": {
        "estimate": 23.775763145172792,
        "std": 8.050243415175022
    },
    "16": {
        "estimate": 23.863886054989997,
        "std": 7.666103941375907
    },
    "17": {
        "estimate": 23.10131126787567,
        "std": 7.3124378516811985
    },
    "18": {
        "estimate": 19.483423580325773,
        "std": 5.7164452432635535
    },
    "19": {
        "estimate": 18.64526214080175,
        "std": 5.247807422721157
    },
    "20": {
        "estimate": 18.96067565610364,
        "std": 5.2824195991673895
    },
    "21": {
        "estimate": 18.94039369145969,
        "std": 5.243098937651893
    },
    "22": {
        "estimate": 18.761783922058402,
        "std": 5.116847727171213
    },
    "23": {
        "estimate": 18.759579621719453,
        "std": 5.1326552544464805
    },
    "24": {
        "estimate": 18.97537834909004,
        "std": 5.25456196112102
    },
    "25": {
        "estimate": 18.916286200574934,
        "std": 5.38215464689825
    },
    "26": {
        "estimate": 19.647459437898732,
        "std": 5.891027141392765
    },
    "27": {
        "estimate": 19.970011041371443,
        "std": 6.145222537184864
    },
    "28": {
        "estimate": 20.354211970629535,
        "std": 6.632984350233654
    },
    "29": {
        "estimate": 20.601770765868253,
        "std": 7.000091349233802
    },
    "30": {
        "estimate": 20.701383291623102,
        "std": 7.0556839513862055
    },
    "31": {
        "estimate": 21.859338437435063,
        "std": 7.980081005420367
    },
    "32": {
        "estimate": 20.42509596325123,
        "std": 7.512083307792356
    }
}