{
    "0": {
        "estimate": NaN,
        "std": NaN
    },
    "1": {
        "estimate": 14.184290971849757,
        "std": 4.492339257739458
    },
    "2": {
        "estimate": 16.669982443145468,
        "std": 5.171984613590052
    },
    "3": {
        "estimate": 18.095961483903316,
        "std": 4.9944951849529335
    },
    "4": {
        "estimate": 20.0297780303756,
        "std": 5.578742644491698
    },
    "5": {
        "estimate": 20.41007442228851,
        "std": 5.603460375679568
    },
    "6": {
        "estimate": 20.68066499864281,
        "std": 5.698975130659983
    },
    "7": {
        "estimate": 20.94824828245444,
        "std": 5.551140147085704
    },
    "8": {
        "estimate": 21.418430845170302,
        "std": 5.707381606790461
    },
    "9": {
        "estimate": 21.98436170343953,
        "std": 6.114474387113001
    },
    "10": {
        "estimate": 22.377411082767882,
        "std": 6.516282089934929
    },
    "11": {
        "estimate": 23.162450127588183,
        "std": 6.964573047428299
    },
    "12": {
        "estimate": 23.087403152834856,
        "std": 7.021618384119785
    },
    "13": {
        "estimate": 23.373911646362576,
        "std": 7.566326620753955
    },
    "14": {
        "estimate": 24.230464300724595,
        "std": 8.372306099537061
    },
    "15": {
        "estimate": 24.810276550811857,
        "std": 8.405288113910593
    },
    "16": {
        "estimate": 24.811170621144225,
        "std": 8.006894039668921
    },
    "17": {
        "estimate": 24.0405005659824,
        "std": 7.647780673225276
    },
    "18": {
        "estimate": 20.540426041286196,
        "std": 6.064517992160759
    },
    "19": {
        "estimate": 19.664096547695298,
        "std": 5.578317783555609
    },
    "20": {
        "estimate": 19.988708269092033,
        "std": 5.628389357447295
    },
    "21": {
        "estimate": 19.95806545728932,
        "std": 5.587658572062144
    },
    "22": {
        "estimate": 19.81266007759049,
        "std": 5.468367538167936
    },
    "23": {
        "estimate": 19.800192158459186,
        "std": 5.45583002094365
    },
    "24": {
        "estimate": 20.025733044901227,
        "std": 5.581478806556793
    },
    "25": {
        "estimate": 19.982754216806512,
        "std": 5.733430308970892
    },
    "26": {
        "estimate": 20.782405370917708,
        "std": 6.262723013881978
    },
    "27": {
        "estimate": 21.14540722941075,
        "std": 6.51929078807792
    },
    "28": {
        "estimate": 21.567552578001468,
        "std": 7.008400634858488
    },
    "29": {
        "estimate": 21.86007045585076,
        "std": 7.375764007386823
    },
    "30": {
        "estimate": 21.940193474603607,
        "std": 7.421080920886872
    },
    "31": {
        "estimate": 23.118555779595685,
        "std": 8.402790566623974
    },
    "32": {
        "estimate": 21.399419785031448,
        "std": 7.924312261040371
    }
}