{
    "0": {
        "estimate": Infinity,
        "std": NaN
    },
    "1": {
        "estimate": 15.033597108565708,
        "std": 5.840142138797588
    },
    "2": {
        "estimate": 16.90263387298154,
        "std": 6.620773946742747
    },
    "3": {
        "estimate": 14.90675620703064,
        "std": 5.892265705214863
    },
    "4": {
        "estimate": 16.602450570605157,
        "std": 6.376814395259764
    },
    "5": {
        "estimate": 16.59893166950582,
        "std": 6.884186469020458
    },
    "6": {
        "estimate": 16.3588048649067,
        "std": 6.338704019279908
    },
    "7": {
        "estimate": 16.183532150728542,
        "std": 6.261483087323413
    },
    "8": {
        "estimate": 16.817759132962202,
        "std": 6.130055675759002
    },
    "9": {
        "estimate": 18.164032527274575,
        "std": 6.557397792601206
    },
    "10": {
        "estimate": 18.75904965810075,
        "std": 6.524267843080942
    },
    "11": {
        "estimate": 18.310083134046938,
        "std": 6.378297732901582
    },
    "12": {
        "estimate": 18.530339301240446,
        "std": 6.427492039509481
    },
    "13": {
        "estimate": 17.790135435799836,
        "std": 5.988669525907423
    },
    "14": {
        "estimate": 17.641194605481253,
        "std": 5.707944864983959
    },
    "15": {
        "estimate": 17.707741884402484,
        "std": 5.820554261775523
    },
    "16": {
        "estimate": 17.136771733686388,
        "std": 5.520774744504432
    },
    "17": {
        "estimate": 16.7777887221926,
        "std": 5.275877020694906
    },
    "18": {
        "estimate": 16.112754228083766,
        "std": 5.091744899890674
    },
    "19": {
        "estimate": 15.691446973635772,
        "std": 4.826932480902977
    },
    "20": {
        "estimate": 15.131332769651584,
        "std": 4.653814003130169
    },
    "21": {
        "estimate": 14.732481666865045,
        "std": 4.573952314303663
    },
    "22": {
        "estimate": 14.624941764562317,
        "std": 4.542679611110632
    },
    "23": {
        "estimate": 14.693575752283671,
        "std": 4.502582706241554
    },
    "24": {
        "estimate": 14.857168505502568,
        "std": 4.435509768217247
    },
    "25": {
        "estimate": 14.927310414467785,
        "std": 4.320969158641698
    },
    "26": {
        "estimate": 14.675038496773881,
        "std": 4.238741646875739
    },
    "27": {
        "estimate": 15.53350419621874,
        "std": 4.531692394634224
    },
    "28": {
        "estimate": 16.299291436173743,
        "std": 4.973277627371846
    },
    "29": {
        "estimate": 16.761319179205724,
        "std": 5.191704708795943
    },
    "30": {
        "estimate": 17.97559827032527,
        "std": 5.461814275083385
    },
    "31": {
        "estimate": 18.593690951212334,
        "std": 5.69295462275335
    },
    "32": {
        "estimate": 18.506414392332697,
        "std": 5.932636504688853
    }
}