{
    "0": {
        "estimate": Infinity,
        "std": NaN
    },
    "1": {
        "estimate": 14.828289184256745,
        "std": 5.5372374742431605
    },
    "2": {
        "estimate": 16.853866437525433,
        "std": 6.194523376396074
    },
    "3": {
        "estimate": 14.808031639020445,
        "std": 5.523146580855557
    },
    "4": {
        "estimate": 16.53857384229438,
        "std": 6.0848807099169
    },
    "5": {
        "estimate": 16.507695346915355,
        "std": 6.506786532438003
    },
    "6": {
        "estimate": 16.222009250440294,
        "std": 6.067292978716206
    },
    "7": {
        "estimate": 16.04673152470067,
        "std": 6.039622263964158
    },
    "8": {
        "estimate": 16.664906570095873,
        "std": 5.877332893388021
    },
    "9": {
        "estimate": 18.03752110024211,
        "std": 6.2241427576545565
    },
    "10": {
        "estimate": 18.61253905105827,
        "std": 6.2384647137253
    },
    "11": {
        "estimate": 18.148311716744885,
        "std": 6.06572716678432
    },
    "12": {
        "estimate": 18.190949090455366,
        "std": 6.118970924008357
    },
    "13": {
        "estimate": 17.408575435558827,
        "std": 5.657433213618775
    },
    "14": {
        "estimate": 17.14915409932995,
        "std": 5.4102366560516675
    },
    "15": {
        "estimate": 17.230381404778548,
        "std": 5.4765687810436505
    },
    "16": {
        "estimate": 16.60430373096214,
        "std": 5.17352826796313
    },
    "17": {
        "estimate": 16.198642306572065,
        "std": 4.942450915550101
    },
    "18": {
        "estimate": 15.526030785881007,
        "std": 4.729153932845647
    },
    "19": {
        "estimate": 15.094107545394172,
        "std": 4.494503403057062
    },
    "20": {
        "estimate": 14.495864859236079,
        "std": 4.354709763157946
    },
    "21": {
        "estimate": 14.074668284000445,
        "std": 4.254833717902255
    },
    "22": {
        "estimate": 13.964348984872613,
        "std": 4.199592494578722
    },
    "23": {
        "estimate": 14.054042712199376,
        "std": 4.208758257204942
    },
    "24": {
        "estimate": 14.216413690997241,
        "std": 4.179868679020779
    },
    "25": {
        "estimate": 14.262217170545203,
        "std": 4.0341019632148925
    },
    "26": {
        "estimate": 13.973015296996463,
        "std": 3.9626960873582355
    },
    "27": {
        "estimate": 14.827274154071551,
        "std": 4.253704696482564
    },
    "28": {
        "estimate": 15.650105799613502,
        "std": 4.662738991862448
    },
    "29": {
        "estimate": 16.13960215235512,
        "std": 4.891346365404764
    },
    "30": {
        "estimate": 17.29514430263526,
        "std": 5.10326238666453
    },
    "31": {
        "estimate": 17.93309653983408,
        "std": 5.270347458638322
    },
    "32": {
        "estimate": 17.979904734448045,
        "std": 5.5119057218472
    }
}