{
    "0": {
        "estimate": Infinity,
        "std": NaN
    },
    "1": {
        "estimate": 15.158249118985957,
        "std": 6.483413551821037
    },
    "2": {
        "estimate": 16.7565940438878,
        "std": 7.378008494705719
    },
    "3": {
        "estimate": 14.911991934996081,
        "std": 6.517743581437384
    },
    "4": {
        "estimate": 16.559576332593053,
        "std": 7.091391079698577
    },
    "5": {
        "estimate": 16.625033633147176,
        "std": 7.605949117852375
    },
    "6": {
        "estimate": 16.383206061766362,
        "std": 6.904895778926917
    },
    "7": {
        "estimate": 16.280268089845915,
        "std": 6.8558706022901275
    },
    "8": {
        "estimate": 16.886215000101092,
        "std": 6.7704187954064645
    },
    "9": {
        "estimate": 18.157824825264697,
        "std": 7.198715343024986
    },
    "10": {
        "estimate": 18.834353872612486,
        "std": 7.239211782364197
    },
    "11": {
        "estimate": 18.368178233661972,
        "std": 7.005368484561056
    },
    "12": {
        "estimate": 18.81192816202559,
        "std": 7.027596262925551
    },
    "13": {
        "estimate": 18.19363451158887,
        "std": 6.580336912794603
    },
    "14": {
        "estimate": 18.20063264907327,
        "std": 6.375441568676895
    },
    "15": {
        "estimate": 18.251496005422908,
        "std": 6.483455950137717
    },
    "16": {
        "estimate": 17.717685283246627,
        "std": 6.082966985571879
    },
    "17": {
        "estimate": 17.432084963609817,
        "std": 5.917528337984764
    },
    "18": {
        "estimate": 16.813352231959534,
        "std": 5.629019985370258
    },
    "19": {
        "estimate": 16.461121884917468,
        "std": 5.471924459664787
    },
    "20": {
        "estimate": 15.92016404623657,
        "std": 5.237679419134339
    },
    "21": {
        "estimate": 15.55319828649672,
        "std": 5.046653054488425
    },
    "22": {
        "estimate": 15.427927875096985,
        "std": 5.007271676106733
    },
    "23": {
        "estimate": 15.480818238197378,
        "std": 5.025711236434412
    },
    "24": {
        "estimate": 15.663123934380495,
        "std": 4.947649835261865
    },
    "25": {
        "estimate": 15.762811646858504,
        "std": 4.889527401992497
    },
    "26": {
        "estimate": 15.543944629898764,
        "std": 4.797160729868601
    },
    "27": {
        "estimate": 16.41610734618206,
        "std": 5.094022739961282
    },
    "28": {
        "estimate": 17.088620094608846,
        "std": 5.5444435093043
    },
    "29": {
        "estimate": 17.519193282070272,
        "std": 5.873280214341632
    },
    "30": {
        "estimate": 18.764523405616504,
        "std": 6.185999146423774
    },
    "31": {
        "estimate": 19.435161484960467,
        "std": 6.516940451292191
    },
    "32": {
        "estimate": 19.01199112319518,
        "std": 6.68993341260907
    }
}