{
    "0": {
        "estimate": Infinity,
        "std": NaN
    },
    "1": {
        "estimate": 14.474998393412575,
        "std": 4.248288832131556
    },
    "2": {
        "estimate": 14.111012807440158,
        "std": 4.1267154225112215
    },
    "3": {
        "estimate": 16.246894851923926,
        "std": 4.75530434000133
    },
    "4": {
        "estimate": 16.186644977969625,
        "std": 5.119317698435546
    },
    "5": {
        "estimate": 17.47503772542082,
        "std": 5.636275005327944
    },
    "6": {
        "estimate": 17.50814821506404,
        "std": 5.509661441817994
    },
    "7": {
        "estimate": 17.28830394765175,
        "std": 5.4368305592755615
    },
    "8": {
        "estimate": 17.24897735970702,
        "std": 5.305724126054394
    },
    "9": {
        "estimate": 17.26916641112348,
        "std": 5.346085539270079
    },
    "10": {
        "estimate": 17.769026819556213,
        "std": 5.593643089994349
    },
    "11": {
        "estimate": 18.1145779922282,
        "std": 5.769012524558914
    },
    "12": {
        "estimate": 18.687264422995653,
        "std": 5.777641706531343
    },
    "13": {
        "estimate": 19.059094667839446,
        "std": 5.726192990665019
    },
    "14": {
        "estimate": 19.97511872538603,
        "std": 6.093110331407042
    },
    "15": {
        "estimate": 21.912153335343348,
        "std": 6.730280911352401
    },
    "16": {
        "estimate": 23.359103770012425,
        "std": 7.346884876581442
    },
    "17": {
        "estimate": 23.651646536309528,
        "std": 7.433425394707698
    },
    "18": {
        "estimate": 22.513787327835477,
        "std": 7.031017166194619
    },
    "19": {
        "estimate": 21.52692095036266,
        "std": 6.696000481696895
    },
    "20": {
        "estimate": 19.804472056831788,
        "std": 6.108319962648262
    },
    "21": {
        "estimate": 19.558451398496754,
        "std": 6.040228720224914
    },
    "22": {
        "estimate": 19.612200141519246,
        "std": 5.997388188313439
    },
    "23": {
        "estimate": 19.53304502379431,
        "std": 5.953556938991151
    },
    "24": {
        "estimate": 19.6464027329973,
        "std": 6.062533509117702
    },
    "25": {
        "estimate": 19.78145886744192,
        "std": 6.123758539502828
    },
    "26": {
        "estimate": 19.729167864393286,
        "std": 6.184643011283768
    },
    "27": {
        "estimate": 20.039306818541085,
        "std": 6.314994333442947
    },
    "28": {
        "estimate": 19.88263150169721,
        "std": 6.267159954611152
    },
    "29": {
        "estimate": 20.18115094129649,
        "std": 6.654475802602365
    },
    "30": {
        "estimate": 21.392830350405244,
        "std": 7.713592279461585
    },
    "31": {
        "estimate": 22.626664691066562,
        "std": 9.042248401541052
    },
    "32": {
        "estimate": 24.53018042308535,
        "std": 11.48363609768294
    }
}