{
    "0": {
        "estimate": Infinity,
        "std": NaN
    },
    "1": {
        "estimate": 15.085568745838668,
        "std": 4.441231105800584
    },
    "2": {
        "estimate": 14.801104235090758,
        "std": 4.50827878411111
    },
    "3": {
        "estimate": 16.89195015206369,
        "std": 5.1384268632808405
    },
    "4": {
        "estimate": 16.75154503829175,
        "std": 5.352916233046102
    },
    "5": {
        "estimate": 18.06254097899571,
        "std": 5.8984129033633375
    },
    "6": {
        "estimate": 18.079224772848356,
        "std": 5.761684389576691
    },
    "7": {
        "estimate": 17.820468332822387,
        "std": 5.640688879286057
    },
    "8": {
        "estimate": 17.74314179841675,
        "std": 5.54655398619059
    },
    "9": {
        "estimate": 17.760866348317705,
        "std": 5.575370441125864
    },
    "10": {
        "estimate": 18.25700106022291,
        "std": 5.81765677259344
    },
    "11": {
        "estimate": 18.621668550350122,
        "std": 5.984068525234498
    },
    "12": {
        "estimate": 19.12417502502917,
        "std": 5.9887153602011525
    },
    "13": {
        "estimate": 19.508382308438886,
        "std": 5.937013275892067
    },
    "14": {
        "estimate": 20.4935517334013,
        "std": 6.307929911199416
    },
    "15": {
        "estimate": 22.429207424192743,
        "std": 6.972078980398414
    },
    "16": {
        "estimate": 23.96786222037864,
        "std": 7.6618327226036245
    },
    "17": {
        "estimate": 24.340663049856886,
        "std": 7.716052065662556
    },
    "18": {
        "estimate": 23.325411109963678,
        "std": 7.392394540420958
    },
    "19": {
        "estimate": 22.333692482601812,
        "std": 7.005153762308215
    },
    "20": {
        "estimate": 20.7270001875653,
        "std": 6.416472201729841
    },
    "21": {
        "estimate": 20.483040034718368,
        "std": 6.335123090602355
    },
    "22": {
        "estimate": 20.53564012308504,
        "std": 6.2638619458709455
    },
    "23": {
        "estimate": 20.470021983932785,
        "std": 6.249001409368317
    },
    "24": {
        "estimate": 20.593450996848247,
        "std": 6.351853630129109
    },
    "25": {
        "estimate": 20.738521839006975,
        "std": 6.42468247509233
    },
    "26": {
        "estimate": 20.669819051767547,
        "std": 6.488501748742893
    },
    "27": {
        "estimate": 21.01380720816484,
        "std": 6.637864314287217
    },
    "28": {
        "estimate": 20.84304171614225,
        "std": 6.574563528779993
    },
    "29": {
        "estimate": 21.183789656233728,
        "std": 6.971281966242232
    },
    "30": {
        "estimate": 22.421231714323106,
        "std": 8.125640333935213
    },
    "31": {
        "estimate": 23.7254003513521,
        "std": 9.497183318631615
    },
    "32": {
        "estimate": 25.467678191846307,
        "std": 12.068837734545717
    }
}