{
    "0": {
        "estimate": Infinity,
        "std": NaN
    },
    "1": {
        "estimate": 15.873571065972166,
        "std": 4.8870899809897015
    },
    "2": {
        "estimate": 15.781800898635495,
        "std": 5.145583925530963
    },
    "3": {
        "estimate": 17.790010557855396,
        "std": 5.767275298278381
    },
    "4": {
        "estimate": 17.564132370637726,
        "std": 5.7933320749338995
    },
    "5": {
        "estimate": 18.861772734914442,
        "std": 6.370146330002732
    },
    "6": {
        "estimate": 18.820447549154366,
        "std": 6.210803354324435
    },
    "7": {
        "estimate": 18.552619458808632,
        "std": 6.0702218013833615
    },
    "8": {
        "estimate": 18.37490155059357,
        "std": 5.9303735830218285
    },
    "9": {
        "estimate": 18.45545486719681,
        "std": 6.017232912944169
    },
    "10": {
        "estimate": 18.921541864490926,
        "std": 6.258817718218503
    },
    "11": {
        "estimate": 19.290104089417493,
        "std": 6.413087296368965
    },
    "12": {
        "estimate": 19.66974708486955,
        "std": 6.385168881910045
    },
    "13": {
        "estimate": 20.005768817227178,
        "std": 6.363720228443125
    },
    "14": {
        "estimate": 21.184991200892636,
        "std": 6.792881287264306
    },
    "15": {
        "estimate": 23.145635809690763,
        "std": 7.49171330760506
    },
    "16": {
        "estimate": 24.837800679724012,
        "std": 8.352883955927188
    },
    "17": {
        "estimate": 25.317238197899044,
        "std": 8.408887926193621
    },
    "18": {
        "estimate": 24.296182563217794,
        "std": 7.924415996662149
    },
    "19": {
        "estimate": 23.456777069440008,
        "std": 7.636590577831839
    },
    "20": {
        "estimate": 21.938889469132643,
        "std": 6.919762030347772
    },
    "21": {
        "estimate": 21.75885028102058,
        "std": 6.928077934060854
    },
    "22": {
        "estimate": 21.760969558460143,
        "std": 6.790266768401517
    },
    "23": {
        "estimate": 21.673275291993015,
        "std": 6.846803679320769
    },
    "24": {
        "estimate": 21.792274313895298,
        "std": 6.906533718897271
    },
    "25": {
        "estimate": 22.033775293553983,
        "std": 7.027506336044933
    },
    "26": {
        "estimate": 21.93895262923819,
        "std": 7.1121339497198806
    },
    "27": {
        "estimate": 22.3159779914551,
        "std": 7.201391910076066
    },
    "28": {
        "estimate": 22.157984619813,
        "std": 7.164348630772668
    },
    "29": {
        "estimate": 22.591652479404157,
        "std": 7.574474206852485
    },
    "30": {
        "estimate": 23.825007925371168,
        "std": 8.762704802374312
    },
    "31": {
        "estimate": 25.21803260067262,
        "std": 10.377914025552403
    },
    "32": {
        "estimate": 26.83891827051409,
        "std": 13.008200613619445
    }
}