{
    "0": {
        "estimate": Infinity,
        "std": NaN
    },
    "1": {
        "estimate": 13.874611096656631,
        "std": 4.524280082433843
    },
    "2": {
        "estimate": 12.732067692840953,
        "std": 4.461818374355826
    },
    "3": {
        "estimate": 13.249189221721542,
        "std": 4.869695187013534
    },
    "4": {
        "estimate": 11.797125772518653,
        "std": 4.788983781659507
    },
    "5": {
        "estimate": 12.509636432629081,
        "std": 5.219407139452351
    },
    "6": {
        "estimate": 12.586505463536433,
        "std": 6.1051512937593175
    },
    "7": {
        "estimate": 12.63388712342847,
        "std": 5.561075332958471
    },
    "8": {
        "estimate": 12.7557300119001,
        "std": 5.55965404443147
    },
    "9": {
        "estimate": 12.824874999240865,
        "std": 5.574557015118388
    },
    "10": {
        "estimate": 13.028535542831609,
        "std": 5.61566182746622
    },
    "11": {
        "estimate": 13.292552829402982,
        "std": 5.793506624532417
    },
    "12": {
        "estimate": 13.44984580220769,
        "std": 6.002232470452691
    },
    "13": {
        "estimate": 13.368583315283768,
        "std": 5.887154700082389
    },
    "14": {
        "estimate": 13.487571608500525,
        "std": 5.807205144144822
    },
    "15": {
        "estimate": 13.607241780512268,
        "std": 5.821285800696326
    },
    "16": {
        "estimate": 13.468829528039146,
        "std": 5.675235426658531
    },
    "17": {
        "estimate": 13.565825720148668,
        "std": 5.799211216199428
    },
    "18": {
        "estimate": 13.794955635985913,
        "std": 5.900229471391219
    },
    "19": {
        "estimate": 13.441606145906174,
        "std": 5.775079809848696
    },
    "20": {
        "estimate": 13.257288152801344,
        "std": 5.7030998571023765
    },
    "21": {
        "estimate": 13.35936736571339,
        "std": 5.656463569419694
    },
    "22": {
        "estimate": 13.124540507076338,
        "std": 5.5059066344969585
    },
    "23": {
        "estimate": 12.872726486826839,
        "std": 5.392442838581436
    },
    "24": {
        "estimate": 12.675169407450277,
        "std": 5.3207867401759446
    },
    "25": {
        "estimate": 12.659427374410058,
        "std": 5.336671097079932
    },
    "26": {
        "estimate": 12.693447594308518,
        "std": 5.338867897757549
    },
    "27": {
        "estimate": 12.911638012428616,
        "std": 5.465593301355956
    },
    "28": {
        "estimate": 13.120191010605488,
        "std": 5.563632337859057
    },
    "29": {
        "estimate": 13.968404759805985,
        "std": 5.964695984551986
    },
    "30": {
        "estimate": 15.454762110593178,
        "std": 6.742069210574809
    },
    "31": {
        "estimate": 17.00383541447805,
        "std": 7.695084617598256
    },
    "32": {
        "estimate": 18.619972316688997,
        "std": 8.832360582520527
    }
}