{
    "0": {
        "estimate": Infinity,
        "std": NaN
    },
    "1": {
        "estimate": 16.490979805934703,
        "std": 6.431920365455783
    },
    "2": {
        "estimate": 15.832173745876597,
        "std": 6.638270739325699
    },
    "3": {
        "estimate": 15.872528182609674,
        "std": 6.726848797844055
    },
    "4": {
        "estimate": 14.507173420503555,
        "std": 6.100940928729348
    },
    "5": {
        "estimate": 15.141064272814331,
        "std": 6.516341714331008
    },
    "6": {
        "estimate": 15.007700025140958,
        "std": 7.089354617997351
    },
    "7": {
        "estimate": 14.941452201963193,
        "std": 6.522141493539005
    },
    "8": {
        "estimate": 15.054682825344662,
        "std": 6.5998023271143
    },
    "9": {
        "estimate": 15.077239572935193,
        "std": 6.470547560993796
    },
    "10": {
        "estimate": 15.328435895442288,
        "std": 6.53669068395884
    },
    "11": {
        "estimate": 15.670009497946577,
        "std": 6.902048509596266
    },
    "12": {
        "estimate": 15.865277430964943,
        "std": 7.025352548312862
    },
    "13": {
        "estimate": 15.832718917530501,
        "std": 6.985076187176558
    },
    "14": {
        "estimate": 15.939859948727447,
        "std": 6.903091006887773
    },
    "15": {
        "estimate": 16.059168585032037,
        "std": 6.817059044168583
    },
    "16": {
        "estimate": 16.00629585033674,
        "std": 6.824012669116003
    },
    "17": {
        "estimate": 16.121143283299524,
        "std": 6.803997565935147
    },
    "18": {
        "estimate": 16.374379599478324,
        "std": 6.888673268225941
    },
    "19": {
        "estimate": 16.018712316331488,
        "std": 6.709000955039295
    },
    "20": {
        "estimate": 15.825599558012334,
        "std": 6.491870573110707
    },
    "21": {
        "estimate": 15.960439695913747,
        "std": 6.497629209345588
    },
    "22": {
        "estimate": 15.765016987185634,
        "std": 6.396634700497647
    },
    "23": {
        "estimate": 15.577647482077358,
        "std": 6.3734223887894474
    },
    "24": {
        "estimate": 15.37709692887091,
        "std": 6.2568064572110975
    },
    "25": {
        "estimate": 15.36749278111918,
        "std": 6.254542806137549
    },
    "26": {
        "estimate": 15.4356826466442,
        "std": 6.268487767956712
    },
    "27": {
        "estimate": 15.66232962541508,
        "std": 6.371412660352654
    },
    "28": {
        "estimate": 15.831359129778209,
        "std": 6.334493750888249
    },
    "29": {
        "estimate": 16.892932449384475,
        "std": 6.8926775738461
    },
    "30": {
        "estimate": 18.601183077477685,
        "std": 7.8660844144699835
    },
    "31": {
        "estimate": 20.335784634525353,
        "std": 8.996838918581297
    },
    "32": {
        "estimate": 21.94001590468292,
        "std": 10.178246402508606
    }
}