{
    "0": {
        "estimate": NaN,
        "std": NaN
    },
    "1": {
        "estimate": 12.922561040893756,
        "std": 4.939991381983989
    },
    "2": {
        "estimate": 14.32728065176989,
        "std": 5.883793951291419
    },
    "3": {
        "estimate": 15.148108061484637,
        "std": 6.1238671670918325
    },
    "4": {
        "estimate": 15.435331129958097,
        "std": 6.617131169216372
    },
    "5": {
        "estimate": 16.44870439098664,
        "std": 7.006284846417919
    },
    "6": {
        "estimate": 16.42788691610649,
        "std": 6.665791651083567
    },
    "7": {
        "estimate": 16.994662127792836,
        "std": 6.899212912146314
    },
    "8": {
        "estimate": 16.869115415629956,
        "std": 6.797461934342926
    },
    "9": {
        "estimate": 17.040252026006968,
        "std": 6.973451177843359
    },
    "10": {
        "estimate": 18.045612843751982,
        "std": 6.963263965993621
    },
    "11": {
        "estimate": 17.747201190734014,
        "std": 6.8304668132124196
    },
    "12": {
        "estimate": 17.55796792080746,
        "std": 6.896524957097841
    },
    "13": {
        "estimate": 17.49615336235192,
        "std": 6.743131057417955
    },
    "14": {
        "estimate": 17.341871387993496,
        "std": 6.951494063367295
    },
    "15": {
        "estimate": 17.156499138726748,
        "std": 6.791953062721283
    },
    "16": {
        "estimate": 16.75563667287714,
        "std": 6.578319475767539
    },
    "17": {
        "estimate": 16.557520137408485,
        "std": 6.202338194479573
    },
    "18": {
        "estimate": 16.440548659980625,
        "std": 6.0795939347341905
    },
    "19": {
        "estimate": 16.2775124524366,
        "std": 5.981470996974931
    },
    "20": {
        "estimate": 16.30503209336714,
        "std": 5.997051317246204
    },
    "21": {
        "estimate": 16.66487888892997,
        "std": 6.1886553433498905
    },
    "22": {
        "estimate": 16.98820906308352,
        "std": 6.3708626177463685
    },
    "23": {
        "estimate": 17.02985105491213,
        "std": 6.530028598095896
    },
    "24": {
        "estimate": 17.665755075226592,
        "std": 6.874962364046287
    },
    "25": {
        "estimate": 18.190304384445,
        "std": 7.246622900557848
    },
    "26": {
        "estimate": 18.311718300940726,
        "std": 7.2909581812663395
    },
    "27": {
        "estimate": 19.119696103123527,
        "std": 7.93678913354557
    },
    "28": {
        "estimate": 19.13437463002428,
        "std": 7.95719604559667
    },
    "29": {
        "estimate": 19.397219784973224,
        "std": 8.15933125560323
    },
    "30": {
        "estimate": 20.030785227791267,
        "std": 8.731399506758846
    },
    "31": {
        "estimate": 20.259549283915327,
        "std": 9.010760128769434
    },
    "32": {
        "estimate": 19.271145036868084,
        "std": 8.090894870217797
    }
}