{
    "0": NaN,
    "1": 4.514194965362549,
    "2": 4.5903544425964355,
    "3": 4.282419681549072,
    "4": 4.6565141677856445,
    "5": 4.904361248016357,
    "6": 4.977123737335205,
    "7": 5.020571231842041,
    "8": 5.182360649108887,
    "9": 5.377702236175537,
    "10": 6.186059474945068,
    "11": 6.268797397613525,
    "12": 6.43660831451416,
    "13": 6.580047130584717,
    "14": 6.489713191986084,
    "15": 6.563549518585205,
    "16": 6.605926513671875,
    "17": 6.616429328918457,
    "18": 6.659029483795166,
    "19": 6.777401924133301,
    "20": 6.799654006958008,
    "21": 6.674660682678223,
    "22": 6.586854457855225,
    "23": 6.409012794494629,
    "24": 6.280406475067139,
    "25": 6.112779140472412,
    "26": 6.0427446365356445,
    "27": 5.90919303894043,
    "28": 5.897674083709717,
    "29": 5.840424060821533,
    "30": 5.6426167488098145,
    "31": 5.551981449127197,
    "32": 5.9268693923950195
}