{
    "0": NaN,
    "1": 3.7689071990002923,
    "2": 3.6622197875797218,
    "3": 3.8325032778635473,
    "4": 3.7209767799792752,
    "5": 3.565822161763762,
    "6": 3.565459278524723,
    "7": 3.954271033287606,
    "8": 4.272668256995188,
    "9": 4.416233662233187,
    "10": 3.952859559209025,
    "11": 4.081219095041557,
    "12": 4.008173854649333,
    "13": 4.15120546168324,
    "14": 3.2313669783876158,
    "15": 3.1831130976024284,
    "16": 2.81039172874658,
    "17": 2.5285417401129666,
    "18": 2.3359968526301205,
    "19": 2.1260803265791575,
    "20": 2.086652203465728,
    "21": 2.1265123287304295,
    "22": 2.149301635212178,
    "23": 2.183173193236124,
    "24": 2.2400641635283587,
    "25": 2.194029479104557,
    "26": 2.277847024980016,
    "27": 2.3568926287244363,
    "28": 2.4417030398459425,
    "29": 2.5585440818606107,
    "30": 2.639367358776893,
    "31": 3.243355271119466,
    "32": 4.448351576034067
}