{
    "0": NaN,
    "1": 4.0769675887545445,
    "2": 3.3600939704383106,
    "3": 3.410341002687061,
    "4": 2.8113734952165585,
    "5": 2.979583446211238,
    "6": 2.9724469784432865,
    "7": 3.2168438105418997,
    "8": 3.419741530327355,
    "9": 3.797086972929961,
    "10": 4.010490340599666,
    "11": 3.8338089223579184,
    "12": 3.957262508959946,
    "13": 4.193582414691214,
    "14": 4.55780329658095,
    "15": 4.674594328636707,
    "16": 4.672211348285069
}