{
    "0": NaN,
    "1": 3.7029226091760052,
    "2": 3.9391560966847,
    "3": 3.913151720173899,
    "4": 4.260587377446594,
    "5": 4.448237566495368,
    "6": 4.41430413746462,
    "7": 4.233671437930397,
    "8": 3.598587599904314,
    "9": 3.322290960992237,
    "10": 3.408873327918247,
    "11": 3.447343110792197,
    "12": 3.458310056853451,
    "13": 3.551518163418034,
    "14": 3.647886533726308,
    "15": 3.884271621258472,
    "16": 3.919383562079466,
    "17": 3.978576471348438,
    "18": 3.976115022200019,
    "19": 3.854087504987909,
    "20": 3.8892709889571884,
    "21": 3.8843564297784545,
    "22": 3.741235242493753,
    "23": 3.765939792932713,
    "24": 3.907314203728886,
    "25": 3.8819634364453734,
    "26": 3.9157139076990024,
    "27": 3.910101535319814,
    "28": 3.8796513806591673,
    "29": 4.0133918860566125,
    "30": 4.032189709715091,
    "31": 4.056819987516945,
    "32": 4.142432086584545,
    "33": 4.133519696851068,
    "34": 4.132881921269313,
    "35": 4.132412928000639,
    "36": 3.9417076802509214
}