{
    "0": NaN,
    "1": 4.05734298372616,
    "2": 3.477595102593347,
    "3": 3.5292540578254554,
    "4": 3.88947433710269,
    "5": 4.166428432398717,
    "6": 4.62723483485993,
    "7": 4.345630883594255,
    "8": 4.0064840103222865,
    "9": 4.043354590767224,
    "10": 4.131704968083047,
    "11": 4.0715648804650115,
    "12": 4.448221568193373,
    "13": 4.898980087781323,
    "14": 5.111068147136139,
    "15": 5.091558547240212,
    "16": 4.751519338654127
}