{
    "0": NaN,
    "1": 3.6339507216965488,
    "2": 3.832998111101929,
    "3": 3.8091116310073265,
    "4": 3.9831787632024525,
    "5": 3.93120181006686,
    "6": 3.945423923062721,
    "7": 3.8717218963595434,
    "8": 2.4549104015483554,
    "9": 2.4737172776469927,
    "10": 2.410118764199337,
    "11": 2.214298790358916,
    "12": 2.158261377462731,
    "13": 2.229377003267402,
    "14": 2.455588128066054,
    "15": 2.6972529313488267,
    "16": 2.921807965520437
}