{
    "0": NaN,
    "1": 3.4092727816404826,
    "2": 3.4508002755674583,
    "3": 3.521900510250135,
    "4": 3.4991210973995455,
    "5": 3.7277889445315315,
    "6": 4.420694017037273,
    "7": 5.105966067460512,
    "8": 3.960064733668004,
    "9": 3.851332437532789,
    "10": 3.6706668988762403,
    "11": 3.5334007750866725,
    "12": 3.5959215024633226,
    "13": 3.7046831335895822,
    "14": 3.8772627470390213,
    "15": 3.7643945307270057,
    "16": 3.538117800686198,
    "17": 3.57438603017867,
    "18": 3.420717348835319,
    "19": 3.2920217390550746,
    "20": 2.963553691973418,
    "21": 3.1320208638853266,
    "22": 3.152877378734151,
    "23": 2.964190794727211,
    "24": 3.1544038339253313,
    "25": 3.2972684687835137,
    "26": 3.291257220570526,
    "27": 3.347090320222981,
    "28": 3.370761661384175,
    "29": 3.4225106565496857,
    "30": 3.3536737649880908,
    "31": 3.3919505136352677,
    "32": 3.4828265401384644,
    "33": 3.52789698901348,
    "34": 3.668687317242068,
    "35": 3.888133815472881,
    "36": 2.9579636309786643
}