{
    "0": NaN,
    "1": 2.9900567117495838,
    "2": 3.384055515858683,
    "3": 2.844746153276331,
    "4": 2.6074118528039905,
    "5": 3.0389605127114514,
    "6": 3.154165028463733,
    "7": 2.603722057215851,
    "8": 2.7439032075524286,
    "9": 3.1197411621022084,
    "10": 3.461560718172538,
    "11": 3.7116406317723594,
    "12": 3.488767927860041,
    "13": 3.714345330673916,
    "14": 2.5633615615453356,
    "15": 2.582983919552612,
    "16": 2.436888775423772,
    "17": 2.232476201444803,
    "18": 1.9626239871241775,
    "19": 1.7715790561240217,
    "20": 1.684118799512796,
    "21": 1.6774098100795949,
    "22": 1.657419023280062,
    "23": 1.6467737717147537,
    "24": 1.6508211097815488,
    "25": 1.7063086696487406,
    "26": 1.661494253995502,
    "27": 1.671795830814546,
    "28": 1.7294675625375362,
    "29": 1.7422613755464111,
    "30": 1.7605639952587122,
    "31": 2.0564515834343013,
    "32": 2.593640610601696
}