{
    "0": NaN,
    "1": 3.7580650912059483,
    "2": 3.6510428270243676,
    "3": 3.6049460092731036,
    "4": 3.682835848915454,
    "5": 3.948961050185433,
    "6": 4.020623782513218,
    "7": 4.494362231860941,
    "8": 4.039448254258996,
    "9": 4.377670123889924,
    "10": 4.179198552874915,
    "11": 4.09955567511868,
    "12": 4.323940173116903,
    "13": 4.427276382279703,
    "14": 4.497534104773329,
    "15": 4.803922163216807,
    "16": 4.405898444564874
}