{
    "0": NaN,
    "1": 3.441357362178923,
    "2": 3.550271661958011,
    "3": 3.5961660344739785,
    "4": 3.4996439061028846,
    "5": 3.8219405728189364,
    "6": 4.56098721300682,
    "7": 5.05393986521334,
    "8": 4.322026819959437,
    "9": 4.486962957974426,
    "10": 4.616806806693652,
    "11": 4.601500415750479,
    "12": 4.786933655770381,
    "13": 4.964726981355315,
    "14": 5.360803162946913,
    "15": 5.311294709311922,
    "16": 5.038471630761088,
    "17": 5.199975909782521,
    "18": 5.093346315288395,
    "19": 5.0056151998771625,
    "20": 4.669458373266486,
    "21": 5.36256821726466,
    "22": 5.6724310858026055,
    "23": 5.956789418504055,
    "24": 6.520895379849283,
    "25": 6.833005753918139,
    "26": 6.978925997476013,
    "27": 7.0468196241174095,
    "28": 7.0721061470632485,
    "29": 6.981126029943722,
    "30": 6.997810719322829,
    "31": 6.922507473191907,
    "32": 7.292313316067124,
    "33": 7.178090199538036,
    "34": 7.3725610564296975,
    "35": 7.385388675035961,
    "36": 5.4985244165679905
}