{
    "0": NaN,
    "1": 3.27514821398297,
    "2": 3.1886272519084935,
    "3": 3.439920311967188,
    "4": 3.2740712001726955,
    "5": 3.539165285474943,
    "6": 3.975807042237546,
    "7": 3.9605659499374277,
    "8": 4.46909929266326,
    "9": 4.653560603804707,
    "10": 4.850186734772249,
    "11": 3.24803825772531,
    "12": 3.579363346677406,
    "13": 3.06626184949813,
    "14": 2.9959358937165623,
    "15": 3.0637148087770996,
    "16": 3.278496020977755,
    "17": 3.2474084038884525,
    "18": 3.3830445223365735,
    "19": 3.470807513283601,
    "20": 3.484964691750547,
    "21": 3.6850516061018266,
    "22": 3.7309020986794166,
    "23": 4.0193529647796495,
    "24": 4.992343112070844
}