{
    "0": NaN,
    "1": 2.8383133734658617,
    "2": 3.2553353681535775,
    "3": 3.4375756402005786,
    "4": 3.594369465392378,
    "5": 3.5792402337317033,
    "6": 3.7604810740200545,
    "7": 3.8589709471000035,
    "8": 3.8662669525134876,
    "9": 4.027364686103783,
    "10": 4.0367230884724155,
    "11": 4.177856876091945,
    "12": 3.748327967756711,
    "13": 3.698550254186367,
    "14": 2.8666727229372304,
    "15": 3.0156184805250605,
    "16": 2.9128030638687323,
    "17": 2.8212139446920053,
    "18": 2.8589547786638843,
    "19": 2.7859481951895173,
    "20": 2.805714728550015,
    "21": 2.8088724257945215,
    "22": 2.9596398509306368,
    "23": 3.08332548048375,
    "24": 3.128512520833439,
    "25": 3.250802676889424,
    "26": 3.2636500941953472,
    "27": 3.3617541260992465,
    "28": 3.374004583768278,
    "29": 3.5442477647193944,
    "30": 3.6715610322806596,
    "31": 3.873720259800781,
    "32": 3.949394455700502
}