{
    "0": NaN,
    "1": 3.3614162983511644,
    "2": 3.342255571886959,
    "3": 3.7497281283946013,
    "4": 4.048833364073848,
    "5": 4.3836116917269345,
    "6": 4.576300673128315,
    "7": 4.75437863138792,
    "8": 3.560855431958801,
    "9": 3.5431818041124514,
    "10": 3.377495031920541,
    "11": 2.789927671669867,
    "12": 2.3638106425586534,
    "13": 2.41341699069809,
    "14": 2.568456537985183,
    "15": 2.680449013141279,
    "16": 2.6087016946035146
}