{
    "0": NaN,
    "1": 3.2930084964517237,
    "2": 2.8518152548438,
    "3": 3.028794246322833,
    "4": 2.659992091202697,
    "5": 2.7964781485318637,
    "6": 3.122749818197702,
    "7": 3.193564333531437,
    "8": 3.1878780670349727,
    "9": 3.169679678120754,
    "10": 3.223927111911111,
    "11": 2.246074794441367,
    "12": 2.3925054977342395,
    "13": 2.218359831216471,
    "14": 2.0596696962593604,
    "15": 2.0413261486921823,
    "16": 2.3577332996870335,
    "17": 2.395070072928637,
    "18": 2.6536881920108133,
    "19": 2.9130367223455393,
    "20": 2.963383230843277,
    "21": 3.182222072258684,
    "22": 3.347777137676791,
    "23": 3.676359019496199,
    "24": 5.357708920983402
}