{
    "0": NaN,
    "1": 3.9348007482653995,
    "2": 3.4941250137554514,
    "3": 3.1168703465569387,
    "4": 2.83524033571862,
    "5": 2.787028188639106,
    "6": 3.157095844042254,
    "7": 3.8966160604871973,
    "8": 3.357826334707113,
    "9": 3.2223765233699915,
    "10": 3.0184746545911887,
    "11": 2.9127657948635544,
    "12": 2.796662120684339,
    "13": 2.7823054742707525,
    "14": 2.7569108503704736,
    "15": 2.6181406047813502,
    "16": 2.729154318010376,
    "17": 2.7757248438535256,
    "18": 2.64496097917504,
    "19": 2.7166348106588596,
    "20": 2.5621279270491666,
    "21": 2.605663593462742,
    "22": 2.636740709378797,
    "23": 2.530113680048451,
    "24": 2.662004148678184,
    "25": 2.7101384224025464,
    "26": 2.7695270127887848,
    "27": 2.6914089514209723,
    "28": 2.687609869244998,
    "29": 2.792045442275307,
    "30": 2.8324591749060666,
    "31": 2.80688064437691,
    "32": 2.8891042654869947,
    "33": 2.922926126167654,
    "34": 2.9366562315901095,
    "35": 3.0921653978438877,
    "36": 3.0424657597276306
}