{
    "0": NaN,
    "1": 2.474514597193816,
    "2": 3.0790308146889966,
    "3": 3.318609467021822,
    "4": 3.3275029314712348,
    "5": 3.6881020416858963,
    "6": 3.408750907467387,
    "7": 3.5609445879849995,
    "8": 3.7884519451120267,
    "9": 4.1135015740191285,
    "10": 4.016732824354469,
    "11": 4.138782678276847,
    "12": 4.282841580975718,
    "13": 4.199847719337853,
    "14": 4.181966667136546,
    "15": 4.030509051477285,
    "16": 3.985296370254436,
    "17": 3.958438329619998,
    "18": 4.024152011594186,
    "19": 4.15152030090492,
    "20": 4.252597895551575,
    "21": 4.35414524301994,
    "22": 4.360066731493215,
    "23": 4.312046670856617,
    "24": 4.146076250962556,
    "25": 4.123461247262161,
    "26": 4.1517171691714,
    "27": 4.22586988743169,
    "28": 4.359218304457561,
    "29": 4.4308297745942316,
    "30": 4.5027515635828115,
    "31": 4.4320819546392505,
    "32": 4.617679389369464,
    "33": 4.39837475802452,
    "34": 4.386393134914033,
    "35": 4.331334839966524,
    "36": 4.285797630014175
}