{
    "0": NaN,
    "1": 3.610743986590962,
    "2": 3.5445788454876412,
    "3": 3.783284315383989,
    "4": 3.6886732426436817,
    "5": 3.5789811072516122,
    "6": 3.614719798281703,
    "7": 3.8877739478703615,
    "8": 4.008260703816733,
    "9": 4.200830203185623,
    "10": 4.012204850973676,
    "11": 4.51518705781751,
    "12": 4.480587448422354,
    "13": 4.891175615470981,
    "14": 3.7241697271759553,
    "15": 3.6345883901147666,
    "16": 3.2662355314249294,
    "17": 3.023512030165791,
    "18": 2.750993117149939,
    "19": 2.348972261699997,
    "20": 2.285411871993122,
    "21": 2.3223529968891183,
    "22": 2.373308705890437,
    "23": 2.359122158274055,
    "24": 2.39880992655233,
    "25": 2.417374682724603,
    "26": 2.5035397465367795,
    "27": 2.526231426027402,
    "28": 2.6624651548977183,
    "29": 2.740927823320716,
    "30": 2.839993021459261,
    "31": 3.483691734395704,
    "32": 4.423066983296604
}