{
    "0": NaN,
    "1": 2.8624750955613747,
    "2": 3.1348532002882004,
    "3": 3.326427484620787,
    "4": 3.307195385412306,
    "5": 3.398046161956282,
    "6": 3.2726148040619356,
    "7": 3.4859183412648993,
    "8": 3.591910323501555,
    "9": 3.8966161856388486,
    "10": 4.242617020531306,
    "11": 4.126719421445804,
    "12": 5.28342734025862,
    "13": 5.909090586663639,
    "14": 6.515523892277544,
    "15": 6.559635361955199,
    "16": 6.434570238543941
}