{
    "0": NaN,
    "1": 3.142297523887612,
    "2": 3.33214819761778,
    "3": 3.4583230220460672,
    "4": 3.1860644372069786,
    "5": 3.1448754613198053,
    "6": 3.318944968067822,
    "7": 3.377515547822094,
    "8": 3.3627033292547863,
    "9": 3.276855553042089,
    "10": 3.201696909637908,
    "11": 3.2020496680018598,
    "12": 3.3199358342997316,
    "13": 3.7070211923260548,
    "14": 4.013469671240562,
    "15": 4.317038492482826,
    "16": 4.3127970768778745,
    "17": 4.353238470207827,
    "18": 4.7988446758576,
    "19": 4.838294929017807,
    "20": 4.938674209042707,
    "21": 4.884792099605628,
    "22": 4.948295682325212,
    "23": 4.879416973205616,
    "24": 4.921639356772019,
    "25": 4.859436753810365,
    "26": 4.894644979930709,
    "27": 4.883829330498052,
    "28": 4.944930148267858,
    "29": 5.029170303732311,
    "30": 5.216761589229605,
    "31": 5.278190773158483,
    "32": 4.6786493542097025
}