{
    "0": NaN,
    "1": 2.924522630633258,
    "2": 3.120312265916248,
    "3": 3.2065576873300516,
    "4": 3.1076671279837838,
    "5": 2.9102748675310006,
    "6": 3.0900147842084174,
    "7": 3.2092388643074776,
    "8": 3.3917613205665855,
    "9": 3.542096268360414,
    "10": 3.784719758847104,
    "11": 4.606449224641306,
    "12": 4.348790670410591,
    "13": 4.601178868206131,
    "14": 4.7229943338069935,
    "15": 4.712736233534978,
    "16": 4.669161443103756,
    "17": 4.635548865833967,
    "18": 4.720649633019798,
    "19": 4.8279693723411095,
    "20": 4.807965103813357,
    "21": 4.6365645597288285,
    "22": 4.625606769807193,
    "23": 4.498823085448241,
    "24": 3.6154501446600444
}