{
    "0": NaN,
    "1": 3.226897304445353,
    "2": 3.3100221554626112,
    "3": 3.304914205582109,
    "4": 2.8660755326877445,
    "5": 2.713070378926297,
    "6": 2.595849943538049,
    "7": 2.4956607287129793,
    "8": 2.7021165072400324,
    "9": 2.824486317541535,
    "10": 2.82912713714735,
    "11": 3.123793148853862,
    "12": 3.2869910004868275,
    "13": 3.6574294788399193,
    "14": 3.857285480541805,
    "15": 3.9435831614798067,
    "16": 3.925892804344131,
    "17": 3.8076102086246437,
    "18": 3.9716663410970545,
    "19": 4.20446562817143,
    "20": 4.631563644799082,
    "21": 4.575890980578319,
    "22": 4.97797872680126,
    "23": 4.980662598739443,
    "24": 5.123636292029494,
    "25": 5.243058603546905,
    "26": 5.366043905823401,
    "27": 5.4612031004346715,
    "28": 5.670020767778657,
    "29": 5.898959228562591,
    "30": 5.919854230013104,
    "31": 6.0604434020953715,
    "32": 5.8203852406273215
}