{
    "0": NaN,
    "1": 2.457913541136848,
    "2": 3.067341140423689,
    "3": 3.3066526470054987,
    "4": 3.3547242717282773,
    "5": 3.743214379106454,
    "6": 3.4740728141480903,
    "7": 3.571135468824072,
    "8": 3.801780310852798,
    "9": 4.131335413487911,
    "10": 4.0081665772107105,
    "11": 4.172932436100717,
    "12": 4.290668454522387,
    "13": 4.17243307543242,
    "14": 4.098008706788006,
    "15": 4.080317145594018,
    "16": 4.034821597282661,
    "17": 3.9723389494620225,
    "18": 4.055574944738692,
    "19": 4.177694350095421,
    "20": 4.268883376785433,
    "21": 4.345797009452334,
    "22": 4.417210412554555,
    "23": 4.284007538709074,
    "24": 4.238162729696313,
    "25": 4.168407391917956,
    "26": 4.156520019596739,
    "27": 4.264275210415846,
    "28": 4.4015005800187055,
    "29": 4.506984058721944,
    "30": 4.470971003011699,
    "31": 4.39949284257964,
    "32": 4.4324987813520815,
    "33": 4.467857152548806,
    "34": 4.456642222002134,
    "35": 4.306698553728869,
    "36": 4.216426003406972
}