{
    "0": NaN,
    "1": 3.8785006173888315,
    "2": 3.383526723328707,
    "3": 3.115234898327048,
    "4": 2.7992625053236013,
    "5": 2.751157649294156,
    "6": 3.183040930757508,
    "7": 3.892073295718585,
    "8": 3.410223555109849,
    "9": 3.2534267038712468,
    "10": 3.0889384465523113,
    "11": 2.9702358196146514,
    "12": 2.8656853812235887,
    "13": 2.717334212025812,
    "14": 2.6672153463352473,
    "15": 2.6936828289658066,
    "16": 2.7009561065427645,
    "17": 2.7764244527548168,
    "18": 2.7367460477548073,
    "19": 2.6893934684255494,
    "20": 2.620070121257974,
    "21": 2.626636190997563,
    "22": 2.7557390539616806,
    "23": 2.580258465902545,
    "24": 2.6738284523041576,
    "25": 2.6379407216699753,
    "26": 2.8213301892911344,
    "27": 2.71578055019346,
    "28": 2.7736672430056624,
    "29": 2.784080582649155,
    "30": 2.8134318825533,
    "31": 2.8331615815654274,
    "32": 2.872228889863761,
    "33": 2.962244223857,
    "34": 2.9429559127416893,
    "35": 3.1042111281581746,
    "36": 3.0764510881589184
}