{
    "0": NaN,
    "1": 2.991399554845138,
    "2": 3.778944589561527,
    "3": 3.85369362963545,
    "4": 4.201588464268971,
    "5": 4.694800865693764,
    "6": 5.308208819906334,
    "7": 6.431468968289101,
    "8": 5.848552197471366,
    "9": 5.050217919965739,
    "10": 4.772996348781065,
    "11": 4.578677183623977,
    "12": 4.879938286713547,
    "13": 4.913596019469983,
    "14": 5.5142003571303855,
    "15": 5.2322393108619645,
    "16": 4.794858816586879,
    "17": 4.481833435431185,
    "18": 4.402982875568788,
    "19": 4.047690922698571,
    "20": 3.7323222600897803,
    "21": 3.7417886751748837,
    "22": 3.568645832245528,
    "23": 3.451835041048828,
    "24": 3.521458382883175,
    "25": 3.4784672349146666,
    "26": 3.427089962088476,
    "27": 3.544397609552723,
    "28": 3.610063933659591,
    "29": 3.6411806635832646,
    "30": 3.7051160814117017,
    "31": 3.718535313982932,
    "32": 3.8409593886603055,
    "33": 3.953623309060961,
    "34": 4.003829745449693,
    "35": 4.044924969763155,
    "36": 4.174350360395544
}