{
    "0": NaN,
    "1": 4.497823996361343,
    "2": 3.5906953376071695,
    "3": 3.5757448343316804,
    "4": 3.69469210284035,
    "5": 4.045615356538698,
    "6": 4.333884046138154,
    "7": 5.491633179751557,
    "8": 5.348578140369578,
    "9": 5.626100643363256,
    "10": 5.68187706981086,
    "11": 5.146301470318204,
    "12": 4.685014265750002,
    "13": 4.520009340781148,
    "14": 4.3357944968458675,
    "15": 4.0628529939011555,
    "16": 3.4251458747232144
}