{
    "0": NaN,
    "1": 3.578717847580418,
    "2": 3.1192522239056806,
    "3": 3.300200190420877,
    "4": 3.4095658154791075,
    "5": 3.491826399071333,
    "6": 3.8675663932328455,
    "7": 3.6501391614632794,
    "8": 3.7777006792024297,
    "9": 3.9691425414937798,
    "10": 4.2319724493982,
    "11": 3.871956882295179,
    "12": 4.060416281312526,
    "13": 2.387917992552346,
    "14": 2.0364901332928333,
    "15": 2.0116726253274986,
    "16": 2.1973261766857006,
    "17": 2.282406011156952,
    "18": 2.287086182176197,
    "19": 2.265006088800058,
    "20": 2.313393973638278,
    "21": 2.3991601355832346,
    "22": 2.4897615247104854,
    "23": 2.7612769895374365,
    "24": 4.768927007690605
}