{
    "0": NaN,
    "1": 3.3651571583348927,
    "2": 3.8102737749166136,
    "3": 3.6557937132378373,
    "4": 3.980984552903668,
    "5": 4.4022970415103515,
    "6": 4.98455469227536,
    "7": 6.199532434156148,
    "8": 6.202627079343432,
    "9": 5.3886960012262,
    "10": 5.157629960399472,
    "11": 5.208793426454909,
    "12": 5.6411801298613655,
    "13": 6.073901107481047,
    "14": 6.317214138176687,
    "15": 6.284351081381225,
    "16": 6.170363694282729,
    "17": 6.085979416510108,
    "18": 5.7856035592696715,
    "19": 5.5693452497690945,
    "20": 5.226331180957891,
    "21": 5.131250600413773,
    "22": 5.068176435068314,
    "23": 4.8314603826367675,
    "24": 4.9672245895541565,
    "25": 4.849257306818985,
    "26": 4.71538721074472,
    "27": 4.586118595069606,
    "28": 4.644954659175879,
    "29": 4.507110681019672,
    "30": 4.552612842192712,
    "31": 4.5551807089398615,
    "32": 4.517942701815119,
    "33": 4.501825388775355,
    "34": 4.452171360670709,
    "35": 4.406978827454801,
    "36": 4.2101266369497194
}