{
    "0": NaN,
    "1": 3.3169454884641536,
    "2": 3.2128205160457908,
    "3": 3.2966909124439825,
    "4": 3.244462016770129,
    "5": 3.305606414969231,
    "6": 3.4038738292129684,
    "7": 3.507057112411273,
    "8": 3.767699556667554,
    "9": 3.870284488361927,
    "10": 3.9561797136481798,
    "11": 2.9238105140444994,
    "12": 2.9513593994567877,
    "13": 1.9011257810500892,
    "14": 1.7797807505409264,
    "15": 1.8542304899975621,
    "16": 2.1478756992162524,
    "17": 2.217265148760757,
    "18": 2.2645910889143996,
    "19": 2.3024344020646805,
    "20": 2.3478236391348806,
    "21": 2.4058561009915693,
    "22": 2.4874241437943576,
    "23": 2.644260115564177,
    "24": 3.3327452810535245
}