{
    "0": NaN,
    "1": 2.3745900651256635,
    "2": 3.0653014085657593,
    "3": 3.278575701847464,
    "4": 3.328810836872089,
    "5": 3.099233495365104,
    "6": 3.648105963533248,
    "7": 3.8916662635961856,
    "8": 3.99380834407513,
    "9": 3.9171098604355077,
    "10": 3.7077773797041247,
    "11": 3.777551602766875,
    "12": 3.9081210718586847,
    "13": 4.166367461909489,
    "14": 3.872472507462625,
    "15": 3.9814416050190893,
    "16": 4.103777606352484,
    "17": 4.240835397868783,
    "18": 4.59761236256432,
    "19": 4.629280652896244,
    "20": 4.6358339871253795,
    "21": 4.66565735939479,
    "22": 4.821979089266753,
    "23": 4.867023116792466,
    "24": 4.763847779351229,
    "25": 4.7829678694540965,
    "26": 4.7174637916132065,
    "27": 4.677576715736995,
    "28": 4.6753926688634255,
    "29": 4.665322927155253,
    "30": 4.677858779055994,
    "31": 4.416570507344615,
    "32": 3.43598558485164
}