{
    "0": NaN,
    "1": 4.4300414390623315,
    "2": 4.03823516584945,
    "3": 3.688244607027423,
    "4": 3.4805365519826634,
    "5": 3.5166908161135955,
    "6": 3.6087684618266103,
    "7": 4.009614697278009,
    "8": 4.438122586795339,
    "9": 4.682618350748249,
    "10": 4.54278576540326,
    "11": 4.684650578037559,
    "12": 4.482503872753529,
    "13": 4.587420038386928,
    "14": 4.363100526906054,
    "15": 3.9793761718546574,
    "16": 3.6783281514728055,
    "17": 3.4527334153582503,
    "18": 3.4357840991526403,
    "19": 3.4655187934350846,
    "20": 3.356004075438608,
    "21": 3.1677955020988815,
    "22": 3.2987095590823174,
    "23": 3.4221990108127267,
    "24": 3.392881048615589,
    "25": 3.5054675344609234,
    "26": 3.5166046007810996,
    "27": 3.6068435441666287,
    "28": 3.7218287692582566,
    "29": 3.8082627775657025,
    "30": 3.896845268908617,
    "31": 3.9759954461189504,
    "32": 3.8903970516276907
}