{
    "0": NaN,
    "1": 3.698497104837781,
    "2": 3.7962002809517714,
    "3": 3.771021122457722,
    "4": 3.457484020374346,
    "5": 3.3170947928686334,
    "6": 3.2859791219850756,
    "7": 3.5753253336854662,
    "8": 3.8016721137416964,
    "9": 3.8670666393033954,
    "10": 3.66246960214198,
    "11": 3.65353270937222,
    "12": 3.2915581682741437,
    "13": 3.429645819165969,
    "14": 3.194150016100467,
    "15": 3.0408308292708486,
    "16": 2.8260397157959973,
    "17": 2.6779324141895975,
    "18": 2.554109938080174,
    "19": 2.5262910711428237,
    "20": 2.4861510213547784,
    "21": 2.5066740081334613,
    "22": 2.6399892950466697,
    "23": 2.4703995137862442,
    "24": 2.58604588678753,
    "25": 2.648384093661445,
    "26": 2.6217832108141597,
    "27": 2.7303712532696887,
    "28": 2.7534635897241,
    "29": 2.7773778175578303,
    "30": 3.004366424458733,
    "31": 3.0567553245705867,
    "32": 3.245486081371929
}