{
    "0": NaN,
    "1": 3.7510754115997362,
    "2": 3.6075891559296642,
    "3": 3.5154528959189397,
    "4": 3.285250383090192,
    "5": 3.181361274693667,
    "6": 3.0458319877776505,
    "7": 3.0903301907212333,
    "8": 3.307487403118987,
    "9": 3.8446840266137685,
    "10": 3.4673359769681142,
    "11": 3.5844046657662063,
    "12": 3.4478119287561904,
    "13": 3.3724128524718946,
    "14": 2.55979766191755,
    "15": 2.564126127576718,
    "16": 2.4281826572369334,
    "17": 2.2715221847938434,
    "18": 2.1391225901399,
    "19": 1.9008361151931186,
    "20": 1.8395002718639104,
    "21": 1.8440785064277545,
    "22": 1.8259618658277834,
    "23": 1.8871422035530308,
    "24": 1.8389459509625372,
    "25": 1.8356772841811286,
    "26": 1.8633873147263924,
    "27": 1.8867077316130314,
    "28": 1.855748422630457,
    "29": 1.9917809016031034,
    "30": 2.019556192007011,
    "31": 2.2821199716164817,
    "32": 2.702602381412523
}