{
    "0": NaN,
    "1": 3.894302464289921,
    "2": 3.2440989217882295,
    "3": 3.5089629457084768,
    "4": 3.8906027143524855,
    "5": 4.811085218314294,
    "6": 5.219697984436931,
    "7": 6.022243788142485,
    "8": 5.395896074234308,
    "9": 4.8294353125245895,
    "10": 5.173923603844858,
    "11": 4.584143472234171,
    "12": 4.219145943402501,
    "13": 4.790817885037439,
    "14": 5.350957523784278,
    "15": 5.361398543806744,
    "16": 4.668737419250366
}