{
    "0": NaN,
    "1": 3.2027825163591648,
    "2": 2.9514967234761813,
    "3": 3.0469363602040214,
    "4": 2.8608242561279336,
    "5": 2.8229843953561518,
    "6": 3.013057719367117,
    "7": 2.8577637869257955,
    "8": 3.0166274077104376,
    "9": 3.1974476349927996,
    "10": 3.37721424430806,
    "11": 3.021682711579462,
    "12": 3.2664695199374068,
    "13": 2.001535488502487,
    "14": 1.7516167168641987,
    "15": 1.7285268402016367,
    "16": 1.8471931942148387,
    "17": 1.8426104530752947,
    "18": 1.8795928457722209,
    "19": 1.8545071593435938,
    "20": 1.8643918411420002,
    "21": 1.9409793585306157,
    "22": 2.0260788615959644,
    "23": 2.169013813684843,
    "24": 4.088817380874146
}