{
    "0": NaN,
    "1": 3.486666339660707,
    "2": 3.462657361708397,
    "3": 3.127147714665696,
    "4": 2.897945143677621,
    "5": 2.910314256724404,
    "6": 3.095053547995318,
    "7": 2.973982795752201,
    "8": 2.6950559277568624,
    "9": 2.6529887024360868,
    "10": 2.7082021068523012,
    "11": 2.7057769465132564,
    "12": 2.6940913495500873,
    "13": 2.639745053242785,
    "14": 2.680997022539731,
    "15": 2.679249605100686,
    "16": 2.7518302168875417,
    "17": 2.744714107076964,
    "18": 2.764472131925534,
    "19": 2.760706455632845,
    "20": 2.7321661666846606,
    "21": 2.8427139495112406,
    "22": 2.814939419085246,
    "23": 2.82998825828266,
    "24": 2.845231132672721,
    "25": 2.8950292587050233,
    "26": 2.9249120656542456,
    "27": 2.976210392730976,
    "28": 3.0574264665736157,
    "29": 3.1927198812798836,
    "30": 3.327065683130701,
    "31": 3.3891853313905447,
    "32": 3.5068820321723955,
    "33": 3.549173853198437,
    "34": 3.667215723661407,
    "35": 3.80990359292124,
    "36": 3.9726002223831562
}