{
    "0": NaN,
    "1": 2.997307527825237,
    "2": 3.2702887223920776,
    "3": 3.5312481321586575,
    "4": 3.681901196123566,
    "5": 4.082088767673499,
    "6": 4.5436289754777475,
    "7": 4.856209535511686,
    "8": 5.2226238519453725,
    "9": 5.701503493503918,
    "10": 3.6624542654014802,
    "11": 3.136193376604643,
    "12": 3.80701756413778,
    "13": 2.4915093425172476,
    "14": 2.4694629844591645,
    "15": 2.481355179978765,
    "16": 2.755391902339289,
    "17": 2.7263902084276914,
    "18": 2.644169235009029,
    "19": 2.5752677861305946,
    "20": 2.540696238176161,
    "21": 2.600147349899623,
    "22": 2.6693947968622,
    "23": 2.7813677820027047,
    "24": 4.032789186731136
}