{
    "0": NaN,
    "1": 3.398341588112715,
    "2": 3.7713380966390524,
    "3": 3.8521312753557475,
    "4": 3.6785370694140798,
    "5": 3.530895629456842,
    "6": 3.455833833694973,
    "7": 3.5201463373472457,
    "8": 3.5331652843089283,
    "9": 3.3332991409582897,
    "10": 3.274710037751155,
    "11": 3.3851383357103804,
    "12": 3.2774028037623206,
    "13": 3.2948111104755453,
    "14": 3.259227965358949,
    "15": 3.1709520981416266,
    "16": 3.1246338054932643,
    "17": 3.1768596473665047,
    "18": 3.1292208189968065,
    "19": 3.1664946997397716,
    "20": 3.1767848628446074,
    "21": 3.2171133317418477,
    "22": 3.273703272020215,
    "23": 3.3441790716891915,
    "24": 3.455916103414276,
    "25": 3.5012433694959126,
    "26": 3.688334496834662,
    "27": 3.7754426240555805,
    "28": 3.8802461889395063,
    "29": 3.9426082105569633,
    "30": 4.11108239908531,
    "31": 4.172016258780795,
    "32": 4.452995743592099
}