{
    "0": NaN,
    "1": 3.608572203701638,
    "2": 3.398719226356049,
    "3": 3.7290727848302523,
    "4": 3.7490345940188665,
    "5": 3.6759039233141206,
    "6": 3.556075894420336,
    "7": 3.4748394564819405,
    "8": 3.510897636459179,
    "9": 3.4892742341068828,
    "10": 3.568761951665239,
    "11": 3.867206450415051,
    "12": 3.2266179852730597,
    "13": 3.0697260116805545,
    "14": 2.248871758410535,
    "15": 2.359575729038567,
    "16": 2.1855924961844773,
    "17": 2.091234538777924,
    "18": 2.0414536572614947,
    "19": 1.953973092503097,
    "20": 1.9526852997072521,
    "21": 2.044444973081699,
    "22": 2.0455712165879762,
    "23": 2.046471016308265,
    "24": 2.096489458133052,
    "25": 2.16479501349253,
    "26": 2.251462476034683,
    "27": 2.3234391393180305,
    "28": 2.4083635606073535,
    "29": 2.5771878890424835,
    "30": 2.6833346885211022,
    "31": 3.0440315294219067,
    "32": 3.3750618853301644
}