{
    "0": NaN,
    "1": 3.33367542382997,
    "2": 3.560356110481602,
    "3": 3.7432141328120685,
    "4": 3.6387223077252995,
    "5": 3.377133822670795,
    "6": 3.4446657634988704,
    "7": 3.5909711576831955,
    "8": 3.8571857439513075,
    "9": 4.179595687588773,
    "10": 4.160487750052911,
    "11": 4.290379472781621,
    "12": 4.042498907846858,
    "13": 4.120092129225871,
    "14": 4.107740918425808,
    "15": 3.9603934490638455,
    "16": 3.6298293092379135,
    "17": 3.472395090641328,
    "18": 3.2690337256634523,
    "19": 3.2321270359225887,
    "20": 3.2087052850133206,
    "21": 3.1246312186647005,
    "22": 3.1719469999866274,
    "23": 3.278547301269474,
    "24": 3.3011500487663934,
    "25": 3.3890722023351043,
    "26": 3.518481864267245,
    "27": 3.4967703233745295,
    "28": 3.5747677893117116,
    "29": 3.6700363457572394,
    "30": 3.686040226604618,
    "31": 3.8368375493313263,
    "32": 4.2546800193408405
}