{
    "0": NaN,
    "1": 4.640735999642644,
    "2": 4.465451867136903,
    "3": 3.42294308970571,
    "4": 3.231260908110008,
    "5": 3.414875575669794,
    "6": 3.6408189609860155,
    "7": 3.94051400218783,
    "8": 3.4542682342377846,
    "9": 3.472083794588285,
    "10": 3.2406855839642548,
    "11": 2.9596065310333675,
    "12": 2.762093502336348,
    "13": 2.805223330791842,
    "14": 2.8837064560590835,
    "15": 2.8189845485504255,
    "16": 2.7880624123066906,
    "17": 2.8423111818110773,
    "18": 2.9016664655143534,
    "19": 3.0238558785554823,
    "20": 2.9517504735688966,
    "21": 2.979431005392363,
    "22": 3.1012006316813974,
    "23": 3.034056433841122,
    "24": 3.035450371247603,
    "25": 3.049174723466744,
    "26": 3.1516556115899546,
    "27": 3.2018144019602537,
    "28": 3.219841575567202,
    "29": 3.3693418579767886,
    "30": 3.3290864842099226,
    "31": 3.4538796720444447,
    "32": 3.5662495412966284,
    "33": 3.5556344120733105,
    "34": 3.6629414659232853,
    "35": 3.8851531684384013,
    "36": 3.3522798358115358
}