{
    "0": NaN,
    "1": 3.155205569556295,
    "2": 3.7750722237685963,
    "3": 3.7402903702620636,
    "4": 4.082971170461106,
    "5": 4.6067433628199845,
    "6": 5.246949182043738,
    "7": 6.325544328959411,
    "8": 5.596309903259539,
    "9": 4.925285133604603,
    "10": 4.525093978154259,
    "11": 4.4008025833947375,
    "12": 4.723647580959302,
    "13": 4.6379785081081675,
    "14": 5.052105901971789,
    "15": 4.777770559118805,
    "16": 4.44941638006683,
    "17": 4.297049356904708,
    "18": 4.008721698304895,
    "19": 3.7552996679380297,
    "20": 3.3323633383780895,
    "21": 3.5104154582129463,
    "22": 3.3819932172518623,
    "23": 3.21980589297052,
    "24": 3.238766824687109,
    "25": 3.315267623790031,
    "26": 3.2957371819368,
    "27": 3.3289228194493377,
    "28": 3.384956204450245,
    "29": 3.349669981072458,
    "30": 3.384593301057747,
    "31": 3.4282403693161276,
    "32": 3.52259153110903,
    "33": 3.6231631874973913,
    "34": 3.7633064373154506,
    "35": 3.9248511747909487,
    "36": 4.037164625197712
}