{
    "0": NaN,
    "1": 3.3294133755439623,
    "2": 2.989932382793089,
    "3": 3.0037385283045763,
    "4": 2.7919077017326135,
    "5": 2.787071273155854,
    "6": 2.8687039758686743,
    "7": 2.683933640716606,
    "8": 2.803936054828794,
    "9": 3.0629263197141596,
    "10": 3.3867655608877527,
    "11": 2.8201118077292433,
    "12": 3.129640798074019,
    "13": 1.8264709257605962,
    "14": 1.6772220490641625,
    "15": 1.6858151320882977,
    "16": 1.782190671198344,
    "17": 1.79147192675434,
    "18": 1.7716794095925497,
    "19": 1.8014855416694218,
    "20": 1.7681436387265357,
    "21": 1.8206666133004534,
    "22": 1.9351521931751874,
    "23": 2.0471359905886923,
    "24": 3.4189214939357733
}