{
    "0": NaN,
    "1": 3.246359752133624,
    "2": 3.5736344126198993,
    "3": 3.5898919008191315,
    "4": 3.563765150441297,
    "5": 4.030073248711236,
    "6": 4.372507291667819,
    "7": 4.593202697737448,
    "8": 5.37830544578473,
    "9": 5.4119285547029685,
    "10": 5.471872280753762,
    "11": 5.355968225052989,
    "12": 4.998640233157912,
    "13": 5.3672518652380345,
    "14": 5.516578637283972,
    "15": 5.268116449861643,
    "16": 5.338945756986183,
    "17": 5.35914668880727,
    "18": 5.251470255217135,
    "19": 5.241656669550696,
    "20": 5.319787139266155,
    "21": 5.1595385587157105,
    "22": 5.058061254293238,
    "23": 4.892231620079976,
    "24": 4.768543627892681,
    "25": 4.763366886175517,
    "26": 4.797939398598061,
    "27": 4.754934523120065,
    "28": 4.708627505343699,
    "29": 4.685945117075225,
    "30": 4.7905492365677045,
    "31": 4.7617556091012645,
    "32": 4.451228044570416
}