{
    "0": NaN,
    "1": 3.980010718619404,
    "2": 3.3237624529835252,
    "3": 3.3830443606926788,
    "4": 2.7498269819320735,
    "5": 2.923108093766386,
    "6": 3.05820730304793,
    "7": 3.385116627728692,
    "8": 3.402805026766039,
    "9": 3.5314977502278295,
    "10": 3.5673100235294486,
    "11": 3.350851065918987,
    "12": 3.5292516800342213,
    "13": 3.7442991858462142,
    "14": 4.0159821238148385,
    "15": 4.24193912210535,
    "16": 3.837262511503363
}