{
    "0": NaN,
    "1": 3.464854842585492,
    "2": 3.318270807398357,
    "3": 3.5516062413229883,
    "4": 3.9524993510003945,
    "5": 4.085450281722071,
    "6": 4.136477621842428,
    "7": 4.399516733207414,
    "8": 3.2026850866297463,
    "9": 3.2132021515931224,
    "10": 3.18699541706648,
    "11": 3.463521894916793,
    "12": 4.972404867187177,
    "13": 5.223909310058007,
    "14": 5.719463622227451,
    "15": 6.183823521552634,
    "16": 6.107088976275224
}