{
    "0": NaN,
    "1": 3.047862456939199,
    "2": 2.8002351461317163,
    "3": 3.058439129196922,
    "4": 2.8319627809308066,
    "5": 2.8281808095502177,
    "6": 3.097679454773691,
    "7": 2.8411222851958073,
    "8": 2.898366672087204,
    "9": 2.8893475835627234,
    "10": 3.0549317838368277,
    "11": 2.689405987868744,
    "12": 2.712899574106686,
    "13": 2.4145136746522007,
    "14": 2.2728867660702816,
    "15": 2.1914098356279155,
    "16": 2.3646667213368757,
    "17": 2.343110273919864,
    "18": 2.431016540375516,
    "19": 2.47699878260844,
    "20": 2.5206219847514744,
    "21": 2.6364475921892128,
    "22": 2.7466415554462906,
    "23": 2.8859366269681814,
    "24": 3.6336438399439794
}