{
    "0": NaN,
    "1": 3.343085460372111,
    "2": 3.660269359907746,
    "3": 3.9080610401440303,
    "4": 3.653828487791105,
    "5": 3.4332514127298617,
    "6": 3.469586335975464,
    "7": 3.55345807212906,
    "8": 3.8567093275066133,
    "9": 4.135199138840482,
    "10": 4.180248329423995,
    "11": 4.212053381658726,
    "12": 4.03950785858608,
    "13": 4.171481215264013,
    "14": 4.161519493431357,
    "15": 3.937904752450977,
    "16": 3.6241644692493864,
    "17": 3.4716839599203886,
    "18": 3.291141865554208,
    "19": 3.259759615237796,
    "20": 3.1542339806743356,
    "21": 3.0580242468746923,
    "22": 3.1694419188840786,
    "23": 3.24426407567796,
    "24": 3.2801360133282187,
    "25": 3.321581240251389,
    "26": 3.438301156720133,
    "27": 3.5041341479538346,
    "28": 3.5608668461032065,
    "29": 3.597303712167427,
    "30": 3.720494275715497,
    "31": 3.817769660965641,
    "32": 4.349481726306615
}