{
    "0": {
        "estimate": NaN,
        "std": NaN
    },
    "1": {
        "estimate": 19.39507723256371,
        "std": 4.826319008925956
    },
    "2": {
        "estimate": 19.359380966348724,
        "std": 5.413029239578567
    },
    "3": {
        "estimate": 20.301853473177587,
        "std": 5.5149444476738765
    },
    "4": {
        "estimate": 25.916307405845963,
        "std": 7.538949048148457
    },
    "5": {
        "estimate": 27.721180912659957,
        "std": 7.542140800766737
    },
    "6": {
        "estimate": 28.992044440401468,
        "std": 7.429429505005969
    },
    "7": {
        "estimate": 30.132186081396696,
        "std": 7.2953888833732705
    },
    "8": {
        "estimate": 30.92503977135069,
        "std": 7.205569253056105
    },
    "9": {
        "estimate": 30.667547199893313,
        "std": 7.252895015026087
    },
    "10": {
        "estimate": 31.01498656011532,
        "std": 7.44590327219731
    },
    "11": {
        "estimate": 33.02038769560397,
        "std": 7.820887673994882
    },
    "12": {
        "estimate": 34.557527963168916,
        "std": 8.085022185806867
    },
    "13": {
        "estimate": 34.1404804281575,
        "std": 7.5657214092406075
    },
    "14": {
        "estimate": 36.49898124613059,
        "std": 7.835750212846035
    },
    "15": {
        "estimate": 36.10314676732372,
        "std": 7.735704001369869
    },
    "16": {
        "estimate": 35.434685348163114,
        "std": 7.172568747195366
    },
    "17": {
        "estimate": 34.0606579091096,
        "std": 6.922903242565396
    },
    "18": {
        "estimate": 32.46522724321238,
        "std": 6.5569170870778954
    },
    "19": {
        "estimate": 31.445431913895266,
        "std": 6.387783604479618
    },
    "20": {
        "estimate": 31.532188710228827,
        "std": 6.386545958272615
    },
    "21": {
        "estimate": 31.24915094779567,
        "std": 6.297333535987531
    },
    "22": {
        "estimate": 29.90471146147562,
        "std": 5.866761518609009
    },
    "23": {
        "estimate": 30.037220182757242,
        "std": 5.982957464276964
    },
    "24": {
        "estimate": 30.07987572844667,
        "std": 6.047640451204034
    },
    "25": {
        "estimate": 29.37629968715387,
        "std": 6.09865373427952
    },
    "26": {
        "estimate": 29.56292649412856,
        "std": 6.167364893559299
    },
    "27": {
        "estimate": 29.80734798752435,
        "std": 6.256337297474858
    },
    "28": {
        "estimate": 30.12221598668479,
        "std": 6.538137238322753
    },
    "29": {
        "estimate": 30.276166203236695,
        "std": 6.632204720076594
    },
    "30": {
        "estimate": 30.067928433909593,
        "std": 6.658696962186305
    },
    "31": {
        "estimate": 30.43500267947308,
        "std": 6.813238945351438
    },
    "32": {
        "estimate": 26.71027670365225,
        "std": 6.096987592329394
    }
}