{
    "0": {
        "estimate": NaN,
        "std": NaN
    },
    "1": {
        "estimate": 24.11493847254051,
        "std": 8.281089947568077
    },
    "2": {
        "estimate": 23.096337860867706,
        "std": 8.774946827772041
    },
    "3": {
        "estimate": 24.545852723817678,
        "std": 8.66245751773242
    },
    "4": {
        "estimate": 29.361140768463862,
        "std": 11.295595448809076
    },
    "5": {
        "estimate": 30.03158273880029,
        "std": 11.888263242578402
    },
    "6": {
        "estimate": 32.548419322123166,
        "std": 12.18590800175311
    },
    "7": {
        "estimate": 33.08853573212192,
        "std": 12.27477975212241
    },
    "8": {
        "estimate": 34.49454260934816,
        "std": 12.611668546385804
    },
    "9": {
        "estimate": 33.648138751111915,
        "std": 12.062072404756467
    },
    "10": {
        "estimate": 34.23113663911758,
        "std": 12.346313397866753
    },
    "11": {
        "estimate": 37.27823196196961,
        "std": 13.133245998336806
    },
    "12": {
        "estimate": 39.944053288036294,
        "std": 13.897081776349713
    },
    "13": {
        "estimate": 39.281394222691944,
        "std": 13.720518024256457
    },
    "14": {
        "estimate": 42.26758792114839,
        "std": 13.791810307462372
    },
    "15": {
        "estimate": 41.51832829467633,
        "std": 13.596140598191987
    },
    "16": {
        "estimate": 40.95551619513425,
        "std": 12.962502522922799
    },
    "17": {
        "estimate": 39.390788511632046,
        "std": 12.286636209684431
    },
    "18": {
        "estimate": 38.060189078838484,
        "std": 11.88483169183636
    },
    "19": {
        "estimate": 37.036993753688535,
        "std": 11.500141708034088
    },
    "20": {
        "estimate": 37.26031011835989,
        "std": 11.426333539905743
    },
    "21": {
        "estimate": 37.13366359700934,
        "std": 11.253438639351415
    },
    "22": {
        "estimate": 35.41420114033831,
        "std": 10.734631117140664
    },
    "23": {
        "estimate": 35.60621902806999,
        "std": 10.792203142664716
    },
    "24": {
        "estimate": 35.80586607077568,
        "std": 10.97793390777011
    },
    "25": {
        "estimate": 35.11283799493322,
        "std": 10.762235805010658
    },
    "26": {
        "estimate": 35.38671606208121,
        "std": 10.834142636070773
    },
    "27": {
        "estimate": 35.86654236640755,
        "std": 11.03034657043098
    },
    "28": {
        "estimate": 36.35558037572979,
        "std": 11.421952022664591
    },
    "29": {
        "estimate": 36.555875084499384,
        "std": 11.440077987198007
    },
    "30": {
        "estimate": 36.43480884157913,
        "std": 11.671673470726608
    },
    "31": {
        "estimate": 36.9219416612508,
        "std": 11.78794676458885
    },
    "32": {
        "estimate": 32.50573323985822,
        "std": 10.551710474475444
    }
}