{
    "0": {
        "estimate": NaN,
        "std": NaN
    },
    "1": {
        "estimate": 17.90125085332119,
        "std": 4.2994797539525935
    },
    "2": {
        "estimate": 17.985499166583338,
        "std": 4.99632246195563
    },
    "3": {
        "estimate": 19.003299936933384,
        "std": 5.114207741277346
    },
    "4": {
        "estimate": 24.55619643547121,
        "std": 6.969375454724891
    },
    "5": {
        "estimate": 26.58836067357679,
        "std": 6.964442239589146
    },
    "6": {
        "estimate": 27.743405960513726,
        "std": 6.76442796838922
    },
    "7": {
        "estimate": 28.801496135304095,
        "std": 6.583373797611215
    },
    "8": {
        "estimate": 29.549020679272502,
        "std": 6.516300735551823
    },
    "9": {
        "estimate": 29.39414961026474,
        "std": 6.603554989461267
    },
    "10": {
        "estimate": 29.63032691413216,
        "std": 6.810941765319796
    },
    "11": {
        "estimate": 31.45003369355282,
        "std": 7.086258740796443
    },
    "12": {
        "estimate": 32.85012867438783,
        "std": 7.2739737111147
    },
    "13": {
        "estimate": 32.48462346365038,
        "std": 6.7180164192389205
    },
    "14": {
        "estimate": 34.808851888847336,
        "std": 6.908075321494638
    },
    "15": {
        "estimate": 34.44608734156028,
        "std": 6.798714557467718
    },
    "16": {
        "estimate": 33.767585083966736,
        "std": 6.230275715029915
    },
    "17": {
        "estimate": 32.39566149007952,
        "std": 5.975980375327797
    },
    "18": {
        "estimate": 30.888142833899728,
        "std": 5.684210253240588
    },
    "19": {
        "estimate": 29.857429011211423,
        "std": 5.606354551036393
    },
    "20": {
        "estimate": 29.835851306520297,
        "std": 5.536836030620333
    },
    "21": {
        "estimate": 29.56915612163419,
        "std": 5.460485439370752
    },
    "22": {
        "estimate": 28.281170148090947,
        "std": 5.114266635283626
    },
    "23": {
        "estimate": 28.351014943085417,
        "std": 5.211889765470048
    },
    "24": {
        "estimate": 28.46631754887968,
        "std": 5.3034739499594945
    },
    "25": {
        "estimate": 27.661083408130903,
        "std": 5.292387502146996
    },
    "26": {
        "estimate": 27.8938996869824,
        "std": 5.402122236681473
    },
    "27": {
        "estimate": 28.04775026904603,
        "std": 5.465439168943295
    },
    "28": {
        "estimate": 28.343928278139995,
        "std": 5.740684565921599
    },
    "29": {
        "estimate": 28.488867115253523,
        "std": 5.863944716946084
    },
    "30": {
        "estimate": 28.265130749477244,
        "std": 5.889199713391484
    },
    "31": {
        "estimate": 28.517089544624376,
        "std": 6.054466044610705
    },
    "32": {
        "estimate": 24.942570007539473,
        "std": 5.246661307180605
    }
}