{
    "0": NaN,
    "1": 24.307435989379883,
    "2": 16.38383674621582,
    "3": 23.61737060546875,
    "4": 18.89786720275879,
    "5": 14.664130210876465,
    "6": 20.54984474182129,
    "7": 18.821823120117188,
    "8": 21.159353256225586,
    "9": 19.128332138061523,
    "10": 18.918291091918945,
    "11": 24.716251373291016,
    "12": 30.26439094543457,
    "13": 30.493793487548828,
    "14": 36.95907211303711,
    "15": 37.63706970214844,
    "16": 39.8683967590332,
    "17": 39.08774948120117,
    "18": 38.88850402832031,
    "19": 38.36878204345703,
    "20": 39.084537506103516,
    "21": 38.94452667236328,
    "22": 37.372100830078125,
    "23": 37.53107833862305,
    "24": 37.48960494995117,
    "25": 37.59713363647461,
    "26": 38.10527420043945,
    "27": 38.626644134521484,
    "28": 39.76493453979492,
    "29": 40.560791015625,
    "30": 40.23661422729492,
    "31": 40.631778717041016,
    "32": 35.732818603515625
}