{
    "0": {
        "estimate": NaN,
        "std": NaN
    },
    "1": {
        "estimate": 15.082845410702715,
        "std": 3.0909553971661663
    },
    "2": {
        "estimate": 13.693963694446502,
        "std": 5.823830668361769
    },
    "3": {
        "estimate": 14.355433575035766,
        "std": 7.211120287296977
    },
    "4": {
        "estimate": 14.896294348098472,
        "std": 7.5278434394363165
    },
    "5": {
        "estimate": 16.710121124610797,
        "std": 7.622679320933147
    },
    "6": {
        "estimate": 18.730026970029815,
        "std": 8.888510551174615
    },
    "7": {
        "estimate": 20.586751562871175,
        "std": 9.192838356888563
    },
    "8": {
        "estimate": 23.02483770782124,
        "std": 9.191591847152413
    },
    "9": {
        "estimate": 24.13691516403002,
        "std": 9.119091541701733
    },
    "10": {
        "estimate": 26.11092207637977,
        "std": 8.669451323579766
    },
    "11": {
        "estimate": 28.697693855513783,
        "std": 8.37570009122925
    },
    "12": {
        "estimate": 30.16809125363955,
        "std": 8.13319914064009
    },
    "13": {
        "estimate": 30.875367644693014,
        "std": 7.606973415244886
    },
    "14": {
        "estimate": 31.602262012784976,
        "std": 7.212132573104128
    },
    "15": {
        "estimate": 32.33279961589993,
        "std": 7.073645729473564
    },
    "16": {
        "estimate": 32.82377300040198,
        "std": 6.8654028910992055
    },
    "17": {
        "estimate": 31.470709481499075,
        "std": 6.90467377094543
    },
    "18": {
        "estimate": 30.666529493550502,
        "std": 6.830152245976049
    },
    "19": {
        "estimate": 30.41289397995104,
        "std": 7.012656402048309
    },
    "20": {
        "estimate": 29.313553833947143,
        "std": 6.802662672150508
    },
    "21": {
        "estimate": 29.116269679107923,
        "std": 6.922546376292354
    },
    "22": {
        "estimate": 28.56565442322202,
        "std": 7.097272569055447
    },
    "23": {
        "estimate": 28.60054495585526,
        "std": 7.226362580370487
    },
    "24": {
        "estimate": 27.973936256571125,
        "std": 7.162265853864782
    },
    "25": {
        "estimate": 28.76456983280695,
        "std": 7.526629927818119
    },
    "26": {
        "estimate": 29.776644977004675,
        "std": 8.255935357394568
    },
    "27": {
        "estimate": 30.613744222527895,
        "std": 8.662443547289536
    },
    "28": {
        "estimate": 30.61274001075371,
        "std": 8.998599060753918
    },
    "29": {
        "estimate": 30.99626270422209,
        "std": 9.299663357002897
    },
    "30": {
        "estimate": 31.14504289756093,
        "std": 9.467645496047268
    },
    "31": {
        "estimate": 31.535200998517976,
        "std": 9.562657721331105
    },
    "32": {
        "estimate": 31.836001427989256,
        "std": 9.625098728705336
    },
    "33": {
        "estimate": 32.324671383734085,
        "std": 9.976523707137918
    },
    "34": {
        "estimate": 32.401813573073866,
        "std": 10.06505038519047
    },
    "35": {
        "estimate": 32.29122875957084,
        "std": 10.207793725035838
    },
    "36": {
        "estimate": 32.304582787460284,
        "std": 10.300317124213597
    },
    "37": {
        "estimate": 32.20568408906586,
        "std": 10.307959357888256
    },
    "38": {
        "estimate": 32.56429937871912,
        "std": 10.362256942691907
    },
    "39": {
        "estimate": 33.32233294861882,
        "std": 10.547534793063726
    },
    "40": {
        "estimate": 33.29381484435153,
        "std": 9.967552541479273
    }
}