{
    "0": {
        "estimate": NaN,
        "std": NaN
    },
    "1": {
        "estimate": 15.926234340247076,
        "std": 3.544240143715513
    },
    "2": {
        "estimate": 13.502189027996344,
        "std": 6.70782219060186
    },
    "3": {
        "estimate": 14.03366560487831,
        "std": 8.211537093071698
    },
    "4": {
        "estimate": 14.330452624214283,
        "std": 8.464106170128712
    },
    "5": {
        "estimate": 16.200353947892026,
        "std": 8.490142032410144
    },
    "6": {
        "estimate": 18.300387714474613,
        "std": 9.730234799301718
    },
    "7": {
        "estimate": 20.252896553922376,
        "std": 10.014480939173792
    },
    "8": {
        "estimate": 22.985273543869916,
        "std": 10.026941916890884
    },
    "9": {
        "estimate": 24.19685776060648,
        "std": 9.901121717990303
    },
    "10": {
        "estimate": 26.474545657093596,
        "std": 9.511893115595306
    },
    "11": {
        "estimate": 29.399280180357255,
        "std": 9.1680830466962
    },
    "12": {
        "estimate": 31.12766503131415,
        "std": 9.090001737228064
    },
    "13": {
        "estimate": 32.07482591397582,
        "std": 8.55553501731416
    },
    "14": {
        "estimate": 32.9816870580719,
        "std": 8.005547845479127
    },
    "15": {
        "estimate": 33.860156970066555,
        "std": 7.975245438154925
    },
    "16": {
        "estimate": 34.525189528247054,
        "std": 7.871318432157316
    },
    "17": {
        "estimate": 33.26736266707495,
        "std": 7.728883654660182
    },
    "18": {
        "estimate": 32.37931148056422,
        "std": 7.669579541655934
    },
    "19": {
        "estimate": 32.07767852735553,
        "std": 7.780776322677439
    },
    "20": {
        "estimate": 31.015997802234544,
        "std": 7.603221143378652
    },
    "21": {
        "estimate": 30.81875055394075,
        "std": 7.710170688715367
    },
    "22": {
        "estimate": 30.230423234524054,
        "std": 7.85606908522634
    },
    "23": {
        "estimate": 30.21209354504873,
        "std": 7.9904778037697906
    },
    "24": {
        "estimate": 29.675827181567378,
        "std": 7.855845940237992
    },
    "25": {
        "estimate": 30.515276713125367,
        "std": 8.213696968882145
    },
    "26": {
        "estimate": 31.57259943689911,
        "std": 9.014382300409492
    },
    "27": {
        "estimate": 32.43840646735947,
        "std": 9.454362268131888
    },
    "28": {
        "estimate": 32.443986364655544,
        "std": 9.690491672086154
    },
    "29": {
        "estimate": 32.86595976675068,
        "std": 10.023601679094918
    },
    "30": {
        "estimate": 33.079852211595224,
        "std": 10.226523817046298
    },
    "31": {
        "estimate": 33.46737907128239,
        "std": 10.266346478672531
    },
    "32": {
        "estimate": 33.71635840986803,
        "std": 10.363602939040515
    },
    "33": {
        "estimate": 34.256129910573684,
        "std": 10.777108143996774
    },
    "34": {
        "estimate": 34.29074250056141,
        "std": 10.772089445660507
    },
    "35": {
        "estimate": 34.078888943589284,
        "std": 10.84696530201473
    },
    "36": {
        "estimate": 34.114088341039654,
        "std": 10.967258090592804
    },
    "37": {
        "estimate": 33.963366446428566,
        "std": 10.913004119862437
    },
    "38": {
        "estimate": 34.32772992408153,
        "std": 10.927482073495007
    },
    "39": {
        "estimate": 35.01285442624535,
        "std": 11.184728005828159
    },
    "40": {
        "estimate": 34.55212868650199,
        "std": 10.612099521918521
    }
}