{
    "0": NaN,
    "1": 18.756023406982422,
    "2": 5.342978477478027,
    "3": 4.036694049835205,
    "4": 3.948587656021118,
    "5": 4.873860836029053,
    "6": 5.891571998596191,
    "7": 7.636614799499512,
    "8": 10.416692733764648,
    "9": 12.113531112670898,
    "10": 15.860513687133789,
    "11": 20.747737884521484,
    "12": 25.509998321533203,
    "13": 29.880413055419922,
    "14": 36.121849060058594,
    "15": 38.67351150512695,
    "16": 41.3775520324707,
    "17": 41.15496826171875,
    "18": 39.8787727355957,
    "19": 38.911014556884766,
    "20": 37.99648666381836,
    "21": 37.89039611816406,
    "22": 37.16550064086914,
    "23": 37.0400276184082,
    "24": 36.799163818359375,
    "25": 37.67407989501953,
    "26": 37.46150207519531,
    "27": 37.74588394165039,
    "28": 37.167945861816406,
    "29": 37.43537139892578,
    "30": 37.65287780761719,
    "31": 37.258113861083984,
    "32": 37.049903869628906,
    "33": 36.234046936035156,
    "34": 36.40100860595703,
    "35": 36.01079559326172,
    "36": 35.86488342285156,
    "37": 35.61104202270508,
    "38": 34.698463439941406,
    "39": 33.04428482055664,
    "40": 29.817981719970703
}