{
    "0": {
        "estimate": NaN,
        "std": NaN
    },
    "1": {
        "estimate": 14.353549002736289,
        "std": 4.428203972209683
    },
    "2": {
        "estimate": 14.845528572429531,
        "std": 5.194040394534246
    },
    "3": {
        "estimate": 16.06270253805375,
        "std": 5.433215869761242
    },
    "4": {
        "estimate": 17.311027170190556,
        "std": 5.9777047887329475
    },
    "5": {
        "estimate": 19.053767804120938,
        "std": 6.3121642181800235
    },
    "6": {
        "estimate": 19.2871676729825,
        "std": 6.323147290529668
    },
    "7": {
        "estimate": 22.491204790972088,
        "std": 6.9076286136456675
    },
    "8": {
        "estimate": 22.428870575485345,
        "std": 6.955033130139306
    },
    "9": {
        "estimate": 23.78537667389103,
        "std": 7.35461061848475
    },
    "10": {
        "estimate": 22.819925294470465,
        "std": 6.655251178538891
    },
    "11": {
        "estimate": 23.27663554860249,
        "std": 6.64902687956403
    },
    "12": {
        "estimate": 25.47351514605141,
        "std": 7.175072654578453
    },
    "13": {
        "estimate": 25.44531182045086,
        "std": 6.95747359520071
    },
    "14": {
        "estimate": 24.655499496354278,
        "std": 6.783282501645771
    },
    "15": {
        "estimate": 24.65829139538128,
        "std": 6.754774459684669
    },
    "16": {
        "estimate": 23.75368180480748,
        "std": 6.446400199088643
    },
    "17": {
        "estimate": 23.07797847879295,
        "std": 6.137827363170845
    },
    "18": {
        "estimate": 22.82676888502911,
        "std": 6.109172448440805
    },
    "19": {
        "estimate": 22.665636242971452,
        "std": 6.075779522809225
    },
    "20": {
        "estimate": 22.672703004863287,
        "std": 6.083787161164779
    },
    "21": {
        "estimate": 22.77000851859898,
        "std": 6.133174971081212
    },
    "22": {
        "estimate": 23.003438926090677,
        "std": 6.205489721686298
    },
    "23": {
        "estimate": 23.252282947252517,
        "std": 6.245352375346724
    },
    "24": {
        "estimate": 23.286855256691293,
        "std": 6.291726909506628
    },
    "25": {
        "estimate": 23.629872940309138,
        "std": 6.347287854310126
    },
    "26": {
        "estimate": 24.028164802039353,
        "std": 6.392246157209049
    },
    "27": {
        "estimate": 24.419897245227812,
        "std": 6.560429791559729
    },
    "28": {
        "estimate": 24.483392946437917,
        "std": 6.567572219823938
    },
    "29": {
        "estimate": 24.648378280388524,
        "std": 6.6269349728426095
    },
    "30": {
        "estimate": 25.167561859410736,
        "std": 6.77375258895511
    },
    "31": {
        "estimate": 25.01126727006759,
        "std": 6.691070724284928
    },
    "32": {
        "estimate": 22.215543917811576,
        "std": 6.467050432862021
    }
}