{
    "0": {
        "estimate": NaN,
        "std": NaN
    },
    "1": {
        "estimate": 15.518376489027986,
        "std": 6.008986855567349
    },
    "2": {
        "estimate": 16.1586906587659,
        "std": 7.065379175031936
    },
    "3": {
        "estimate": 16.654562896130997,
        "std": 7.556233552933435
    },
    "4": {
        "estimate": 18.03205269253033,
        "std": 7.903612279256613
    },
    "5": {
        "estimate": 19.90193267489159,
        "std": 8.79574770716748
    },
    "6": {
        "estimate": 19.982635960653884,
        "std": 8.844422638230112
    },
    "7": {
        "estimate": 23.53057066803451,
        "std": 9.65734864118832
    },
    "8": {
        "estimate": 23.636187458606642,
        "std": 9.457687424553333
    },
    "9": {
        "estimate": 25.223852075590553,
        "std": 9.920355319529932
    },
    "10": {
        "estimate": 24.093287695453128,
        "std": 9.108656913984783
    },
    "11": {
        "estimate": 25.003744809092687,
        "std": 9.039202698364925
    },
    "12": {
        "estimate": 27.753083914568602,
        "std": 9.605586704543343
    },
    "13": {
        "estimate": 27.8548805380983,
        "std": 9.346042179077289
    },
    "14": {
        "estimate": 26.597809339215473,
        "std": 9.246566864256861
    },
    "15": {
        "estimate": 27.016518310862907,
        "std": 9.205748615731615
    },
    "16": {
        "estimate": 25.810972863740464,
        "std": 8.65866392886955
    },
    "17": {
        "estimate": 25.58177091350869,
        "std": 8.375617891263339
    },
    "18": {
        "estimate": 25.564873785073903,
        "std": 8.342154763552342
    },
    "19": {
        "estimate": 25.5437193852111,
        "std": 8.14811330958495
    },
    "20": {
        "estimate": 25.57792444958432,
        "std": 8.302240494086847
    },
    "21": {
        "estimate": 25.75711011642576,
        "std": 8.162187853408007
    },
    "22": {
        "estimate": 26.083791618466726,
        "std": 8.299968101026947
    },
    "23": {
        "estimate": 26.4312090741878,
        "std": 8.465210070831217
    },
    "24": {
        "estimate": 26.420860744256743,
        "std": 8.484056440890473
    },
    "25": {
        "estimate": 26.88460607054936,
        "std": 8.749045246532546
    },
    "26": {
        "estimate": 27.16313438007742,
        "std": 8.729564880230907
    },
    "27": {
        "estimate": 27.71441353178489,
        "std": 8.853662560067391
    },
    "28": {
        "estimate": 27.643850119362085,
        "std": 8.90624517923615
    },
    "29": {
        "estimate": 27.938186231744673,
        "std": 8.98981216528617
    },
    "30": {
        "estimate": 28.519865490512053,
        "std": 9.196485982016831
    },
    "31": {
        "estimate": 28.36334824392494,
        "std": 9.161460073734961
    },
    "32": {
        "estimate": 25.795916804009053,
        "std": 8.386585097768057
    }
}