{
    "0": {
        "estimate": NaN,
        "std": NaN
    },
    "1": {
        "estimate": 13.948985975304698,
        "std": 3.6831737902483
    },
    "2": {
        "estimate": 13.67147335455679,
        "std": 3.866467670596519
    },
    "3": {
        "estimate": 15.871856307107393,
        "std": 4.35232844593217
    },
    "4": {
        "estimate": 16.551204083679583,
        "std": 4.425425129343991
    },
    "5": {
        "estimate": 16.780623885181924,
        "std": 4.759624386597798
    },
    "6": {
        "estimate": 17.98044954188919,
        "std": 5.557659966833557
    },
    "7": {
        "estimate": 18.545805231362994,
        "std": 5.7147972553081114
    },
    "8": {
        "estimate": 18.50220737978302,
        "std": 5.369907121931556
    },
    "9": {
        "estimate": 18.435332571353907,
        "std": 5.549072926163029
    },
    "10": {
        "estimate": 18.31182144060557,
        "std": 5.461711243215852
    },
    "11": {
        "estimate": 18.18051370523282,
        "std": 5.362211266498754
    },
    "12": {
        "estimate": 17.88114205402707,
        "std": 5.2851215207788105
    },
    "13": {
        "estimate": 17.868706715905383,
        "std": 5.27240295719976
    },
    "14": {
        "estimate": 17.826980208662633,
        "std": 5.241981183036754
    },
    "15": {
        "estimate": 17.891061827170446,
        "std": 5.310627985350667
    },
    "16": {
        "estimate": 17.681951695222295,
        "std": 5.072966386105656
    },
    "17": {
        "estimate": 17.608152815016297,
        "std": 5.015132519664461
    },
    "18": {
        "estimate": 17.571836704248984,
        "std": 4.974246312150611
    },
    "19": {
        "estimate": 17.633404753359606,
        "std": 4.8613519777302665
    },
    "20": {
        "estimate": 17.62088140091102,
        "std": 4.871019178237878
    },
    "21": {
        "estimate": 17.481678974073134,
        "std": 4.763648708523682
    },
    "22": {
        "estimate": 17.53570119654773,
        "std": 4.745784676779428
    },
    "23": {
        "estimate": 17.401072600880177,
        "std": 4.6329790135651585
    },
    "24": {
        "estimate": 17.6544849348009,
        "std": 4.621456038595169
    },
    "25": {
        "estimate": 17.562856311462983,
        "std": 4.663324347833439
    },
    "26": {
        "estimate": 18.03178516279254,
        "std": 4.828252408157341
    },
    "27": {
        "estimate": 18.282646702245955,
        "std": 4.910371118517809
    },
    "28": {
        "estimate": 18.30882547116848,
        "std": 4.932239234674425
    },
    "29": {
        "estimate": 18.961810692223995,
        "std": 5.2601225099058295
    },
    "30": {
        "estimate": 18.89800132459252,
        "std": 5.220249920340602
    },
    "31": {
        "estimate": 18.842633460481366,
        "std": 5.188496399600526
    },
    "32": {
        "estimate": 18.83382331836793,
        "std": 5.185907375947206
    },
    "33": {
        "estimate": 18.87415475561567,
        "std": 5.1872604077660425
    },
    "34": {
        "estimate": 18.89895334407732,
        "std": 5.210374670349412
    },
    "35": {
        "estimate": 19.168458902826558,
        "std": 5.315887063087867
    },
    "36": {
        "estimate": 19.53088445044238,
        "std": 5.4615325725623265
    },
    "37": {
        "estimate": 19.63709993428461,
        "std": 5.511226814146976
    },
    "38": {
        "estimate": 19.855324142877002,
        "std": 5.549824138043807
    },
    "39": {
        "estimate": 20.056755787367518,
        "std": 5.630123094964775
    },
    "40": {
        "estimate": 20.26643309148536,
        "std": 5.59411307956358
    }
}